
/home/jur/projects/FreeWatchSW/c-example/bild/main.elf:     file format elf32-littlearm

Sections:
Idx Name          Size      VMA       LMA       File off  Algn
  0 .boot2        00000100  10000000  10000000  00001000  2**0
                  CONTENTS, ALLOC, LOAD, READONLY, CODE
  1 .text         0000bb98  10000100  10000100  00001100  2**3
                  CONTENTS, ALLOC, LOAD, READONLY, CODE
  2 .rodata       00000dfc  1000bc98  1000bc98  0000cc98  2**3
                  CONTENTS, ALLOC, LOAD, READONLY, DATA
  3 .binary_info  00000028  1000ca94  1000ca94  0000da94  2**2
                  CONTENTS, ALLOC, LOAD, READONLY, DATA
  4 .ram_vector_table 000000c0  20000000  20000000  00010000  2**2
                  ALLOC
  5 .data         000016e0  200000c0  1000cabc  0000e0c0  2**4
                  CONTENTS, ALLOC, LOAD, READONLY, CODE
  6 .uninitialized_data 00000000  200017a0  200017a0  0000f7a0  2**0
                  CONTENTS
  7 .scratch_x    00000000  20040000  20040000  0000f7a0  2**0
                  CONTENTS
  8 .scratch_y    00000000  20041000  20041000  0000f7a0  2**0
                  CONTENTS
  9 .bss          00000e58  200017a0  200017a0  00010000  2**3
                  ALLOC
 10 .heap         00000800  200025f8  200025f8  0000f7a0  2**2
                  CONTENTS, READONLY
 11 .stack_dummy  00000800  20041000  20041000  0000ffa0  2**5
                  CONTENTS, READONLY
 12 .ARM.attributes 00000028  00000000  00000000  000107a0  2**0
                  CONTENTS, READONLY
 13 .comment      00000059  00000000  00000000  000107c8  2**0
                  CONTENTS, READONLY
 14 .debug_line   00002019  00000000  00000000  00010821  2**0
                  CONTENTS, READONLY, DEBUGGING, OCTETS
 15 .debug_line_str 00000097  00000000  00000000  0001283a  2**0
                  CONTENTS, READONLY, DEBUGGING, OCTETS
 16 .debug_info   00007c69  00000000  00000000  000128d1  2**0
                  CONTENTS, READONLY, DEBUGGING, OCTETS
 17 .debug_abbrev 00001ab0  00000000  00000000  0001a53a  2**0
                  CONTENTS, READONLY, DEBUGGING, OCTETS
 18 .debug_aranges 000001d0  00000000  00000000  0001bff0  2**3
                  CONTENTS, READONLY, DEBUGGING, OCTETS
 19 .debug_str    00000e33  00000000  00000000  0001c1c0  2**0
                  CONTENTS, READONLY, DEBUGGING, OCTETS
 20 .debug_loc    00002648  00000000  00000000  0001cff3  2**0
                  CONTENTS, READONLY, DEBUGGING, OCTETS
 21 .debug_frame  000002b8  00000000  00000000  0001f63c  2**2
                  CONTENTS, READONLY, DEBUGGING, OCTETS
 22 .debug_ranges 00000100  00000000  00000000  0001f8f4  2**0
                  CONTENTS, READONLY, DEBUGGING, OCTETS

/home/jur/projects/FreeWatchSW/c-example/bild/main.elf:     file format elf32-littlearm


Disassembly of section .boot2:

10000000 <__boot2_start__>:
10000000:	4b32b500 	.word	0x4b32b500
10000004:	60582021 	.word	0x60582021
10000008:	21026898 	.word	0x21026898
1000000c:	60984388 	.word	0x60984388
10000010:	611860d8 	.word	0x611860d8
10000014:	4b2e6158 	.word	0x4b2e6158
10000018:	60992100 	.word	0x60992100
1000001c:	61592102 	.word	0x61592102
10000020:	22f02101 	.word	0x22f02101
10000024:	492b5099 	.word	0x492b5099
10000028:	21016019 	.word	0x21016019
1000002c:	20356099 	.word	0x20356099
10000030:	f844f000 	.word	0xf844f000
10000034:	42902202 	.word	0x42902202
10000038:	2106d014 	.word	0x2106d014
1000003c:	f0006619 	.word	0xf0006619
10000040:	6e19f834 	.word	0x6e19f834
10000044:	66192101 	.word	0x66192101
10000048:	66182000 	.word	0x66182000
1000004c:	f000661a 	.word	0xf000661a
10000050:	6e19f82c 	.word	0x6e19f82c
10000054:	6e196e19 	.word	0x6e196e19
10000058:	f0002005 	.word	0xf0002005
1000005c:	2101f82f 	.word	0x2101f82f
10000060:	d1f94208 	.word	0xd1f94208
10000064:	60992100 	.word	0x60992100
10000068:	6019491b 	.word	0x6019491b
1000006c:	60592100 	.word	0x60592100
10000070:	481b491a 	.word	0x481b491a
10000074:	21016001 	.word	0x21016001
10000078:	21eb6099 	.word	0x21eb6099
1000007c:	21a06619 	.word	0x21a06619
10000080:	f0006619 	.word	0xf0006619
10000084:	2100f812 	.word	0x2100f812
10000088:	49166099 	.word	0x49166099
1000008c:	60014814 	.word	0x60014814
10000090:	60992101 	.word	0x60992101
10000094:	2800bc01 	.word	0x2800bc01
10000098:	4700d000 	.word	0x4700d000
1000009c:	49134812 	.word	0x49134812
100000a0:	c8036008 	.word	0xc8036008
100000a4:	8808f380 	.word	0x8808f380
100000a8:	b5034708 	.word	0xb5034708
100000ac:	20046a99 	.word	0x20046a99
100000b0:	d0fb4201 	.word	0xd0fb4201
100000b4:	42012001 	.word	0x42012001
100000b8:	bd03d1f8 	.word	0xbd03d1f8
100000bc:	6618b502 	.word	0x6618b502
100000c0:	f7ff6618 	.word	0xf7ff6618
100000c4:	6e18fff2 	.word	0x6e18fff2
100000c8:	bd026e18 	.word	0xbd026e18
100000cc:	40020000 	.word	0x40020000
100000d0:	18000000 	.word	0x18000000
100000d4:	00070000 	.word	0x00070000
100000d8:	005f0300 	.word	0x005f0300
100000dc:	00002221 	.word	0x00002221
100000e0:	180000f4 	.word	0x180000f4
100000e4:	a0002022 	.word	0xa0002022
100000e8:	10000100 	.word	0x10000100
100000ec:	e000ed08 	.word	0xe000ed08
	...
100000fc:	7a4eb274 	.word	0x7a4eb274

Disassembly of section .text:

10000100 <__VECTOR_TABLE>:
10000100:	20042000 	.word	0x20042000
10000104:	100001f7 	.word	0x100001f7
10000108:	100001c3 	.word	0x100001c3
1000010c:	100001c5 	.word	0x100001c5
10000110:	100001c1 	.word	0x100001c1
10000114:	100001c1 	.word	0x100001c1
10000118:	100001c1 	.word	0x100001c1
1000011c:	100001c1 	.word	0x100001c1
10000120:	100001c1 	.word	0x100001c1
10000124:	100001c1 	.word	0x100001c1
10000128:	100001c1 	.word	0x100001c1
1000012c:	100001c7 	.word	0x100001c7
10000130:	100001c1 	.word	0x100001c1
10000134:	100001c1 	.word	0x100001c1
10000138:	100001c9 	.word	0x100001c9
1000013c:	100001cb 	.word	0x100001cb
10000140:	100001cd 	.word	0x100001cd
10000144:	100001cd 	.word	0x100001cd
10000148:	100001cd 	.word	0x100001cd
1000014c:	100001cd 	.word	0x100001cd
10000150:	100001cd 	.word	0x100001cd
10000154:	100001cd 	.word	0x100001cd
10000158:	100001cd 	.word	0x100001cd
1000015c:	100001cd 	.word	0x100001cd
10000160:	100001cd 	.word	0x100001cd
10000164:	100001cd 	.word	0x100001cd
10000168:	100001cd 	.word	0x100001cd
1000016c:	100001cd 	.word	0x100001cd
10000170:	100001cd 	.word	0x100001cd
10000174:	100001cd 	.word	0x100001cd
10000178:	100001cd 	.word	0x100001cd
1000017c:	100001cd 	.word	0x100001cd
10000180:	100001cd 	.word	0x100001cd
10000184:	100001cd 	.word	0x100001cd
10000188:	100001cd 	.word	0x100001cd
1000018c:	100001cd 	.word	0x100001cd
10000190:	100001cd 	.word	0x100001cd
10000194:	100001cd 	.word	0x100001cd
10000198:	100001cd 	.word	0x100001cd
1000019c:	100001cd 	.word	0x100001cd
100001a0:	100001cd 	.word	0x100001cd
100001a4:	100001cd 	.word	0x100001cd
100001a8:	100001cd 	.word	0x100001cd
100001ac:	100001cd 	.word	0x100001cd
100001b0:	100001cd 	.word	0x100001cd
100001b4:	100001cd 	.word	0x100001cd
100001b8:	100001cd 	.word	0x100001cd
100001bc:	100001cd 	.word	0x100001cd

100001c0 <isr_invalid>:
100001c0:	be00      	bkpt	0x0000

100001c2 <isr_nmi>:
100001c2:	be00      	bkpt	0x0000

100001c4 <isr_hardfault>:
100001c4:	be00      	bkpt	0x0000

100001c6 <isr_svcall>:
100001c6:	be00      	bkpt	0x0000

100001c8 <isr_pendsv>:
100001c8:	be00      	bkpt	0x0000

100001ca <isr_systick>:
100001ca:	be00      	bkpt	0x0000

100001cc <__unhandled_user_irq>:
100001cc:	f3ef 8005 	mrs	r0, IPSR
100001d0:	3810      	subs	r0, #16

100001d2 <unhandled_user_irq_num_in_r0>:
100001d2:	be00      	bkpt	0x0000

100001d4 <binary_info_header>:
100001d4:	7188ebf2 	.word	0x7188ebf2
100001d8:	1000ca94 	.word	0x1000ca94
100001dc:	1000cabc 	.word	0x1000cabc
100001e0:	10000234 	.word	0x10000234
100001e4:	e71aa390 	.word	0xe71aa390

100001e8 <_entry_point>:
100001e8:	2000      	movs	r0, #0
100001ea:	491f      	ldr	r1, [pc, #124]	; (10000268 <hold_non_core0_in_bootrom+0xa>)
100001ec:	6008      	str	r0, [r1, #0]
100001ee:	c806      	ldmia	r0!, {r1, r2}
100001f0:	f381 8808 	msr	MSP, r1
100001f4:	4710      	bx	r2

100001f6 <_reset_handler>:
100001f6:	481d      	ldr	r0, [pc, #116]	; (1000026c <hold_non_core0_in_bootrom+0xe>)
100001f8:	6800      	ldr	r0, [r0, #0]
100001fa:	2800      	cmp	r0, #0
100001fc:	d12f      	bne.n	1000025e <hold_non_core0_in_bootrom>
100001fe:	a40d      	add	r4, pc, #52	; (adr r4, 10000234 <data_cpy_table>)
10000200:	cc0e      	ldmia	r4!, {r1, r2, r3}
10000202:	2900      	cmp	r1, #0
10000204:	d002      	beq.n	1000020c <_reset_handler+0x16>
10000206:	f000 f812 	bl	1000022e <data_cpy>
1000020a:	e7f9      	b.n	10000200 <_reset_handler+0xa>
1000020c:	4918      	ldr	r1, [pc, #96]	; (10000270 <hold_non_core0_in_bootrom+0x12>)
1000020e:	4a19      	ldr	r2, [pc, #100]	; (10000274 <hold_non_core0_in_bootrom+0x16>)
10000210:	2000      	movs	r0, #0
10000212:	e000      	b.n	10000216 <bss_fill_test>

10000214 <bss_fill_loop>:
10000214:	c101      	stmia	r1!, {r0}

10000216 <bss_fill_test>:
10000216:	4291      	cmp	r1, r2
10000218:	d1fc      	bne.n	10000214 <bss_fill_loop>

1000021a <platform_entry>:
1000021a:	4917      	ldr	r1, [pc, #92]	; (10000278 <hold_non_core0_in_bootrom+0x1a>)
1000021c:	4788      	blx	r1
1000021e:	4917      	ldr	r1, [pc, #92]	; (1000027c <hold_non_core0_in_bootrom+0x1e>)
10000220:	4788      	blx	r1
10000222:	4917      	ldr	r1, [pc, #92]	; (10000280 <hold_non_core0_in_bootrom+0x22>)
10000224:	4788      	blx	r1
10000226:	be00      	bkpt	0x0000
10000228:	e7fd      	b.n	10000226 <platform_entry+0xc>

1000022a <data_cpy_loop>:
1000022a:	c901      	ldmia	r1!, {r0}
1000022c:	c201      	stmia	r2!, {r0}

1000022e <data_cpy>:
1000022e:	429a      	cmp	r2, r3
10000230:	d3fb      	bcc.n	1000022a <data_cpy_loop>
10000232:	4770      	bx	lr

10000234 <data_cpy_table>:
10000234:	1000cabc 	.word	0x1000cabc
10000238:	200000c0 	.word	0x200000c0
1000023c:	200017a0 	.word	0x200017a0
10000240:	1000e19c 	.word	0x1000e19c
10000244:	20040000 	.word	0x20040000
10000248:	20040000 	.word	0x20040000
1000024c:	1000e19c 	.word	0x1000e19c
10000250:	20041000 	.word	0x20041000
10000254:	20041000 	.word	0x20041000
10000258:	00000000 	.word	0x00000000
1000025c:	4770      	bx	lr

1000025e <hold_non_core0_in_bootrom>:
1000025e:	4809      	ldr	r0, [pc, #36]	; (10000284 <hold_non_core0_in_bootrom+0x26>)
10000260:	f003 fce2 	bl	10003c28 <rom_func_lookup>
10000264:	4700      	bx	r0
10000266:	0000      	.short	0x0000
10000268:	e000ed08 	.word	0xe000ed08
1000026c:	d0000000 	.word	0xd0000000
10000270:	200017a0 	.word	0x200017a0
10000274:	200025f8 	.word	0x200025f8
10000278:	10002445 	.word	0x10002445
1000027c:	1000037d 	.word	0x1000037d
10000280:	1000256d 	.word	0x1000256d
10000284:	00005657 	.word	0x00005657

10000288 <__bi_50>:
10000288:	50520006 5360b3ab 1000bfb8              ..RP..`S....

10000294 <__bi_38>:
10000294:	50520006 02031c86 1000bfc8              ..RP........

100002a0 <__bi_30>:
100002a0:	50520006 9da22254 1000bfd0              ..RPT"......

100002ac <__bi_22>:
100002ac:	50520005 68f465de 1000e19c              ..RP.e.h....

100002b8 <_init>:
100002b8:	b5f8      	push	{r3, r4, r5, r6, r7, lr}
100002ba:	46c0      	nop			; (mov r8, r8)

100002bc <deregister_tm_clones>:
100002bc:	4804      	ldr	r0, [pc, #16]	; (100002d0 <deregister_tm_clones+0x14>)
100002be:	4b05      	ldr	r3, [pc, #20]	; (100002d4 <deregister_tm_clones+0x18>)
100002c0:	b510      	push	{r4, lr}
100002c2:	4283      	cmp	r3, r0
100002c4:	d003      	beq.n	100002ce <deregister_tm_clones+0x12>
100002c6:	4b04      	ldr	r3, [pc, #16]	; (100002d8 <deregister_tm_clones+0x1c>)
100002c8:	2b00      	cmp	r3, #0
100002ca:	d000      	beq.n	100002ce <deregister_tm_clones+0x12>
100002cc:	4798      	blx	r3
100002ce:	bd10      	pop	{r4, pc}
100002d0:	200017a0 	.word	0x200017a0
100002d4:	200017a0 	.word	0x200017a0
100002d8:	00000000 	.word	0x00000000

100002dc <register_tm_clones>:
100002dc:	4806      	ldr	r0, [pc, #24]	; (100002f8 <register_tm_clones+0x1c>)
100002de:	4907      	ldr	r1, [pc, #28]	; (100002fc <register_tm_clones+0x20>)
100002e0:	1a09      	subs	r1, r1, r0
100002e2:	108b      	asrs	r3, r1, #2
100002e4:	0fc9      	lsrs	r1, r1, #31
100002e6:	18c9      	adds	r1, r1, r3
100002e8:	b510      	push	{r4, lr}
100002ea:	1049      	asrs	r1, r1, #1
100002ec:	d003      	beq.n	100002f6 <register_tm_clones+0x1a>
100002ee:	4b04      	ldr	r3, [pc, #16]	; (10000300 <register_tm_clones+0x24>)
100002f0:	2b00      	cmp	r3, #0
100002f2:	d000      	beq.n	100002f6 <register_tm_clones+0x1a>
100002f4:	4798      	blx	r3
100002f6:	bd10      	pop	{r4, pc}
100002f8:	200017a0 	.word	0x200017a0
100002fc:	200017a0 	.word	0x200017a0
10000300:	00000000 	.word	0x00000000

10000304 <__do_global_dtors_aux>:
10000304:	b510      	push	{r4, lr}
10000306:	4c07      	ldr	r4, [pc, #28]	; (10000324 <__do_global_dtors_aux+0x20>)
10000308:	7823      	ldrb	r3, [r4, #0]
1000030a:	2b00      	cmp	r3, #0
1000030c:	d109      	bne.n	10000322 <__do_global_dtors_aux+0x1e>
1000030e:	f7ff ffd5 	bl	100002bc <deregister_tm_clones>
10000312:	4b05      	ldr	r3, [pc, #20]	; (10000328 <__do_global_dtors_aux+0x24>)
10000314:	2b00      	cmp	r3, #0
10000316:	d002      	beq.n	1000031e <__do_global_dtors_aux+0x1a>
10000318:	4804      	ldr	r0, [pc, #16]	; (1000032c <__do_global_dtors_aux+0x28>)
1000031a:	e000      	b.n	1000031e <__do_global_dtors_aux+0x1a>
1000031c:	bf00      	nop
1000031e:	2301      	movs	r3, #1
10000320:	7023      	strb	r3, [r4, #0]
10000322:	bd10      	pop	{r4, pc}
10000324:	20001ad0 	.word	0x20001ad0
10000328:	00000000 	.word	0x00000000
1000032c:	1000bc98 	.word	0x1000bc98

10000330 <frame_dummy>:
10000330:	4b05      	ldr	r3, [pc, #20]	; (10000348 <frame_dummy+0x18>)
10000332:	b510      	push	{r4, lr}
10000334:	2b00      	cmp	r3, #0
10000336:	d003      	beq.n	10000340 <frame_dummy+0x10>
10000338:	4904      	ldr	r1, [pc, #16]	; (1000034c <frame_dummy+0x1c>)
1000033a:	4805      	ldr	r0, [pc, #20]	; (10000350 <frame_dummy+0x20>)
1000033c:	e000      	b.n	10000340 <frame_dummy+0x10>
1000033e:	bf00      	nop
10000340:	f7ff ffcc 	bl	100002dc <register_tm_clones>
10000344:	bd10      	pop	{r4, pc}
10000346:	46c0      	nop			; (mov r8, r8)
10000348:	00000000 	.word	0x00000000
1000034c:	20001ad4 	.word	0x20001ad4
10000350:	1000bc98 	.word	0x1000bc98

10000354 <SUBDEV_init>:
10000354:	b510      	push	{r4, lr}
10000356:	f007 fe31 	bl	10007fbc <EXT_I2C_init>
1000035a:	f007 fea5 	bl	100080a8 <MCP23008_init>
1000035e:	2007      	movs	r0, #7
10000360:	f007 fec8 	bl	100080f4 <MCP23008_set_pullups>
10000364:	2007      	movs	r0, #7
10000366:	f007 feb7 	bl	100080d8 <MCP23008_set_dir>
1000036a:	20f8      	movs	r0, #248	; 0xf8
1000036c:	f007 fed0 	bl	10008110 <MCP23008_set_state>
10000370:	f008 fb7c 	bl	10008a6c <RTC_init>
10000374:	f007 fb5c 	bl	10007a30 <GPS_init>
10000378:	bd10      	pop	{r4, pc}
1000037a:	46c0      	nop			; (mov r8, r8)

1000037c <main>:
1000037c:	b5f0      	push	{r4, r5, r6, r7, lr}
1000037e:	46c6      	mov	lr, r8
10000380:	b500      	push	{lr}
10000382:	b082      	sub	sp, #8
10000384:	f00a fde6 	bl	1000af54 <DEV_Module_Init>
10000388:	2800      	cmp	r0, #0
1000038a:	d10b      	bne.n	100003a4 <main+0x28>
1000038c:	4830      	ldr	r0, [pc, #192]	; (10000450 <main+0xd4>)
1000038e:	f004 fdb1 	bl	10004ef4 <__wrap_puts>
10000392:	2000      	movs	r0, #0
10000394:	f008 fe68 	bl	10009068 <LCD_1IN28_Init>
10000398:	2000      	movs	r0, #0
1000039a:	f009 fcd9 	bl	10009d50 <LCD_1IN28_Clear>
1000039e:	2064      	movs	r0, #100	; 0x64
100003a0:	f00a fdb8 	bl	1000af14 <DEV_SET_PWM>
100003a4:	f7ff ffd6 	bl	10000354 <SUBDEV_init>
100003a8:	20e1      	movs	r0, #225	; 0xe1
100003aa:	0240      	lsls	r0, r0, #9
100003ac:	f004 fc8e 	bl	10004ccc <__wrap_malloc>
100003b0:	1e06      	subs	r6, r0, #0
100003b2:	d046      	beq.n	10000442 <main+0xc6>
100003b4:	4b27      	ldr	r3, [pc, #156]	; (10000454 <main+0xd8>)
100003b6:	2403      	movs	r4, #3
100003b8:	885a      	ldrh	r2, [r3, #2]
100003ba:	8819      	ldrh	r1, [r3, #0]
100003bc:	4b26      	ldr	r3, [pc, #152]	; (10000458 <main+0xdc>)
100003be:	2503      	movs	r5, #3
100003c0:	9300      	str	r3, [sp, #0]
100003c2:	2300      	movs	r3, #0
100003c4:	f00a fa22 	bl	1000a80c <Paint_NewImage>
100003c8:	2041      	movs	r0, #65	; 0x41
100003ca:	f00a fa51 	bl	1000a870 <Paint_SetScale>
100003ce:	2000      	movs	r0, #0
100003d0:	f00a fa3e 	bl	1000a850 <Paint_SetRotate>
100003d4:	2200      	movs	r2, #0
100003d6:	2100      	movs	r1, #0
100003d8:	2000      	movs	r0, #0
100003da:	f007 fde7 	bl	10007fac <COLORS_get_565_from_888>
100003de:	f00a fa7d 	bl	1000a8dc <Paint_Clear>
100003e2:	2301      	movs	r3, #1
100003e4:	2704      	movs	r7, #4
100003e6:	4698      	mov	r8, r3
100003e8:	e010      	b.n	1000040c <main+0x90>
100003ea:	002b      	movs	r3, r5
100003ec:	3403      	adds	r4, #3
100003ee:	4023      	ands	r3, r4
100003f0:	4225      	tst	r5, r4
100003f2:	d01e      	beq.n	10000432 <main+0xb6>
100003f4:	2b01      	cmp	r3, #1
100003f6:	d020      	beq.n	1000043a <main+0xbe>
100003f8:	2b02      	cmp	r3, #2
100003fa:	d116      	bne.n	1000042a <main+0xae>
100003fc:	f008 fde2 	bl	10008fc4 <SCREENS_draw_Paulina_is_super>
10000400:	2402      	movs	r4, #2
10000402:	0030      	movs	r0, r6
10000404:	f009 fcd0 	bl	10009da8 <LCD_1IN28_Display>
10000408:	f007 fc38 	bl	10007c7c <GPS_handle_parse>
1000040c:	f007 fd96 	bl	10007f3c <BUTTONS_get_events>
10000410:	4643      	mov	r3, r8
10000412:	4203      	tst	r3, r0
10000414:	d001      	beq.n	1000041a <main+0x9e>
10000416:	3401      	adds	r4, #1
10000418:	402c      	ands	r4, r5
1000041a:	4207      	tst	r7, r0
1000041c:	d1e5      	bne.n	100003ea <main+0x6e>
1000041e:	2c00      	cmp	r4, #0
10000420:	d007      	beq.n	10000432 <main+0xb6>
10000422:	2c01      	cmp	r4, #1
10000424:	d009      	beq.n	1000043a <main+0xbe>
10000426:	2c02      	cmp	r4, #2
10000428:	d0e8      	beq.n	100003fc <main+0x80>
1000042a:	f008 fddf 	bl	10008fec <SCREENS_draw_gps_data>
1000042e:	2403      	movs	r4, #3
10000430:	e7e7      	b.n	10000402 <main+0x86>
10000432:	f008 fb65 	bl	10008b00 <SCREENS_draw_watch>
10000436:	2400      	movs	r4, #0
10000438:	e7e3      	b.n	10000402 <main+0x86>
1000043a:	f008 fb57 	bl	10008aec <SCREENS_debug>
1000043e:	2401      	movs	r4, #1
10000440:	e7df      	b.n	10000402 <main+0x86>
10000442:	4806      	ldr	r0, [pc, #24]	; (1000045c <main+0xe0>)
10000444:	f004 fd56 	bl	10004ef4 <__wrap_puts>
10000448:	2000      	movs	r0, #0
1000044a:	f002 f88f 	bl	1000256c <exit>
1000044e:	46c0      	nop			; (mov r8, r8)
10000450:	1000bc98 	.word	0x1000bc98
10000454:	20001b24 	.word	0x20001b24
10000458:	0000ffff 	.word	0x0000ffff
1000045c:	1000bcb0 	.word	0x1000bcb0

10000460 <pio_claim_unused_sm>:
10000460:	4b0b      	ldr	r3, [pc, #44]	; (10000490 <pio_claim_unused_sm+0x30>)
10000462:	b510      	push	{r4, lr}
10000464:	469c      	mov	ip, r3
10000466:	4460      	add	r0, ip
10000468:	4243      	negs	r3, r0
1000046a:	4158      	adcs	r0, r3
1000046c:	4a09      	ldr	r2, [pc, #36]	; (10000494 <pio_claim_unused_sm+0x34>)
1000046e:	0084      	lsls	r4, r0, #2
10000470:	b082      	sub	sp, #8
10000472:	9200      	str	r2, [sp, #0]
10000474:	4808      	ldr	r0, [pc, #32]	; (10000498 <pio_claim_unused_sm+0x38>)
10000476:	0022      	movs	r2, r4
10000478:	1ce3      	adds	r3, r4, #3
1000047a:	f000 f99b 	bl	100007b4 <hw_claim_unused_from_range>
1000047e:	4284      	cmp	r4, r0
10000480:	dc02      	bgt.n	10000488 <pio_claim_unused_sm+0x28>
10000482:	1b00      	subs	r0, r0, r4
10000484:	b002      	add	sp, #8
10000486:	bd10      	pop	{r4, pc}
10000488:	2001      	movs	r0, #1
1000048a:	4240      	negs	r0, r0
1000048c:	e7fa      	b.n	10000484 <pio_claim_unused_sm+0x24>
1000048e:	46c0      	nop			; (mov r8, r8)
10000490:	afd00000 	.word	0xafd00000
10000494:	1000bcd8 	.word	0x1000bcd8
10000498:	200025ea 	.word	0x200025ea

1000049c <pio_can_add_program>:
1000049c:	b570      	push	{r4, r5, r6, lr}
1000049e:	000e      	movs	r6, r1
100004a0:	0004      	movs	r4, r0
100004a2:	f000 f94f 	bl	10000744 <hw_claim_lock>
100004a6:	4a15      	ldr	r2, [pc, #84]	; (100004fc <pio_can_add_program+0x60>)
100004a8:	4b15      	ldr	r3, [pc, #84]	; (10000500 <pio_can_add_program+0x64>)
100004aa:	4694      	mov	ip, r2
100004ac:	4464      	add	r4, ip
100004ae:	4262      	negs	r2, r4
100004b0:	4154      	adcs	r4, r2
100004b2:	2201      	movs	r2, #1
100004b4:	00a4      	lsls	r4, r4, #2
100004b6:	58e5      	ldr	r5, [r4, r3]
100004b8:	2105      	movs	r1, #5
100004ba:	7934      	ldrb	r4, [r6, #4]
100004bc:	2320      	movs	r3, #32
100004be:	40a2      	lsls	r2, r4
100004c0:	5671      	ldrsb	r1, [r6, r1]
100004c2:	3a01      	subs	r2, #1
100004c4:	1b1b      	subs	r3, r3, r4
100004c6:	2900      	cmp	r1, #0
100004c8:	db0b      	blt.n	100004e2 <pio_can_add_program+0x46>
100004ca:	4299      	cmp	r1, r3
100004cc:	dc14      	bgt.n	100004f8 <pio_can_add_program+0x5c>
100004ce:	408a      	lsls	r2, r1
100004d0:	0014      	movs	r4, r2
100004d2:	402c      	ands	r4, r5
100004d4:	4263      	negs	r3, r4
100004d6:	415c      	adcs	r4, r3
100004d8:	b2e4      	uxtb	r4, r4
100004da:	f000 f93f 	bl	1000075c <hw_claim_unlock>
100004de:	0020      	movs	r0, r4
100004e0:	bd70      	pop	{r4, r5, r6, pc}
100004e2:	2b00      	cmp	r3, #0
100004e4:	da02      	bge.n	100004ec <pio_can_add_program+0x50>
100004e6:	e007      	b.n	100004f8 <pio_can_add_program+0x5c>
100004e8:	3b01      	subs	r3, #1
100004ea:	d305      	bcc.n	100004f8 <pio_can_add_program+0x5c>
100004ec:	0011      	movs	r1, r2
100004ee:	4099      	lsls	r1, r3
100004f0:	420d      	tst	r5, r1
100004f2:	d1f9      	bne.n	100004e8 <pio_can_add_program+0x4c>
100004f4:	2401      	movs	r4, #1
100004f6:	e7f0      	b.n	100004da <pio_can_add_program+0x3e>
100004f8:	2400      	movs	r4, #0
100004fa:	e7ee      	b.n	100004da <pio_can_add_program+0x3e>
100004fc:	afd00000 	.word	0xafd00000
10000500:	20001f88 	.word	0x20001f88

10000504 <pio_add_program>:
10000504:	b5f0      	push	{r4, r5, r6, r7, lr}
10000506:	46de      	mov	lr, fp
10000508:	4657      	mov	r7, sl
1000050a:	464e      	mov	r6, r9
1000050c:	4645      	mov	r5, r8
1000050e:	4688      	mov	r8, r1
10000510:	b5e0      	push	{r5, r6, r7, lr}
10000512:	b083      	sub	sp, #12
10000514:	0006      	movs	r6, r0
10000516:	2405      	movs	r4, #5
10000518:	f000 f914 	bl	10000744 <hw_claim_lock>
1000051c:	4643      	mov	r3, r8
1000051e:	791f      	ldrb	r7, [r3, #4]
10000520:	571c      	ldrsb	r4, [r3, r4]
10000522:	4b31      	ldr	r3, [pc, #196]	; (100005e8 <pio_add_program+0xe4>)
10000524:	4682      	mov	sl, r0
10000526:	18f3      	adds	r3, r6, r3
10000528:	425a      	negs	r2, r3
1000052a:	4153      	adcs	r3, r2
1000052c:	009b      	lsls	r3, r3, #2
1000052e:	469c      	mov	ip, r3
10000530:	4a2e      	ldr	r2, [pc, #184]	; (100005ec <pio_add_program+0xe8>)
10000532:	0013      	movs	r3, r2
10000534:	4693      	mov	fp, r2
10000536:	4662      	mov	r2, ip
10000538:	589b      	ldr	r3, [r3, r2]
1000053a:	2201      	movs	r2, #1
1000053c:	4699      	mov	r9, r3
1000053e:	40ba      	lsls	r2, r7
10000540:	2320      	movs	r3, #32
10000542:	3a01      	subs	r2, #1
10000544:	1bdb      	subs	r3, r3, r7
10000546:	2c00      	cmp	r4, #0
10000548:	db36      	blt.n	100005b8 <pio_add_program+0xb4>
1000054a:	429c      	cmp	r4, r3
1000054c:	dc46      	bgt.n	100005dc <pio_add_program+0xd8>
1000054e:	40a2      	lsls	r2, r4
10000550:	464b      	mov	r3, r9
10000552:	4213      	tst	r3, r2
10000554:	d142      	bne.n	100005dc <pio_add_program+0xd8>
10000556:	9201      	str	r2, [sp, #4]
10000558:	2f00      	cmp	r7, #0
1000055a:	d01c      	beq.n	10000596 <pio_add_program+0x92>
1000055c:	4642      	mov	r2, r8
1000055e:	4643      	mov	r3, r8
10000560:	7852      	ldrb	r2, [r2, #1]
10000562:	781b      	ldrb	r3, [r3, #0]
10000564:	0212      	lsls	r2, r2, #8
10000566:	431a      	orrs	r2, r3
10000568:	4643      	mov	r3, r8
1000056a:	789b      	ldrb	r3, [r3, #2]
1000056c:	2580      	movs	r5, #128	; 0x80
1000056e:	041b      	lsls	r3, r3, #16
10000570:	4313      	orrs	r3, r2
10000572:	4642      	mov	r2, r8
10000574:	78d0      	ldrb	r0, [r2, #3]
10000576:	2200      	movs	r2, #0
10000578:	0600      	lsls	r0, r0, #24
1000057a:	4318      	orrs	r0, r3
1000057c:	01ad      	lsls	r5, r5, #6
1000057e:	0053      	lsls	r3, r2, #1
10000580:	5ac1      	ldrh	r1, [r0, r3]
10000582:	42a9      	cmp	r1, r5
10000584:	d200      	bcs.n	10000588 <pio_add_program+0x84>
10000586:	1909      	adds	r1, r1, r4
10000588:	18a3      	adds	r3, r4, r2
1000058a:	3312      	adds	r3, #18
1000058c:	009b      	lsls	r3, r3, #2
1000058e:	3201      	adds	r2, #1
10000590:	5199      	str	r1, [r3, r6]
10000592:	42ba      	cmp	r2, r7
10000594:	d3f3      	bcc.n	1000057e <pio_add_program+0x7a>
10000596:	464d      	mov	r5, r9
10000598:	9b01      	ldr	r3, [sp, #4]
1000059a:	4662      	mov	r2, ip
1000059c:	431d      	orrs	r5, r3
1000059e:	465b      	mov	r3, fp
100005a0:	4650      	mov	r0, sl
100005a2:	509d      	str	r5, [r3, r2]
100005a4:	f000 f8da 	bl	1000075c <hw_claim_unlock>
100005a8:	0020      	movs	r0, r4
100005aa:	b003      	add	sp, #12
100005ac:	bcf0      	pop	{r4, r5, r6, r7}
100005ae:	46bb      	mov	fp, r7
100005b0:	46b2      	mov	sl, r6
100005b2:	46a9      	mov	r9, r5
100005b4:	46a0      	mov	r8, r4
100005b6:	bdf0      	pop	{r4, r5, r6, r7, pc}
100005b8:	2b00      	cmp	r3, #0
100005ba:	db0f      	blt.n	100005dc <pio_add_program+0xd8>
100005bc:	0011      	movs	r1, r2
100005be:	4648      	mov	r0, r9
100005c0:	4099      	lsls	r1, r3
100005c2:	001c      	movs	r4, r3
100005c4:	9101      	str	r1, [sp, #4]
100005c6:	4201      	tst	r1, r0
100005c8:	d106      	bne.n	100005d8 <pio_add_program+0xd4>
100005ca:	e7c5      	b.n	10000558 <pio_add_program+0x54>
100005cc:	0015      	movs	r5, r2
100005ce:	4649      	mov	r1, r9
100005d0:	409d      	lsls	r5, r3
100005d2:	001c      	movs	r4, r3
100005d4:	4229      	tst	r1, r5
100005d6:	d004      	beq.n	100005e2 <pio_add_program+0xde>
100005d8:	3b01      	subs	r3, #1
100005da:	d2f7      	bcs.n	100005cc <pio_add_program+0xc8>
100005dc:	4804      	ldr	r0, [pc, #16]	; (100005f0 <pio_add_program+0xec>)
100005de:	f001 ffc9 	bl	10002574 <panic>
100005e2:	9501      	str	r5, [sp, #4]
100005e4:	e7b8      	b.n	10000558 <pio_add_program+0x54>
100005e6:	46c0      	nop			; (mov r8, r8)
100005e8:	afd00000 	.word	0xafd00000
100005ec:	20001f88 	.word	0x20001f88
100005f0:	1000bcfc 	.word	0x1000bcfc

100005f4 <pio_sm_set_consecutive_pindirs>:
100005f4:	b5f0      	push	{r4, r5, r6, r7, lr}
100005f6:	4657      	mov	r7, sl
100005f8:	464e      	mov	r6, r9
100005fa:	4645      	mov	r5, r8
100005fc:	46de      	mov	lr, fp
100005fe:	4689      	mov	r9, r1
10000600:	b5e0      	push	{r5, r6, r7, lr}
10000602:	b083      	sub	sp, #12
10000604:	a90c      	add	r1, sp, #48	; 0x30
10000606:	780d      	ldrb	r5, [r1, #0]
10000608:	4649      	mov	r1, r9
1000060a:	0049      	lsls	r1, r1, #1
1000060c:	4688      	mov	r8, r1
1000060e:	4449      	add	r1, r9
10000610:	00c9      	lsls	r1, r1, #3
10000612:	1846      	adds	r6, r0, r1
10000614:	0037      	movs	r7, r6
10000616:	0034      	movs	r4, r6
10000618:	37dc      	adds	r7, #220	; 0xdc
1000061a:	4684      	mov	ip, r0
1000061c:	6838      	ldr	r0, [r7, #0]
1000061e:	34cc      	adds	r4, #204	; 0xcc
10000620:	4683      	mov	fp, r0
10000622:	6820      	ldr	r0, [r4, #0]
10000624:	24c0      	movs	r4, #192	; 0xc0
10000626:	31cc      	adds	r1, #204	; 0xcc
10000628:	01a4      	lsls	r4, r4, #6
1000062a:	4461      	add	r1, ip
1000062c:	4321      	orrs	r1, r4
1000062e:	2480      	movs	r4, #128	; 0x80
10000630:	02a4      	lsls	r4, r4, #10
10000632:	600c      	str	r4, [r1, #0]
10000634:	4269      	negs	r1, r5
10000636:	414d      	adcs	r5, r1
10000638:	211e      	movs	r1, #30
1000063a:	426d      	negs	r5, r5
1000063c:	438d      	bics	r5, r1
1000063e:	4916      	ldr	r1, [pc, #88]	; (10000698 <pio_sm_set_consecutive_pindirs+0xa4>)
10000640:	9001      	str	r0, [sp, #4]
10000642:	468a      	mov	sl, r1
10000644:	4455      	add	r5, sl
10000646:	2b05      	cmp	r3, #5
10000648:	d90c      	bls.n	10000664 <pio_sm_set_consecutive_pindirs+0x70>
1000064a:	20a0      	movs	r0, #160	; 0xa0
1000064c:	211f      	movs	r1, #31
1000064e:	0540      	lsls	r0, r0, #21
10000650:	36d8      	adds	r6, #216	; 0xd8
10000652:	0154      	lsls	r4, r2, #5
10000654:	4304      	orrs	r4, r0
10000656:	3205      	adds	r2, #5
10000658:	3b05      	subs	r3, #5
1000065a:	603c      	str	r4, [r7, #0]
1000065c:	400a      	ands	r2, r1
1000065e:	6035      	str	r5, [r6, #0]
10000660:	2b05      	cmp	r3, #5
10000662:	d8f6      	bhi.n	10000652 <pio_sm_set_consecutive_pindirs+0x5e>
10000664:	0152      	lsls	r2, r2, #5
10000666:	069b      	lsls	r3, r3, #26
10000668:	4313      	orrs	r3, r2
1000066a:	4642      	mov	r2, r8
1000066c:	444a      	add	r2, r9
1000066e:	00d2      	lsls	r2, r2, #3
10000670:	4462      	add	r2, ip
10000672:	0010      	movs	r0, r2
10000674:	32dc      	adds	r2, #220	; 0xdc
10000676:	6013      	str	r3, [r2, #0]
10000678:	0003      	movs	r3, r0
1000067a:	33d8      	adds	r3, #216	; 0xd8
1000067c:	601d      	str	r5, [r3, #0]
1000067e:	465b      	mov	r3, fp
10000680:	6013      	str	r3, [r2, #0]
10000682:	9b01      	ldr	r3, [sp, #4]
10000684:	30cc      	adds	r0, #204	; 0xcc
10000686:	6003      	str	r3, [r0, #0]
10000688:	b003      	add	sp, #12
1000068a:	bcf0      	pop	{r4, r5, r6, r7}
1000068c:	46bb      	mov	fp, r7
1000068e:	46b2      	mov	sl, r6
10000690:	46a9      	mov	r9, r5
10000692:	46a0      	mov	r8, r4
10000694:	bdf0      	pop	{r4, r5, r6, r7, pc}
10000696:	46c0      	nop			; (mov r8, r8)
10000698:	0000e09f 	.word	0x0000e09f

1000069c <pio_sm_init>:
1000069c:	b5f0      	push	{r4, r5, r6, r7, lr}
1000069e:	2501      	movs	r5, #1
100006a0:	408d      	lsls	r5, r1
100006a2:	6804      	ldr	r4, [r0, #0]
100006a4:	43ac      	bics	r4, r5
100006a6:	6004      	str	r4, [r0, #0]
100006a8:	2b00      	cmp	r3, #0
100006aa:	d02e      	beq.n	1000070a <pio_sm_init+0x6e>
100006ac:	004d      	lsls	r5, r1, #1
100006ae:	186c      	adds	r4, r5, r1
100006b0:	00e4      	lsls	r4, r4, #3
100006b2:	1904      	adds	r4, r0, r4
100006b4:	0026      	movs	r6, r4
100006b6:	681f      	ldr	r7, [r3, #0]
100006b8:	36c8      	adds	r6, #200	; 0xc8
100006ba:	6037      	str	r7, [r6, #0]
100006bc:	685f      	ldr	r7, [r3, #4]
100006be:	34dc      	adds	r4, #220	; 0xdc
100006c0:	6077      	str	r7, [r6, #4]
100006c2:	689f      	ldr	r7, [r3, #8]
100006c4:	68db      	ldr	r3, [r3, #12]
100006c6:	60b7      	str	r7, [r6, #8]
100006c8:	6023      	str	r3, [r4, #0]
100006ca:	186b      	adds	r3, r5, r1
100006cc:	00db      	lsls	r3, r3, #3
100006ce:	001d      	movs	r5, r3
100006d0:	2480      	movs	r4, #128	; 0x80
100006d2:	35d0      	adds	r5, #208	; 0xd0
100006d4:	1945      	adds	r5, r0, r5
100006d6:	0164      	lsls	r4, r4, #5
100006d8:	432c      	orrs	r4, r5
100006da:	2580      	movs	r5, #128	; 0x80
100006dc:	062d      	lsls	r5, r5, #24
100006de:	6025      	str	r5, [r4, #0]
100006e0:	6025      	str	r5, [r4, #0]
100006e2:	2501      	movs	r5, #1
100006e4:	4c12      	ldr	r4, [pc, #72]	; (10000730 <pio_sm_init+0x94>)
100006e6:	002e      	movs	r6, r5
100006e8:	408c      	lsls	r4, r1
100006ea:	6084      	str	r4, [r0, #8]
100006ec:	1d0c      	adds	r4, r1, #4
100006ee:	40a6      	lsls	r6, r4
100006f0:	2480      	movs	r4, #128	; 0x80
100006f2:	3108      	adds	r1, #8
100006f4:	408d      	lsls	r5, r1
100006f6:	211f      	movs	r1, #31
100006f8:	01a4      	lsls	r4, r4, #6
100006fa:	4304      	orrs	r4, r0
100006fc:	18c0      	adds	r0, r0, r3
100006fe:	400a      	ands	r2, r1
10000700:	30d8      	adds	r0, #216	; 0xd8
10000702:	6026      	str	r6, [r4, #0]
10000704:	6025      	str	r5, [r4, #0]
10000706:	6002      	str	r2, [r0, #0]
10000708:	bdf0      	pop	{r4, r5, r6, r7, pc}
1000070a:	004d      	lsls	r5, r1, #1
1000070c:	186c      	adds	r4, r5, r1
1000070e:	00e4      	lsls	r4, r4, #3
10000710:	1904      	adds	r4, r0, r4
10000712:	0026      	movs	r6, r4
10000714:	2780      	movs	r7, #128	; 0x80
10000716:	36c8      	adds	r6, #200	; 0xc8
10000718:	027f      	lsls	r7, r7, #9
1000071a:	6037      	str	r7, [r6, #0]
1000071c:	27f8      	movs	r7, #248	; 0xf8
1000071e:	027f      	lsls	r7, r7, #9
10000720:	6077      	str	r7, [r6, #4]
10000722:	27c0      	movs	r7, #192	; 0xc0
10000724:	34dc      	adds	r4, #220	; 0xdc
10000726:	033f      	lsls	r7, r7, #12
10000728:	60b7      	str	r7, [r6, #8]
1000072a:	6023      	str	r3, [r4, #0]
1000072c:	e7cd      	b.n	100006ca <pio_sm_init+0x2e>
1000072e:	46c0      	nop			; (mov r8, r8)
10000730:	01010101 	.word	0x01010101

10000734 <running_on_fpga>:
10000734:	4b02      	ldr	r3, [pc, #8]	; (10000740 <running_on_fpga+0xc>)
10000736:	6818      	ldr	r0, [r3, #0]
10000738:	0780      	lsls	r0, r0, #30
1000073a:	0fc0      	lsrs	r0, r0, #31
1000073c:	4770      	bx	lr
1000073e:	46c0      	nop			; (mov r8, r8)
10000740:	4006c000 	.word	0x4006c000

10000744 <hw_claim_lock>:
10000744:	f3ef 8010 	mrs	r0, PRIMASK
10000748:	b672      	cpsid	i
1000074a:	4a03      	ldr	r2, [pc, #12]	; (10000758 <hw_claim_lock+0x14>)
1000074c:	6813      	ldr	r3, [r2, #0]
1000074e:	2b00      	cmp	r3, #0
10000750:	d0fc      	beq.n	1000074c <hw_claim_lock+0x8>
10000752:	f3bf 8f5f 	dmb	sy
10000756:	4770      	bx	lr
10000758:	d000012c 	.word	0xd000012c

1000075c <hw_claim_unlock>:
1000075c:	f3bf 8f5f 	dmb	sy
10000760:	2200      	movs	r2, #0
10000762:	4b02      	ldr	r3, [pc, #8]	; (1000076c <hw_claim_unlock+0x10>)
10000764:	601a      	str	r2, [r3, #0]
10000766:	f380 8810 	msr	PRIMASK, r0
1000076a:	4770      	bx	lr
1000076c:	d000012c 	.word	0xd000012c

10000770 <hw_claim_or_assert>:
10000770:	b570      	push	{r4, r5, r6, lr}
10000772:	f3ef 8c10 	mrs	ip, PRIMASK
10000776:	b672      	cpsid	i
10000778:	4d0d      	ldr	r5, [pc, #52]	; (100007b0 <hw_claim_or_assert+0x40>)
1000077a:	682b      	ldr	r3, [r5, #0]
1000077c:	2b00      	cmp	r3, #0
1000077e:	d0fc      	beq.n	1000077a <hw_claim_or_assert+0xa>
10000780:	f3bf 8f5f 	dmb	sy
10000784:	2407      	movs	r4, #7
10000786:	08cb      	lsrs	r3, r1, #3
10000788:	18c6      	adds	r6, r0, r3
1000078a:	5cc0      	ldrb	r0, [r0, r3]
1000078c:	2301      	movs	r3, #1
1000078e:	400c      	ands	r4, r1
10000790:	40a3      	lsls	r3, r4
10000792:	001c      	movs	r4, r3
10000794:	4004      	ands	r4, r0
10000796:	4203      	tst	r3, r0
10000798:	d107      	bne.n	100007aa <hw_claim_or_assert+0x3a>
1000079a:	4318      	orrs	r0, r3
1000079c:	7030      	strb	r0, [r6, #0]
1000079e:	f3bf 8f5f 	dmb	sy
100007a2:	602c      	str	r4, [r5, #0]
100007a4:	f38c 8810 	msr	PRIMASK, ip
100007a8:	bd70      	pop	{r4, r5, r6, pc}
100007aa:	0010      	movs	r0, r2
100007ac:	f001 fee2 	bl	10002574 <panic>
100007b0:	d000012c 	.word	0xd000012c

100007b4 <hw_claim_unused_from_range>:
100007b4:	b5f8      	push	{r3, r4, r5, r6, r7, lr}
100007b6:	4647      	mov	r7, r8
100007b8:	46ce      	mov	lr, r9
100007ba:	4688      	mov	r8, r1
100007bc:	b580      	push	{r7, lr}
100007be:	f3ef 8c10 	mrs	ip, PRIMASK
100007c2:	b672      	cpsid	i
100007c4:	4d21      	ldr	r5, [pc, #132]	; (1000084c <hw_claim_unused_from_range+0x98>)
100007c6:	682c      	ldr	r4, [r5, #0]
100007c8:	2c00      	cmp	r4, #0
100007ca:	d0fc      	beq.n	100007c6 <hw_claim_unused_from_range+0x12>
100007cc:	f3bf 8f5f 	dmb	sy
100007d0:	429a      	cmp	r2, r3
100007d2:	d82c      	bhi.n	1000082e <hw_claim_unused_from_range+0x7a>
100007d4:	08d4      	lsrs	r4, r2, #3
100007d6:	2707      	movs	r7, #7
100007d8:	5d05      	ldrb	r5, [r0, r4]
100007da:	1906      	adds	r6, r0, r4
100007dc:	2401      	movs	r4, #1
100007de:	4017      	ands	r7, r2
100007e0:	40bc      	lsls	r4, r7
100007e2:	422c      	tst	r4, r5
100007e4:	d01f      	beq.n	10000826 <hw_claim_unused_from_range+0x72>
100007e6:	2107      	movs	r1, #7
100007e8:	2701      	movs	r7, #1
100007ea:	4689      	mov	r9, r1
100007ec:	e009      	b.n	10000802 <hw_claim_unused_from_range+0x4e>
100007ee:	08d4      	lsrs	r4, r2, #3
100007f0:	5d05      	ldrb	r5, [r0, r4]
100007f2:	1906      	adds	r6, r0, r4
100007f4:	464c      	mov	r4, r9
100007f6:	0039      	movs	r1, r7
100007f8:	4014      	ands	r4, r2
100007fa:	40a1      	lsls	r1, r4
100007fc:	000c      	movs	r4, r1
100007fe:	4229      	tst	r1, r5
10000800:	d011      	beq.n	10000826 <hw_claim_unused_from_range+0x72>
10000802:	3201      	adds	r2, #1
10000804:	4293      	cmp	r3, r2
10000806:	d2f2      	bcs.n	100007ee <hw_claim_unused_from_range+0x3a>
10000808:	2001      	movs	r0, #1
1000080a:	4240      	negs	r0, r0
1000080c:	f3bf 8f5f 	dmb	sy
10000810:	2200      	movs	r2, #0
10000812:	4b0e      	ldr	r3, [pc, #56]	; (1000084c <hw_claim_unused_from_range+0x98>)
10000814:	601a      	str	r2, [r3, #0]
10000816:	f38c 8810 	msr	PRIMASK, ip
1000081a:	2800      	cmp	r0, #0
1000081c:	db0f      	blt.n	1000083e <hw_claim_unused_from_range+0x8a>
1000081e:	bcc0      	pop	{r6, r7}
10000820:	46b9      	mov	r9, r7
10000822:	46b0      	mov	r8, r6
10000824:	bdf8      	pop	{r3, r4, r5, r6, r7, pc}
10000826:	4325      	orrs	r5, r4
10000828:	0010      	movs	r0, r2
1000082a:	7035      	strb	r5, [r6, #0]
1000082c:	e7ee      	b.n	1000080c <hw_claim_unused_from_range+0x58>
1000082e:	f3bf 8f5f 	dmb	sy
10000832:	2300      	movs	r3, #0
10000834:	602b      	str	r3, [r5, #0]
10000836:	f38c 8810 	msr	PRIMASK, ip
1000083a:	2001      	movs	r0, #1
1000083c:	4240      	negs	r0, r0
1000083e:	4643      	mov	r3, r8
10000840:	2b00      	cmp	r3, #0
10000842:	d0ec      	beq.n	1000081e <hw_claim_unused_from_range+0x6a>
10000844:	9808      	ldr	r0, [sp, #32]
10000846:	f001 fe95 	bl	10002574 <panic>
1000084a:	46c0      	nop			; (mov r8, r8)
1000084c:	d000012c 	.word	0xd000012c

10000850 <spin_locks_reset>:
10000850:	2100      	movs	r1, #0
10000852:	4b04      	ldr	r3, [pc, #16]	; (10000864 <spin_locks_reset+0x14>)
10000854:	4a04      	ldr	r2, [pc, #16]	; (10000868 <spin_locks_reset+0x18>)
10000856:	f3bf 8f5f 	dmb	sy
1000085a:	c302      	stmia	r3!, {r1}
1000085c:	4293      	cmp	r3, r2
1000085e:	d1fa      	bne.n	10000856 <spin_locks_reset+0x6>
10000860:	4770      	bx	lr
10000862:	46c0      	nop			; (mov r8, r8)
10000864:	d0000100 	.word	0xd0000100
10000868:	d0000180 	.word	0xd0000180

1000086c <next_striped_spin_lock_num>:
1000086c:	4a04      	ldr	r2, [pc, #16]	; (10000880 <next_striped_spin_lock_num+0x14>)
1000086e:	7810      	ldrb	r0, [r2, #0]
10000870:	1c43      	adds	r3, r0, #1
10000872:	b2db      	uxtb	r3, r3
10000874:	2b17      	cmp	r3, #23
10000876:	d900      	bls.n	1000087a <next_striped_spin_lock_num+0xe>
10000878:	2310      	movs	r3, #16
1000087a:	7013      	strb	r3, [r2, #0]
1000087c:	4770      	bx	lr
1000087e:	46c0      	nop			; (mov r8, r8)
10000880:	20000e38 	.word	0x20000e38

10000884 <spin_lock_claim_unused>:
10000884:	b510      	push	{r4, lr}
10000886:	4b06      	ldr	r3, [pc, #24]	; (100008a0 <spin_lock_claim_unused+0x1c>)
10000888:	4c06      	ldr	r4, [pc, #24]	; (100008a4 <spin_lock_claim_unused+0x20>)
1000088a:	b082      	sub	sp, #8
1000088c:	0001      	movs	r1, r0
1000088e:	9300      	str	r3, [sp, #0]
10000890:	2218      	movs	r2, #24
10000892:	231f      	movs	r3, #31
10000894:	0020      	movs	r0, r4
10000896:	f7ff ff8d 	bl	100007b4 <hw_claim_unused_from_range>
1000089a:	b002      	add	sp, #8
1000089c:	bd10      	pop	{r4, pc}
1000089e:	46c0      	nop			; (mov r8, r8)
100008a0:	1000bd10 	.word	0x1000bd10
100008a4:	200020d8 	.word	0x200020d8

100008a8 <gpio_set_function>:
100008a8:	4a09      	ldr	r2, [pc, #36]	; (100008d0 <gpio_set_function+0x28>)
100008aa:	b510      	push	{r4, lr}
100008ac:	4694      	mov	ip, r2
100008ae:	2440      	movs	r4, #64	; 0x40
100008b0:	0083      	lsls	r3, r0, #2
100008b2:	4463      	add	r3, ip
100008b4:	681a      	ldr	r2, [r3, #0]
100008b6:	00c0      	lsls	r0, r0, #3
100008b8:	4062      	eors	r2, r4
100008ba:	3480      	adds	r4, #128	; 0x80
100008bc:	4014      	ands	r4, r2
100008be:	2280      	movs	r2, #128	; 0x80
100008c0:	0152      	lsls	r2, r2, #5
100008c2:	4313      	orrs	r3, r2
100008c4:	601c      	str	r4, [r3, #0]
100008c6:	4b03      	ldr	r3, [pc, #12]	; (100008d4 <gpio_set_function+0x2c>)
100008c8:	469c      	mov	ip, r3
100008ca:	4460      	add	r0, ip
100008cc:	6041      	str	r1, [r0, #4]
100008ce:	bd10      	pop	{r4, pc}
100008d0:	4001c004 	.word	0x4001c004
100008d4:	40014000 	.word	0x40014000

100008d8 <gpio_set_pulls>:
100008d8:	4b07      	ldr	r3, [pc, #28]	; (100008f8 <gpio_set_pulls+0x20>)
100008da:	0080      	lsls	r0, r0, #2
100008dc:	469c      	mov	ip, r3
100008de:	4460      	add	r0, ip
100008e0:	6803      	ldr	r3, [r0, #0]
100008e2:	00c9      	lsls	r1, r1, #3
100008e4:	0092      	lsls	r2, r2, #2
100008e6:	430a      	orrs	r2, r1
100008e8:	405a      	eors	r2, r3
100008ea:	230c      	movs	r3, #12
100008ec:	401a      	ands	r2, r3
100008ee:	2380      	movs	r3, #128	; 0x80
100008f0:	015b      	lsls	r3, r3, #5
100008f2:	4303      	orrs	r3, r0
100008f4:	601a      	str	r2, [r3, #0]
100008f6:	4770      	bx	lr
100008f8:	4001c004 	.word	0x4001c004

100008fc <gpio_set_input_enabled>:
100008fc:	4b08      	ldr	r3, [pc, #32]	; (10000920 <gpio_set_input_enabled+0x24>)
100008fe:	0080      	lsls	r0, r0, #2
10000900:	469c      	mov	ip, r3
10000902:	4460      	add	r0, ip
10000904:	2900      	cmp	r1, #0
10000906:	d005      	beq.n	10000914 <gpio_set_input_enabled+0x18>
10000908:	2380      	movs	r3, #128	; 0x80
1000090a:	2240      	movs	r2, #64	; 0x40
1000090c:	019b      	lsls	r3, r3, #6
1000090e:	4303      	orrs	r3, r0
10000910:	601a      	str	r2, [r3, #0]
10000912:	4770      	bx	lr
10000914:	23c0      	movs	r3, #192	; 0xc0
10000916:	2240      	movs	r2, #64	; 0x40
10000918:	019b      	lsls	r3, r3, #6
1000091a:	4303      	orrs	r3, r0
1000091c:	601a      	str	r2, [r3, #0]
1000091e:	e7f8      	b.n	10000912 <gpio_set_input_enabled+0x16>
10000920:	4001c004 	.word	0x4001c004

10000924 <gpio_init>:
10000924:	2301      	movs	r3, #1
10000926:	22d0      	movs	r2, #208	; 0xd0
10000928:	4083      	lsls	r3, r0
1000092a:	0612      	lsls	r2, r2, #24
1000092c:	6293      	str	r3, [r2, #40]	; 0x28
1000092e:	6193      	str	r3, [r2, #24]
10000930:	4a09      	ldr	r2, [pc, #36]	; (10000958 <gpio_init+0x34>)
10000932:	2140      	movs	r1, #64	; 0x40
10000934:	4694      	mov	ip, r2
10000936:	0083      	lsls	r3, r0, #2
10000938:	4463      	add	r3, ip
1000093a:	681a      	ldr	r2, [r3, #0]
1000093c:	00c0      	lsls	r0, r0, #3
1000093e:	404a      	eors	r2, r1
10000940:	3180      	adds	r1, #128	; 0x80
10000942:	4011      	ands	r1, r2
10000944:	2280      	movs	r2, #128	; 0x80
10000946:	0152      	lsls	r2, r2, #5
10000948:	4313      	orrs	r3, r2
1000094a:	6019      	str	r1, [r3, #0]
1000094c:	4b03      	ldr	r3, [pc, #12]	; (1000095c <gpio_init+0x38>)
1000094e:	469c      	mov	ip, r3
10000950:	2305      	movs	r3, #5
10000952:	4460      	add	r0, ip
10000954:	6043      	str	r3, [r0, #4]
10000956:	4770      	bx	lr
10000958:	4001c004 	.word	0x4001c004
1000095c:	40014000 	.word	0x40014000

10000960 <irq_set_enabled>:
10000960:	2301      	movs	r3, #1
10000962:	4083      	lsls	r3, r0
10000964:	2900      	cmp	r1, #0
10000966:	d004      	beq.n	10000972 <irq_set_enabled+0x12>
10000968:	4a03      	ldr	r2, [pc, #12]	; (10000978 <irq_set_enabled+0x18>)
1000096a:	6013      	str	r3, [r2, #0]
1000096c:	4a03      	ldr	r2, [pc, #12]	; (1000097c <irq_set_enabled+0x1c>)
1000096e:	6013      	str	r3, [r2, #0]
10000970:	4770      	bx	lr
10000972:	4a03      	ldr	r2, [pc, #12]	; (10000980 <irq_set_enabled+0x20>)
10000974:	6013      	str	r3, [r2, #0]
10000976:	e7fb      	b.n	10000970 <irq_set_enabled+0x10>
10000978:	e000e280 	.word	0xe000e280
1000097c:	e000e100 	.word	0xe000e100
10000980:	e000e180 	.word	0xe000e180

10000984 <irq_set_pending>:
10000984:	2301      	movs	r3, #1
10000986:	4083      	lsls	r3, r0
10000988:	4a01      	ldr	r2, [pc, #4]	; (10000990 <irq_set_pending+0xc>)
1000098a:	6013      	str	r3, [r2, #0]
1000098c:	4770      	bx	lr
1000098e:	46c0      	nop			; (mov r8, r8)
10000990:	e000e200 	.word	0xe000e200

10000994 <irq_has_shared_handler>:
10000994:	4b08      	ldr	r3, [pc, #32]	; (100009b8 <irq_has_shared_handler+0x24>)
10000996:	3010      	adds	r0, #16
10000998:	689b      	ldr	r3, [r3, #8]
1000099a:	0080      	lsls	r0, r0, #2
1000099c:	58c3      	ldr	r3, [r0, r3]
1000099e:	2b00      	cmp	r3, #0
100009a0:	d007      	beq.n	100009b2 <irq_has_shared_handler+0x1e>
100009a2:	4a06      	ldr	r2, [pc, #24]	; (100009bc <irq_has_shared_handler+0x28>)
100009a4:	2000      	movs	r0, #0
100009a6:	1a9b      	subs	r3, r3, r2
100009a8:	222f      	movs	r2, #47	; 0x2f
100009aa:	429a      	cmp	r2, r3
100009ac:	4140      	adcs	r0, r0
100009ae:	b2c0      	uxtb	r0, r0
100009b0:	4770      	bx	lr
100009b2:	2000      	movs	r0, #0
100009b4:	e7fc      	b.n	100009b0 <irq_has_shared_handler+0x1c>
100009b6:	46c0      	nop			; (mov r8, r8)
100009b8:	e000ed00 	.word	0xe000ed00
100009bc:	20000e3c 	.word	0x20000e3c

100009c0 <irq_get_vtable_handler>:
100009c0:	4b02      	ldr	r3, [pc, #8]	; (100009cc <irq_get_vtable_handler+0xc>)
100009c2:	3010      	adds	r0, #16
100009c4:	689b      	ldr	r3, [r3, #8]
100009c6:	0080      	lsls	r0, r0, #2
100009c8:	58c0      	ldr	r0, [r0, r3]
100009ca:	4770      	bx	lr
100009cc:	e000ed00 	.word	0xe000ed00

100009d0 <irq_set_exclusive_handler>:
100009d0:	b570      	push	{r4, r5, r6, lr}
100009d2:	000d      	movs	r5, r1
100009d4:	f3ef 8610 	mrs	r6, PRIMASK
100009d8:	b672      	cpsid	i
100009da:	4a0f      	ldr	r2, [pc, #60]	; (10000a18 <irq_set_exclusive_handler+0x48>)
100009dc:	6813      	ldr	r3, [r2, #0]
100009de:	2b00      	cmp	r3, #0
100009e0:	d0fc      	beq.n	100009dc <irq_set_exclusive_handler+0xc>
100009e2:	f3bf 8f5f 	dmb	sy
100009e6:	4b0d      	ldr	r3, [pc, #52]	; (10000a1c <irq_set_exclusive_handler+0x4c>)
100009e8:	3010      	adds	r0, #16
100009ea:	689b      	ldr	r3, [r3, #8]
100009ec:	0084      	lsls	r4, r0, #2
100009ee:	591b      	ldr	r3, [r3, r4]
100009f0:	4a0b      	ldr	r2, [pc, #44]	; (10000a20 <irq_set_exclusive_handler+0x50>)
100009f2:	4293      	cmp	r3, r2
100009f4:	d003      	beq.n	100009fe <irq_set_exclusive_handler+0x2e>
100009f6:	429d      	cmp	r5, r3
100009f8:	d001      	beq.n	100009fe <irq_set_exclusive_handler+0x2e>
100009fa:	f001 fdd3 	bl	100025a4 <hard_assertion_failure>
100009fe:	4b07      	ldr	r3, [pc, #28]	; (10000a1c <irq_set_exclusive_handler+0x4c>)
10000a00:	689b      	ldr	r3, [r3, #8]
10000a02:	511d      	str	r5, [r3, r4]
10000a04:	f3bf 8f5f 	dmb	sy
10000a08:	f3bf 8f5f 	dmb	sy
10000a0c:	2200      	movs	r2, #0
10000a0e:	4b02      	ldr	r3, [pc, #8]	; (10000a18 <irq_set_exclusive_handler+0x48>)
10000a10:	601a      	str	r2, [r3, #0]
10000a12:	f386 8810 	msr	PRIMASK, r6
10000a16:	bd70      	pop	{r4, r5, r6, pc}
10000a18:	d0000124 	.word	0xd0000124
10000a1c:	e000ed00 	.word	0xe000ed00
10000a20:	100001cd 	.word	0x100001cd

10000a24 <irq_get_exclusive_handler>:
10000a24:	f3ef 8110 	mrs	r1, PRIMASK
10000a28:	b672      	cpsid	i
10000a2a:	4b0e      	ldr	r3, [pc, #56]	; (10000a64 <irq_get_exclusive_handler+0x40>)
10000a2c:	681a      	ldr	r2, [r3, #0]
10000a2e:	2a00      	cmp	r2, #0
10000a30:	d0fc      	beq.n	10000a2c <irq_get_exclusive_handler+0x8>
10000a32:	f3bf 8f5f 	dmb	sy
10000a36:	4a0c      	ldr	r2, [pc, #48]	; (10000a68 <irq_get_exclusive_handler+0x44>)
10000a38:	3010      	adds	r0, #16
10000a3a:	6892      	ldr	r2, [r2, #8]
10000a3c:	0080      	lsls	r0, r0, #2
10000a3e:	5880      	ldr	r0, [r0, r2]
10000a40:	f3bf 8f5f 	dmb	sy
10000a44:	2200      	movs	r2, #0
10000a46:	601a      	str	r2, [r3, #0]
10000a48:	f381 8810 	msr	PRIMASK, r1
10000a4c:	4b07      	ldr	r3, [pc, #28]	; (10000a6c <irq_get_exclusive_handler+0x48>)
10000a4e:	4298      	cmp	r0, r3
10000a50:	d006      	beq.n	10000a60 <irq_get_exclusive_handler+0x3c>
10000a52:	232f      	movs	r3, #47	; 0x2f
10000a54:	4a06      	ldr	r2, [pc, #24]	; (10000a70 <irq_get_exclusive_handler+0x4c>)
10000a56:	1a82      	subs	r2, r0, r2
10000a58:	4293      	cmp	r3, r2
10000a5a:	419b      	sbcs	r3, r3
10000a5c:	4018      	ands	r0, r3
10000a5e:	4770      	bx	lr
10000a60:	2000      	movs	r0, #0
10000a62:	e7fc      	b.n	10000a5e <irq_get_exclusive_handler+0x3a>
10000a64:	d0000124 	.word	0xd0000124
10000a68:	e000ed00 	.word	0xe000ed00
10000a6c:	100001cd 	.word	0x100001cd
10000a70:	20000e3c 	.word	0x20000e3c

10000a74 <irq_add_shared_handler>:
10000a74:	b5f0      	push	{r4, r5, r6, r7, lr}
10000a76:	4657      	mov	r7, sl
10000a78:	464e      	mov	r6, r9
10000a7a:	46de      	mov	lr, fp
10000a7c:	4645      	mov	r5, r8
10000a7e:	b5e0      	push	{r5, r6, r7, lr}
10000a80:	b085      	sub	sp, #20
10000a82:	0006      	movs	r6, r0
10000a84:	9100      	str	r1, [sp, #0]
10000a86:	0017      	movs	r7, r2
10000a88:	f3ef 8b10 	mrs	fp, PRIMASK
10000a8c:	b672      	cpsid	i
10000a8e:	4a6a      	ldr	r2, [pc, #424]	; (10000c38 <irq_add_shared_handler+0x1c4>)
10000a90:	6813      	ldr	r3, [r2, #0]
10000a92:	2b00      	cmp	r3, #0
10000a94:	d0fc      	beq.n	10000a90 <irq_add_shared_handler+0x1c>
10000a96:	f3bf 8f5f 	dmb	sy
10000a9a:	2500      	movs	r5, #0
10000a9c:	4b67      	ldr	r3, [pc, #412]	; (10000c3c <irq_add_shared_handler+0x1c8>)
10000a9e:	575d      	ldrsb	r5, [r3, r5]
10000aa0:	469a      	mov	sl, r3
10000aa2:	2d00      	cmp	r5, #0
10000aa4:	da00      	bge.n	10000aa8 <irq_add_shared_handler+0x34>
10000aa6:	e08b      	b.n	10000bc0 <irq_add_shared_handler+0x14c>
10000aa8:	006b      	lsls	r3, r5, #1
10000aaa:	4c65      	ldr	r4, [pc, #404]	; (10000c40 <irq_add_shared_handler+0x1cc>)
10000aac:	9301      	str	r3, [sp, #4]
10000aae:	195b      	adds	r3, r3, r5
10000ab0:	009b      	lsls	r3, r3, #2
10000ab2:	4698      	mov	r8, r3
10000ab4:	46a1      	mov	r9, r4
10000ab6:	44c1      	add	r9, r8
10000ab8:	464b      	mov	r3, r9
10000aba:	4652      	mov	r2, sl
10000abc:	799b      	ldrb	r3, [r3, #6]
10000abe:	3610      	adds	r6, #16
10000ac0:	7013      	strb	r3, [r2, #0]
10000ac2:	4b60      	ldr	r3, [pc, #384]	; (10000c44 <irq_add_shared_handler+0x1d0>)
10000ac4:	00b6      	lsls	r6, r6, #2
10000ac6:	689b      	ldr	r3, [r3, #8]
10000ac8:	5999      	ldr	r1, [r3, r6]
10000aca:	1b0b      	subs	r3, r1, r4
10000acc:	2b2f      	cmp	r3, #47	; 0x2f
10000ace:	d933      	bls.n	10000b38 <irq_add_shared_handler+0xc4>
10000ad0:	4b5d      	ldr	r3, [pc, #372]	; (10000c48 <irq_add_shared_handler+0x1d4>)
10000ad2:	4299      	cmp	r1, r3
10000ad4:	d000      	beq.n	10000ad8 <irq_add_shared_handler+0x64>
10000ad6:	e0ac      	b.n	10000c32 <irq_add_shared_handler+0x1be>
10000ad8:	9b01      	ldr	r3, [sp, #4]
10000ada:	4642      	mov	r2, r8
10000adc:	469c      	mov	ip, r3
10000ade:	4b5b      	ldr	r3, [pc, #364]	; (10000c4c <irq_add_shared_handler+0x1d8>)
10000ae0:	4465      	add	r5, ip
10000ae2:	00ad      	lsls	r5, r5, #2
10000ae4:	5363      	strh	r3, [r4, r5]
10000ae6:	4b5a      	ldr	r3, [pc, #360]	; (10000c50 <irq_add_shared_handler+0x1dc>)
10000ae8:	3202      	adds	r2, #2
10000aea:	18a2      	adds	r2, r4, r2
10000aec:	3b04      	subs	r3, #4
10000aee:	1a9b      	subs	r3, r3, r2
10000af0:	051b      	lsls	r3, r3, #20
10000af2:	4a58      	ldr	r2, [pc, #352]	; (10000c54 <irq_add_shared_handler+0x1e0>)
10000af4:	0d5b      	lsrs	r3, r3, #21
10000af6:	1965      	adds	r5, r4, r5
10000af8:	4313      	orrs	r3, r2
10000afa:	806b      	strh	r3, [r5, #2]
10000afc:	4b56      	ldr	r3, [pc, #344]	; (10000c58 <irq_add_shared_handler+0x1e4>)
10000afe:	2101      	movs	r1, #1
10000b00:	80ab      	strh	r3, [r5, #4]
10000b02:	23ff      	movs	r3, #255	; 0xff
10000b04:	71ab      	strb	r3, [r5, #6]
10000b06:	9b00      	ldr	r3, [sp, #0]
10000b08:	71ef      	strb	r7, [r5, #7]
10000b0a:	60ab      	str	r3, [r5, #8]
10000b0c:	464b      	mov	r3, r9
10000b0e:	430b      	orrs	r3, r1
10000b10:	0019      	movs	r1, r3
10000b12:	4b4c      	ldr	r3, [pc, #304]	; (10000c44 <irq_add_shared_handler+0x1d0>)
10000b14:	689b      	ldr	r3, [r3, #8]
10000b16:	5199      	str	r1, [r3, r6]
10000b18:	f3bf 8f5f 	dmb	sy
10000b1c:	f3bf 8f5f 	dmb	sy
10000b20:	2200      	movs	r2, #0
10000b22:	4b45      	ldr	r3, [pc, #276]	; (10000c38 <irq_add_shared_handler+0x1c4>)
10000b24:	601a      	str	r2, [r3, #0]
10000b26:	f38b 8810 	msr	PRIMASK, fp
10000b2a:	b005      	add	sp, #20
10000b2c:	bcf0      	pop	{r4, r5, r6, r7}
10000b2e:	46bb      	mov	fp, r7
10000b30:	46b2      	mov	sl, r6
10000b32:	46a9      	mov	r9, r5
10000b34:	46a0      	mov	r8, r4
10000b36:	bdf0      	pop	{r4, r5, r6, r7, pc}
10000b38:	2001      	movs	r0, #1
10000b3a:	000a      	movs	r2, r1
10000b3c:	4382      	bics	r2, r0
10000b3e:	79d3      	ldrb	r3, [r2, #7]
10000b40:	468c      	mov	ip, r1
10000b42:	42bb      	cmp	r3, r7
10000b44:	d831      	bhi.n	10000baa <irq_add_shared_handler+0x136>
10000b46:	4645      	mov	r5, r8
10000b48:	0013      	movs	r3, r2
10000b4a:	4944      	ldr	r1, [pc, #272]	; (10000c5c <irq_add_shared_handler+0x1e8>)
10000b4c:	1b1b      	subs	r3, r3, r4
10000b4e:	415b      	adcs	r3, r3
10000b50:	4359      	muls	r1, r3
10000b52:	0d09      	lsrs	r1, r1, #20
10000b54:	4b3d      	ldr	r3, [pc, #244]	; (10000c4c <irq_add_shared_handler+0x1d8>)
10000b56:	5363      	strh	r3, [r4, r5]
10000b58:	4b3d      	ldr	r3, [pc, #244]	; (10000c50 <irq_add_shared_handler+0x1dc>)
10000b5a:	3502      	adds	r5, #2
10000b5c:	1965      	adds	r5, r4, r5
10000b5e:	3b04      	subs	r3, #4
10000b60:	1b5b      	subs	r3, r3, r5
10000b62:	051b      	lsls	r3, r3, #20
10000b64:	4d3b      	ldr	r5, [pc, #236]	; (10000c54 <irq_add_shared_handler+0x1e0>)
10000b66:	0d5b      	lsrs	r3, r3, #21
10000b68:	432b      	orrs	r3, r5
10000b6a:	46aa      	mov	sl, r5
10000b6c:	464d      	mov	r5, r9
10000b6e:	806b      	strh	r3, [r5, #2]
10000b70:	2504      	movs	r5, #4
10000b72:	46ac      	mov	ip, r5
10000b74:	4655      	mov	r5, sl
10000b76:	44e0      	add	r8, ip
10000b78:	1f13      	subs	r3, r2, #4
10000b7a:	4444      	add	r4, r8
10000b7c:	1b1b      	subs	r3, r3, r4
10000b7e:	051b      	lsls	r3, r3, #20
10000b80:	0d5b      	lsrs	r3, r3, #21
10000b82:	431d      	orrs	r5, r3
10000b84:	464b      	mov	r3, r9
10000b86:	7199      	strb	r1, [r3, #6]
10000b88:	9900      	ldr	r1, [sp, #0]
10000b8a:	809d      	strh	r5, [r3, #4]
10000b8c:	6099      	str	r1, [r3, #8]
10000b8e:	4649      	mov	r1, r9
10000b90:	71df      	strb	r7, [r3, #7]
10000b92:	4b33      	ldr	r3, [pc, #204]	; (10000c60 <irq_add_shared_handler+0x1ec>)
10000b94:	4301      	orrs	r1, r0
10000b96:	6013      	str	r3, [r2, #0]
10000b98:	e7bb      	b.n	10000b12 <irq_add_shared_handler+0x9e>
10000b9a:	0058      	lsls	r0, r3, #1
10000b9c:	18c0      	adds	r0, r0, r3
10000b9e:	0080      	lsls	r0, r0, #2
10000ba0:	1820      	adds	r0, r4, r0
10000ba2:	79c1      	ldrb	r1, [r0, #7]
10000ba4:	42b9      	cmp	r1, r7
10000ba6:	d911      	bls.n	10000bcc <irq_add_shared_handler+0x158>
10000ba8:	0002      	movs	r2, r0
10000baa:	2306      	movs	r3, #6
10000bac:	56d3      	ldrsb	r3, [r2, r3]
10000bae:	2b00      	cmp	r3, #0
10000bb0:	daf3      	bge.n	10000b9a <irq_add_shared_handler+0x126>
10000bb2:	9302      	str	r3, [sp, #8]
10000bb4:	1d13      	adds	r3, r2, #4
10000bb6:	469a      	mov	sl, r3
10000bb8:	4b2a      	ldr	r3, [pc, #168]	; (10000c64 <irq_add_shared_handler+0x1f0>)
10000bba:	4661      	mov	r1, ip
10000bbc:	9303      	str	r3, [sp, #12]
10000bbe:	e019      	b.n	10000bf4 <irq_add_shared_handler+0x180>
10000bc0:	f001 fcf0 	bl	100025a4 <hard_assertion_failure>
10000bc4:	2500      	movs	r5, #0
10000bc6:	4653      	mov	r3, sl
10000bc8:	575d      	ldrsb	r5, [r3, r5]
10000bca:	e76d      	b.n	10000aa8 <irq_add_shared_handler+0x34>
10000bcc:	8890      	ldrh	r0, [r2, #4]
10000bce:	9302      	str	r3, [sp, #8]
10000bd0:	0540      	lsls	r0, r0, #21
10000bd2:	1d13      	adds	r3, r2, #4
10000bd4:	469a      	mov	sl, r3
10000bd6:	1503      	asrs	r3, r0, #20
10000bd8:	4661      	mov	r1, ip
10000bda:	469c      	mov	ip, r3
10000bdc:	4640      	mov	r0, r8
10000bde:	44d4      	add	ip, sl
10000be0:	4663      	mov	r3, ip
10000be2:	3004      	adds	r0, #4
10000be4:	1820      	adds	r0, r4, r0
10000be6:	1a18      	subs	r0, r3, r0
10000be8:	23e0      	movs	r3, #224	; 0xe0
10000bea:	0500      	lsls	r0, r0, #20
10000bec:	0d40      	lsrs	r0, r0, #21
10000bee:	021b      	lsls	r3, r3, #8
10000bf0:	4318      	orrs	r0, r3
10000bf2:	9003      	str	r0, [sp, #12]
10000bf4:	2304      	movs	r3, #4
10000bf6:	425b      	negs	r3, r3
10000bf8:	469c      	mov	ip, r3
10000bfa:	44e1      	add	r9, ip
10000bfc:	4650      	mov	r0, sl
10000bfe:	464b      	mov	r3, r9
10000c00:	1a1b      	subs	r3, r3, r0
10000c02:	051b      	lsls	r3, r3, #20
10000c04:	0d5b      	lsrs	r3, r3, #21
10000c06:	469c      	mov	ip, r3
10000c08:	4b12      	ldr	r3, [pc, #72]	; (10000c54 <irq_add_shared_handler+0x1e0>)
10000c0a:	7195      	strb	r5, [r2, #6]
10000c0c:	4698      	mov	r8, r3
10000c0e:	4663      	mov	r3, ip
10000c10:	4640      	mov	r0, r8
10000c12:	4303      	orrs	r3, r0
10000c14:	8093      	strh	r3, [r2, #4]
10000c16:	9b01      	ldr	r3, [sp, #4]
10000c18:	195a      	adds	r2, r3, r5
10000c1a:	0092      	lsls	r2, r2, #2
10000c1c:	9b03      	ldr	r3, [sp, #12]
10000c1e:	18a4      	adds	r4, r4, r2
10000c20:	80a3      	strh	r3, [r4, #4]
10000c22:	9b02      	ldr	r3, [sp, #8]
10000c24:	4a0e      	ldr	r2, [pc, #56]	; (10000c60 <irq_add_shared_handler+0x1ec>)
10000c26:	71a3      	strb	r3, [r4, #6]
10000c28:	9b00      	ldr	r3, [sp, #0]
10000c2a:	6022      	str	r2, [r4, #0]
10000c2c:	71e7      	strb	r7, [r4, #7]
10000c2e:	60a3      	str	r3, [r4, #8]
10000c30:	e76f      	b.n	10000b12 <irq_add_shared_handler+0x9e>
10000c32:	f001 fcb7 	bl	100025a4 <hard_assertion_failure>
10000c36:	e74f      	b.n	10000ad8 <irq_add_shared_handler+0x64>
10000c38:	d0000124 	.word	0xd0000124
10000c3c:	200025ec 	.word	0x200025ec
10000c40:	20000e3c 	.word	0x20000e3c
10000c44:	e000ed00 	.word	0xe000ed00
10000c48:	100001cd 	.word	0x100001cd
10000c4c:	ffffa100 	.word	0xffffa100
10000c50:	20000e6c 	.word	0x20000e6c
10000c54:	ffffe000 	.word	0xffffe000
10000c58:	ffffbd01 	.word	0xffffbd01
10000c5c:	0000aaaa 	.word	0x0000aaaa
10000c60:	47804801 	.word	0x47804801
10000c64:	0000bd01 	.word	0x0000bd01

10000c68 <irq_remove_handler>:
10000c68:	b5f0      	push	{r4, r5, r6, r7, lr}
10000c6a:	46de      	mov	lr, fp
10000c6c:	4657      	mov	r7, sl
10000c6e:	464e      	mov	r6, r9
10000c70:	4645      	mov	r5, r8
10000c72:	b5e0      	push	{r5, r6, r7, lr}
10000c74:	000c      	movs	r4, r1
10000c76:	b083      	sub	sp, #12
10000c78:	f3ef 8810 	mrs	r8, PRIMASK
10000c7c:	b672      	cpsid	i
10000c7e:	4a5d      	ldr	r2, [pc, #372]	; (10000df4 <irq_remove_handler+0x18c>)
10000c80:	6813      	ldr	r3, [r2, #0]
10000c82:	2b00      	cmp	r3, #0
10000c84:	d0fc      	beq.n	10000c80 <irq_remove_handler+0x18>
10000c86:	f3bf 8f5f 	dmb	sy
10000c8a:	4b5b      	ldr	r3, [pc, #364]	; (10000df8 <irq_remove_handler+0x190>)
10000c8c:	495b      	ldr	r1, [pc, #364]	; (10000dfc <irq_remove_handler+0x194>)
10000c8e:	689a      	ldr	r2, [r3, #8]
10000c90:	0003      	movs	r3, r0
10000c92:	3310      	adds	r3, #16
10000c94:	009f      	lsls	r7, r3, #2
10000c96:	59d5      	ldr	r5, [r2, r7]
10000c98:	428d      	cmp	r5, r1
10000c9a:	d039      	beq.n	10000d10 <irq_remove_handler+0xa8>
10000c9c:	42a5      	cmp	r5, r4
10000c9e:	d04a      	beq.n	10000d36 <irq_remove_handler+0xce>
10000ca0:	4e57      	ldr	r6, [pc, #348]	; (10000e00 <irq_remove_handler+0x198>)
10000ca2:	1baa      	subs	r2, r5, r6
10000ca4:	2a2f      	cmp	r2, #47	; 0x2f
10000ca6:	d833      	bhi.n	10000d10 <irq_remove_handler+0xa8>
10000ca8:	2201      	movs	r2, #1
10000caa:	4692      	mov	sl, r2
10000cac:	4082      	lsls	r2, r0
10000cae:	4691      	mov	r9, r2
10000cb0:	4648      	mov	r0, r9
10000cb2:	4a54      	ldr	r2, [pc, #336]	; (10000e04 <irq_remove_handler+0x19c>)
10000cb4:	6812      	ldr	r2, [r2, #0]
10000cb6:	4010      	ands	r0, r2
10000cb8:	9001      	str	r0, [sp, #4]
10000cba:	4648      	mov	r0, r9
10000cbc:	4a52      	ldr	r2, [pc, #328]	; (10000e08 <irq_remove_handler+0x1a0>)
10000cbe:	6010      	str	r0, [r2, #0]
10000cc0:	f3bf 8f5f 	dmb	sy
10000cc4:	f3ef 8205 	mrs	r2, IPSR
10000cc8:	4693      	mov	fp, r2
10000cca:	2a00      	cmp	r2, #0
10000ccc:	d035      	beq.n	10000d3a <irq_remove_handler+0xd2>
10000cce:	4293      	cmp	r3, r2
10000cd0:	d001      	beq.n	10000cd6 <irq_remove_handler+0x6e>
10000cd2:	f001 fc67 	bl	100025a4 <hard_assertion_failure>
10000cd6:	002a      	movs	r2, r5
10000cd8:	4653      	mov	r3, sl
10000cda:	439a      	bics	r2, r3
10000cdc:	6890      	ldr	r0, [r2, #8]
10000cde:	4284      	cmp	r4, r0
10000ce0:	d108      	bne.n	10000cf4 <irq_remove_handler+0x8c>
10000ce2:	e075      	b.n	10000dd0 <irq_remove_handler+0x168>
10000ce4:	004b      	lsls	r3, r1, #1
10000ce6:	185b      	adds	r3, r3, r1
10000ce8:	009b      	lsls	r3, r3, #2
10000cea:	18f3      	adds	r3, r6, r3
10000cec:	6898      	ldr	r0, [r3, #8]
10000cee:	42a0      	cmp	r0, r4
10000cf0:	d034      	beq.n	10000d5c <irq_remove_handler+0xf4>
10000cf2:	001a      	movs	r2, r3
10000cf4:	2106      	movs	r1, #6
10000cf6:	5651      	ldrsb	r1, [r2, r1]
10000cf8:	2900      	cmp	r1, #0
10000cfa:	daf3      	bge.n	10000ce4 <irq_remove_handler+0x7c>
10000cfc:	4284      	cmp	r4, r0
10000cfe:	d053      	beq.n	10000da8 <irq_remove_handler+0x140>
10000d00:	9b01      	ldr	r3, [sp, #4]
10000d02:	2b00      	cmp	r3, #0
10000d04:	d026      	beq.n	10000d54 <irq_remove_handler+0xec>
10000d06:	464a      	mov	r2, r9
10000d08:	4b40      	ldr	r3, [pc, #256]	; (10000e0c <irq_remove_handler+0x1a4>)
10000d0a:	601a      	str	r2, [r3, #0]
10000d0c:	4b3d      	ldr	r3, [pc, #244]	; (10000e04 <irq_remove_handler+0x19c>)
10000d0e:	601a      	str	r2, [r3, #0]
10000d10:	4b39      	ldr	r3, [pc, #228]	; (10000df8 <irq_remove_handler+0x190>)
10000d12:	689b      	ldr	r3, [r3, #8]
10000d14:	51dd      	str	r5, [r3, r7]
10000d16:	f3bf 8f5f 	dmb	sy
10000d1a:	f3bf 8f5f 	dmb	sy
10000d1e:	2200      	movs	r2, #0
10000d20:	4b34      	ldr	r3, [pc, #208]	; (10000df4 <irq_remove_handler+0x18c>)
10000d22:	601a      	str	r2, [r3, #0]
10000d24:	f388 8810 	msr	PRIMASK, r8
10000d28:	b003      	add	sp, #12
10000d2a:	bcf0      	pop	{r4, r5, r6, r7}
10000d2c:	46bb      	mov	fp, r7
10000d2e:	46b2      	mov	sl, r6
10000d30:	46a9      	mov	r9, r5
10000d32:	46a0      	mov	r8, r4
10000d34:	bdf0      	pop	{r4, r5, r6, r7, pc}
10000d36:	000d      	movs	r5, r1
10000d38:	e7ea      	b.n	10000d10 <irq_remove_handler+0xa8>
10000d3a:	002a      	movs	r2, r5
10000d3c:	4653      	mov	r3, sl
10000d3e:	439a      	bics	r2, r3
10000d40:	6890      	ldr	r0, [r2, #8]
10000d42:	4284      	cmp	r4, r0
10000d44:	d1d6      	bne.n	10000cf4 <irq_remove_handler+0x8c>
10000d46:	2006      	movs	r0, #6
10000d48:	5610      	ldrsb	r0, [r2, r0]
10000d4a:	0013      	movs	r3, r2
10000d4c:	2800      	cmp	r0, #0
10000d4e:	da09      	bge.n	10000d64 <irq_remove_handler+0xfc>
10000d50:	000d      	movs	r5, r1
10000d52:	e031      	b.n	10000db8 <irq_remove_handler+0x150>
10000d54:	464a      	mov	r2, r9
10000d56:	4b2c      	ldr	r3, [pc, #176]	; (10000e08 <irq_remove_handler+0x1a0>)
10000d58:	601a      	str	r2, [r3, #0]
10000d5a:	e7d9      	b.n	10000d10 <irq_remove_handler+0xa8>
10000d5c:	2006      	movs	r0, #6
10000d5e:	5618      	ldrsb	r0, [r3, r0]
10000d60:	2800      	cmp	r0, #0
10000d62:	db22      	blt.n	10000daa <irq_remove_handler+0x142>
10000d64:	0042      	lsls	r2, r0, #1
10000d66:	1811      	adds	r1, r2, r0
10000d68:	0089      	lsls	r1, r1, #2
10000d6a:	1874      	adds	r4, r6, r1
10000d6c:	468a      	mov	sl, r1
10000d6e:	68a1      	ldr	r1, [r4, #8]
10000d70:	6099      	str	r1, [r3, #8]
10000d72:	79e1      	ldrb	r1, [r4, #7]
10000d74:	71d9      	strb	r1, [r3, #7]
10000d76:	2106      	movs	r1, #6
10000d78:	5661      	ldrsb	r1, [r4, r1]
10000d7a:	7199      	strb	r1, [r3, #6]
10000d7c:	2900      	cmp	r1, #0
10000d7e:	db25      	blt.n	10000dcc <irq_remove_handler+0x164>
10000d80:	88a4      	ldrh	r4, [r4, #4]
10000d82:	1af1      	subs	r1, r6, r3
10000d84:	0564      	lsls	r4, r4, #21
10000d86:	1524      	asrs	r4, r4, #20
10000d88:	4454      	add	r4, sl
10000d8a:	1909      	adds	r1, r1, r4
10000d8c:	24e0      	movs	r4, #224	; 0xe0
10000d8e:	0509      	lsls	r1, r1, #20
10000d90:	0d49      	lsrs	r1, r1, #21
10000d92:	0224      	lsls	r4, r4, #8
10000d94:	4321      	orrs	r1, r4
10000d96:	8099      	strh	r1, [r3, #4]
10000d98:	1813      	adds	r3, r2, r0
10000d9a:	4a1d      	ldr	r2, [pc, #116]	; (10000e10 <irq_remove_handler+0x1a8>)
10000d9c:	009b      	lsls	r3, r3, #2
10000d9e:	7811      	ldrb	r1, [r2, #0]
10000da0:	18f3      	adds	r3, r6, r3
10000da2:	7199      	strb	r1, [r3, #6]
10000da4:	7010      	strb	r0, [r2, #0]
10000da6:	e7ab      	b.n	10000d00 <irq_remove_handler+0x98>
10000da8:	0013      	movs	r3, r2
10000daa:	4659      	mov	r1, fp
10000dac:	2900      	cmp	r1, #0
10000dae:	d114      	bne.n	10000dda <irq_remove_handler+0x172>
10000db0:	31ff      	adds	r1, #255	; 0xff
10000db2:	7191      	strb	r1, [r2, #6]
10000db4:	4917      	ldr	r1, [pc, #92]	; (10000e14 <irq_remove_handler+0x1ac>)
10000db6:	8091      	strh	r1, [r2, #4]
10000db8:	4915      	ldr	r1, [pc, #84]	; (10000e10 <irq_remove_handler+0x1a8>)
10000dba:	780a      	ldrb	r2, [r1, #0]
10000dbc:	719a      	strb	r2, [r3, #6]
10000dbe:	4a16      	ldr	r2, [pc, #88]	; (10000e18 <irq_remove_handler+0x1b0>)
10000dc0:	1b9b      	subs	r3, r3, r6
10000dc2:	415b      	adcs	r3, r3
10000dc4:	435a      	muls	r2, r3
10000dc6:	0d12      	lsrs	r2, r2, #20
10000dc8:	700a      	strb	r2, [r1, #0]
10000dca:	e799      	b.n	10000d00 <irq_remove_handler+0x98>
10000dcc:	4913      	ldr	r1, [pc, #76]	; (10000e1c <irq_remove_handler+0x1b4>)
10000dce:	e7e2      	b.n	10000d96 <irq_remove_handler+0x12e>
10000dd0:	2006      	movs	r0, #6
10000dd2:	5610      	ldrsb	r0, [r2, r0]
10000dd4:	0013      	movs	r3, r2
10000dd6:	2800      	cmp	r0, #0
10000dd8:	dac4      	bge.n	10000d64 <irq_remove_handler+0xfc>
10000dda:	4a11      	ldr	r2, [pc, #68]	; (10000e20 <irq_remove_handler+0x1b8>)
10000ddc:	4911      	ldr	r1, [pc, #68]	; (10000e24 <irq_remove_handler+0x1bc>)
10000dde:	1ad2      	subs	r2, r2, r3
10000de0:	3a08      	subs	r2, #8
10000de2:	0250      	lsls	r0, r2, #9
10000de4:	0d40      	lsrs	r0, r0, #21
10000de6:	4301      	orrs	r1, r0
10000de8:	8099      	strh	r1, [r3, #4]
10000dea:	490f      	ldr	r1, [pc, #60]	; (10000e28 <irq_remove_handler+0x1c0>)
10000dec:	0852      	lsrs	r2, r2, #1
10000dee:	430a      	orrs	r2, r1
10000df0:	80da      	strh	r2, [r3, #6]
10000df2:	e785      	b.n	10000d00 <irq_remove_handler+0x98>
10000df4:	d0000124 	.word	0xd0000124
10000df8:	e000ed00 	.word	0xe000ed00
10000dfc:	100001cd 	.word	0x100001cd
10000e00:	20000e3c 	.word	0x20000e3c
10000e04:	e000e100 	.word	0xe000e100
10000e08:	e000e180 	.word	0xe000e180
10000e0c:	e000e280 	.word	0xe000e280
10000e10:	200025ec 	.word	0x200025ec
10000e14:	ffffbd01 	.word	0xffffbd01
10000e18:	0000aaaa 	.word	0x0000aaaa
10000e1c:	0000bd01 	.word	0x0000bd01
10000e20:	20000e76 	.word	0x20000e76
10000e24:	fffff000 	.word	0xfffff000
10000e28:	fffff800 	.word	0xfffff800

10000e2c <irq_add_tail_to_free_list>:
10000e2c:	b570      	push	{r4, r5, r6, lr}
10000e2e:	f3ef 8105 	mrs	r1, IPSR
10000e32:	2401      	movs	r4, #1
10000e34:	4304      	orrs	r4, r0
10000e36:	f3ef 8c10 	mrs	ip, PRIMASK
10000e3a:	b672      	cpsid	i
10000e3c:	4a21      	ldr	r2, [pc, #132]	; (10000ec4 <irq_add_tail_to_free_list+0x98>)
10000e3e:	6813      	ldr	r3, [r2, #0]
10000e40:	2b00      	cmp	r3, #0
10000e42:	d0fc      	beq.n	10000e3e <irq_add_tail_to_free_list+0x12>
10000e44:	f3bf 8f5f 	dmb	sy
10000e48:	4b1f      	ldr	r3, [pc, #124]	; (10000ec8 <irq_add_tail_to_free_list+0x9c>)
10000e4a:	0005      	movs	r5, r0
10000e4c:	4a1f      	ldr	r2, [pc, #124]	; (10000ecc <irq_add_tail_to_free_list+0xa0>)
10000e4e:	1aed      	subs	r5, r5, r3
10000e50:	416d      	adcs	r5, r5
10000e52:	436a      	muls	r2, r5
10000e54:	0d12      	lsrs	r2, r2, #20
10000e56:	4d1e      	ldr	r5, [pc, #120]	; (10000ed0 <irq_add_tail_to_free_list+0xa4>)
10000e58:	0089      	lsls	r1, r1, #2
10000e5a:	68ae      	ldr	r6, [r5, #8]
10000e5c:	b252      	sxtb	r2, r2
10000e5e:	5876      	ldr	r6, [r6, r1]
10000e60:	42a6      	cmp	r6, r4
10000e62:	d01c      	beq.n	10000e9e <irq_add_tail_to_free_list+0x72>
10000e64:	2106      	movs	r1, #6
10000e66:	5659      	ldrsb	r1, [r3, r1]
10000e68:	4291      	cmp	r1, r2
10000e6a:	d01c      	beq.n	10000ea6 <irq_add_tail_to_free_list+0x7a>
10000e6c:	2112      	movs	r1, #18
10000e6e:	5659      	ldrsb	r1, [r3, r1]
10000e70:	4291      	cmp	r1, r2
10000e72:	d022      	beq.n	10000eba <irq_add_tail_to_free_list+0x8e>
10000e74:	211e      	movs	r1, #30
10000e76:	5659      	ldrsb	r1, [r3, r1]
10000e78:	4291      	cmp	r1, r2
10000e7a:	d020      	beq.n	10000ebe <irq_add_tail_to_free_list+0x92>
10000e7c:	212a      	movs	r1, #42	; 0x2a
10000e7e:	5659      	ldrsb	r1, [r3, r1]
10000e80:	2403      	movs	r4, #3
10000e82:	4291      	cmp	r1, r2
10000e84:	d010      	beq.n	10000ea8 <irq_add_tail_to_free_list+0x7c>
10000e86:	4b13      	ldr	r3, [pc, #76]	; (10000ed4 <irq_add_tail_to_free_list+0xa8>)
10000e88:	7819      	ldrb	r1, [r3, #0]
10000e8a:	701a      	strb	r2, [r3, #0]
10000e8c:	7181      	strb	r1, [r0, #6]
10000e8e:	f3bf 8f5f 	dmb	sy
10000e92:	2200      	movs	r2, #0
10000e94:	4b0b      	ldr	r3, [pc, #44]	; (10000ec4 <irq_add_tail_to_free_list+0x98>)
10000e96:	601a      	str	r2, [r3, #0]
10000e98:	f38c 8810 	msr	PRIMASK, ip
10000e9c:	bd70      	pop	{r4, r5, r6, pc}
10000e9e:	68ab      	ldr	r3, [r5, #8]
10000ea0:	4c0d      	ldr	r4, [pc, #52]	; (10000ed8 <irq_add_tail_to_free_list+0xac>)
10000ea2:	505c      	str	r4, [r3, r1]
10000ea4:	e7ef      	b.n	10000e86 <irq_add_tail_to_free_list+0x5a>
10000ea6:	2400      	movs	r4, #0
10000ea8:	0061      	lsls	r1, r4, #1
10000eaa:	1909      	adds	r1, r1, r4
10000eac:	0089      	lsls	r1, r1, #2
10000eae:	185b      	adds	r3, r3, r1
10000eb0:	21ff      	movs	r1, #255	; 0xff
10000eb2:	7199      	strb	r1, [r3, #6]
10000eb4:	4909      	ldr	r1, [pc, #36]	; (10000edc <irq_add_tail_to_free_list+0xb0>)
10000eb6:	8099      	strh	r1, [r3, #4]
10000eb8:	e7e5      	b.n	10000e86 <irq_add_tail_to_free_list+0x5a>
10000eba:	2401      	movs	r4, #1
10000ebc:	e7f4      	b.n	10000ea8 <irq_add_tail_to_free_list+0x7c>
10000ebe:	2402      	movs	r4, #2
10000ec0:	e7f2      	b.n	10000ea8 <irq_add_tail_to_free_list+0x7c>
10000ec2:	46c0      	nop			; (mov r8, r8)
10000ec4:	d0000124 	.word	0xd0000124
10000ec8:	20000e3c 	.word	0x20000e3c
10000ecc:	0000aaaa 	.word	0x0000aaaa
10000ed0:	e000ed00 	.word	0xe000ed00
10000ed4:	200025ec 	.word	0x200025ec
10000ed8:	100001cd 	.word	0x100001cd
10000edc:	ffffbd01 	.word	0xffffbd01

10000ee0 <irq_init_priorities>:
10000ee0:	4b05      	ldr	r3, [pc, #20]	; (10000ef8 <irq_init_priorities+0x18>)
10000ee2:	4a06      	ldr	r2, [pc, #24]	; (10000efc <irq_init_priorities+0x1c>)
10000ee4:	6013      	str	r3, [r2, #0]
10000ee6:	4a06      	ldr	r2, [pc, #24]	; (10000f00 <irq_init_priorities+0x20>)
10000ee8:	6013      	str	r3, [r2, #0]
10000eea:	6053      	str	r3, [r2, #4]
10000eec:	6093      	str	r3, [r2, #8]
10000eee:	60d3      	str	r3, [r2, #12]
10000ef0:	6113      	str	r3, [r2, #16]
10000ef2:	6153      	str	r3, [r2, #20]
10000ef4:	6193      	str	r3, [r2, #24]
10000ef6:	4770      	bx	lr
10000ef8:	80808080 	.word	0x80808080
10000efc:	e000e400 	.word	0xe000e400
10000f00:	e000e404 	.word	0xe000e404

10000f04 <user_irq_claim_unused>:
10000f04:	b510      	push	{r4, lr}
10000f06:	4b08      	ldr	r3, [pc, #32]	; (10000f28 <user_irq_claim_unused+0x24>)
10000f08:	4c08      	ldr	r4, [pc, #32]	; (10000f2c <user_irq_claim_unused+0x28>)
10000f0a:	b082      	sub	sp, #8
10000f0c:	0001      	movs	r1, r0
10000f0e:	9300      	str	r3, [sp, #0]
10000f10:	2200      	movs	r2, #0
10000f12:	2305      	movs	r3, #5
10000f14:	0020      	movs	r0, r4
10000f16:	f7ff fc4d 	bl	100007b4 <hw_claim_unused_from_range>
10000f1a:	2800      	cmp	r0, #0
10000f1c:	db01      	blt.n	10000f22 <user_irq_claim_unused+0x1e>
10000f1e:	231f      	movs	r3, #31
10000f20:	1a18      	subs	r0, r3, r0
10000f22:	b002      	add	sp, #8
10000f24:	bd10      	pop	{r4, pc}
10000f26:	46c0      	nop			; (mov r8, r8)
10000f28:	1000bd2c 	.word	0x1000bd2c
10000f2c:	200025f6 	.word	0x200025f6

10000f30 <lock_init>:
10000f30:	4b02      	ldr	r3, [pc, #8]	; (10000f3c <lock_init+0xc>)
10000f32:	469c      	mov	ip, r3
10000f34:	4461      	add	r1, ip
10000f36:	0089      	lsls	r1, r1, #2
10000f38:	6001      	str	r1, [r0, #0]
10000f3a:	4770      	bx	lr
10000f3c:	34000040 	.word	0x34000040

10000f40 <mutex_init>:
10000f40:	b510      	push	{r4, lr}
10000f42:	0004      	movs	r4, r0
10000f44:	f7ff fc92 	bl	1000086c <next_striped_spin_lock_num>
10000f48:	0001      	movs	r1, r0
10000f4a:	0020      	movs	r0, r4
10000f4c:	f7ff fff0 	bl	10000f30 <lock_init>
10000f50:	23ff      	movs	r3, #255	; 0xff
10000f52:	7123      	strb	r3, [r4, #4]
10000f54:	f3bf 8f5f 	dmb	sy
10000f58:	bd10      	pop	{r4, pc}
10000f5a:	46c0      	nop			; (mov r8, r8)

10000f5c <recursive_mutex_init>:
10000f5c:	b510      	push	{r4, lr}
10000f5e:	0004      	movs	r4, r0
10000f60:	f7ff fc84 	bl	1000086c <next_striped_spin_lock_num>
10000f64:	0001      	movs	r1, r0
10000f66:	0020      	movs	r0, r4
10000f68:	f7ff ffe2 	bl	10000f30 <lock_init>
10000f6c:	23ff      	movs	r3, #255	; 0xff
10000f6e:	80a3      	strh	r3, [r4, #4]
10000f70:	f3bf 8f5f 	dmb	sy
10000f74:	bd10      	pop	{r4, pc}
10000f76:	46c0      	nop			; (mov r8, r8)

10000f78 <critical_section_init>:
10000f78:	b510      	push	{r4, lr}
10000f7a:	0004      	movs	r4, r0
10000f7c:	2001      	movs	r0, #1
10000f7e:	f7ff fc81 	bl	10000884 <spin_lock_claim_unused>
10000f82:	4b03      	ldr	r3, [pc, #12]	; (10000f90 <critical_section_init+0x18>)
10000f84:	18c3      	adds	r3, r0, r3
10000f86:	009b      	lsls	r3, r3, #2
10000f88:	6023      	str	r3, [r4, #0]
10000f8a:	f3bf 8f5f 	dmb	sy
10000f8e:	bd10      	pop	{r4, pc}
10000f90:	34000040 	.word	0x34000040

10000f94 <critical_section_init_with_lock_num>:
10000f94:	4b03      	ldr	r3, [pc, #12]	; (10000fa4 <critical_section_init_with_lock_num+0x10>)
10000f96:	469c      	mov	ip, r3
10000f98:	4461      	add	r1, ip
10000f9a:	0089      	lsls	r1, r1, #2
10000f9c:	6001      	str	r1, [r0, #0]
10000f9e:	f3bf 8f5f 	dmb	sy
10000fa2:	4770      	bx	lr
10000fa4:	34000040 	.word	0x34000040

10000fa8 <timer_pool_entry_comparator>:
10000fa8:	6883      	ldr	r3, [r0, #8]
10000faa:	480b      	ldr	r0, [pc, #44]	; (10000fd8 <timer_pool_entry_comparator+0x30>)
10000fac:	b510      	push	{r4, lr}
10000fae:	4684      	mov	ip, r0
10000fb0:	4461      	add	r1, ip
10000fb2:	4462      	add	r2, ip
10000fb4:	0112      	lsls	r2, r2, #4
10000fb6:	0109      	lsls	r1, r1, #4
10000fb8:	1859      	adds	r1, r3, r1
10000fba:	189b      	adds	r3, r3, r2
10000fbc:	685c      	ldr	r4, [r3, #4]
10000fbe:	684a      	ldr	r2, [r1, #4]
10000fc0:	2001      	movs	r0, #1
10000fc2:	4294      	cmp	r4, r2
10000fc4:	d801      	bhi.n	10000fca <timer_pool_entry_comparator+0x22>
10000fc6:	d002      	beq.n	10000fce <timer_pool_entry_comparator+0x26>
10000fc8:	2000      	movs	r0, #0
10000fca:	b2c0      	uxtb	r0, r0
10000fcc:	bd10      	pop	{r4, pc}
10000fce:	681a      	ldr	r2, [r3, #0]
10000fd0:	680b      	ldr	r3, [r1, #0]
10000fd2:	429a      	cmp	r2, r3
10000fd4:	d8f9      	bhi.n	10000fca <timer_pool_entry_comparator+0x22>
10000fd6:	e7f7      	b.n	10000fc8 <timer_pool_entry_comparator+0x20>
10000fd8:	0fffffff 	.word	0x0fffffff

10000fdc <sleep_until_callback>:
10000fdc:	4b0a      	ldr	r3, [pc, #40]	; (10001008 <sleep_until_callback+0x2c>)
10000fde:	6819      	ldr	r1, [r3, #0]
10000fe0:	f3ef 8010 	mrs	r0, PRIMASK
10000fe4:	b672      	cpsid	i
10000fe6:	680a      	ldr	r2, [r1, #0]
10000fe8:	2a00      	cmp	r2, #0
10000fea:	d0fc      	beq.n	10000fe6 <sleep_until_callback+0xa>
10000fec:	f3bf 8f5f 	dmb	sy
10000ff0:	681b      	ldr	r3, [r3, #0]
10000ff2:	f3bf 8f5f 	dmb	sy
10000ff6:	2200      	movs	r2, #0
10000ff8:	601a      	str	r2, [r3, #0]
10000ffa:	f380 8810 	msr	PRIMASK, r0
10000ffe:	bf40      	sev
10001000:	2000      	movs	r0, #0
10001002:	2100      	movs	r1, #0
10001004:	4770      	bx	lr
10001006:	46c0      	nop			; (mov r8, r8)
10001008:	200025a0 	.word	0x200025a0

1000100c <add_alarm_under_lock.isra.0>:
1000100c:	b5f8      	push	{r3, r4, r5, r6, r7, lr}
1000100e:	4657      	mov	r7, sl
10001010:	4645      	mov	r5, r8
10001012:	464e      	mov	r6, r9
10001014:	46de      	mov	lr, fp
10001016:	b5e0      	push	{r5, r6, r7, lr}
10001018:	4698      	mov	r8, r3
1000101a:	ab0c      	add	r3, sp, #48	; 0x30
1000101c:	781c      	ldrb	r4, [r3, #0]
1000101e:	ab0d      	add	r3, sp, #52	; 0x34
10001020:	781b      	ldrb	r3, [r3, #0]
10001022:	0007      	movs	r7, r0
10001024:	4691      	mov	r9, r2
10001026:	469a      	mov	sl, r3
10001028:	6805      	ldr	r5, [r0, #0]
1000102a:	2c00      	cmp	r4, #0
1000102c:	d15e      	bne.n	100010ec <add_alarm_under_lock.isra.0+0xe0>
1000102e:	7bac      	ldrb	r4, [r5, #14]
10001030:	2c00      	cmp	r4, #0
10001032:	d03b      	beq.n	100010ac <add_alarm_under_lock.isra.0+0xa0>
10001034:	0066      	lsls	r6, r4, #1
10001036:	6829      	ldr	r1, [r5, #0]
10001038:	1936      	adds	r6, r6, r4
1000103a:	3e03      	subs	r6, #3
1000103c:	1989      	adds	r1, r1, r6
1000103e:	784b      	ldrb	r3, [r1, #1]
10001040:	73ab      	strb	r3, [r5, #14]
10001042:	2b00      	cmp	r3, #0
10001044:	d100      	bne.n	10001048 <add_alarm_under_lock.isra.0+0x3c>
10001046:	73eb      	strb	r3, [r5, #15]
10001048:	2300      	movs	r3, #0
1000104a:	708b      	strb	r3, [r1, #2]
1000104c:	704b      	strb	r3, [r1, #1]
1000104e:	700b      	strb	r3, [r1, #0]
10001050:	4b2d      	ldr	r3, [pc, #180]	; (10001108 <add_alarm_under_lock.isra.0+0xfc>)
10001052:	18e2      	adds	r2, r4, r3
10001054:	68bb      	ldr	r3, [r7, #8]
10001056:	0112      	lsls	r2, r2, #4
10001058:	189b      	adds	r3, r3, r2
1000105a:	464a      	mov	r2, r9
1000105c:	601a      	str	r2, [r3, #0]
1000105e:	4642      	mov	r2, r8
10001060:	605a      	str	r2, [r3, #4]
10001062:	9a0a      	ldr	r2, [sp, #40]	; 0x28
10001064:	609a      	str	r2, [r3, #8]
10001066:	9a0b      	ldr	r2, [sp, #44]	; 0x2c
10001068:	60da      	str	r2, [r3, #12]
1000106a:	2300      	movs	r3, #0
1000106c:	708b      	strb	r3, [r1, #2]
1000106e:	704b      	strb	r3, [r1, #1]
10001070:	700b      	strb	r3, [r1, #0]
10001072:	7b6b      	ldrb	r3, [r5, #13]
10001074:	469b      	mov	fp, r3
10001076:	2b00      	cmp	r3, #0
10001078:	d02b      	beq.n	100010d2 <add_alarm_under_lock.isra.0+0xc6>
1000107a:	0022      	movs	r2, r4
1000107c:	4659      	mov	r1, fp
1000107e:	68a8      	ldr	r0, [r5, #8]
10001080:	686b      	ldr	r3, [r5, #4]
10001082:	4798      	blx	r3
10001084:	682a      	ldr	r2, [r5, #0]
10001086:	2800      	cmp	r0, #0
10001088:	d016      	beq.n	100010b8 <add_alarm_under_lock.isra.0+0xac>
1000108a:	465b      	mov	r3, fp
1000108c:	4658      	mov	r0, fp
1000108e:	005b      	lsls	r3, r3, #1
10001090:	445b      	add	r3, fp
10001092:	1996      	adds	r6, r2, r6
10001094:	3b03      	subs	r3, #3
10001096:	70b0      	strb	r0, [r6, #2]
10001098:	18d1      	adds	r1, r2, r3
1000109a:	5cd3      	ldrb	r3, [r2, r3]
1000109c:	2b00      	cmp	r3, #0
1000109e:	d000      	beq.n	100010a2 <add_alarm_under_lock.isra.0+0x96>
100010a0:	7073      	strb	r3, [r6, #1]
100010a2:	465b      	mov	r3, fp
100010a4:	700c      	strb	r4, [r1, #0]
100010a6:	736b      	strb	r3, [r5, #13]
100010a8:	455c      	cmp	r4, fp
100010aa:	d013      	beq.n	100010d4 <add_alarm_under_lock.isra.0+0xc8>
100010ac:	bcf0      	pop	{r4, r5, r6, r7}
100010ae:	46bb      	mov	fp, r7
100010b0:	46b2      	mov	sl, r6
100010b2:	46a9      	mov	r9, r5
100010b4:	46a0      	mov	r8, r4
100010b6:	bdf8      	pop	{r3, r4, r5, r6, r7, pc}
100010b8:	465b      	mov	r3, fp
100010ba:	005b      	lsls	r3, r3, #1
100010bc:	445b      	add	r3, fp
100010be:	3b03      	subs	r3, #3
100010c0:	18d3      	adds	r3, r2, r3
100010c2:	709c      	strb	r4, [r3, #2]
100010c4:	1991      	adds	r1, r2, r6
100010c6:	5d92      	ldrb	r2, [r2, r6]
100010c8:	2a00      	cmp	r2, #0
100010ca:	d000      	beq.n	100010ce <add_alarm_under_lock.isra.0+0xc2>
100010cc:	705a      	strb	r2, [r3, #1]
100010ce:	465b      	mov	r3, fp
100010d0:	700b      	strb	r3, [r1, #0]
100010d2:	736c      	strb	r4, [r5, #13]
100010d4:	464a      	mov	r2, r9
100010d6:	4643      	mov	r3, r8
100010d8:	7d38      	ldrb	r0, [r7, #20]
100010da:	f000 fbe9 	bl	100018b0 <hardware_alarm_set_target>
100010de:	1e05      	subs	r5, r0, #0
100010e0:	d10a      	bne.n	100010f8 <add_alarm_under_lock.isra.0+0xec>
100010e2:	9b0e      	ldr	r3, [sp, #56]	; 0x38
100010e4:	2b00      	cmp	r3, #0
100010e6:	d0e1      	beq.n	100010ac <add_alarm_under_lock.isra.0+0xa0>
100010e8:	701d      	strb	r5, [r3, #0]
100010ea:	e7df      	b.n	100010ac <add_alarm_under_lock.isra.0+0xa0>
100010ec:	0066      	lsls	r6, r4, #1
100010ee:	6829      	ldr	r1, [r5, #0]
100010f0:	1936      	adds	r6, r6, r4
100010f2:	3e03      	subs	r6, #3
100010f4:	1989      	adds	r1, r1, r6
100010f6:	e7ab      	b.n	10001050 <add_alarm_under_lock.isra.0+0x44>
100010f8:	4653      	mov	r3, sl
100010fa:	2b00      	cmp	r3, #0
100010fc:	d1f1      	bne.n	100010e2 <add_alarm_under_lock.isra.0+0xd6>
100010fe:	0021      	movs	r1, r4
10001100:	6838      	ldr	r0, [r7, #0]
10001102:	f000 fdf9 	bl	10001cf8 <ph_remove_and_free_node>
10001106:	e7ec      	b.n	100010e2 <add_alarm_under_lock.isra.0+0xd6>
10001108:	0fffffff 	.word	0x0fffffff

1000110c <alarm_pool_alarm_callback>:
1000110c:	b5f0      	push	{r4, r5, r6, r7, lr}
1000110e:	46de      	mov	lr, fp
10001110:	4657      	mov	r7, sl
10001112:	464e      	mov	r6, r9
10001114:	4645      	mov	r5, r8
10001116:	2300      	movs	r3, #0
10001118:	b5e0      	push	{r5, r6, r7, lr}
1000111a:	b08b      	sub	sp, #44	; 0x2c
1000111c:	9308      	str	r3, [sp, #32]
1000111e:	4b68      	ldr	r3, [pc, #416]	; (100012c0 <alarm_pool_alarm_callback+0x1b4>)
10001120:	0082      	lsls	r2, r0, #2
10001122:	58d4      	ldr	r4, [r2, r3]
10001124:	2300      	movs	r3, #0
10001126:	469b      	mov	fp, r3
10001128:	9009      	str	r0, [sp, #36]	; 0x24
1000112a:	f000 fb2d 	bl	10001788 <time_us_64>
1000112e:	0002      	movs	r2, r0
10001130:	000b      	movs	r3, r1
10001132:	6860      	ldr	r0, [r4, #4]
10001134:	f3ef 8a10 	mrs	sl, PRIMASK
10001138:	b672      	cpsid	i
1000113a:	4656      	mov	r6, sl
1000113c:	6801      	ldr	r1, [r0, #0]
1000113e:	2900      	cmp	r1, #0
10001140:	d0fc      	beq.n	1000113c <alarm_pool_alarm_callback+0x30>
10001142:	46b2      	mov	sl, r6
10001144:	f3bf 8f5f 	dmb	sy
10001148:	6821      	ldr	r1, [r4, #0]
1000114a:	7b4f      	ldrb	r7, [r1, #13]
1000114c:	468c      	mov	ip, r1
1000114e:	2f00      	cmp	r7, #0
10001150:	d02e      	beq.n	100011b0 <alarm_pool_alarm_callback+0xa4>
10001152:	68a5      	ldr	r5, [r4, #8]
10001154:	495b      	ldr	r1, [pc, #364]	; (100012c4 <alarm_pool_alarm_callback+0x1b8>)
10001156:	46a9      	mov	r9, r5
10001158:	1879      	adds	r1, r7, r1
1000115a:	0109      	lsls	r1, r1, #4
1000115c:	4489      	add	r9, r1
1000115e:	4649      	mov	r1, r9
10001160:	6808      	ldr	r0, [r1, #0]
10001162:	6849      	ldr	r1, [r1, #4]
10001164:	0005      	movs	r5, r0
10001166:	000e      	movs	r6, r1
10001168:	1aad      	subs	r5, r5, r2
1000116a:	419e      	sbcs	r6, r3
1000116c:	2e00      	cmp	r6, #0
1000116e:	dd5f      	ble.n	10001230 <alarm_pool_alarm_callback+0x124>
10001170:	0002      	movs	r2, r0
10001172:	000b      	movs	r3, r1
10001174:	9809      	ldr	r0, [sp, #36]	; 0x24
10001176:	f000 fb9b 	bl	100018b0 <hardware_alarm_set_target>
1000117a:	2300      	movs	r3, #0
1000117c:	2200      	movs	r2, #0
1000117e:	4699      	mov	r9, r3
10001180:	2300      	movs	r3, #0
10001182:	9206      	str	r2, [sp, #24]
10001184:	9307      	str	r3, [sp, #28]
10001186:	2300      	movs	r3, #0
10001188:	4698      	mov	r8, r3
1000118a:	6863      	ldr	r3, [r4, #4]
1000118c:	f3bf 8f5f 	dmb	sy
10001190:	465a      	mov	r2, fp
10001192:	601a      	str	r2, [r3, #0]
10001194:	f38a 8810 	msr	PRIMASK, sl
10001198:	4643      	mov	r3, r8
1000119a:	2b00      	cmp	r3, #0
1000119c:	d112      	bne.n	100011c4 <alarm_pool_alarm_callback+0xb8>
1000119e:	2800      	cmp	r0, #0
100011a0:	d1c3      	bne.n	1000112a <alarm_pool_alarm_callback+0x1e>
100011a2:	b00b      	add	sp, #44	; 0x2c
100011a4:	bcf0      	pop	{r4, r5, r6, r7}
100011a6:	46bb      	mov	fp, r7
100011a8:	46b2      	mov	sl, r6
100011aa:	46a9      	mov	r9, r5
100011ac:	46a0      	mov	r8, r4
100011ae:	bdf0      	pop	{r4, r5, r6, r7, pc}
100011b0:	2300      	movs	r3, #0
100011b2:	2200      	movs	r2, #0
100011b4:	4699      	mov	r9, r3
100011b6:	2300      	movs	r3, #0
100011b8:	9206      	str	r2, [sp, #24]
100011ba:	9307      	str	r3, [sp, #28]
100011bc:	2300      	movs	r3, #0
100011be:	2000      	movs	r0, #0
100011c0:	4698      	mov	r8, r3
100011c2:	e7e2      	b.n	1000118a <alarm_pool_alarm_callback+0x7e>
100011c4:	9b08      	ldr	r3, [sp, #32]
100011c6:	4649      	mov	r1, r9
100011c8:	0218      	lsls	r0, r3, #8
100011ca:	4338      	orrs	r0, r7
100011cc:	47c0      	blx	r8
100011ce:	6862      	ldr	r2, [r4, #4]
100011d0:	0005      	movs	r5, r0
100011d2:	000e      	movs	r6, r1
100011d4:	f3ef 8a10 	mrs	sl, PRIMASK
100011d8:	b672      	cpsid	i
100011da:	6813      	ldr	r3, [r2, #0]
100011dc:	2b00      	cmp	r3, #0
100011de:	d0fc      	beq.n	100011da <alarm_pool_alarm_callback+0xce>
100011e0:	f3bf 8f5f 	dmb	sy
100011e4:	2e00      	cmp	r6, #0
100011e6:	db41      	blt.n	1000126c <alarm_pool_alarm_callback+0x160>
100011e8:	002b      	movs	r3, r5
100011ea:	4333      	orrs	r3, r6
100011ec:	d002      	beq.n	100011f4 <alarm_pool_alarm_callback+0xe8>
100011ee:	6923      	ldr	r3, [r4, #16]
100011f0:	2b00      	cmp	r3, #0
100011f2:	d156      	bne.n	100012a2 <alarm_pool_alarm_callback+0x196>
100011f4:	6823      	ldr	r3, [r4, #0]
100011f6:	7bd9      	ldrb	r1, [r3, #15]
100011f8:	2900      	cmp	r1, #0
100011fa:	d005      	beq.n	10001208 <alarm_pool_alarm_callback+0xfc>
100011fc:	681a      	ldr	r2, [r3, #0]
100011fe:	0048      	lsls	r0, r1, #1
10001200:	1841      	adds	r1, r0, r1
10001202:	1852      	adds	r2, r2, r1
10001204:	3a03      	subs	r2, #3
10001206:	7057      	strb	r7, [r2, #1]
10001208:	7b9a      	ldrb	r2, [r3, #14]
1000120a:	2a00      	cmp	r2, #0
1000120c:	d100      	bne.n	10001210 <alarm_pool_alarm_callback+0x104>
1000120e:	739f      	strb	r7, [r3, #14]
10001210:	73df      	strb	r7, [r3, #15]
10001212:	68e2      	ldr	r2, [r4, #12]
10001214:	3f01      	subs	r7, #1
10001216:	5dd3      	ldrb	r3, [r2, r7]
10001218:	3301      	adds	r3, #1
1000121a:	55d3      	strb	r3, [r2, r7]
1000121c:	465b      	mov	r3, fp
1000121e:	6123      	str	r3, [r4, #16]
10001220:	6863      	ldr	r3, [r4, #4]
10001222:	f3bf 8f5f 	dmb	sy
10001226:	465a      	mov	r2, fp
10001228:	601a      	str	r2, [r3, #0]
1000122a:	f38a 8810 	msr	PRIMASK, sl
1000122e:	e77c      	b.n	1000112a <alarm_pool_alarm_callback+0x1e>
10001230:	2e00      	cmp	r6, #0
10001232:	d102      	bne.n	1000123a <alarm_pool_alarm_callback+0x12e>
10001234:	2d00      	cmp	r5, #0
10001236:	d000      	beq.n	1000123a <alarm_pool_alarm_callback+0x12e>
10001238:	e79a      	b.n	10001170 <alarm_pool_alarm_callback+0x64>
1000123a:	2100      	movs	r1, #0
1000123c:	4660      	mov	r0, ip
1000123e:	f000 fcd9 	bl	10001bf4 <ph_remove_head>
10001242:	464b      	mov	r3, r9
10001244:	681a      	ldr	r2, [r3, #0]
10001246:	685b      	ldr	r3, [r3, #4]
10001248:	9206      	str	r2, [sp, #24]
1000124a:	9307      	str	r3, [sp, #28]
1000124c:	464b      	mov	r3, r9
1000124e:	689b      	ldr	r3, [r3, #8]
10001250:	4698      	mov	r8, r3
10001252:	464b      	mov	r3, r9
10001254:	68db      	ldr	r3, [r3, #12]
10001256:	4699      	mov	r9, r3
10001258:	68e3      	ldr	r3, [r4, #12]
1000125a:	19db      	adds	r3, r3, r7
1000125c:	3b01      	subs	r3, #1
1000125e:	781b      	ldrb	r3, [r3, #0]
10001260:	9308      	str	r3, [sp, #32]
10001262:	021b      	lsls	r3, r3, #8
10001264:	4303      	orrs	r3, r0
10001266:	6123      	str	r3, [r4, #16]
10001268:	2000      	movs	r0, #0
1000126a:	e78e      	b.n	1000118a <alarm_pool_alarm_callback+0x7e>
1000126c:	6923      	ldr	r3, [r4, #16]
1000126e:	2b00      	cmp	r3, #0
10001270:	d0c0      	beq.n	100011f4 <alarm_pool_alarm_callback+0xe8>
10001272:	9a06      	ldr	r2, [sp, #24]
10001274:	9b07      	ldr	r3, [sp, #28]
10001276:	2180      	movs	r1, #128	; 0x80
10001278:	1b52      	subs	r2, r2, r5
1000127a:	41b3      	sbcs	r3, r6
1000127c:	0609      	lsls	r1, r1, #24
1000127e:	428b      	cmp	r3, r1
10001280:	d302      	bcc.n	10001288 <alarm_pool_alarm_callback+0x17c>
10001282:	2201      	movs	r2, #1
10001284:	4b10      	ldr	r3, [pc, #64]	; (100012c8 <alarm_pool_alarm_callback+0x1bc>)
10001286:	4252      	negs	r2, r2
10001288:	2100      	movs	r1, #0
1000128a:	9104      	str	r1, [sp, #16]
1000128c:	3101      	adds	r1, #1
1000128e:	9103      	str	r1, [sp, #12]
10001290:	4649      	mov	r1, r9
10001292:	9101      	str	r1, [sp, #4]
10001294:	4641      	mov	r1, r8
10001296:	0020      	movs	r0, r4
10001298:	9702      	str	r7, [sp, #8]
1000129a:	9100      	str	r1, [sp, #0]
1000129c:	f7ff feb6 	bl	1000100c <add_alarm_under_lock.isra.0>
100012a0:	e7bc      	b.n	1000121c <alarm_pool_alarm_callback+0x110>
100012a2:	f000 fa71 	bl	10001788 <time_us_64>
100012a6:	002a      	movs	r2, r5
100012a8:	0033      	movs	r3, r6
100012aa:	1812      	adds	r2, r2, r0
100012ac:	414b      	adcs	r3, r1
100012ae:	2180      	movs	r1, #128	; 0x80
100012b0:	0609      	lsls	r1, r1, #24
100012b2:	428b      	cmp	r3, r1
100012b4:	d3e8      	bcc.n	10001288 <alarm_pool_alarm_callback+0x17c>
100012b6:	2201      	movs	r2, #1
100012b8:	4b03      	ldr	r3, [pc, #12]	; (100012c8 <alarm_pool_alarm_callback+0x1bc>)
100012ba:	4252      	negs	r2, r2
100012bc:	e7e4      	b.n	10001288 <alarm_pool_alarm_callback+0x17c>
100012be:	46c0      	nop			; (mov r8, r8)
100012c0:	20002584 	.word	0x20002584
100012c4:	0fffffff 	.word	0x0fffffff
100012c8:	7fffffff 	.word	0x7fffffff

100012cc <alarm_pool_init_default>:
100012cc:	b510      	push	{r4, lr}
100012ce:	4c14      	ldr	r4, [pc, #80]	; (10001320 <alarm_pool_init_default+0x54>)
100012d0:	6863      	ldr	r3, [r4, #4]
100012d2:	2b00      	cmp	r3, #0
100012d4:	d004      	beq.n	100012e0 <alarm_pool_init_default+0x14>
100012d6:	210a      	movs	r1, #10
100012d8:	4812      	ldr	r0, [pc, #72]	; (10001324 <alarm_pool_init_default+0x58>)
100012da:	f7ff fe29 	bl	10000f30 <lock_init>
100012de:	bd10      	pop	{r4, pc}
100012e0:	0023      	movs	r3, r4
100012e2:	4a11      	ldr	r2, [pc, #68]	; (10001328 <alarm_pool_init_default+0x5c>)
100012e4:	2110      	movs	r1, #16
100012e6:	6820      	ldr	r0, [r4, #0]
100012e8:	f000 fb9a 	bl	10001a20 <ph_post_alloc_init>
100012ec:	2003      	movs	r0, #3
100012ee:	f000 fa3f 	bl	10001770 <hardware_alarm_claim>
100012f2:	2003      	movs	r0, #3
100012f4:	f000 fb44 	bl	10001980 <hardware_alarm_cancel>
100012f8:	2003      	movs	r0, #3
100012fa:	490c      	ldr	r1, [pc, #48]	; (1000132c <alarm_pool_init_default+0x60>)
100012fc:	f000 fa92 	bl	10001824 <hardware_alarm_set_callback>
10001300:	f7ff fab4 	bl	1000086c <next_striped_spin_lock_num>
10001304:	4b0a      	ldr	r3, [pc, #40]	; (10001330 <alarm_pool_init_default+0x64>)
10001306:	469c      	mov	ip, r3
10001308:	2303      	movs	r3, #3
1000130a:	7523      	strb	r3, [r4, #20]
1000130c:	23d0      	movs	r3, #208	; 0xd0
1000130e:	061b      	lsls	r3, r3, #24
10001310:	681b      	ldr	r3, [r3, #0]
10001312:	4460      	add	r0, ip
10001314:	7563      	strb	r3, [r4, #21]
10001316:	4b07      	ldr	r3, [pc, #28]	; (10001334 <alarm_pool_init_default+0x68>)
10001318:	0080      	lsls	r0, r0, #2
1000131a:	6060      	str	r0, [r4, #4]
1000131c:	60dc      	str	r4, [r3, #12]
1000131e:	e7da      	b.n	100012d6 <alarm_pool_init_default+0xa>
10001320:	20000e84 	.word	0x20000e84
10001324:	200025a0 	.word	0x200025a0
10001328:	10000fa9 	.word	0x10000fa9
1000132c:	1000110d 	.word	0x1000110d
10001330:	34000040 	.word	0x34000040
10001334:	20002584 	.word	0x20002584

10001338 <alarm_pool_get_default>:
10001338:	4800      	ldr	r0, [pc, #0]	; (1000133c <alarm_pool_get_default+0x4>)
1000133a:	4770      	bx	lr
1000133c:	20000e84 	.word	0x20000e84

10001340 <alarm_pool_add_alarm_at>:
10001340:	b5f0      	push	{r4, r5, r6, r7, lr}
10001342:	4657      	mov	r7, sl
10001344:	464e      	mov	r6, r9
10001346:	4645      	mov	r5, r8
10001348:	46de      	mov	lr, fp
1000134a:	b5e0      	push	{r5, r6, r7, lr}
1000134c:	b085      	sub	sp, #20
1000134e:	9301      	str	r3, [sp, #4]
10001350:	ab10      	add	r3, sp, #64	; 0x40
10001352:	781b      	ldrb	r3, [r3, #0]
10001354:	0006      	movs	r6, r0
10001356:	9303      	str	r3, [sp, #12]
10001358:	2300      	movs	r3, #0
1000135a:	469a      	mov	sl, r3
1000135c:	4698      	mov	r8, r3
1000135e:	9200      	str	r2, [sp, #0]
10001360:	6872      	ldr	r2, [r6, #4]
10001362:	f3ef 8b10 	mrs	fp, PRIMASK
10001366:	b672      	cpsid	i
10001368:	6813      	ldr	r3, [r2, #0]
1000136a:	2b00      	cmp	r3, #0
1000136c:	d0fc      	beq.n	10001368 <alarm_pool_add_alarm_at+0x28>
1000136e:	f3bf 8f5f 	dmb	sy
10001372:	6835      	ldr	r5, [r6, #0]
10001374:	7bac      	ldrb	r4, [r5, #14]
10001376:	2c00      	cmp	r4, #0
10001378:	d100      	bne.n	1000137c <alarm_pool_add_alarm_at+0x3c>
1000137a:	e06f      	b.n	1000145c <alarm_pool_add_alarm_at+0x11c>
1000137c:	0067      	lsls	r7, r4, #1
1000137e:	682b      	ldr	r3, [r5, #0]
10001380:	193f      	adds	r7, r7, r4
10001382:	3f03      	subs	r7, #3
10001384:	19db      	adds	r3, r3, r7
10001386:	785a      	ldrb	r2, [r3, #1]
10001388:	73aa      	strb	r2, [r5, #14]
1000138a:	2a00      	cmp	r2, #0
1000138c:	d100      	bne.n	10001390 <alarm_pool_add_alarm_at+0x50>
1000138e:	73ea      	strb	r2, [r5, #15]
10001390:	4a4b      	ldr	r2, [pc, #300]	; (100014c0 <alarm_pool_add_alarm_at+0x180>)
10001392:	18a1      	adds	r1, r4, r2
10001394:	68b2      	ldr	r2, [r6, #8]
10001396:	0109      	lsls	r1, r1, #4
10001398:	1852      	adds	r2, r2, r1
1000139a:	9800      	ldr	r0, [sp, #0]
1000139c:	9901      	ldr	r1, [sp, #4]
1000139e:	6010      	str	r0, [r2, #0]
100013a0:	6051      	str	r1, [r2, #4]
100013a2:	990e      	ldr	r1, [sp, #56]	; 0x38
100013a4:	6091      	str	r1, [r2, #8]
100013a6:	990f      	ldr	r1, [sp, #60]	; 0x3c
100013a8:	60d1      	str	r1, [r2, #12]
100013aa:	4642      	mov	r2, r8
100013ac:	709a      	strb	r2, [r3, #2]
100013ae:	705a      	strb	r2, [r3, #1]
100013b0:	701a      	strb	r2, [r3, #0]
100013b2:	7b6b      	ldrb	r3, [r5, #13]
100013b4:	4699      	mov	r9, r3
100013b6:	2b00      	cmp	r3, #0
100013b8:	d100      	bne.n	100013bc <alarm_pool_add_alarm_at+0x7c>
100013ba:	e070      	b.n	1000149e <alarm_pool_add_alarm_at+0x15e>
100013bc:	0022      	movs	r2, r4
100013be:	4649      	mov	r1, r9
100013c0:	68a8      	ldr	r0, [r5, #8]
100013c2:	686b      	ldr	r3, [r5, #4]
100013c4:	4798      	blx	r3
100013c6:	682a      	ldr	r2, [r5, #0]
100013c8:	2800      	cmp	r0, #0
100013ca:	d05b      	beq.n	10001484 <alarm_pool_add_alarm_at+0x144>
100013cc:	464b      	mov	r3, r9
100013ce:	4648      	mov	r0, r9
100013d0:	005b      	lsls	r3, r3, #1
100013d2:	444b      	add	r3, r9
100013d4:	19d7      	adds	r7, r2, r7
100013d6:	3b03      	subs	r3, #3
100013d8:	70b8      	strb	r0, [r7, #2]
100013da:	18d1      	adds	r1, r2, r3
100013dc:	5cd3      	ldrb	r3, [r2, r3]
100013de:	2b00      	cmp	r3, #0
100013e0:	d000      	beq.n	100013e4 <alarm_pool_add_alarm_at+0xa4>
100013e2:	707b      	strb	r3, [r7, #1]
100013e4:	464b      	mov	r3, r9
100013e6:	700c      	strb	r4, [r1, #0]
100013e8:	736b      	strb	r3, [r5, #13]
100013ea:	454c      	cmp	r4, r9
100013ec:	d058      	beq.n	100014a0 <alarm_pool_add_alarm_at+0x160>
100013ee:	68f3      	ldr	r3, [r6, #12]
100013f0:	191b      	adds	r3, r3, r4
100013f2:	3b01      	subs	r3, #1
100013f4:	7818      	ldrb	r0, [r3, #0]
100013f6:	6873      	ldr	r3, [r6, #4]
100013f8:	f3bf 8f5f 	dmb	sy
100013fc:	4642      	mov	r2, r8
100013fe:	601a      	str	r2, [r3, #0]
10001400:	f38b 8810 	msr	PRIMASK, fp
10001404:	4653      	mov	r3, sl
10001406:	2b00      	cmp	r3, #0
10001408:	d108      	bne.n	1000141c <alarm_pool_add_alarm_at+0xdc>
1000140a:	0200      	lsls	r0, r0, #8
1000140c:	4320      	orrs	r0, r4
1000140e:	b005      	add	sp, #20
10001410:	bcf0      	pop	{r4, r5, r6, r7}
10001412:	46bb      	mov	fp, r7
10001414:	46b2      	mov	sl, r6
10001416:	46a9      	mov	r9, r5
10001418:	46a0      	mov	r8, r4
1000141a:	bdf0      	pop	{r4, r5, r6, r7, pc}
1000141c:	9b03      	ldr	r3, [sp, #12]
1000141e:	2b00      	cmp	r3, #0
10001420:	d04b      	beq.n	100014ba <alarm_pool_add_alarm_at+0x17a>
10001422:	9b0e      	ldr	r3, [sp, #56]	; 0x38
10001424:	2000      	movs	r0, #0
10001426:	990f      	ldr	r1, [sp, #60]	; 0x3c
10001428:	4798      	blx	r3
1000142a:	0003      	movs	r3, r0
1000142c:	0004      	movs	r4, r0
1000142e:	000d      	movs	r5, r1
10001430:	430b      	orrs	r3, r1
10001432:	d042      	beq.n	100014ba <alarm_pool_add_alarm_at+0x17a>
10001434:	2900      	cmp	r1, #0
10001436:	da1a      	bge.n	1000146e <alarm_pool_add_alarm_at+0x12e>
10001438:	9a00      	ldr	r2, [sp, #0]
1000143a:	9b01      	ldr	r3, [sp, #4]
1000143c:	1b12      	subs	r2, r2, r4
1000143e:	41ab      	sbcs	r3, r5
10001440:	9200      	str	r2, [sp, #0]
10001442:	9301      	str	r3, [sp, #4]
10001444:	2280      	movs	r2, #128	; 0x80
10001446:	0612      	lsls	r2, r2, #24
10001448:	4293      	cmp	r3, r2
1000144a:	d304      	bcc.n	10001456 <alarm_pool_add_alarm_at+0x116>
1000144c:	2301      	movs	r3, #1
1000144e:	4c1d      	ldr	r4, [pc, #116]	; (100014c4 <alarm_pool_add_alarm_at+0x184>)
10001450:	425b      	negs	r3, r3
10001452:	9300      	str	r3, [sp, #0]
10001454:	9401      	str	r4, [sp, #4]
10001456:	9b03      	ldr	r3, [sp, #12]
10001458:	469a      	mov	sl, r3
1000145a:	e781      	b.n	10001360 <alarm_pool_add_alarm_at+0x20>
1000145c:	6873      	ldr	r3, [r6, #4]
1000145e:	f3bf 8f5f 	dmb	sy
10001462:	601c      	str	r4, [r3, #0]
10001464:	f38b 8810 	msr	PRIMASK, fp
10001468:	2001      	movs	r0, #1
1000146a:	4240      	negs	r0, r0
1000146c:	e7cf      	b.n	1000140e <alarm_pool_add_alarm_at+0xce>
1000146e:	f000 f98b 	bl	10001788 <time_us_64>
10001472:	2280      	movs	r2, #128	; 0x80
10001474:	1824      	adds	r4, r4, r0
10001476:	414d      	adcs	r5, r1
10001478:	0612      	lsls	r2, r2, #24
1000147a:	9400      	str	r4, [sp, #0]
1000147c:	9501      	str	r5, [sp, #4]
1000147e:	4295      	cmp	r5, r2
10001480:	d3e9      	bcc.n	10001456 <alarm_pool_add_alarm_at+0x116>
10001482:	e7e3      	b.n	1000144c <alarm_pool_add_alarm_at+0x10c>
10001484:	464b      	mov	r3, r9
10001486:	005b      	lsls	r3, r3, #1
10001488:	444b      	add	r3, r9
1000148a:	3b03      	subs	r3, #3
1000148c:	18d3      	adds	r3, r2, r3
1000148e:	709c      	strb	r4, [r3, #2]
10001490:	19d1      	adds	r1, r2, r7
10001492:	5dd2      	ldrb	r2, [r2, r7]
10001494:	2a00      	cmp	r2, #0
10001496:	d000      	beq.n	1000149a <alarm_pool_add_alarm_at+0x15a>
10001498:	705a      	strb	r2, [r3, #1]
1000149a:	464b      	mov	r3, r9
1000149c:	700b      	strb	r3, [r1, #0]
1000149e:	736c      	strb	r4, [r5, #13]
100014a0:	7d30      	ldrb	r0, [r6, #20]
100014a2:	9a00      	ldr	r2, [sp, #0]
100014a4:	9b01      	ldr	r3, [sp, #4]
100014a6:	f000 fa03 	bl	100018b0 <hardware_alarm_set_target>
100014aa:	4682      	mov	sl, r0
100014ac:	2800      	cmp	r0, #0
100014ae:	d09e      	beq.n	100013ee <alarm_pool_add_alarm_at+0xae>
100014b0:	0021      	movs	r1, r4
100014b2:	6830      	ldr	r0, [r6, #0]
100014b4:	f000 fc20 	bl	10001cf8 <ph_remove_and_free_node>
100014b8:	e799      	b.n	100013ee <alarm_pool_add_alarm_at+0xae>
100014ba:	2000      	movs	r0, #0
100014bc:	e7a7      	b.n	1000140e <alarm_pool_add_alarm_at+0xce>
100014be:	46c0      	nop			; (mov r8, r8)
100014c0:	0fffffff 	.word	0x0fffffff
100014c4:	7fffffff 	.word	0x7fffffff

100014c8 <alarm_pool_core_num>:
100014c8:	7d40      	ldrb	r0, [r0, #21]
100014ca:	4770      	bx	lr

100014cc <sleep_until>:
100014cc:	b5f0      	push	{r4, r5, r6, r7, lr}
100014ce:	0004      	movs	r4, r0
100014d0:	000d      	movs	r5, r1
100014d2:	2606      	movs	r6, #6
100014d4:	4276      	negs	r6, r6
100014d6:	17f7      	asrs	r7, r6, #31
100014d8:	46c6      	mov	lr, r8
100014da:	1936      	adds	r6, r6, r4
100014dc:	416f      	adcs	r7, r5
100014de:	b500      	push	{lr}
100014e0:	b084      	sub	sp, #16
100014e2:	428f      	cmp	r7, r1
100014e4:	d814      	bhi.n	10001510 <sleep_until+0x44>
100014e6:	d011      	beq.n	1000150c <sleep_until+0x40>
100014e8:	f000 f94e 	bl	10001788 <time_us_64>
100014ec:	0032      	movs	r2, r6
100014ee:	003b      	movs	r3, r7
100014f0:	1a12      	subs	r2, r2, r0
100014f2:	418b      	sbcs	r3, r1
100014f4:	2b00      	cmp	r3, #0
100014f6:	dc15      	bgt.n	10001524 <sleep_until+0x58>
100014f8:	2b00      	cmp	r3, #0
100014fa:	d03e      	beq.n	1000157a <sleep_until+0xae>
100014fc:	0020      	movs	r0, r4
100014fe:	0029      	movs	r1, r5
10001500:	f000 f980 	bl	10001804 <busy_wait_until>
10001504:	b004      	add	sp, #16
10001506:	bc80      	pop	{r7}
10001508:	46b8      	mov	r8, r7
1000150a:	bdf0      	pop	{r4, r5, r6, r7, pc}
1000150c:	4286      	cmp	r6, r0
1000150e:	d9eb      	bls.n	100014e8 <sleep_until+0x1c>
10001510:	2600      	movs	r6, #0
10001512:	2700      	movs	r7, #0
10001514:	f000 f938 	bl	10001788 <time_us_64>
10001518:	0032      	movs	r2, r6
1000151a:	003b      	movs	r3, r7
1000151c:	1a12      	subs	r2, r2, r0
1000151e:	418b      	sbcs	r3, r1
10001520:	2b00      	cmp	r3, #0
10001522:	dde9      	ble.n	100014f8 <sleep_until+0x2c>
10001524:	2300      	movs	r3, #0
10001526:	9302      	str	r3, [sp, #8]
10001528:	9301      	str	r3, [sp, #4]
1000152a:	4b15      	ldr	r3, [pc, #84]	; (10001580 <sleep_until+0xb4>)
1000152c:	0032      	movs	r2, r6
1000152e:	9300      	str	r3, [sp, #0]
10001530:	4814      	ldr	r0, [pc, #80]	; (10001584 <sleep_until+0xb8>)
10001532:	003b      	movs	r3, r7
10001534:	f7ff ff04 	bl	10001340 <alarm_pool_add_alarm_at>
10001538:	2800      	cmp	r0, #0
1000153a:	dbdf      	blt.n	100014fc <sleep_until+0x30>
1000153c:	2300      	movs	r3, #0
1000153e:	4698      	mov	r8, r3
10001540:	46bc      	mov	ip, r7
10001542:	4a11      	ldr	r2, [pc, #68]	; (10001588 <sleep_until+0xbc>)
10001544:	4f11      	ldr	r7, [pc, #68]	; (1000158c <sleep_until+0xc0>)
10001546:	6a7b      	ldr	r3, [r7, #36]	; 0x24
10001548:	459c      	cmp	ip, r3
1000154a:	d804      	bhi.n	10001556 <sleep_until+0x8a>
1000154c:	6ab9      	ldr	r1, [r7, #40]	; 0x28
1000154e:	42b1      	cmp	r1, r6
10001550:	d2d4      	bcs.n	100014fc <sleep_until+0x30>
10001552:	459c      	cmp	ip, r3
10001554:	d1d2      	bne.n	100014fc <sleep_until+0x30>
10001556:	6811      	ldr	r1, [r2, #0]
10001558:	f3ef 8010 	mrs	r0, PRIMASK
1000155c:	b672      	cpsid	i
1000155e:	680b      	ldr	r3, [r1, #0]
10001560:	2b00      	cmp	r3, #0
10001562:	d0fc      	beq.n	1000155e <sleep_until+0x92>
10001564:	f3bf 8f5f 	dmb	sy
10001568:	6813      	ldr	r3, [r2, #0]
1000156a:	f3bf 8f5f 	dmb	sy
1000156e:	4641      	mov	r1, r8
10001570:	6019      	str	r1, [r3, #0]
10001572:	f380 8810 	msr	PRIMASK, r0
10001576:	bf20      	wfe
10001578:	e7e5      	b.n	10001546 <sleep_until+0x7a>
1000157a:	2a00      	cmp	r2, #0
1000157c:	d0be      	beq.n	100014fc <sleep_until+0x30>
1000157e:	e7d1      	b.n	10001524 <sleep_until+0x58>
10001580:	10000fdd 	.word	0x10000fdd
10001584:	20000e84 	.word	0x20000e84
10001588:	200025a0 	.word	0x200025a0
1000158c:	40054000 	.word	0x40054000

10001590 <sleep_ms>:
10001590:	b570      	push	{r4, r5, r6, lr}
10001592:	0006      	movs	r6, r0
10001594:	f000 f8f8 	bl	10001788 <time_us_64>
10001598:	22fa      	movs	r2, #250	; 0xfa
1000159a:	0004      	movs	r4, r0
1000159c:	000d      	movs	r5, r1
1000159e:	2300      	movs	r3, #0
100015a0:	0030      	movs	r0, r6
100015a2:	2100      	movs	r1, #0
100015a4:	0092      	lsls	r2, r2, #2
100015a6:	f003 f9eb 	bl	10004980 <__wrap___aeabi_lmul>
100015aa:	2380      	movs	r3, #128	; 0x80
100015ac:	1900      	adds	r0, r0, r4
100015ae:	4169      	adcs	r1, r5
100015b0:	061b      	lsls	r3, r3, #24
100015b2:	4299      	cmp	r1, r3
100015b4:	d302      	bcc.n	100015bc <sleep_ms+0x2c>
100015b6:	2001      	movs	r0, #1
100015b8:	4902      	ldr	r1, [pc, #8]	; (100015c4 <sleep_ms+0x34>)
100015ba:	4240      	negs	r0, r0
100015bc:	f7ff ff86 	bl	100014cc <sleep_until>
100015c0:	bd70      	pop	{r4, r5, r6, pc}
100015c2:	46c0      	nop			; (mov r8, r8)
100015c4:	7fffffff 	.word	0x7fffffff

100015c8 <best_effort_wfe_or_timeout>:
100015c8:	b5f0      	push	{r4, r5, r6, r7, lr}
100015ca:	f3ef 8305 	mrs	r3, IPSR
100015ce:	46ce      	mov	lr, r9
100015d0:	4647      	mov	r7, r8
100015d2:	b580      	push	{r7, lr}
100015d4:	0005      	movs	r5, r0
100015d6:	000c      	movs	r4, r1
100015d8:	b085      	sub	sp, #20
100015da:	2b00      	cmp	r3, #0
100015dc:	d00d      	beq.n	100015fa <best_effort_wfe_or_timeout+0x32>
100015de:	4a32      	ldr	r2, [pc, #200]	; (100016a8 <best_effort_wfe_or_timeout+0xe0>)
100015e0:	2000      	movs	r0, #0
100015e2:	6a53      	ldr	r3, [r2, #36]	; 0x24
100015e4:	429c      	cmp	r4, r3
100015e6:	d803      	bhi.n	100015f0 <best_effort_wfe_or_timeout+0x28>
100015e8:	6a92      	ldr	r2, [r2, #40]	; 0x28
100015ea:	3001      	adds	r0, #1
100015ec:	42aa      	cmp	r2, r5
100015ee:	d332      	bcc.n	10001656 <best_effort_wfe_or_timeout+0x8e>
100015f0:	b005      	add	sp, #20
100015f2:	bcc0      	pop	{r6, r7}
100015f4:	46b9      	mov	r9, r7
100015f6:	46b0      	mov	r8, r6
100015f8:	bdf0      	pop	{r4, r5, r6, r7, pc}
100015fa:	4e2c      	ldr	r6, [pc, #176]	; (100016ac <best_effort_wfe_or_timeout+0xe4>)
100015fc:	9302      	str	r3, [sp, #8]
100015fe:	9301      	str	r3, [sp, #4]
10001600:	4b2b      	ldr	r3, [pc, #172]	; (100016b0 <best_effort_wfe_or_timeout+0xe8>)
10001602:	0002      	movs	r2, r0
10001604:	9300      	str	r3, [sp, #0]
10001606:	0030      	movs	r0, r6
10001608:	000b      	movs	r3, r1
1000160a:	f7ff fe99 	bl	10001340 <alarm_pool_add_alarm_at>
1000160e:	1e03      	subs	r3, r0, #0
10001610:	dde5      	ble.n	100015de <best_effort_wfe_or_timeout+0x16>
10001612:	bf20      	wfe
10001614:	6871      	ldr	r1, [r6, #4]
10001616:	f3ef 8710 	mrs	r7, PRIMASK
1000161a:	b672      	cpsid	i
1000161c:	680a      	ldr	r2, [r1, #0]
1000161e:	2a00      	cmp	r2, #0
10001620:	d0fc      	beq.n	1000161c <best_effort_wfe_or_timeout+0x54>
10001622:	f3bf 8f5f 	dmb	sy
10001626:	b2da      	uxtb	r2, r3
10001628:	4694      	mov	ip, r2
1000162a:	6830      	ldr	r0, [r6, #0]
1000162c:	7b42      	ldrb	r2, [r0, #13]
1000162e:	4562      	cmp	r2, ip
10001630:	d016      	beq.n	10001660 <best_effort_wfe_or_timeout+0x98>
10001632:	22ff      	movs	r2, #255	; 0xff
10001634:	6801      	ldr	r1, [r0, #0]
10001636:	401a      	ands	r2, r3
10001638:	4689      	mov	r9, r1
1000163a:	0051      	lsls	r1, r2, #1
1000163c:	4688      	mov	r8, r1
1000163e:	4649      	mov	r1, r9
10001640:	4490      	add	r8, r2
10001642:	4441      	add	r1, r8
10001644:	3903      	subs	r1, #3
10001646:	7889      	ldrb	r1, [r1, #2]
10001648:	2900      	cmp	r1, #0
1000164a:	d10b      	bne.n	10001664 <best_effort_wfe_or_timeout+0x9c>
1000164c:	6932      	ldr	r2, [r6, #16]
1000164e:	4293      	cmp	r3, r2
10001650:	d110      	bne.n	10001674 <best_effort_wfe_or_timeout+0xac>
10001652:	6131      	str	r1, [r6, #16]
10001654:	e00e      	b.n	10001674 <best_effort_wfe_or_timeout+0xac>
10001656:	1ae3      	subs	r3, r4, r3
10001658:	1e5a      	subs	r2, r3, #1
1000165a:	4193      	sbcs	r3, r2
1000165c:	b2d8      	uxtb	r0, r3
1000165e:	e7c7      	b.n	100015f0 <best_effort_wfe_or_timeout+0x28>
10001660:	22ff      	movs	r2, #255	; 0xff
10001662:	401a      	ands	r2, r3
10001664:	68f1      	ldr	r1, [r6, #12]
10001666:	0a1b      	lsrs	r3, r3, #8
10001668:	188a      	adds	r2, r1, r2
1000166a:	3a01      	subs	r2, #1
1000166c:	7812      	ldrb	r2, [r2, #0]
1000166e:	b2db      	uxtb	r3, r3
10001670:	429a      	cmp	r2, r3
10001672:	d014      	beq.n	1000169e <best_effort_wfe_or_timeout+0xd6>
10001674:	6873      	ldr	r3, [r6, #4]
10001676:	f3bf 8f5f 	dmb	sy
1000167a:	2200      	movs	r2, #0
1000167c:	601a      	str	r2, [r3, #0]
1000167e:	f387 8810 	msr	PRIMASK, r7
10001682:	4b09      	ldr	r3, [pc, #36]	; (100016a8 <best_effort_wfe_or_timeout+0xe0>)
10001684:	2000      	movs	r0, #0
10001686:	6a5a      	ldr	r2, [r3, #36]	; 0x24
10001688:	4294      	cmp	r4, r2
1000168a:	d8b1      	bhi.n	100015f0 <best_effort_wfe_or_timeout+0x28>
1000168c:	6a9b      	ldr	r3, [r3, #40]	; 0x28
1000168e:	3001      	adds	r0, #1
10001690:	42ab      	cmp	r3, r5
10001692:	d2ad      	bcs.n	100015f0 <best_effort_wfe_or_timeout+0x28>
10001694:	1aa4      	subs	r4, r4, r2
10001696:	1e63      	subs	r3, r4, #1
10001698:	419c      	sbcs	r4, r3
1000169a:	b2e0      	uxtb	r0, r4
1000169c:	e7a8      	b.n	100015f0 <best_effort_wfe_or_timeout+0x28>
1000169e:	4661      	mov	r1, ip
100016a0:	f000 fb2a 	bl	10001cf8 <ph_remove_and_free_node>
100016a4:	e7e6      	b.n	10001674 <best_effort_wfe_or_timeout+0xac>
100016a6:	46c0      	nop			; (mov r8, r8)
100016a8:	40054000 	.word	0x40054000
100016ac:	20000e84 	.word	0x20000e84
100016b0:	10000fdd 	.word	0x10000fdd

100016b4 <hardware_alarm_irq_handler>:
100016b4:	b5f0      	push	{r4, r5, r6, r7, lr}
100016b6:	f3ef 8205 	mrs	r2, IPSR
100016ba:	46d6      	mov	lr, sl
100016bc:	464f      	mov	r7, r9
100016be:	4646      	mov	r6, r8
100016c0:	0010      	movs	r0, r2
100016c2:	b5c0      	push	{r6, r7, lr}
100016c4:	3810      	subs	r0, #16
100016c6:	f3ef 8810 	mrs	r8, PRIMASK
100016ca:	b672      	cpsid	i
100016cc:	4c21      	ldr	r4, [pc, #132]	; (10001754 <hardware_alarm_irq_handler+0xa0>)
100016ce:	6823      	ldr	r3, [r4, #0]
100016d0:	2b00      	cmp	r3, #0
100016d2:	d0fc      	beq.n	100016ce <hardware_alarm_irq_handler+0x1a>
100016d4:	f3bf 8f5f 	dmb	sy
100016d8:	2301      	movs	r3, #1
100016da:	0019      	movs	r1, r3
100016dc:	4081      	lsls	r1, r0
100016de:	4d1e      	ldr	r5, [pc, #120]	; (10001758 <hardware_alarm_irq_handler+0xa4>)
100016e0:	001f      	movs	r7, r3
100016e2:	6369      	str	r1, [r5, #52]	; 0x34
100016e4:	46aa      	mov	sl, r5
100016e6:	4d1d      	ldr	r5, [pc, #116]	; (1000175c <hardware_alarm_irq_handler+0xa8>)
100016e8:	6029      	str	r1, [r5, #0]
100016ea:	4d1d      	ldr	r5, [pc, #116]	; (10001760 <hardware_alarm_irq_handler+0xac>)
100016ec:	782e      	ldrb	r6, [r5, #0]
100016ee:	46ac      	mov	ip, r5
100016f0:	0035      	movs	r5, r6
100016f2:	40c5      	lsrs	r5, r0
100016f4:	402f      	ands	r7, r5
100016f6:	422b      	tst	r3, r5
100016f8:	d015      	beq.n	10001726 <hardware_alarm_irq_handler+0x72>
100016fa:	4653      	mov	r3, sl
100016fc:	6a5f      	ldr	r7, [r3, #36]	; 0x24
100016fe:	4b19      	ldr	r3, [pc, #100]	; (10001764 <hardware_alarm_irq_handler+0xb0>)
10001700:	0085      	lsls	r5, r0, #2
10001702:	58eb      	ldr	r3, [r5, r3]
10001704:	429f      	cmp	r7, r3
10001706:	d318      	bcc.n	1000173a <hardware_alarm_irq_handler+0x86>
10001708:	4662      	mov	r2, ip
1000170a:	4b17      	ldr	r3, [pc, #92]	; (10001768 <hardware_alarm_irq_handler+0xb4>)
1000170c:	438e      	bics	r6, r1
1000170e:	58eb      	ldr	r3, [r5, r3]
10001710:	7016      	strb	r6, [r2, #0]
10001712:	f3bf 8f5f 	dmb	sy
10001716:	2200      	movs	r2, #0
10001718:	6022      	str	r2, [r4, #0]
1000171a:	f388 8810 	msr	PRIMASK, r8
1000171e:	2b00      	cmp	r3, #0
10001720:	d006      	beq.n	10001730 <hardware_alarm_irq_handler+0x7c>
10001722:	4798      	blx	r3
10001724:	e004      	b.n	10001730 <hardware_alarm_irq_handler+0x7c>
10001726:	f3bf 8f5f 	dmb	sy
1000172a:	6027      	str	r7, [r4, #0]
1000172c:	f388 8810 	msr	PRIMASK, r8
10001730:	bce0      	pop	{r5, r6, r7}
10001732:	46ba      	mov	sl, r7
10001734:	46b1      	mov	r9, r6
10001736:	46a8      	mov	r8, r5
10001738:	bdf0      	pop	{r4, r5, r6, r7, pc}
1000173a:	4b0c      	ldr	r3, [pc, #48]	; (1000176c <hardware_alarm_irq_handler+0xb8>)
1000173c:	0092      	lsls	r2, r2, #2
1000173e:	469c      	mov	ip, r3
10001740:	4462      	add	r2, ip
10001742:	6813      	ldr	r3, [r2, #0]
10001744:	6013      	str	r3, [r2, #0]
10001746:	f3bf 8f5f 	dmb	sy
1000174a:	2300      	movs	r3, #0
1000174c:	6023      	str	r3, [r4, #0]
1000174e:	f388 8810 	msr	PRIMASK, r8
10001752:	e7ed      	b.n	10001730 <hardware_alarm_irq_handler+0x7c>
10001754:	d0000128 	.word	0xd0000128
10001758:	40054000 	.word	0x40054000
1000175c:	4005703c 	.word	0x4005703c
10001760:	200025f5 	.word	0x200025f5
10001764:	200025b4 	.word	0x200025b4
10001768:	20001f90 	.word	0x20001f90
1000176c:	40053fd0 	.word	0x40053fd0

10001770 <hardware_alarm_claim>:
10001770:	b510      	push	{r4, lr}
10001772:	4b03      	ldr	r3, [pc, #12]	; (10001780 <hardware_alarm_claim+0x10>)
10001774:	0001      	movs	r1, r0
10001776:	0018      	movs	r0, r3
10001778:	4a02      	ldr	r2, [pc, #8]	; (10001784 <hardware_alarm_claim+0x14>)
1000177a:	f7fe fff9 	bl	10000770 <hw_claim_or_assert>
1000177e:	bd10      	pop	{r4, pc}
10001780:	200025eb 	.word	0x200025eb
10001784:	1000bd48 	.word	0x1000bd48

10001788 <time_us_64>:
10001788:	4b03      	ldr	r3, [pc, #12]	; (10001798 <time_us_64+0x10>)
1000178a:	6a59      	ldr	r1, [r3, #36]	; 0x24
1000178c:	000a      	movs	r2, r1
1000178e:	6a98      	ldr	r0, [r3, #40]	; 0x28
10001790:	6a59      	ldr	r1, [r3, #36]	; 0x24
10001792:	428a      	cmp	r2, r1
10001794:	d1fa      	bne.n	1000178c <time_us_64+0x4>
10001796:	4770      	bx	lr
10001798:	40054000 	.word	0x40054000

1000179c <busy_wait_us>:
1000179c:	b570      	push	{r4, r5, r6, lr}
1000179e:	0004      	movs	r4, r0
100017a0:	000d      	movs	r5, r1
100017a2:	4a17      	ldr	r2, [pc, #92]	; (10001800 <busy_wait_us+0x64>)
100017a4:	6a53      	ldr	r3, [r2, #36]	; 0x24
100017a6:	0019      	movs	r1, r3
100017a8:	6a96      	ldr	r6, [r2, #40]	; 0x28
100017aa:	6a53      	ldr	r3, [r2, #36]	; 0x24
100017ac:	428b      	cmp	r3, r1
100017ae:	d1fa      	bne.n	100017a6 <busy_wait_us+0xa>
100017b0:	0030      	movs	r0, r6
100017b2:	0019      	movs	r1, r3
100017b4:	1824      	adds	r4, r4, r0
100017b6:	414d      	adcs	r5, r1
100017b8:	42ab      	cmp	r3, r5
100017ba:	d816      	bhi.n	100017ea <busy_wait_us+0x4e>
100017bc:	d013      	beq.n	100017e6 <busy_wait_us+0x4a>
100017be:	4b10      	ldr	r3, [pc, #64]	; (10001800 <busy_wait_us+0x64>)
100017c0:	002a      	movs	r2, r5
100017c2:	6a5b      	ldr	r3, [r3, #36]	; 0x24
100017c4:	429d      	cmp	r5, r3
100017c6:	d903      	bls.n	100017d0 <busy_wait_us+0x34>
100017c8:	490d      	ldr	r1, [pc, #52]	; (10001800 <busy_wait_us+0x64>)
100017ca:	6a4b      	ldr	r3, [r1, #36]	; 0x24
100017cc:	4293      	cmp	r3, r2
100017ce:	d3fc      	bcc.n	100017ca <busy_wait_us+0x2e>
100017d0:	4293      	cmp	r3, r2
100017d2:	d107      	bne.n	100017e4 <busy_wait_us+0x48>
100017d4:	4a0a      	ldr	r2, [pc, #40]	; (10001800 <busy_wait_us+0x64>)
100017d6:	e002      	b.n	100017de <busy_wait_us+0x42>
100017d8:	6a51      	ldr	r1, [r2, #36]	; 0x24
100017da:	4299      	cmp	r1, r3
100017dc:	d102      	bne.n	100017e4 <busy_wait_us+0x48>
100017de:	6a91      	ldr	r1, [r2, #40]	; 0x28
100017e0:	42a1      	cmp	r1, r4
100017e2:	d3f9      	bcc.n	100017d8 <busy_wait_us+0x3c>
100017e4:	bd70      	pop	{r4, r5, r6, pc}
100017e6:	42a6      	cmp	r6, r4
100017e8:	d9e9      	bls.n	100017be <busy_wait_us+0x22>
100017ea:	4b05      	ldr	r3, [pc, #20]	; (10001800 <busy_wait_us+0x64>)
100017ec:	6a5b      	ldr	r3, [r3, #36]	; 0x24
100017ee:	001c      	movs	r4, r3
100017f0:	1c5a      	adds	r2, r3, #1
100017f2:	d0ef      	beq.n	100017d4 <busy_wait_us+0x38>
100017f4:	2201      	movs	r2, #1
100017f6:	2401      	movs	r4, #1
100017f8:	4264      	negs	r4, r4
100017fa:	17e5      	asrs	r5, r4, #31
100017fc:	4252      	negs	r2, r2
100017fe:	e7e3      	b.n	100017c8 <busy_wait_us+0x2c>
10001800:	40054000 	.word	0x40054000

10001804 <busy_wait_until>:
10001804:	4a06      	ldr	r2, [pc, #24]	; (10001820 <busy_wait_until+0x1c>)
10001806:	6a53      	ldr	r3, [r2, #36]	; 0x24
10001808:	4299      	cmp	r1, r3
1000180a:	d8fc      	bhi.n	10001806 <busy_wait_until+0x2>
1000180c:	d107      	bne.n	1000181e <busy_wait_until+0x1a>
1000180e:	4b04      	ldr	r3, [pc, #16]	; (10001820 <busy_wait_until+0x1c>)
10001810:	e002      	b.n	10001818 <busy_wait_until+0x14>
10001812:	6a5a      	ldr	r2, [r3, #36]	; 0x24
10001814:	4291      	cmp	r1, r2
10001816:	d102      	bne.n	1000181e <busy_wait_until+0x1a>
10001818:	6a9a      	ldr	r2, [r3, #40]	; 0x28
1000181a:	4282      	cmp	r2, r0
1000181c:	d3f9      	bcc.n	10001812 <busy_wait_until+0xe>
1000181e:	4770      	bx	lr
10001820:	40054000 	.word	0x40054000

10001824 <hardware_alarm_set_callback>:
10001824:	b570      	push	{r4, r5, r6, lr}
10001826:	0004      	movs	r4, r0
10001828:	000d      	movs	r5, r1
1000182a:	f3ef 8610 	mrs	r6, PRIMASK
1000182e:	b672      	cpsid	i
10001830:	4a1a      	ldr	r2, [pc, #104]	; (1000189c <hardware_alarm_set_callback+0x78>)
10001832:	6813      	ldr	r3, [r2, #0]
10001834:	2b00      	cmp	r3, #0
10001836:	d0fc      	beq.n	10001832 <hardware_alarm_set_callback+0xe>
10001838:	f3bf 8f5f 	dmb	sy
1000183c:	2d00      	cmp	r5, #0
1000183e:	d01b      	beq.n	10001878 <hardware_alarm_set_callback+0x54>
10001840:	0020      	movs	r0, r4
10001842:	f7ff f8bd 	bl	100009c0 <irq_get_vtable_handler>
10001846:	4916      	ldr	r1, [pc, #88]	; (100018a0 <hardware_alarm_set_callback+0x7c>)
10001848:	4281      	cmp	r1, r0
1000184a:	d00a      	beq.n	10001862 <hardware_alarm_set_callback+0x3e>
1000184c:	0020      	movs	r0, r4
1000184e:	f7ff f8bf 	bl	100009d0 <irq_set_exclusive_handler>
10001852:	2101      	movs	r1, #1
10001854:	0020      	movs	r0, r4
10001856:	f7ff f883 	bl	10000960 <irq_set_enabled>
1000185a:	2301      	movs	r3, #1
1000185c:	40a3      	lsls	r3, r4
1000185e:	4a11      	ldr	r2, [pc, #68]	; (100018a4 <hardware_alarm_set_callback+0x80>)
10001860:	6013      	str	r3, [r2, #0]
10001862:	4b11      	ldr	r3, [pc, #68]	; (100018a8 <hardware_alarm_set_callback+0x84>)
10001864:	00a4      	lsls	r4, r4, #2
10001866:	50e5      	str	r5, [r4, r3]
10001868:	f3bf 8f5f 	dmb	sy
1000186c:	2200      	movs	r2, #0
1000186e:	4b0b      	ldr	r3, [pc, #44]	; (1000189c <hardware_alarm_set_callback+0x78>)
10001870:	601a      	str	r2, [r3, #0]
10001872:	f386 8810 	msr	PRIMASK, r6
10001876:	bd70      	pop	{r4, r5, r6, pc}
10001878:	2101      	movs	r1, #1
1000187a:	40a1      	lsls	r1, r4
1000187c:	4b0a      	ldr	r3, [pc, #40]	; (100018a8 <hardware_alarm_set_callback+0x84>)
1000187e:	00a2      	lsls	r2, r4, #2
10001880:	50d5      	str	r5, [r2, r3]
10001882:	4b0a      	ldr	r3, [pc, #40]	; (100018ac <hardware_alarm_set_callback+0x88>)
10001884:	0020      	movs	r0, r4
10001886:	781a      	ldrb	r2, [r3, #0]
10001888:	438a      	bics	r2, r1
1000188a:	4905      	ldr	r1, [pc, #20]	; (100018a0 <hardware_alarm_set_callback+0x7c>)
1000188c:	701a      	strb	r2, [r3, #0]
1000188e:	f7ff f9eb 	bl	10000c68 <irq_remove_handler>
10001892:	2100      	movs	r1, #0
10001894:	0020      	movs	r0, r4
10001896:	f7ff f863 	bl	10000960 <irq_set_enabled>
1000189a:	e7e5      	b.n	10001868 <hardware_alarm_set_callback+0x44>
1000189c:	d0000128 	.word	0xd0000128
100018a0:	100016b5 	.word	0x100016b5
100018a4:	40056038 	.word	0x40056038
100018a8:	20001f90 	.word	0x20001f90
100018ac:	200025f5 	.word	0x200025f5

100018b0 <hardware_alarm_set_target>:
100018b0:	b5f0      	push	{r4, r5, r6, r7, lr}
100018b2:	464f      	mov	r7, r9
100018b4:	46d6      	mov	lr, sl
100018b6:	4646      	mov	r6, r8
100018b8:	b5c0      	push	{r6, r7, lr}
100018ba:	0007      	movs	r7, r0
100018bc:	4c2b      	ldr	r4, [pc, #172]	; (1000196c <hardware_alarm_set_target+0xbc>)
100018be:	6a61      	ldr	r1, [r4, #36]	; 0x24
100018c0:	000d      	movs	r5, r1
100018c2:	6aa6      	ldr	r6, [r4, #40]	; 0x28
100018c4:	6a61      	ldr	r1, [r4, #36]	; 0x24
100018c6:	42a9      	cmp	r1, r5
100018c8:	d1fa      	bne.n	100018c0 <hardware_alarm_set_target+0x10>
100018ca:	428b      	cmp	r3, r1
100018cc:	d808      	bhi.n	100018e0 <hardware_alarm_set_target+0x30>
100018ce:	d005      	beq.n	100018dc <hardware_alarm_set_target+0x2c>
100018d0:	2001      	movs	r0, #1
100018d2:	bce0      	pop	{r5, r6, r7}
100018d4:	46ba      	mov	sl, r7
100018d6:	46b1      	mov	r9, r6
100018d8:	46a8      	mov	r8, r5
100018da:	bdf0      	pop	{r4, r5, r6, r7, pc}
100018dc:	42b2      	cmp	r2, r6
100018de:	d9f7      	bls.n	100018d0 <hardware_alarm_set_target+0x20>
100018e0:	f3ef 8a10 	mrs	sl, PRIMASK
100018e4:	b672      	cpsid	i
100018e6:	4822      	ldr	r0, [pc, #136]	; (10001970 <hardware_alarm_set_target+0xc0>)
100018e8:	6801      	ldr	r1, [r0, #0]
100018ea:	2900      	cmp	r1, #0
100018ec:	d0fc      	beq.n	100018e8 <hardware_alarm_set_target+0x38>
100018ee:	f3bf 8f5f 	dmb	sy
100018f2:	2501      	movs	r5, #1
100018f4:	40bd      	lsls	r5, r7
100018f6:	491f      	ldr	r1, [pc, #124]	; (10001974 <hardware_alarm_set_target+0xc4>)
100018f8:	4c1c      	ldr	r4, [pc, #112]	; (1000196c <hardware_alarm_set_target+0xbc>)
100018fa:	4688      	mov	r8, r1
100018fc:	7809      	ldrb	r1, [r1, #0]
100018fe:	4689      	mov	r9, r1
10001900:	4329      	orrs	r1, r5
10001902:	b2c9      	uxtb	r1, r1
10001904:	468c      	mov	ip, r1
10001906:	4641      	mov	r1, r8
10001908:	4660      	mov	r0, ip
1000190a:	7008      	strb	r0, [r1, #0]
1000190c:	1d39      	adds	r1, r7, #4
1000190e:	0089      	lsls	r1, r1, #2
10001910:	6365      	str	r5, [r4, #52]	; 0x34
10001912:	510a      	str	r2, [r1, r4]
10001914:	4918      	ldr	r1, [pc, #96]	; (10001978 <hardware_alarm_set_target+0xc8>)
10001916:	00b8      	lsls	r0, r7, #2
10001918:	5043      	str	r3, [r0, r1]
1000191a:	6a21      	ldr	r1, [r4, #32]
1000191c:	2000      	movs	r0, #0
1000191e:	4229      	tst	r1, r5
10001920:	d019      	beq.n	10001956 <hardware_alarm_set_target+0xa6>
10001922:	6a61      	ldr	r1, [r4, #36]	; 0x24
10001924:	0008      	movs	r0, r1
10001926:	6aa6      	ldr	r6, [r4, #40]	; 0x28
10001928:	6a61      	ldr	r1, [r4, #36]	; 0x24
1000192a:	4281      	cmp	r1, r0
1000192c:	d1fa      	bne.n	10001924 <hardware_alarm_set_target+0x74>
1000192e:	428b      	cmp	r3, r1
10001930:	d819      	bhi.n	10001966 <hardware_alarm_set_target+0xb6>
10001932:	d101      	bne.n	10001938 <hardware_alarm_set_target+0x88>
10001934:	42b2      	cmp	r2, r6
10001936:	d816      	bhi.n	10001966 <hardware_alarm_set_target+0xb6>
10001938:	45cc      	cmp	ip, r9
1000193a:	d00b      	beq.n	10001954 <hardware_alarm_set_target+0xa4>
1000193c:	4b0b      	ldr	r3, [pc, #44]	; (1000196c <hardware_alarm_set_target+0xbc>)
1000193e:	221f      	movs	r2, #31
10001940:	621d      	str	r5, [r3, #32]
10001942:	635d      	str	r5, [r3, #52]	; 0x34
10001944:	2301      	movs	r3, #1
10001946:	403a      	ands	r2, r7
10001948:	4093      	lsls	r3, r2
1000194a:	4a0c      	ldr	r2, [pc, #48]	; (1000197c <hardware_alarm_set_target+0xcc>)
1000194c:	6013      	str	r3, [r2, #0]
1000194e:	4643      	mov	r3, r8
10001950:	464a      	mov	r2, r9
10001952:	701a      	strb	r2, [r3, #0]
10001954:	2001      	movs	r0, #1
10001956:	f3bf 8f5f 	dmb	sy
1000195a:	2200      	movs	r2, #0
1000195c:	4b04      	ldr	r3, [pc, #16]	; (10001970 <hardware_alarm_set_target+0xc0>)
1000195e:	601a      	str	r2, [r3, #0]
10001960:	f38a 8810 	msr	PRIMASK, sl
10001964:	e7b5      	b.n	100018d2 <hardware_alarm_set_target+0x22>
10001966:	2000      	movs	r0, #0
10001968:	e7f5      	b.n	10001956 <hardware_alarm_set_target+0xa6>
1000196a:	46c0      	nop			; (mov r8, r8)
1000196c:	40054000 	.word	0x40054000
10001970:	d0000128 	.word	0xd0000128
10001974:	200025f5 	.word	0x200025f5
10001978:	200025b4 	.word	0x200025b4
1000197c:	e000e280 	.word	0xe000e280

10001980 <hardware_alarm_cancel>:
10001980:	f3ef 8c10 	mrs	ip, PRIMASK
10001984:	b672      	cpsid	i
10001986:	490a      	ldr	r1, [pc, #40]	; (100019b0 <hardware_alarm_cancel+0x30>)
10001988:	680b      	ldr	r3, [r1, #0]
1000198a:	2b00      	cmp	r3, #0
1000198c:	d0fc      	beq.n	10001988 <hardware_alarm_cancel+0x8>
1000198e:	f3bf 8f5f 	dmb	sy
10001992:	2301      	movs	r3, #1
10001994:	4083      	lsls	r3, r0
10001996:	4a07      	ldr	r2, [pc, #28]	; (100019b4 <hardware_alarm_cancel+0x34>)
10001998:	4807      	ldr	r0, [pc, #28]	; (100019b8 <hardware_alarm_cancel+0x38>)
1000199a:	6213      	str	r3, [r2, #32]
1000199c:	7802      	ldrb	r2, [r0, #0]
1000199e:	439a      	bics	r2, r3
100019a0:	7002      	strb	r2, [r0, #0]
100019a2:	f3bf 8f5f 	dmb	sy
100019a6:	2300      	movs	r3, #0
100019a8:	600b      	str	r3, [r1, #0]
100019aa:	f38c 8810 	msr	PRIMASK, ip
100019ae:	4770      	bx	lr
100019b0:	d0000128 	.word	0xd0000128
100019b4:	40054000 	.word	0x40054000
100019b8:	200025f5 	.word	0x200025f5

100019bc <ph_merge_nodes>:
100019bc:	b570      	push	{r4, r5, r6, lr}
100019be:	0005      	movs	r5, r0
100019c0:	000e      	movs	r6, r1
100019c2:	0014      	movs	r4, r2
100019c4:	2900      	cmp	r1, #0
100019c6:	d023      	beq.n	10001a10 <ph_merge_nodes+0x54>
100019c8:	2a00      	cmp	r2, #0
100019ca:	d012      	beq.n	100019f2 <ph_merge_nodes+0x36>
100019cc:	6880      	ldr	r0, [r0, #8]
100019ce:	686b      	ldr	r3, [r5, #4]
100019d0:	4798      	blx	r3
100019d2:	6829      	ldr	r1, [r5, #0]
100019d4:	2800      	cmp	r0, #0
100019d6:	d00e      	beq.n	100019f6 <ph_merge_nodes+0x3a>
100019d8:	0063      	lsls	r3, r4, #1
100019da:	191b      	adds	r3, r3, r4
100019dc:	0072      	lsls	r2, r6, #1
100019de:	3b03      	subs	r3, #3
100019e0:	1992      	adds	r2, r2, r6
100019e2:	18cb      	adds	r3, r1, r3
100019e4:	3a03      	subs	r2, #3
100019e6:	709e      	strb	r6, [r3, #2]
100019e8:	1888      	adds	r0, r1, r2
100019ea:	5c8a      	ldrb	r2, [r1, r2]
100019ec:	2a00      	cmp	r2, #0
100019ee:	d111      	bne.n	10001a14 <ph_merge_nodes+0x58>
100019f0:	7004      	strb	r4, [r0, #0]
100019f2:	0030      	movs	r0, r6
100019f4:	bd70      	pop	{r4, r5, r6, pc}
100019f6:	0073      	lsls	r3, r6, #1
100019f8:	199b      	adds	r3, r3, r6
100019fa:	0062      	lsls	r2, r4, #1
100019fc:	3b03      	subs	r3, #3
100019fe:	1912      	adds	r2, r2, r4
10001a00:	18cb      	adds	r3, r1, r3
10001a02:	3a03      	subs	r2, #3
10001a04:	709c      	strb	r4, [r3, #2]
10001a06:	1888      	adds	r0, r1, r2
10001a08:	5c8a      	ldrb	r2, [r1, r2]
10001a0a:	2a00      	cmp	r2, #0
10001a0c:	d105      	bne.n	10001a1a <ph_merge_nodes+0x5e>
10001a0e:	7006      	strb	r6, [r0, #0]
10001a10:	0020      	movs	r0, r4
10001a12:	e7ef      	b.n	100019f4 <ph_merge_nodes+0x38>
10001a14:	705a      	strb	r2, [r3, #1]
10001a16:	7004      	strb	r4, [r0, #0]
10001a18:	e7eb      	b.n	100019f2 <ph_merge_nodes+0x36>
10001a1a:	705a      	strb	r2, [r3, #1]
10001a1c:	7006      	strb	r6, [r0, #0]
10001a1e:	e7f7      	b.n	10001a10 <ph_merge_nodes+0x54>

10001a20 <ph_post_alloc_init>:
10001a20:	b530      	push	{r4, r5, lr}
10001a22:	6083      	str	r3, [r0, #8]
10001a24:	2300      	movs	r3, #0
10001a26:	b2cc      	uxtb	r4, r1
10001a28:	7343      	strb	r3, [r0, #13]
10001a2a:	3301      	adds	r3, #1
10001a2c:	7304      	strb	r4, [r0, #12]
10001a2e:	6042      	str	r2, [r0, #4]
10001a30:	7383      	strb	r3, [r0, #14]
10001a32:	73c4      	strb	r4, [r0, #15]
10001a34:	000d      	movs	r5, r1
10001a36:	6800      	ldr	r0, [r0, #0]
10001a38:	2c01      	cmp	r4, #1
10001a3a:	d906      	bls.n	10001a4a <ph_post_alloc_init+0x2a>
10001a3c:	1c42      	adds	r2, r0, #1
10001a3e:	3301      	adds	r3, #1
10001a40:	b2db      	uxtb	r3, r3
10001a42:	7013      	strb	r3, [r2, #0]
10001a44:	3203      	adds	r2, #3
10001a46:	429c      	cmp	r4, r3
10001a48:	d1f9      	bne.n	10001a3e <ph_post_alloc_init+0x1e>
10001a4a:	21ff      	movs	r1, #255	; 0xff
10001a4c:	4029      	ands	r1, r5
10001a4e:	004b      	lsls	r3, r1, #1
10001a50:	185b      	adds	r3, r3, r1
10001a52:	18c0      	adds	r0, r0, r3
10001a54:	2300      	movs	r3, #0
10001a56:	3803      	subs	r0, #3
10001a58:	7043      	strb	r3, [r0, #1]
10001a5a:	bd30      	pop	{r4, r5, pc}

10001a5c <ph_merge_two_pass>:
10001a5c:	b570      	push	{r4, r5, r6, lr}
10001a5e:	0005      	movs	r5, r0
10001a60:	1e0c      	subs	r4, r1, #0
10001a62:	d007      	beq.n	10001a74 <ph_merge_two_pass+0x18>
10001a64:	0063      	lsls	r3, r4, #1
10001a66:	6801      	ldr	r1, [r0, #0]
10001a68:	191b      	adds	r3, r3, r4
10001a6a:	3b03      	subs	r3, #3
10001a6c:	18cb      	adds	r3, r1, r3
10001a6e:	785a      	ldrb	r2, [r3, #1]
10001a70:	2a00      	cmp	r2, #0
10001a72:	d101      	bne.n	10001a78 <ph_merge_two_pass+0x1c>
10001a74:	0020      	movs	r0, r4
10001a76:	bd70      	pop	{r4, r5, r6, pc}
10001a78:	0050      	lsls	r0, r2, #1
10001a7a:	1880      	adds	r0, r0, r2
10001a7c:	3803      	subs	r0, #3
10001a7e:	1809      	adds	r1, r1, r0
10001a80:	2000      	movs	r0, #0
10001a82:	784e      	ldrb	r6, [r1, #1]
10001a84:	7048      	strb	r0, [r1, #1]
10001a86:	0021      	movs	r1, r4
10001a88:	7058      	strb	r0, [r3, #1]
10001a8a:	0028      	movs	r0, r5
10001a8c:	f7ff ff96 	bl	100019bc <ph_merge_nodes>
10001a90:	0031      	movs	r1, r6
10001a92:	0004      	movs	r4, r0
10001a94:	0028      	movs	r0, r5
10001a96:	f7ff ffe1 	bl	10001a5c <ph_merge_two_pass>
10001a9a:	0006      	movs	r6, r0
10001a9c:	2c00      	cmp	r4, #0
10001a9e:	d026      	beq.n	10001aee <ph_merge_two_pass+0x92>
10001aa0:	2800      	cmp	r0, #0
10001aa2:	d0e7      	beq.n	10001a74 <ph_merge_two_pass+0x18>
10001aa4:	0021      	movs	r1, r4
10001aa6:	0032      	movs	r2, r6
10001aa8:	68a8      	ldr	r0, [r5, #8]
10001aaa:	686b      	ldr	r3, [r5, #4]
10001aac:	4798      	blx	r3
10001aae:	6829      	ldr	r1, [r5, #0]
10001ab0:	2800      	cmp	r0, #0
10001ab2:	d00e      	beq.n	10001ad2 <ph_merge_two_pass+0x76>
10001ab4:	0073      	lsls	r3, r6, #1
10001ab6:	199b      	adds	r3, r3, r6
10001ab8:	0062      	lsls	r2, r4, #1
10001aba:	3b03      	subs	r3, #3
10001abc:	1912      	adds	r2, r2, r4
10001abe:	18cb      	adds	r3, r1, r3
10001ac0:	3a03      	subs	r2, #3
10001ac2:	709c      	strb	r4, [r3, #2]
10001ac4:	1888      	adds	r0, r1, r2
10001ac6:	5c8a      	ldrb	r2, [r1, r2]
10001ac8:	2a00      	cmp	r2, #0
10001aca:	d000      	beq.n	10001ace <ph_merge_two_pass+0x72>
10001acc:	705a      	strb	r2, [r3, #1]
10001ace:	7006      	strb	r6, [r0, #0]
10001ad0:	e7d0      	b.n	10001a74 <ph_merge_two_pass+0x18>
10001ad2:	0063      	lsls	r3, r4, #1
10001ad4:	191b      	adds	r3, r3, r4
10001ad6:	0072      	lsls	r2, r6, #1
10001ad8:	3b03      	subs	r3, #3
10001ada:	1992      	adds	r2, r2, r6
10001adc:	18cb      	adds	r3, r1, r3
10001ade:	3a03      	subs	r2, #3
10001ae0:	709e      	strb	r6, [r3, #2]
10001ae2:	1888      	adds	r0, r1, r2
10001ae4:	5c8a      	ldrb	r2, [r1, r2]
10001ae6:	2a00      	cmp	r2, #0
10001ae8:	d000      	beq.n	10001aec <ph_merge_two_pass+0x90>
10001aea:	705a      	strb	r2, [r3, #1]
10001aec:	7004      	strb	r4, [r0, #0]
10001aee:	0034      	movs	r4, r6
10001af0:	e7c0      	b.n	10001a74 <ph_merge_two_pass+0x18>
10001af2:	46c0      	nop			; (mov r8, r8)

10001af4 <ph_remove_any_head>:
10001af4:	b5f0      	push	{r4, r5, r6, r7, lr}
10001af6:	4657      	mov	r7, sl
10001af8:	4645      	mov	r5, r8
10001afa:	46de      	mov	lr, fp
10001afc:	464e      	mov	r6, r9
10001afe:	b5e0      	push	{r5, r6, r7, lr}
10001b00:	000d      	movs	r5, r1
10001b02:	006f      	lsls	r7, r5, #1
10001b04:	6801      	ldr	r1, [r0, #0]
10001b06:	197f      	adds	r7, r7, r5
10001b08:	3f03      	subs	r7, #3
10001b0a:	0004      	movs	r4, r0
10001b0c:	5dc8      	ldrb	r0, [r1, r7]
10001b0e:	b083      	sub	sp, #12
10001b10:	9201      	str	r2, [sp, #4]
10001b12:	19ca      	adds	r2, r1, r7
10001b14:	2800      	cmp	r0, #0
10001b16:	d050      	beq.n	10001bba <ph_remove_any_head+0xc6>
10001b18:	0043      	lsls	r3, r0, #1
10001b1a:	181b      	adds	r3, r3, r0
10001b1c:	3b03      	subs	r3, #3
10001b1e:	18cb      	adds	r3, r1, r3
10001b20:	785e      	ldrb	r6, [r3, #1]
10001b22:	46b4      	mov	ip, r6
10001b24:	2e00      	cmp	r6, #0
10001b26:	d11a      	bne.n	10001b5e <ph_remove_any_head+0x6a>
10001b28:	9e01      	ldr	r6, [sp, #4]
10001b2a:	2e00      	cmp	r6, #0
10001b2c:	d042      	beq.n	10001bb4 <ph_remove_any_head+0xc0>
10001b2e:	7be6      	ldrb	r6, [r4, #15]
10001b30:	2e00      	cmp	r6, #0
10001b32:	d004      	beq.n	10001b3e <ph_remove_any_head+0x4a>
10001b34:	0073      	lsls	r3, r6, #1
10001b36:	199b      	adds	r3, r3, r6
10001b38:	18cb      	adds	r3, r1, r3
10001b3a:	3b03      	subs	r3, #3
10001b3c:	705d      	strb	r5, [r3, #1]
10001b3e:	7ba3      	ldrb	r3, [r4, #14]
10001b40:	2b00      	cmp	r3, #0
10001b42:	d100      	bne.n	10001b46 <ph_remove_any_head+0x52>
10001b44:	73a5      	strb	r5, [r4, #14]
10001b46:	73e5      	strb	r5, [r4, #15]
10001b48:	2800      	cmp	r0, #0
10001b4a:	d12f      	bne.n	10001bac <ph_remove_any_head+0xb8>
10001b4c:	2300      	movs	r3, #0
10001b4e:	7053      	strb	r3, [r2, #1]
10001b50:	b003      	add	sp, #12
10001b52:	bcf0      	pop	{r4, r5, r6, r7}
10001b54:	46bb      	mov	fp, r7
10001b56:	46b2      	mov	sl, r6
10001b58:	46a9      	mov	r9, r5
10001b5a:	46a0      	mov	r8, r4
10001b5c:	bdf0      	pop	{r4, r5, r6, r7, pc}
10001b5e:	0072      	lsls	r2, r6, #1
10001b60:	4462      	add	r2, ip
10001b62:	3a03      	subs	r2, #3
10001b64:	188a      	adds	r2, r1, r2
10001b66:	7851      	ldrb	r1, [r2, #1]
10001b68:	4688      	mov	r8, r1
10001b6a:	2100      	movs	r1, #0
10001b6c:	7051      	strb	r1, [r2, #1]
10001b6e:	4689      	mov	r9, r1
10001b70:	7059      	strb	r1, [r3, #1]
10001b72:	0032      	movs	r2, r6
10001b74:	0001      	movs	r1, r0
10001b76:	0020      	movs	r0, r4
10001b78:	f7ff ff20 	bl	100019bc <ph_merge_nodes>
10001b7c:	4643      	mov	r3, r8
10001b7e:	4682      	mov	sl, r0
10001b80:	2b00      	cmp	r3, #0
10001b82:	d007      	beq.n	10001b94 <ph_remove_any_head+0xa0>
10001b84:	005b      	lsls	r3, r3, #1
10001b86:	6821      	ldr	r1, [r4, #0]
10001b88:	4443      	add	r3, r8
10001b8a:	3b03      	subs	r3, #3
10001b8c:	18cb      	adds	r3, r1, r3
10001b8e:	785a      	ldrb	r2, [r3, #1]
10001b90:	2a00      	cmp	r2, #0
10001b92:	d116      	bne.n	10001bc2 <ph_remove_any_head+0xce>
10001b94:	4642      	mov	r2, r8
10001b96:	4651      	mov	r1, sl
10001b98:	0020      	movs	r0, r4
10001b9a:	f7ff ff0f 	bl	100019bc <ph_merge_nodes>
10001b9e:	6821      	ldr	r1, [r4, #0]
10001ba0:	9b01      	ldr	r3, [sp, #4]
10001ba2:	19ca      	adds	r2, r1, r7
10001ba4:	2b00      	cmp	r3, #0
10001ba6:	d1c2      	bne.n	10001b2e <ph_remove_any_head+0x3a>
10001ba8:	2800      	cmp	r0, #0
10001baa:	d0cf      	beq.n	10001b4c <ph_remove_any_head+0x58>
10001bac:	0043      	lsls	r3, r0, #1
10001bae:	181b      	adds	r3, r3, r0
10001bb0:	3b03      	subs	r3, #3
10001bb2:	18cb      	adds	r3, r1, r3
10001bb4:	2100      	movs	r1, #0
10001bb6:	7099      	strb	r1, [r3, #2]
10001bb8:	e7c8      	b.n	10001b4c <ph_remove_any_head+0x58>
10001bba:	9b01      	ldr	r3, [sp, #4]
10001bbc:	2b00      	cmp	r3, #0
10001bbe:	d1b6      	bne.n	10001b2e <ph_remove_any_head+0x3a>
10001bc0:	e7c4      	b.n	10001b4c <ph_remove_any_head+0x58>
10001bc2:	0050      	lsls	r0, r2, #1
10001bc4:	1880      	adds	r0, r0, r2
10001bc6:	3803      	subs	r0, #3
10001bc8:	1809      	adds	r1, r1, r0
10001bca:	7848      	ldrb	r0, [r1, #1]
10001bcc:	4683      	mov	fp, r0
10001bce:	4648      	mov	r0, r9
10001bd0:	7048      	strb	r0, [r1, #1]
10001bd2:	7058      	strb	r0, [r3, #1]
10001bd4:	4641      	mov	r1, r8
10001bd6:	0020      	movs	r0, r4
10001bd8:	f7ff fef0 	bl	100019bc <ph_merge_nodes>
10001bdc:	4659      	mov	r1, fp
10001bde:	4680      	mov	r8, r0
10001be0:	0020      	movs	r0, r4
10001be2:	f7ff ff3b 	bl	10001a5c <ph_merge_two_pass>
10001be6:	4641      	mov	r1, r8
10001be8:	0002      	movs	r2, r0
10001bea:	0020      	movs	r0, r4
10001bec:	f7ff fee6 	bl	100019bc <ph_merge_nodes>
10001bf0:	4680      	mov	r8, r0
10001bf2:	e7cf      	b.n	10001b94 <ph_remove_any_head+0xa0>

10001bf4 <ph_remove_head>:
10001bf4:	b5f0      	push	{r4, r5, r6, r7, lr}
10001bf6:	4657      	mov	r7, sl
10001bf8:	4645      	mov	r5, r8
10001bfa:	46de      	mov	lr, fp
10001bfc:	464e      	mov	r6, r9
10001bfe:	b5e0      	push	{r5, r6, r7, lr}
10001c00:	b083      	sub	sp, #12
10001c02:	9101      	str	r1, [sp, #4]
10001c04:	7b45      	ldrb	r5, [r0, #13]
10001c06:	0004      	movs	r4, r0
10001c08:	006f      	lsls	r7, r5, #1
10001c0a:	6800      	ldr	r0, [r0, #0]
10001c0c:	197f      	adds	r7, r7, r5
10001c0e:	3f03      	subs	r7, #3
10001c10:	5dc1      	ldrb	r1, [r0, r7]
10001c12:	19c2      	adds	r2, r0, r7
10001c14:	2900      	cmp	r1, #0
10001c16:	d052      	beq.n	10001cbe <ph_remove_head+0xca>
10001c18:	004b      	lsls	r3, r1, #1
10001c1a:	185b      	adds	r3, r3, r1
10001c1c:	3b03      	subs	r3, #3
10001c1e:	18c3      	adds	r3, r0, r3
10001c20:	785e      	ldrb	r6, [r3, #1]
10001c22:	46b4      	mov	ip, r6
10001c24:	2e00      	cmp	r6, #0
10001c26:	d11c      	bne.n	10001c62 <ph_remove_head+0x6e>
10001c28:	9e01      	ldr	r6, [sp, #4]
10001c2a:	2e00      	cmp	r6, #0
10001c2c:	d044      	beq.n	10001cb8 <ph_remove_head+0xc4>
10001c2e:	7be6      	ldrb	r6, [r4, #15]
10001c30:	2e00      	cmp	r6, #0
10001c32:	d004      	beq.n	10001c3e <ph_remove_head+0x4a>
10001c34:	0073      	lsls	r3, r6, #1
10001c36:	199b      	adds	r3, r3, r6
10001c38:	18c3      	adds	r3, r0, r3
10001c3a:	3b03      	subs	r3, #3
10001c3c:	705d      	strb	r5, [r3, #1]
10001c3e:	7ba3      	ldrb	r3, [r4, #14]
10001c40:	2b00      	cmp	r3, #0
10001c42:	d100      	bne.n	10001c46 <ph_remove_head+0x52>
10001c44:	73a5      	strb	r5, [r4, #14]
10001c46:	73e5      	strb	r5, [r4, #15]
10001c48:	2900      	cmp	r1, #0
10001c4a:	d131      	bne.n	10001cb0 <ph_remove_head+0xbc>
10001c4c:	2300      	movs	r3, #0
10001c4e:	0028      	movs	r0, r5
10001c50:	7053      	strb	r3, [r2, #1]
10001c52:	7361      	strb	r1, [r4, #13]
10001c54:	b003      	add	sp, #12
10001c56:	bcf0      	pop	{r4, r5, r6, r7}
10001c58:	46bb      	mov	fp, r7
10001c5a:	46b2      	mov	sl, r6
10001c5c:	46a9      	mov	r9, r5
10001c5e:	46a0      	mov	r8, r4
10001c60:	bdf0      	pop	{r4, r5, r6, r7, pc}
10001c62:	0072      	lsls	r2, r6, #1
10001c64:	4462      	add	r2, ip
10001c66:	3a03      	subs	r2, #3
10001c68:	1882      	adds	r2, r0, r2
10001c6a:	7850      	ldrb	r0, [r2, #1]
10001c6c:	4680      	mov	r8, r0
10001c6e:	2000      	movs	r0, #0
10001c70:	7050      	strb	r0, [r2, #1]
10001c72:	4681      	mov	r9, r0
10001c74:	7058      	strb	r0, [r3, #1]
10001c76:	0032      	movs	r2, r6
10001c78:	0020      	movs	r0, r4
10001c7a:	f7ff fe9f 	bl	100019bc <ph_merge_nodes>
10001c7e:	4643      	mov	r3, r8
10001c80:	4682      	mov	sl, r0
10001c82:	2b00      	cmp	r3, #0
10001c84:	d007      	beq.n	10001c96 <ph_remove_head+0xa2>
10001c86:	005b      	lsls	r3, r3, #1
10001c88:	6821      	ldr	r1, [r4, #0]
10001c8a:	4443      	add	r3, r8
10001c8c:	3b03      	subs	r3, #3
10001c8e:	18cb      	adds	r3, r1, r3
10001c90:	785a      	ldrb	r2, [r3, #1]
10001c92:	2a00      	cmp	r2, #0
10001c94:	d117      	bne.n	10001cc6 <ph_remove_head+0xd2>
10001c96:	4642      	mov	r2, r8
10001c98:	4651      	mov	r1, sl
10001c9a:	0020      	movs	r0, r4
10001c9c:	f7ff fe8e 	bl	100019bc <ph_merge_nodes>
10001ca0:	9b01      	ldr	r3, [sp, #4]
10001ca2:	0001      	movs	r1, r0
10001ca4:	6820      	ldr	r0, [r4, #0]
10001ca6:	19c2      	adds	r2, r0, r7
10001ca8:	2b00      	cmp	r3, #0
10001caa:	d1c0      	bne.n	10001c2e <ph_remove_head+0x3a>
10001cac:	2900      	cmp	r1, #0
10001cae:	d0cd      	beq.n	10001c4c <ph_remove_head+0x58>
10001cb0:	004b      	lsls	r3, r1, #1
10001cb2:	185b      	adds	r3, r3, r1
10001cb4:	3b03      	subs	r3, #3
10001cb6:	18c3      	adds	r3, r0, r3
10001cb8:	2000      	movs	r0, #0
10001cba:	7098      	strb	r0, [r3, #2]
10001cbc:	e7c6      	b.n	10001c4c <ph_remove_head+0x58>
10001cbe:	9b01      	ldr	r3, [sp, #4]
10001cc0:	2b00      	cmp	r3, #0
10001cc2:	d1b4      	bne.n	10001c2e <ph_remove_head+0x3a>
10001cc4:	e7c2      	b.n	10001c4c <ph_remove_head+0x58>
10001cc6:	0050      	lsls	r0, r2, #1
10001cc8:	1880      	adds	r0, r0, r2
10001cca:	3803      	subs	r0, #3
10001ccc:	1809      	adds	r1, r1, r0
10001cce:	7848      	ldrb	r0, [r1, #1]
10001cd0:	4683      	mov	fp, r0
10001cd2:	4648      	mov	r0, r9
10001cd4:	7048      	strb	r0, [r1, #1]
10001cd6:	7058      	strb	r0, [r3, #1]
10001cd8:	4641      	mov	r1, r8
10001cda:	0020      	movs	r0, r4
10001cdc:	f7ff fe6e 	bl	100019bc <ph_merge_nodes>
10001ce0:	4659      	mov	r1, fp
10001ce2:	4680      	mov	r8, r0
10001ce4:	0020      	movs	r0, r4
10001ce6:	f7ff feb9 	bl	10001a5c <ph_merge_two_pass>
10001cea:	4641      	mov	r1, r8
10001cec:	0002      	movs	r2, r0
10001cee:	0020      	movs	r0, r4
10001cf0:	f7ff fe64 	bl	100019bc <ph_merge_nodes>
10001cf4:	4680      	mov	r8, r0
10001cf6:	e7ce      	b.n	10001c96 <ph_remove_head+0xa2>

10001cf8 <ph_remove_and_free_node>:
10001cf8:	b570      	push	{r4, r5, r6, lr}
10001cfa:	0005      	movs	r5, r0
10001cfc:	2900      	cmp	r1, #0
10001cfe:	d02c      	beq.n	10001d5a <ph_remove_and_free_node+0x62>
10001d00:	7b43      	ldrb	r3, [r0, #13]
10001d02:	428b      	cmp	r3, r1
10001d04:	d02e      	beq.n	10001d64 <ph_remove_and_free_node+0x6c>
10001d06:	004c      	lsls	r4, r1, #1
10001d08:	6800      	ldr	r0, [r0, #0]
10001d0a:	1864      	adds	r4, r4, r1
10001d0c:	3c03      	subs	r4, #3
10001d0e:	1904      	adds	r4, r0, r4
10001d10:	78a2      	ldrb	r2, [r4, #2]
10001d12:	2a00      	cmp	r2, #0
10001d14:	d021      	beq.n	10001d5a <ph_remove_and_free_node+0x62>
10001d16:	0053      	lsls	r3, r2, #1
10001d18:	189b      	adds	r3, r3, r2
10001d1a:	3b03      	subs	r3, #3
10001d1c:	5cc2      	ldrb	r2, [r0, r3]
10001d1e:	18c6      	adds	r6, r0, r3
10001d20:	428a      	cmp	r2, r1
10001d22:	d102      	bne.n	10001d2a <ph_remove_and_free_node+0x32>
10001d24:	e01b      	b.n	10001d5e <ph_remove_and_free_node+0x66>
10001d26:	2a00      	cmp	r2, #0
10001d28:	d008      	beq.n	10001d3c <ph_remove_and_free_node+0x44>
10001d2a:	0053      	lsls	r3, r2, #1
10001d2c:	189b      	adds	r3, r3, r2
10001d2e:	3b03      	subs	r3, #3
10001d30:	18c3      	adds	r3, r0, r3
10001d32:	785a      	ldrb	r2, [r3, #1]
10001d34:	428a      	cmp	r2, r1
10001d36:	d1f6      	bne.n	10001d26 <ph_remove_and_free_node+0x2e>
10001d38:	7862      	ldrb	r2, [r4, #1]
10001d3a:	705a      	strb	r2, [r3, #1]
10001d3c:	2300      	movs	r3, #0
10001d3e:	2201      	movs	r2, #1
10001d40:	0028      	movs	r0, r5
10001d42:	70a3      	strb	r3, [r4, #2]
10001d44:	7063      	strb	r3, [r4, #1]
10001d46:	f7ff fed5 	bl	10001af4 <ph_remove_any_head>
10001d4a:	7b69      	ldrb	r1, [r5, #13]
10001d4c:	0002      	movs	r2, r0
10001d4e:	0028      	movs	r0, r5
10001d50:	f7ff fe34 	bl	100019bc <ph_merge_nodes>
10001d54:	7368      	strb	r0, [r5, #13]
10001d56:	2001      	movs	r0, #1
10001d58:	e000      	b.n	10001d5c <ph_remove_and_free_node+0x64>
10001d5a:	2000      	movs	r0, #0
10001d5c:	bd70      	pop	{r4, r5, r6, pc}
10001d5e:	7863      	ldrb	r3, [r4, #1]
10001d60:	7033      	strb	r3, [r6, #0]
10001d62:	e7eb      	b.n	10001d3c <ph_remove_and_free_node+0x44>
10001d64:	2201      	movs	r2, #1
10001d66:	0019      	movs	r1, r3
10001d68:	f7ff fec4 	bl	10001af4 <ph_remove_any_head>
10001d6c:	e7f2      	b.n	10001d54 <ph_remove_and_free_node+0x5c>
10001d6e:	46c0      	nop			; (mov r8, r8)

10001d70 <queue_init_with_spinlock>:
10001d70:	b570      	push	{r4, r5, r6, lr}
10001d72:	0016      	movs	r6, r2
10001d74:	000d      	movs	r5, r1
10001d76:	0019      	movs	r1, r3
10001d78:	0004      	movs	r4, r0
10001d7a:	f7ff f8d9 	bl	10000f30 <lock_init>
10001d7e:	0029      	movs	r1, r5
10001d80:	1c70      	adds	r0, r6, #1
10001d82:	f002 ffb5 	bl	10004cf0 <__wrap_calloc>
10001d86:	2300      	movs	r3, #0
10001d88:	81e6      	strh	r6, [r4, #14]
10001d8a:	81a5      	strh	r5, [r4, #12]
10001d8c:	6060      	str	r0, [r4, #4]
10001d8e:	60a3      	str	r3, [r4, #8]
10001d90:	bd70      	pop	{r4, r5, r6, pc}
10001d92:	46c0      	nop			; (mov r8, r8)

10001d94 <queue_try_add>:
10001d94:	b570      	push	{r4, r5, r6, lr}
10001d96:	6802      	ldr	r2, [r0, #0]
10001d98:	0004      	movs	r4, r0
10001d9a:	f3ef 8510 	mrs	r5, PRIMASK
10001d9e:	b672      	cpsid	i
10001da0:	6813      	ldr	r3, [r2, #0]
10001da2:	2b00      	cmp	r3, #0
10001da4:	d0fc      	beq.n	10001da0 <queue_try_add+0xc>
10001da6:	f3bf 8f5f 	dmb	sy
10001daa:	8920      	ldrh	r0, [r4, #8]
10001dac:	8963      	ldrh	r3, [r4, #10]
10001dae:	89e2      	ldrh	r2, [r4, #14]
10001db0:	1ac3      	subs	r3, r0, r3
10001db2:	d501      	bpl.n	10001db8 <queue_try_add+0x24>
10001db4:	1c56      	adds	r6, r2, #1
10001db6:	199b      	adds	r3, r3, r6
10001db8:	4293      	cmp	r3, r2
10001dba:	d108      	bne.n	10001dce <queue_try_add+0x3a>
10001dbc:	6823      	ldr	r3, [r4, #0]
10001dbe:	f3bf 8f5f 	dmb	sy
10001dc2:	2200      	movs	r2, #0
10001dc4:	601a      	str	r2, [r3, #0]
10001dc6:	f385 8810 	msr	PRIMASK, r5
10001dca:	2000      	movs	r0, #0
10001dcc:	bd70      	pop	{r4, r5, r6, pc}
10001dce:	89a2      	ldrh	r2, [r4, #12]
10001dd0:	6863      	ldr	r3, [r4, #4]
10001dd2:	4350      	muls	r0, r2
10001dd4:	1818      	adds	r0, r3, r0
10001dd6:	f002 ffab 	bl	10004d30 <__wrap___aeabi_memcpy>
10001dda:	2200      	movs	r2, #0
10001ddc:	0010      	movs	r0, r2
10001dde:	8923      	ldrh	r3, [r4, #8]
10001de0:	89e1      	ldrh	r1, [r4, #14]
10001de2:	3301      	adds	r3, #1
10001de4:	b29b      	uxth	r3, r3
10001de6:	4299      	cmp	r1, r3
10001de8:	4150      	adcs	r0, r2
10001dea:	4241      	negs	r1, r0
10001dec:	400b      	ands	r3, r1
10001dee:	8123      	strh	r3, [r4, #8]
10001df0:	6823      	ldr	r3, [r4, #0]
10001df2:	f3bf 8f5f 	dmb	sy
10001df6:	601a      	str	r2, [r3, #0]
10001df8:	f385 8810 	msr	PRIMASK, r5
10001dfc:	bf40      	sev
10001dfe:	2001      	movs	r0, #1
10001e00:	e7e4      	b.n	10001dcc <queue_try_add+0x38>
10001e02:	46c0      	nop			; (mov r8, r8)

10001e04 <queue_try_remove>:
10001e04:	b570      	push	{r4, r5, r6, lr}
10001e06:	0004      	movs	r4, r0
10001e08:	0008      	movs	r0, r1
10001e0a:	6822      	ldr	r2, [r4, #0]
10001e0c:	f3ef 8610 	mrs	r6, PRIMASK
10001e10:	b672      	cpsid	i
10001e12:	6813      	ldr	r3, [r2, #0]
10001e14:	2b00      	cmp	r3, #0
10001e16:	d0fc      	beq.n	10001e12 <queue_try_remove+0xe>
10001e18:	f3bf 8f5f 	dmb	sy
10001e1c:	8965      	ldrh	r5, [r4, #10]
10001e1e:	8923      	ldrh	r3, [r4, #8]
10001e20:	1b5b      	subs	r3, r3, r5
10001e22:	d502      	bpl.n	10001e2a <queue_try_remove+0x26>
10001e24:	89e2      	ldrh	r2, [r4, #14]
10001e26:	3201      	adds	r2, #1
10001e28:	189b      	adds	r3, r3, r2
10001e2a:	2b00      	cmp	r3, #0
10001e2c:	d107      	bne.n	10001e3e <queue_try_remove+0x3a>
10001e2e:	6822      	ldr	r2, [r4, #0]
10001e30:	f3bf 8f5f 	dmb	sy
10001e34:	6013      	str	r3, [r2, #0]
10001e36:	f386 8810 	msr	PRIMASK, r6
10001e3a:	2000      	movs	r0, #0
10001e3c:	bd70      	pop	{r4, r5, r6, pc}
10001e3e:	89a2      	ldrh	r2, [r4, #12]
10001e40:	6861      	ldr	r1, [r4, #4]
10001e42:	4355      	muls	r5, r2
10001e44:	1949      	adds	r1, r1, r5
10001e46:	f002 ff73 	bl	10004d30 <__wrap___aeabi_memcpy>
10001e4a:	2200      	movs	r2, #0
10001e4c:	0010      	movs	r0, r2
10001e4e:	8963      	ldrh	r3, [r4, #10]
10001e50:	89e1      	ldrh	r1, [r4, #14]
10001e52:	3301      	adds	r3, #1
10001e54:	b29b      	uxth	r3, r3
10001e56:	4299      	cmp	r1, r3
10001e58:	4150      	adcs	r0, r2
10001e5a:	4241      	negs	r1, r0
10001e5c:	400b      	ands	r3, r1
10001e5e:	8163      	strh	r3, [r4, #10]
10001e60:	6823      	ldr	r3, [r4, #0]
10001e62:	f3bf 8f5f 	dmb	sy
10001e66:	601a      	str	r2, [r3, #0]
10001e68:	f386 8810 	msr	PRIMASK, r6
10001e6c:	bf40      	sev
10001e6e:	2001      	movs	r0, #1
10001e70:	e7e4      	b.n	10001e3c <queue_try_remove+0x38>
10001e72:	46c0      	nop			; (mov r8, r8)

10001e74 <uart_init>:
10001e74:	b5f8      	push	{r3, r4, r5, r6, r7, lr}
10001e76:	46ce      	mov	lr, r9
10001e78:	4647      	mov	r7, r8
10001e7a:	0004      	movs	r4, r0
10001e7c:	b580      	push	{r7, lr}
10001e7e:	2006      	movs	r0, #6
10001e80:	000e      	movs	r6, r1
10001e82:	f000 fa1f 	bl	100022c4 <clock_get_hz>
10001e86:	1e05      	subs	r5, r0, #0
10001e88:	d051      	beq.n	10001f2e <uart_init+0xba>
10001e8a:	4b52      	ldr	r3, [pc, #328]	; (10001fd4 <uart_init+0x160>)
10001e8c:	4952      	ldr	r1, [pc, #328]	; (10001fd8 <uart_init+0x164>)
10001e8e:	18e2      	adds	r2, r4, r3
10001e90:	4253      	negs	r3, r2
10001e92:	415a      	adcs	r2, r3
10001e94:	2380      	movs	r3, #128	; 0x80
10001e96:	03db      	lsls	r3, r3, #15
10001e98:	469c      	mov	ip, r3
10001e9a:	0592      	lsls	r2, r2, #22
10001e9c:	4b4f      	ldr	r3, [pc, #316]	; (10001fdc <uart_init+0x168>)
10001e9e:	4462      	add	r2, ip
10001ea0:	601a      	str	r2, [r3, #0]
10001ea2:	4b4f      	ldr	r3, [pc, #316]	; (10001fe0 <uart_init+0x16c>)
10001ea4:	601a      	str	r2, [r3, #0]
10001ea6:	0010      	movs	r0, r2
10001ea8:	688b      	ldr	r3, [r1, #8]
10001eaa:	4398      	bics	r0, r3
10001eac:	d1fb      	bne.n	10001ea6 <uart_init+0x32>
10001eae:	4b49      	ldr	r3, [pc, #292]	; (10001fd4 <uart_init+0x160>)
10001eb0:	4a4c      	ldr	r2, [pc, #304]	; (10001fe4 <uart_init+0x170>)
10001eb2:	18e3      	adds	r3, r4, r3
10001eb4:	4259      	negs	r1, r3
10001eb6:	414b      	adcs	r3, r1
10001eb8:	2180      	movs	r1, #128	; 0x80
10001eba:	005b      	lsls	r3, r3, #1
10001ebc:	0049      	lsls	r1, r1, #1
10001ebe:	2006      	movs	r0, #6
10001ec0:	5299      	strh	r1, [r3, r2]
10001ec2:	f000 f9ff 	bl	100022c4 <clock_get_hz>
10001ec6:	0031      	movs	r1, r6
10001ec8:	00c0      	lsls	r0, r0, #3
10001eca:	f001 ff07 	bl	10003cdc <__wrap___aeabi_uidiv>
10001ece:	09c3      	lsrs	r3, r0, #7
10001ed0:	d132      	bne.n	10001f38 <uart_init+0xc4>
10001ed2:	2240      	movs	r2, #64	; 0x40
10001ed4:	2101      	movs	r1, #1
10001ed6:	4690      	mov	r8, r2
10001ed8:	6261      	str	r1, [r4, #36]	; 0x24
10001eda:	62a3      	str	r3, [r4, #40]	; 0x28
10001edc:	6b25      	ldr	r5, [r4, #48]	; 0x30
10001ede:	07eb      	lsls	r3, r5, #31
10001ee0:	d436      	bmi.n	10001f50 <uart_init+0xdc>
10001ee2:	0027      	movs	r7, r4
10001ee4:	2680      	movs	r6, #128	; 0x80
10001ee6:	6ae3      	ldr	r3, [r4, #44]	; 0x2c
10001ee8:	2300      	movs	r3, #0
10001eea:	372c      	adds	r7, #44	; 0x2c
10001eec:	0176      	lsls	r6, r6, #5
10001eee:	433e      	orrs	r6, r7
10001ef0:	6033      	str	r3, [r6, #0]
10001ef2:	2006      	movs	r0, #6
10001ef4:	6325      	str	r5, [r4, #48]	; 0x30
10001ef6:	f000 f9e5 	bl	100022c4 <clock_get_hz>
10001efa:	4641      	mov	r1, r8
10001efc:	0080      	lsls	r0, r0, #2
10001efe:	f001 feed 	bl	10003cdc <__wrap___aeabi_uidiv>
10001f02:	6b23      	ldr	r3, [r4, #48]	; 0x30
10001f04:	0005      	movs	r5, r0
10001f06:	4698      	mov	r8, r3
10001f08:	07db      	lsls	r3, r3, #31
10001f0a:	d43b      	bmi.n	10001f84 <uart_init+0x110>
10001f0c:	2360      	movs	r3, #96	; 0x60
10001f0e:	6ae2      	ldr	r2, [r4, #44]	; 0x2c
10001f10:	405a      	eors	r2, r3
10001f12:	330e      	adds	r3, #14
10001f14:	4013      	ands	r3, r2
10001f16:	6033      	str	r3, [r6, #0]
10001f18:	4643      	mov	r3, r8
10001f1a:	6323      	str	r3, [r4, #48]	; 0x30
10001f1c:	2380      	movs	r3, #128	; 0x80
10001f1e:	2210      	movs	r2, #16
10001f20:	019b      	lsls	r3, r3, #6
10001f22:	433b      	orrs	r3, r7
10001f24:	601a      	str	r2, [r3, #0]
10001f26:	4b30      	ldr	r3, [pc, #192]	; (10001fe8 <uart_init+0x174>)
10001f28:	6323      	str	r3, [r4, #48]	; 0x30
10001f2a:	2303      	movs	r3, #3
10001f2c:	64a3      	str	r3, [r4, #72]	; 0x48
10001f2e:	0028      	movs	r0, r5
10001f30:	bcc0      	pop	{r6, r7}
10001f32:	46b9      	mov	r9, r7
10001f34:	46b0      	mov	r8, r6
10001f36:	bdf8      	pop	{r3, r4, r5, r6, r7, pc}
10001f38:	4a2c      	ldr	r2, [pc, #176]	; (10001fec <uart_init+0x178>)
10001f3a:	4293      	cmp	r3, r2
10001f3c:	d93f      	bls.n	10001fbe <uart_init+0x14a>
10001f3e:	2300      	movs	r3, #0
10001f40:	492b      	ldr	r1, [pc, #172]	; (10001ff0 <uart_init+0x17c>)
10001f42:	4a2c      	ldr	r2, [pc, #176]	; (10001ff4 <uart_init+0x180>)
10001f44:	6261      	str	r1, [r4, #36]	; 0x24
10001f46:	62a3      	str	r3, [r4, #40]	; 0x28
10001f48:	6b25      	ldr	r5, [r4, #48]	; 0x30
10001f4a:	4690      	mov	r8, r2
10001f4c:	07eb      	lsls	r3, r5, #31
10001f4e:	d5c8      	bpl.n	10001ee2 <uart_init+0x6e>
10001f50:	0022      	movs	r2, r4
10001f52:	23c0      	movs	r3, #192	; 0xc0
10001f54:	3230      	adds	r2, #48	; 0x30
10001f56:	019b      	lsls	r3, r3, #6
10001f58:	4313      	orrs	r3, r2
10001f5a:	4a23      	ldr	r2, [pc, #140]	; (10001fe8 <uart_init+0x174>)
10001f5c:	2006      	movs	r0, #6
10001f5e:	601a      	str	r2, [r3, #0]
10001f60:	6a66      	ldr	r6, [r4, #36]	; 0x24
10001f62:	6aa3      	ldr	r3, [r4, #40]	; 0x28
10001f64:	01b6      	lsls	r6, r6, #6
10001f66:	18f6      	adds	r6, r6, r3
10001f68:	f000 f9ac 	bl	100022c4 <clock_get_hz>
10001f6c:	4922      	ldr	r1, [pc, #136]	; (10001ff8 <uart_init+0x184>)
10001f6e:	f001 feb5 	bl	10003cdc <__wrap___aeabi_uidiv>
10001f72:	02b6      	lsls	r6, r6, #10
10001f74:	0001      	movs	r1, r0
10001f76:	0030      	movs	r0, r6
10001f78:	f001 feb0 	bl	10003cdc <__wrap___aeabi_uidiv>
10001f7c:	2100      	movs	r1, #0
10001f7e:	f7ff fc0d 	bl	1000179c <busy_wait_us>
10001f82:	e7ae      	b.n	10001ee2 <uart_init+0x6e>
10001f84:	0022      	movs	r2, r4
10001f86:	23c0      	movs	r3, #192	; 0xc0
10001f88:	3230      	adds	r2, #48	; 0x30
10001f8a:	019b      	lsls	r3, r3, #6
10001f8c:	4313      	orrs	r3, r2
10001f8e:	4a16      	ldr	r2, [pc, #88]	; (10001fe8 <uart_init+0x174>)
10001f90:	2006      	movs	r0, #6
10001f92:	601a      	str	r2, [r3, #0]
10001f94:	6a63      	ldr	r3, [r4, #36]	; 0x24
10001f96:	6aa2      	ldr	r2, [r4, #40]	; 0x28
10001f98:	019b      	lsls	r3, r3, #6
10001f9a:	4699      	mov	r9, r3
10001f9c:	4491      	add	r9, r2
10001f9e:	f000 f991 	bl	100022c4 <clock_get_hz>
10001fa2:	464b      	mov	r3, r9
10001fa4:	4914      	ldr	r1, [pc, #80]	; (10001ff8 <uart_init+0x184>)
10001fa6:	029b      	lsls	r3, r3, #10
10001fa8:	4699      	mov	r9, r3
10001faa:	f001 fe97 	bl	10003cdc <__wrap___aeabi_uidiv>
10001fae:	0001      	movs	r1, r0
10001fb0:	4648      	mov	r0, r9
10001fb2:	f001 fe93 	bl	10003cdc <__wrap___aeabi_uidiv>
10001fb6:	2100      	movs	r1, #0
10001fb8:	f7ff fbf0 	bl	1000179c <busy_wait_us>
10001fbc:	e7a6      	b.n	10001f0c <uart_init+0x98>
10001fbe:	227f      	movs	r2, #127	; 0x7f
10001fc0:	0199      	lsls	r1, r3, #6
10001fc2:	4688      	mov	r8, r1
10001fc4:	4002      	ands	r2, r0
10001fc6:	3201      	adds	r2, #1
10001fc8:	0852      	lsrs	r2, r2, #1
10001fca:	0019      	movs	r1, r3
10001fcc:	4490      	add	r8, r2
10001fce:	0013      	movs	r3, r2
10001fd0:	e782      	b.n	10001ed8 <uart_init+0x64>
10001fd2:	46c0      	nop			; (mov r8, r8)
10001fd4:	bffc8000 	.word	0xbffc8000
10001fd8:	4000c000 	.word	0x4000c000
10001fdc:	4000e000 	.word	0x4000e000
10001fe0:	4000f000 	.word	0x4000f000
10001fe4:	200025c8 	.word	0x200025c8
10001fe8:	00000301 	.word	0x00000301
10001fec:	0000fffe 	.word	0x0000fffe
10001ff0:	0000ffff 	.word	0x0000ffff
10001ff4:	003fffc0 	.word	0x003fffc0
10001ff8:	00000e4e 	.word	0x00000e4e

10001ffc <clocks_init>:
10001ffc:	b510      	push	{r4, lr}
10001ffe:	200c      	movs	r0, #12
10002000:	b082      	sub	sp, #8
10002002:	f000 f9b5 	bl	10002370 <watchdog_start_tick>
10002006:	f7fe fb95 	bl	10000734 <running_on_fpga>
1000200a:	2800      	cmp	r0, #0
1000200c:	d010      	beq.n	10002030 <clocks_init+0x34>
1000200e:	4b8b      	ldr	r3, [pc, #556]	; (1000223c <clocks_init+0x240>)
10002010:	488b      	ldr	r0, [pc, #556]	; (10002240 <clocks_init+0x244>)
10002012:	498b      	ldr	r1, [pc, #556]	; (10002240 <clocks_init+0x244>)
10002014:	4a8b      	ldr	r2, [pc, #556]	; (10002244 <clocks_init+0x248>)
10002016:	6018      	str	r0, [r3, #0]
10002018:	6059      	str	r1, [r3, #4]
1000201a:	6098      	str	r0, [r3, #8]
1000201c:	60d9      	str	r1, [r3, #12]
1000201e:	6118      	str	r0, [r3, #16]
10002020:	6159      	str	r1, [r3, #20]
10002022:	6198      	str	r0, [r3, #24]
10002024:	61d9      	str	r1, [r3, #28]
10002026:	6218      	str	r0, [r3, #32]
10002028:	6259      	str	r1, [r3, #36]	; 0x24
1000202a:	625a      	str	r2, [r3, #36]	; 0x24
1000202c:	b002      	add	sp, #8
1000202e:	bd10      	pop	{r4, pc}
10002030:	4c85      	ldr	r4, [pc, #532]	; (10002248 <clocks_init+0x24c>)
10002032:	67a0      	str	r0, [r4, #120]	; 0x78
10002034:	f000 f9f2 	bl	1000241c <xosc_init>
10002038:	2201      	movs	r2, #1
1000203a:	4b84      	ldr	r3, [pc, #528]	; (1000224c <clocks_init+0x250>)
1000203c:	601a      	str	r2, [r3, #0]
1000203e:	6c63      	ldr	r3, [r4, #68]	; 0x44
10002040:	2b01      	cmp	r3, #1
10002042:	d1fc      	bne.n	1000203e <clocks_init+0x42>
10002044:	2203      	movs	r2, #3
10002046:	4b82      	ldr	r3, [pc, #520]	; (10002250 <clocks_init+0x254>)
10002048:	601a      	str	r2, [r3, #0]
1000204a:	4a7f      	ldr	r2, [pc, #508]	; (10002248 <clocks_init+0x24c>)
1000204c:	6b93      	ldr	r3, [r2, #56]	; 0x38
1000204e:	2b01      	cmp	r3, #1
10002050:	d1fc      	bne.n	1000204c <clocks_init+0x50>
10002052:	3301      	adds	r3, #1
10002054:	2101      	movs	r1, #1
10002056:	4a7f      	ldr	r2, [pc, #508]	; (10002254 <clocks_init+0x258>)
10002058:	487f      	ldr	r0, [pc, #508]	; (10002258 <clocks_init+0x25c>)
1000205a:	9300      	str	r3, [sp, #0]
1000205c:	3304      	adds	r3, #4
1000205e:	f000 f937 	bl	100022d0 <pll_init>
10002062:	2305      	movs	r3, #5
10002064:	4a7d      	ldr	r2, [pc, #500]	; (1000225c <clocks_init+0x260>)
10002066:	9300      	str	r3, [sp, #0]
10002068:	2101      	movs	r1, #1
1000206a:	487d      	ldr	r0, [pc, #500]	; (10002260 <clocks_init+0x264>)
1000206c:	f000 f930 	bl	100022d0 <pll_init>
10002070:	4b7c      	ldr	r3, [pc, #496]	; (10002264 <clocks_init+0x268>)
10002072:	685a      	ldr	r2, [r3, #4]
10002074:	2aff      	cmp	r2, #255	; 0xff
10002076:	d802      	bhi.n	1000207e <clocks_init+0x82>
10002078:	2280      	movs	r2, #128	; 0x80
1000207a:	0052      	lsls	r2, r2, #1
1000207c:	605a      	str	r2, [r3, #4]
1000207e:	2280      	movs	r2, #128	; 0x80
10002080:	4b73      	ldr	r3, [pc, #460]	; (10002250 <clocks_init+0x254>)
10002082:	4c6e      	ldr	r4, [pc, #440]	; (1000223c <clocks_init+0x240>)
10002084:	0112      	lsls	r2, r2, #4
10002086:	601a      	str	r2, [r3, #0]
10002088:	6921      	ldr	r1, [r4, #16]
1000208a:	2900      	cmp	r1, #0
1000208c:	d007      	beq.n	1000209e <clocks_init+0xa2>
1000208e:	6960      	ldr	r0, [r4, #20]
10002090:	f001 fe24 	bl	10003cdc <__wrap___aeabi_uidiv>
10002094:	3001      	adds	r0, #1
10002096:	0043      	lsls	r3, r0, #1
10002098:	181b      	adds	r3, r3, r0
1000209a:	3b03      	subs	r3, #3
1000209c:	d2fd      	bcs.n	1000209a <clocks_init+0x9e>
1000209e:	22e0      	movs	r2, #224	; 0xe0
100020a0:	4b70      	ldr	r3, [pc, #448]	; (10002264 <clocks_init+0x268>)
100020a2:	4871      	ldr	r0, [pc, #452]	; (10002268 <clocks_init+0x26c>)
100020a4:	6819      	ldr	r1, [r3, #0]
100020a6:	400a      	ands	r2, r1
100020a8:	6002      	str	r2, [r0, #0]
100020aa:	2202      	movs	r2, #2
100020ac:	6819      	ldr	r1, [r3, #0]
100020ae:	4051      	eors	r1, r2
100020b0:	3201      	adds	r2, #1
100020b2:	400a      	ands	r2, r1
100020b4:	2104      	movs	r1, #4
100020b6:	6002      	str	r2, [r0, #0]
100020b8:	689a      	ldr	r2, [r3, #8]
100020ba:	4211      	tst	r1, r2
100020bc:	d0fc      	beq.n	100020b8 <clocks_init+0xbc>
100020be:	2180      	movs	r1, #128	; 0x80
100020c0:	4a6a      	ldr	r2, [pc, #424]	; (1000226c <clocks_init+0x270>)
100020c2:	0109      	lsls	r1, r1, #4
100020c4:	6011      	str	r1, [r2, #0]
100020c6:	2280      	movs	r2, #128	; 0x80
100020c8:	0052      	lsls	r2, r2, #1
100020ca:	605a      	str	r2, [r3, #4]
100020cc:	4b68      	ldr	r3, [pc, #416]	; (10002270 <clocks_init+0x274>)
100020ce:	6123      	str	r3, [r4, #16]
100020d0:	4b68      	ldr	r3, [pc, #416]	; (10002274 <clocks_init+0x278>)
100020d2:	6859      	ldr	r1, [r3, #4]
100020d4:	29ff      	cmp	r1, #255	; 0xff
100020d6:	d800      	bhi.n	100020da <clocks_init+0xde>
100020d8:	605a      	str	r2, [r3, #4]
100020da:	2203      	movs	r2, #3
100020dc:	2101      	movs	r1, #1
100020de:	4b5b      	ldr	r3, [pc, #364]	; (1000224c <clocks_init+0x250>)
100020e0:	601a      	str	r2, [r3, #0]
100020e2:	4a64      	ldr	r2, [pc, #400]	; (10002274 <clocks_init+0x278>)
100020e4:	6893      	ldr	r3, [r2, #8]
100020e6:	4219      	tst	r1, r3
100020e8:	d0fc      	beq.n	100020e4 <clocks_init+0xe8>
100020ea:	23e0      	movs	r3, #224	; 0xe0
100020ec:	6810      	ldr	r0, [r2, #0]
100020ee:	4003      	ands	r3, r0
100020f0:	4861      	ldr	r0, [pc, #388]	; (10002278 <clocks_init+0x27c>)
100020f2:	6003      	str	r3, [r0, #0]
100020f4:	6812      	ldr	r2, [r2, #0]
100020f6:	2303      	movs	r3, #3
100020f8:	404a      	eors	r2, r1
100020fa:	2102      	movs	r1, #2
100020fc:	4013      	ands	r3, r2
100020fe:	4a5d      	ldr	r2, [pc, #372]	; (10002274 <clocks_init+0x278>)
10002100:	6003      	str	r3, [r0, #0]
10002102:	6893      	ldr	r3, [r2, #8]
10002104:	4219      	tst	r1, r3
10002106:	d0fc      	beq.n	10002102 <clocks_init+0x106>
10002108:	2180      	movs	r1, #128	; 0x80
1000210a:	4b5c      	ldr	r3, [pc, #368]	; (1000227c <clocks_init+0x280>)
1000210c:	0109      	lsls	r1, r1, #4
1000210e:	6019      	str	r1, [r3, #0]
10002110:	2180      	movs	r1, #128	; 0x80
10002112:	4b5b      	ldr	r3, [pc, #364]	; (10002280 <clocks_init+0x284>)
10002114:	0049      	lsls	r1, r1, #1
10002116:	6051      	str	r1, [r2, #4]
10002118:	6163      	str	r3, [r4, #20]
1000211a:	4b5a      	ldr	r3, [pc, #360]	; (10002284 <clocks_init+0x288>)
1000211c:	685a      	ldr	r2, [r3, #4]
1000211e:	2aff      	cmp	r2, #255	; 0xff
10002120:	d800      	bhi.n	10002124 <clocks_init+0x128>
10002122:	6059      	str	r1, [r3, #4]
10002124:	2280      	movs	r2, #128	; 0x80
10002126:	4b58      	ldr	r3, [pc, #352]	; (10002288 <clocks_init+0x28c>)
10002128:	0112      	lsls	r2, r2, #4
1000212a:	601a      	str	r2, [r3, #0]
1000212c:	69e1      	ldr	r1, [r4, #28]
1000212e:	2900      	cmp	r1, #0
10002130:	d007      	beq.n	10002142 <clocks_init+0x146>
10002132:	6960      	ldr	r0, [r4, #20]
10002134:	f001 fdd2 	bl	10003cdc <__wrap___aeabi_uidiv>
10002138:	3001      	adds	r0, #1
1000213a:	0043      	lsls	r3, r0, #1
1000213c:	181b      	adds	r3, r3, r0
1000213e:	3b03      	subs	r3, #3
10002140:	d2fd      	bcs.n	1000213e <clocks_init+0x142>
10002142:	23e0      	movs	r3, #224	; 0xe0
10002144:	4a4f      	ldr	r2, [pc, #316]	; (10002284 <clocks_init+0x288>)
10002146:	6811      	ldr	r1, [r2, #0]
10002148:	400b      	ands	r3, r1
1000214a:	4950      	ldr	r1, [pc, #320]	; (1000228c <clocks_init+0x290>)
1000214c:	600b      	str	r3, [r1, #0]
1000214e:	2180      	movs	r1, #128	; 0x80
10002150:	4b4f      	ldr	r3, [pc, #316]	; (10002290 <clocks_init+0x294>)
10002152:	0109      	lsls	r1, r1, #4
10002154:	6019      	str	r1, [r3, #0]
10002156:	2180      	movs	r1, #128	; 0x80
10002158:	4b39      	ldr	r3, [pc, #228]	; (10002240 <clocks_init+0x244>)
1000215a:	0049      	lsls	r1, r1, #1
1000215c:	6051      	str	r1, [r2, #4]
1000215e:	61e3      	str	r3, [r4, #28]
10002160:	4b4c      	ldr	r3, [pc, #304]	; (10002294 <clocks_init+0x298>)
10002162:	685a      	ldr	r2, [r3, #4]
10002164:	2aff      	cmp	r2, #255	; 0xff
10002166:	d800      	bhi.n	1000216a <clocks_init+0x16e>
10002168:	6059      	str	r1, [r3, #4]
1000216a:	2280      	movs	r2, #128	; 0x80
1000216c:	4b4a      	ldr	r3, [pc, #296]	; (10002298 <clocks_init+0x29c>)
1000216e:	0112      	lsls	r2, r2, #4
10002170:	601a      	str	r2, [r3, #0]
10002172:	6a21      	ldr	r1, [r4, #32]
10002174:	2900      	cmp	r1, #0
10002176:	d007      	beq.n	10002188 <clocks_init+0x18c>
10002178:	6960      	ldr	r0, [r4, #20]
1000217a:	f001 fdaf 	bl	10003cdc <__wrap___aeabi_uidiv>
1000217e:	3001      	adds	r0, #1
10002180:	0043      	lsls	r3, r0, #1
10002182:	181b      	adds	r3, r3, r0
10002184:	3b03      	subs	r3, #3
10002186:	d2fd      	bcs.n	10002184 <clocks_init+0x188>
10002188:	23e0      	movs	r3, #224	; 0xe0
1000218a:	4a42      	ldr	r2, [pc, #264]	; (10002294 <clocks_init+0x298>)
1000218c:	6811      	ldr	r1, [r2, #0]
1000218e:	400b      	ands	r3, r1
10002190:	4942      	ldr	r1, [pc, #264]	; (1000229c <clocks_init+0x2a0>)
10002192:	600b      	str	r3, [r1, #0]
10002194:	2180      	movs	r1, #128	; 0x80
10002196:	4b42      	ldr	r3, [pc, #264]	; (100022a0 <clocks_init+0x2a4>)
10002198:	0109      	lsls	r1, r1, #4
1000219a:	6019      	str	r1, [r3, #0]
1000219c:	2380      	movs	r3, #128	; 0x80
1000219e:	005b      	lsls	r3, r3, #1
100021a0:	6053      	str	r3, [r2, #4]
100021a2:	2280      	movs	r2, #128	; 0x80
100021a4:	4b26      	ldr	r3, [pc, #152]	; (10002240 <clocks_init+0x244>)
100021a6:	02d2      	lsls	r2, r2, #11
100021a8:	6223      	str	r3, [r4, #32]
100021aa:	4b3e      	ldr	r3, [pc, #248]	; (100022a4 <clocks_init+0x2a8>)
100021ac:	6859      	ldr	r1, [r3, #4]
100021ae:	4291      	cmp	r1, r2
100021b0:	d200      	bcs.n	100021b4 <clocks_init+0x1b8>
100021b2:	605a      	str	r2, [r3, #4]
100021b4:	2280      	movs	r2, #128	; 0x80
100021b6:	4b3c      	ldr	r3, [pc, #240]	; (100022a8 <clocks_init+0x2ac>)
100021b8:	0112      	lsls	r2, r2, #4
100021ba:	601a      	str	r2, [r3, #0]
100021bc:	6a61      	ldr	r1, [r4, #36]	; 0x24
100021be:	2900      	cmp	r1, #0
100021c0:	d007      	beq.n	100021d2 <clocks_init+0x1d6>
100021c2:	6960      	ldr	r0, [r4, #20]
100021c4:	f001 fd8a 	bl	10003cdc <__wrap___aeabi_uidiv>
100021c8:	3001      	adds	r0, #1
100021ca:	0043      	lsls	r3, r0, #1
100021cc:	181b      	adds	r3, r3, r0
100021ce:	3b03      	subs	r3, #3
100021d0:	d2fd      	bcs.n	100021ce <clocks_init+0x1d2>
100021d2:	23e0      	movs	r3, #224	; 0xe0
100021d4:	4a33      	ldr	r2, [pc, #204]	; (100022a4 <clocks_init+0x2a8>)
100021d6:	6811      	ldr	r1, [r2, #0]
100021d8:	400b      	ands	r3, r1
100021da:	4934      	ldr	r1, [pc, #208]	; (100022ac <clocks_init+0x2b0>)
100021dc:	600b      	str	r3, [r1, #0]
100021de:	2180      	movs	r1, #128	; 0x80
100021e0:	4b33      	ldr	r3, [pc, #204]	; (100022b0 <clocks_init+0x2b4>)
100021e2:	0109      	lsls	r1, r1, #4
100021e4:	6019      	str	r1, [r3, #0]
100021e6:	2380      	movs	r3, #128	; 0x80
100021e8:	02db      	lsls	r3, r3, #11
100021ea:	6053      	str	r3, [r2, #4]
100021ec:	4b15      	ldr	r3, [pc, #84]	; (10002244 <clocks_init+0x248>)
100021ee:	6263      	str	r3, [r4, #36]	; 0x24
100021f0:	4b30      	ldr	r3, [pc, #192]	; (100022b4 <clocks_init+0x2b8>)
100021f2:	685a      	ldr	r2, [r3, #4]
100021f4:	2aff      	cmp	r2, #255	; 0xff
100021f6:	d802      	bhi.n	100021fe <clocks_init+0x202>
100021f8:	2280      	movs	r2, #128	; 0x80
100021fa:	0052      	lsls	r2, r2, #1
100021fc:	605a      	str	r2, [r3, #4]
100021fe:	2280      	movs	r2, #128	; 0x80
10002200:	4b2d      	ldr	r3, [pc, #180]	; (100022b8 <clocks_init+0x2bc>)
10002202:	0112      	lsls	r2, r2, #4
10002204:	601a      	str	r2, [r3, #0]
10002206:	69a1      	ldr	r1, [r4, #24]
10002208:	2900      	cmp	r1, #0
1000220a:	d007      	beq.n	1000221c <clocks_init+0x220>
1000220c:	6960      	ldr	r0, [r4, #20]
1000220e:	f001 fd65 	bl	10003cdc <__wrap___aeabi_uidiv>
10002212:	3001      	adds	r0, #1
10002214:	0043      	lsls	r3, r0, #1
10002216:	181b      	adds	r3, r3, r0
10002218:	3b03      	subs	r3, #3
1000221a:	d2fd      	bcs.n	10002218 <clocks_init+0x21c>
1000221c:	23e0      	movs	r3, #224	; 0xe0
1000221e:	4a25      	ldr	r2, [pc, #148]	; (100022b4 <clocks_init+0x2b8>)
10002220:	6811      	ldr	r1, [r2, #0]
10002222:	400b      	ands	r3, r1
10002224:	4925      	ldr	r1, [pc, #148]	; (100022bc <clocks_init+0x2c0>)
10002226:	600b      	str	r3, [r1, #0]
10002228:	2180      	movs	r1, #128	; 0x80
1000222a:	4b25      	ldr	r3, [pc, #148]	; (100022c0 <clocks_init+0x2c4>)
1000222c:	0109      	lsls	r1, r1, #4
1000222e:	6019      	str	r1, [r3, #0]
10002230:	2380      	movs	r3, #128	; 0x80
10002232:	005b      	lsls	r3, r3, #1
10002234:	6053      	str	r3, [r2, #4]
10002236:	4b12      	ldr	r3, [pc, #72]	; (10002280 <clocks_init+0x284>)
10002238:	61a3      	str	r3, [r4, #24]
1000223a:	e6f7      	b.n	1000202c <clocks_init+0x30>
1000223c:	200017a0 	.word	0x200017a0
10002240:	02dc6c00 	.word	0x02dc6c00
10002244:	0000b71b 	.word	0x0000b71b
10002248:	40008000 	.word	0x40008000
1000224c:	4000b03c 	.word	0x4000b03c
10002250:	4000b030 	.word	0x4000b030
10002254:	59682f00 	.word	0x59682f00
10002258:	40028000 	.word	0x40028000
1000225c:	47868c00 	.word	0x47868c00
10002260:	4002c000 	.word	0x4002c000
10002264:	40008030 	.word	0x40008030
10002268:	40009030 	.word	0x40009030
1000226c:	4000a030 	.word	0x4000a030
10002270:	00b71b00 	.word	0x00b71b00
10002274:	4000803c 	.word	0x4000803c
10002278:	4000903c 	.word	0x4000903c
1000227c:	4000a03c 	.word	0x4000a03c
10002280:	07735940 	.word	0x07735940
10002284:	40008054 	.word	0x40008054
10002288:	4000b054 	.word	0x4000b054
1000228c:	40009054 	.word	0x40009054
10002290:	4000a054 	.word	0x4000a054
10002294:	40008060 	.word	0x40008060
10002298:	4000b060 	.word	0x4000b060
1000229c:	40009060 	.word	0x40009060
100022a0:	4000a060 	.word	0x4000a060
100022a4:	4000806c 	.word	0x4000806c
100022a8:	4000b06c 	.word	0x4000b06c
100022ac:	4000906c 	.word	0x4000906c
100022b0:	4000a06c 	.word	0x4000a06c
100022b4:	40008048 	.word	0x40008048
100022b8:	4000b048 	.word	0x4000b048
100022bc:	40009048 	.word	0x40009048
100022c0:	4000a048 	.word	0x4000a048

100022c4 <clock_get_hz>:
100022c4:	4b01      	ldr	r3, [pc, #4]	; (100022cc <clock_get_hz+0x8>)
100022c6:	0080      	lsls	r0, r0, #2
100022c8:	58c0      	ldr	r0, [r0, r3]
100022ca:	4770      	bx	lr
100022cc:	200017a0 	.word	0x200017a0

100022d0 <pll_init>:
100022d0:	b5f8      	push	{r3, r4, r5, r6, r7, lr}
100022d2:	0004      	movs	r4, r0
100022d4:	4821      	ldr	r0, [pc, #132]	; (1000235c <pll_init+0x8c>)
100022d6:	001d      	movs	r5, r3
100022d8:	0017      	movs	r7, r2
100022da:	000e      	movs	r6, r1
100022dc:	f001 fcfe 	bl	10003cdc <__wrap___aeabi_uidiv>
100022e0:	0001      	movs	r1, r0
100022e2:	0038      	movs	r0, r7
100022e4:	f001 fcfa 	bl	10003cdc <__wrap___aeabi_uidiv>
100022e8:	9b06      	ldr	r3, [sp, #24]
100022ea:	0429      	lsls	r1, r5, #16
100022ec:	031b      	lsls	r3, r3, #12
100022ee:	4319      	orrs	r1, r3
100022f0:	6823      	ldr	r3, [r4, #0]
100022f2:	2b00      	cmp	r3, #0
100022f4:	db20      	blt.n	10002338 <pll_init+0x68>
100022f6:	4b1a      	ldr	r3, [pc, #104]	; (10002360 <pll_init+0x90>)
100022f8:	4d1a      	ldr	r5, [pc, #104]	; (10002364 <pll_init+0x94>)
100022fa:	18e2      	adds	r2, r4, r3
100022fc:	4253      	negs	r3, r2
100022fe:	415a      	adcs	r2, r3
10002300:	2380      	movs	r3, #128	; 0x80
10002302:	015b      	lsls	r3, r3, #5
10002304:	469c      	mov	ip, r3
10002306:	0312      	lsls	r2, r2, #12
10002308:	4b17      	ldr	r3, [pc, #92]	; (10002368 <pll_init+0x98>)
1000230a:	4462      	add	r2, ip
1000230c:	601a      	str	r2, [r3, #0]
1000230e:	4b17      	ldr	r3, [pc, #92]	; (1000236c <pll_init+0x9c>)
10002310:	601a      	str	r2, [r3, #0]
10002312:	0017      	movs	r7, r2
10002314:	68ab      	ldr	r3, [r5, #8]
10002316:	439f      	bics	r7, r3
10002318:	d1fb      	bne.n	10002312 <pll_init+0x42>
1000231a:	22c0      	movs	r2, #192	; 0xc0
1000231c:	1d23      	adds	r3, r4, #4
1000231e:	0192      	lsls	r2, r2, #6
10002320:	431a      	orrs	r2, r3
10002322:	2321      	movs	r3, #33	; 0x21
10002324:	6026      	str	r6, [r4, #0]
10002326:	60a0      	str	r0, [r4, #8]
10002328:	6013      	str	r3, [r2, #0]
1000232a:	6823      	ldr	r3, [r4, #0]
1000232c:	2b00      	cmp	r3, #0
1000232e:	dafc      	bge.n	1000232a <pll_init+0x5a>
10002330:	2308      	movs	r3, #8
10002332:	60e1      	str	r1, [r4, #12]
10002334:	6013      	str	r3, [r2, #0]
10002336:	bdf8      	pop	{r3, r4, r5, r6, r7, pc}
10002338:	233f      	movs	r3, #63	; 0x3f
1000233a:	6822      	ldr	r2, [r4, #0]
1000233c:	4013      	ands	r3, r2
1000233e:	42b3      	cmp	r3, r6
10002340:	d1d9      	bne.n	100022f6 <pll_init+0x26>
10002342:	68a3      	ldr	r3, [r4, #8]
10002344:	051b      	lsls	r3, r3, #20
10002346:	0d1b      	lsrs	r3, r3, #20
10002348:	4283      	cmp	r3, r0
1000234a:	d1d4      	bne.n	100022f6 <pll_init+0x26>
1000234c:	22ee      	movs	r2, #238	; 0xee
1000234e:	68e3      	ldr	r3, [r4, #12]
10002350:	02d2      	lsls	r2, r2, #11
10002352:	4013      	ands	r3, r2
10002354:	428b      	cmp	r3, r1
10002356:	d1ce      	bne.n	100022f6 <pll_init+0x26>
10002358:	e7ed      	b.n	10002336 <pll_init+0x66>
1000235a:	46c0      	nop			; (mov r8, r8)
1000235c:	00b71b00 	.word	0x00b71b00
10002360:	bffd4000 	.word	0xbffd4000
10002364:	4000c000 	.word	0x4000c000
10002368:	4000e000 	.word	0x4000e000
1000236c:	4000f000 	.word	0x4000f000

10002370 <watchdog_start_tick>:
10002370:	2380      	movs	r3, #128	; 0x80
10002372:	4a02      	ldr	r2, [pc, #8]	; (1000237c <watchdog_start_tick+0xc>)
10002374:	009b      	lsls	r3, r3, #2
10002376:	4303      	orrs	r3, r0
10002378:	62d3      	str	r3, [r2, #44]	; 0x2c
1000237a:	4770      	bx	lr
1000237c:	40058000 	.word	0x40058000

10002380 <watchdog_reboot>:
10002380:	b510      	push	{r4, lr}
10002382:	2480      	movs	r4, #128	; 0x80
10002384:	4b1c      	ldr	r3, [pc, #112]	; (100023f8 <watchdog_reboot+0x78>)
10002386:	05e4      	lsls	r4, r4, #23
10002388:	601c      	str	r4, [r3, #0]
1000238a:	2800      	cmp	r0, #0
1000238c:	d01a      	beq.n	100023c4 <watchdog_reboot+0x44>
1000238e:	2301      	movs	r3, #1
10002390:	4c1a      	ldr	r4, [pc, #104]	; (100023fc <watchdog_reboot+0x7c>)
10002392:	4318      	orrs	r0, r3
10002394:	4b1a      	ldr	r3, [pc, #104]	; (10002400 <watchdog_reboot+0x80>)
10002396:	61dc      	str	r4, [r3, #28]
10002398:	4c1a      	ldr	r4, [pc, #104]	; (10002404 <watchdog_reboot+0x84>)
1000239a:	4044      	eors	r4, r0
1000239c:	621c      	str	r4, [r3, #32]
1000239e:	6259      	str	r1, [r3, #36]	; 0x24
100023a0:	6298      	str	r0, [r3, #40]	; 0x28
100023a2:	2180      	movs	r1, #128	; 0x80
100023a4:	4b14      	ldr	r3, [pc, #80]	; (100023f8 <watchdog_reboot+0x78>)
100023a6:	05c9      	lsls	r1, r1, #23
100023a8:	6019      	str	r1, [r3, #0]
100023aa:	4817      	ldr	r0, [pc, #92]	; (10002408 <watchdog_reboot+0x88>)
100023ac:	4917      	ldr	r1, [pc, #92]	; (1000240c <watchdog_reboot+0x8c>)
100023ae:	6008      	str	r0, [r1, #0]
100023b0:	21e0      	movs	r1, #224	; 0xe0
100023b2:	04c9      	lsls	r1, r1, #19
100023b4:	6019      	str	r1, [r3, #0]
100023b6:	2a00      	cmp	r2, #0
100023b8:	d107      	bne.n	100023ca <watchdog_reboot+0x4a>
100023ba:	2280      	movs	r2, #128	; 0x80
100023bc:	4b14      	ldr	r3, [pc, #80]	; (10002410 <watchdog_reboot+0x90>)
100023be:	0612      	lsls	r2, r2, #24
100023c0:	601a      	str	r2, [r3, #0]
100023c2:	bd10      	pop	{r4, pc}
100023c4:	4b0e      	ldr	r3, [pc, #56]	; (10002400 <watchdog_reboot+0x80>)
100023c6:	61d8      	str	r0, [r3, #28]
100023c8:	e7eb      	b.n	100023a2 <watchdog_reboot+0x22>
100023ca:	0153      	lsls	r3, r2, #5
100023cc:	1a9b      	subs	r3, r3, r2
100023ce:	009b      	lsls	r3, r3, #2
100023d0:	189a      	adds	r2, r3, r2
100023d2:	2380      	movs	r3, #128	; 0x80
100023d4:	0112      	lsls	r2, r2, #4
100023d6:	045b      	lsls	r3, r3, #17
100023d8:	429a      	cmp	r2, r3
100023da:	d209      	bcs.n	100023f0 <watchdog_reboot+0x70>
100023dc:	0013      	movs	r3, r2
100023de:	490d      	ldr	r1, [pc, #52]	; (10002414 <watchdog_reboot+0x94>)
100023e0:	600b      	str	r3, [r1, #0]
100023e2:	4b07      	ldr	r3, [pc, #28]	; (10002400 <watchdog_reboot+0x80>)
100023e4:	605a      	str	r2, [r3, #4]
100023e6:	2280      	movs	r2, #128	; 0x80
100023e8:	4b09      	ldr	r3, [pc, #36]	; (10002410 <watchdog_reboot+0x90>)
100023ea:	05d2      	lsls	r2, r2, #23
100023ec:	601a      	str	r2, [r3, #0]
100023ee:	e7e8      	b.n	100023c2 <watchdog_reboot+0x42>
100023f0:	4b09      	ldr	r3, [pc, #36]	; (10002418 <watchdog_reboot+0x98>)
100023f2:	001a      	movs	r2, r3
100023f4:	e7f3      	b.n	100023de <watchdog_reboot+0x5e>
100023f6:	46c0      	nop			; (mov r8, r8)
100023f8:	4005b000 	.word	0x4005b000
100023fc:	b007c0d3 	.word	0xb007c0d3
10002400:	40058000 	.word	0x40058000
10002404:	4ff83f2d 	.word	0x4ff83f2d
10002408:	0001fffc 	.word	0x0001fffc
1000240c:	40012008 	.word	0x40012008
10002410:	4005a000 	.word	0x4005a000
10002414:	2000256c 	.word	0x2000256c
10002418:	00ffffff 	.word	0x00ffffff

1000241c <xosc_init>:
1000241c:	23aa      	movs	r3, #170	; 0xaa
1000241e:	4a06      	ldr	r2, [pc, #24]	; (10002438 <xosc_init+0x1c>)
10002420:	011b      	lsls	r3, r3, #4
10002422:	6013      	str	r3, [r2, #0]
10002424:	232f      	movs	r3, #47	; 0x2f
10002426:	4905      	ldr	r1, [pc, #20]	; (1000243c <xosc_init+0x20>)
10002428:	60d3      	str	r3, [r2, #12]
1000242a:	4b05      	ldr	r3, [pc, #20]	; (10002440 <xosc_init+0x24>)
1000242c:	6019      	str	r1, [r3, #0]
1000242e:	6853      	ldr	r3, [r2, #4]
10002430:	2b00      	cmp	r3, #0
10002432:	dafc      	bge.n	1000242e <xosc_init+0x12>
10002434:	4770      	bx	lr
10002436:	46c0      	nop			; (mov r8, r8)
10002438:	40024000 	.word	0x40024000
1000243c:	00fab000 	.word	0x00fab000
10002440:	40026000 	.word	0x40026000

10002444 <runtime_init>:
10002444:	4b2c      	ldr	r3, [pc, #176]	; (100024f8 <runtime_init+0xb4>)
10002446:	4a2d      	ldr	r2, [pc, #180]	; (100024fc <runtime_init+0xb8>)
10002448:	b570      	push	{r4, r5, r6, lr}
1000244a:	601a      	str	r2, [r3, #0]
1000244c:	4a2c      	ldr	r2, [pc, #176]	; (10002500 <runtime_init+0xbc>)
1000244e:	4b2d      	ldr	r3, [pc, #180]	; (10002504 <runtime_init+0xc0>)
10002450:	492d      	ldr	r1, [pc, #180]	; (10002508 <runtime_init+0xc4>)
10002452:	601a      	str	r2, [r3, #0]
10002454:	0014      	movs	r4, r2
10002456:	688b      	ldr	r3, [r1, #8]
10002458:	439c      	bics	r4, r3
1000245a:	d1fb      	bne.n	10002454 <runtime_init+0x10>
1000245c:	4d2b      	ldr	r5, [pc, #172]	; (1000250c <runtime_init+0xc8>)
1000245e:	4e2c      	ldr	r6, [pc, #176]	; (10002510 <runtime_init+0xcc>)
10002460:	42b5      	cmp	r5, r6
10002462:	d208      	bcs.n	10002476 <runtime_init+0x32>
10002464:	3e01      	subs	r6, #1
10002466:	1b76      	subs	r6, r6, r5
10002468:	08b6      	lsrs	r6, r6, #2
1000246a:	cd08      	ldmia	r5!, {r3}
1000246c:	4798      	blx	r3
1000246e:	0023      	movs	r3, r4
10002470:	3401      	adds	r4, #1
10002472:	42b3      	cmp	r3, r6
10002474:	d1f9      	bne.n	1000246a <runtime_init+0x26>
10002476:	f7ff fdc1 	bl	10001ffc <clocks_init>
1000247a:	4a26      	ldr	r2, [pc, #152]	; (10002514 <runtime_init+0xd0>)
1000247c:	4b21      	ldr	r3, [pc, #132]	; (10002504 <runtime_init+0xc0>)
1000247e:	601a      	str	r2, [r3, #0]
10002480:	4a21      	ldr	r2, [pc, #132]	; (10002508 <runtime_init+0xc4>)
10002482:	6893      	ldr	r3, [r2, #8]
10002484:	43db      	mvns	r3, r3
10002486:	01db      	lsls	r3, r3, #7
10002488:	09dd      	lsrs	r5, r3, #7
1000248a:	2b00      	cmp	r3, #0
1000248c:	d1f9      	bne.n	10002482 <runtime_init+0x3e>
1000248e:	2240      	movs	r2, #64	; 0x40
10002490:	4b21      	ldr	r3, [pc, #132]	; (10002518 <runtime_init+0xd4>)
10002492:	4c22      	ldr	r4, [pc, #136]	; (1000251c <runtime_init+0xd8>)
10002494:	4e22      	ldr	r6, [pc, #136]	; (10002520 <runtime_init+0xdc>)
10002496:	679a      	str	r2, [r3, #120]	; 0x78
10002498:	675a      	str	r2, [r3, #116]	; 0x74
1000249a:	671a      	str	r2, [r3, #112]	; 0x70
1000249c:	66da      	str	r2, [r3, #108]	; 0x6c
1000249e:	42b4      	cmp	r4, r6
100024a0:	d208      	bcs.n	100024b4 <runtime_init+0x70>
100024a2:	6823      	ldr	r3, [r4, #0]
100024a4:	0020      	movs	r0, r4
100024a6:	2b00      	cmp	r3, #0
100024a8:	d020      	beq.n	100024ec <runtime_init+0xa8>
100024aa:	3408      	adds	r4, #8
100024ac:	f7fe fd56 	bl	10000f5c <recursive_mutex_init>
100024b0:	42b4      	cmp	r4, r6
100024b2:	d3f6      	bcc.n	100024a2 <runtime_init+0x5e>
100024b4:	4c1b      	ldr	r4, [pc, #108]	; (10002524 <runtime_init+0xe0>)
100024b6:	4e1c      	ldr	r6, [pc, #112]	; (10002528 <runtime_init+0xe4>)
100024b8:	22c0      	movs	r2, #192	; 0xc0
100024ba:	68b1      	ldr	r1, [r6, #8]
100024bc:	0020      	movs	r0, r4
100024be:	f002 fc37 	bl	10004d30 <__wrap___aeabi_memcpy>
100024c2:	60b4      	str	r4, [r6, #8]
100024c4:	f7fe f9c4 	bl	10000850 <spin_locks_reset>
100024c8:	f7fe fd0a 	bl	10000ee0 <irq_init_priorities>
100024cc:	f7fe fefe 	bl	100012cc <alarm_pool_init_default>
100024d0:	4c16      	ldr	r4, [pc, #88]	; (1000252c <runtime_init+0xe8>)
100024d2:	4e17      	ldr	r6, [pc, #92]	; (10002530 <runtime_init+0xec>)
100024d4:	42b4      	cmp	r4, r6
100024d6:	d208      	bcs.n	100024ea <runtime_init+0xa6>
100024d8:	3e01      	subs	r6, #1
100024da:	1b36      	subs	r6, r6, r4
100024dc:	08b6      	lsrs	r6, r6, #2
100024de:	cc08      	ldmia	r4!, {r3}
100024e0:	4798      	blx	r3
100024e2:	002b      	movs	r3, r5
100024e4:	3501      	adds	r5, #1
100024e6:	429e      	cmp	r6, r3
100024e8:	d1f9      	bne.n	100024de <runtime_init+0x9a>
100024ea:	bd70      	pop	{r4, r5, r6, pc}
100024ec:	3408      	adds	r4, #8
100024ee:	f7fe fd27 	bl	10000f40 <mutex_init>
100024f2:	42b4      	cmp	r4, r6
100024f4:	d3d5      	bcc.n	100024a2 <runtime_init+0x5e>
100024f6:	e7dd      	b.n	100024b4 <runtime_init+0x70>
100024f8:	4000e000 	.word	0x4000e000
100024fc:	fefbcdbf 	.word	0xfefbcdbf
10002500:	003c7ffe 	.word	0x003c7ffe
10002504:	4000f000 	.word	0x4000f000
10002508:	4000c000 	.word	0x4000c000
1000250c:	20001788 	.word	0x20001788
10002510:	20001798 	.word	0x20001798
10002514:	01ffffff 	.word	0x01ffffff
10002518:	4001f000 	.word	0x4001f000
1000251c:	20001780 	.word	0x20001780
10002520:	20001788 	.word	0x20001788
10002524:	20000000 	.word	0x20000000
10002528:	e000ed00 	.word	0xe000ed00
1000252c:	20001798 	.word	0x20001798
10002530:	200017a0 	.word	0x200017a0

10002534 <_exit>:
10002534:	be00      	bkpt	0x0000
10002536:	e7fd      	b.n	10002534 <_exit>

10002538 <_sbrk>:
10002538:	4a09      	ldr	r2, [pc, #36]	; (10002560 <_sbrk+0x28>)
1000253a:	0003      	movs	r3, r0
1000253c:	6810      	ldr	r0, [r2, #0]
1000253e:	2800      	cmp	r0, #0
10002540:	d005      	beq.n	1000254e <_sbrk+0x16>
10002542:	4908      	ldr	r1, [pc, #32]	; (10002564 <_sbrk+0x2c>)
10002544:	18c3      	adds	r3, r0, r3
10002546:	428b      	cmp	r3, r1
10002548:	d807      	bhi.n	1000255a <_sbrk+0x22>
1000254a:	6013      	str	r3, [r2, #0]
1000254c:	4770      	bx	lr
1000254e:	4806      	ldr	r0, [pc, #24]	; (10002568 <_sbrk+0x30>)
10002550:	4904      	ldr	r1, [pc, #16]	; (10002564 <_sbrk+0x2c>)
10002552:	18c3      	adds	r3, r0, r3
10002554:	6010      	str	r0, [r2, #0]
10002556:	428b      	cmp	r3, r1
10002558:	d9f7      	bls.n	1000254a <_sbrk+0x12>
1000255a:	2001      	movs	r0, #1
1000255c:	4240      	negs	r0, r0
1000255e:	e7f5      	b.n	1000254c <_sbrk+0x14>
10002560:	20002164 	.word	0x20002164
10002564:	20040000 	.word	0x20040000
10002568:	200025f8 	.word	0x200025f8

1000256c <exit>:
1000256c:	b510      	push	{r4, lr}
1000256e:	f7ff ffe1 	bl	10002534 <_exit>
10002572:	46c0      	nop			; (mov r8, r8)

10002574 <panic>:
10002574:	b40f      	push	{r0, r1, r2, r3}
10002576:	b500      	push	{lr}
10002578:	4808      	ldr	r0, [pc, #32]	; (1000259c <panic+0x28>)
1000257a:	b083      	sub	sp, #12
1000257c:	f002 fcba 	bl	10004ef4 <__wrap_puts>
10002580:	9b04      	ldr	r3, [sp, #16]
10002582:	2b00      	cmp	r3, #0
10002584:	d007      	beq.n	10002596 <panic+0x22>
10002586:	a905      	add	r1, sp, #20
10002588:	0018      	movs	r0, r3
1000258a:	9101      	str	r1, [sp, #4]
1000258c:	f001 fb2c 	bl	10003be8 <weak_raw_vprintf>
10002590:	4803      	ldr	r0, [pc, #12]	; (100025a0 <panic+0x2c>)
10002592:	f002 fcaf 	bl	10004ef4 <__wrap_puts>
10002596:	2001      	movs	r0, #1
10002598:	f7ff ffcc 	bl	10002534 <_exit>
1000259c:	1000bd6c 	.word	0x1000bd6c
100025a0:	1000bd7c 	.word	0x1000bd7c

100025a4 <hard_assertion_failure>:
100025a4:	b510      	push	{r4, lr}
100025a6:	4801      	ldr	r0, [pc, #4]	; (100025ac <hard_assertion_failure+0x8>)
100025a8:	f7ff ffe4 	bl	10002574 <panic>
100025ac:	1000bd80 	.word	0x1000bd80

100025b0 <_out_buffer>:
100025b0:	429a      	cmp	r2, r3
100025b2:	d200      	bcs.n	100025b6 <_out_buffer+0x6>
100025b4:	5488      	strb	r0, [r1, r2]
100025b6:	4770      	bx	lr

100025b8 <_out_null>:
100025b8:	4770      	bx	lr
100025ba:	46c0      	nop			; (mov r8, r8)

100025bc <_out_rev>:
100025bc:	b5f8      	push	{r3, r4, r5, r6, r7, lr}
100025be:	4657      	mov	r7, sl
100025c0:	4645      	mov	r5, r8
100025c2:	46de      	mov	lr, fp
100025c4:	464e      	mov	r6, r9
100025c6:	b5e0      	push	{r5, r6, r7, lr}
100025c8:	4698      	mov	r8, r3
100025ca:	9b0a      	ldr	r3, [sp, #40]	; 0x28
100025cc:	0006      	movs	r6, r0
100025ce:	469a      	mov	sl, r3
100025d0:	9b0d      	ldr	r3, [sp, #52]	; 0x34
100025d2:	000f      	movs	r7, r1
100025d4:	4693      	mov	fp, r2
100025d6:	0015      	movs	r5, r2
100025d8:	079b      	lsls	r3, r3, #30
100025da:	d110      	bne.n	100025fe <_out_rev+0x42>
100025dc:	9b0b      	ldr	r3, [sp, #44]	; 0x2c
100025de:	9a0c      	ldr	r2, [sp, #48]	; 0x30
100025e0:	4293      	cmp	r3, r2
100025e2:	d20c      	bcs.n	100025fe <_out_rev+0x42>
100025e4:	0013      	movs	r3, r2
100025e6:	465c      	mov	r4, fp
100025e8:	9a0b      	ldr	r2, [sp, #44]	; 0x2c
100025ea:	1a9d      	subs	r5, r3, r2
100025ec:	445d      	add	r5, fp
100025ee:	0022      	movs	r2, r4
100025f0:	4643      	mov	r3, r8
100025f2:	3401      	adds	r4, #1
100025f4:	0039      	movs	r1, r7
100025f6:	2020      	movs	r0, #32
100025f8:	47b0      	blx	r6
100025fa:	42a5      	cmp	r5, r4
100025fc:	d1f7      	bne.n	100025ee <_out_rev+0x32>
100025fe:	9c0b      	ldr	r4, [sp, #44]	; 0x2c
10002600:	1963      	adds	r3, r4, r5
10002602:	2c00      	cmp	r4, #0
10002604:	d009      	beq.n	1000261a <_out_rev+0x5e>
10002606:	001d      	movs	r5, r3
10002608:	4653      	mov	r3, sl
1000260a:	1b2a      	subs	r2, r5, r4
1000260c:	3c01      	subs	r4, #1
1000260e:	5d18      	ldrb	r0, [r3, r4]
10002610:	0039      	movs	r1, r7
10002612:	4643      	mov	r3, r8
10002614:	47b0      	blx	r6
10002616:	2c00      	cmp	r4, #0
10002618:	d1f6      	bne.n	10002608 <_out_rev+0x4c>
1000261a:	9b0d      	ldr	r3, [sp, #52]	; 0x34
1000261c:	079b      	lsls	r3, r3, #30
1000261e:	d50e      	bpl.n	1000263e <_out_rev+0x82>
10002620:	465b      	mov	r3, fp
10002622:	1aec      	subs	r4, r5, r3
10002624:	9b0c      	ldr	r3, [sp, #48]	; 0x30
10002626:	42a3      	cmp	r3, r4
10002628:	d909      	bls.n	1000263e <_out_rev+0x82>
1000262a:	4699      	mov	r9, r3
1000262c:	002a      	movs	r2, r5
1000262e:	4643      	mov	r3, r8
10002630:	0039      	movs	r1, r7
10002632:	2020      	movs	r0, #32
10002634:	3401      	adds	r4, #1
10002636:	47b0      	blx	r6
10002638:	3501      	adds	r5, #1
1000263a:	45a1      	cmp	r9, r4
1000263c:	d8f6      	bhi.n	1000262c <_out_rev+0x70>
1000263e:	0028      	movs	r0, r5
10002640:	bcf0      	pop	{r4, r5, r6, r7}
10002642:	46bb      	mov	fp, r7
10002644:	46b2      	mov	sl, r6
10002646:	46a9      	mov	r9, r5
10002648:	46a0      	mov	r8, r4
1000264a:	bdf8      	pop	{r3, r4, r5, r6, r7, pc}

1000264c <_ntoa_format>:
1000264c:	b5f0      	push	{r4, r5, r6, r7, lr}
1000264e:	464f      	mov	r7, r9
10002650:	4646      	mov	r6, r8
10002652:	46d6      	mov	lr, sl
10002654:	b5c0      	push	{r6, r7, lr}
10002656:	b084      	sub	sp, #16
10002658:	4698      	mov	r8, r3
1000265a:	ab0e      	add	r3, sp, #56	; 0x38
1000265c:	781b      	ldrb	r3, [r3, #0]
1000265e:	4694      	mov	ip, r2
10002660:	4699      	mov	r9, r3
10002662:	9b12      	ldr	r3, [sp, #72]	; 0x48
10002664:	9c0d      	ldr	r4, [sp, #52]	; 0x34
10002666:	9f10      	ldr	r7, [sp, #64]	; 0x40
10002668:	9e11      	ldr	r6, [sp, #68]	; 0x44
1000266a:	079a      	lsls	r2, r3, #30
1000266c:	d424      	bmi.n	100026b8 <_ntoa_format+0x6c>
1000266e:	2e00      	cmp	r6, #0
10002670:	d16a      	bne.n	10002748 <_ntoa_format+0xfc>
10002672:	42bc      	cmp	r4, r7
10002674:	d220      	bcs.n	100026b8 <_ntoa_format+0x6c>
10002676:	2201      	movs	r2, #1
10002678:	401a      	ands	r2, r3
1000267a:	4692      	mov	sl, r2
1000267c:	2c20      	cmp	r4, #32
1000267e:	d100      	bne.n	10002682 <_ntoa_format+0x36>
10002680:	e0cb      	b.n	1000281a <_ntoa_format+0x1ce>
10002682:	9a0c      	ldr	r2, [sp, #48]	; 0x30
10002684:	1e55      	subs	r5, r2, #1
10002686:	2230      	movs	r2, #48	; 0x30
10002688:	e001      	b.n	1000268e <_ntoa_format+0x42>
1000268a:	2c20      	cmp	r4, #32
1000268c:	d030      	beq.n	100026f0 <_ntoa_format+0xa4>
1000268e:	3401      	adds	r4, #1
10002690:	552a      	strb	r2, [r5, r4]
10002692:	42a7      	cmp	r7, r4
10002694:	d8f9      	bhi.n	1000268a <_ntoa_format+0x3e>
10002696:	4652      	mov	r2, sl
10002698:	2a00      	cmp	r2, #0
1000269a:	d00d      	beq.n	100026b8 <_ntoa_format+0x6c>
1000269c:	42b4      	cmp	r4, r6
1000269e:	d20b      	bcs.n	100026b8 <_ntoa_format+0x6c>
100026a0:	9a0c      	ldr	r2, [sp, #48]	; 0x30
100026a2:	1e55      	subs	r5, r2, #1
100026a4:	2230      	movs	r2, #48	; 0x30
100026a6:	2c20      	cmp	r4, #32
100026a8:	d102      	bne.n	100026b0 <_ntoa_format+0x64>
100026aa:	e026      	b.n	100026fa <_ntoa_format+0xae>
100026ac:	2c20      	cmp	r4, #32
100026ae:	d061      	beq.n	10002774 <_ntoa_format+0x128>
100026b0:	3401      	adds	r4, #1
100026b2:	552a      	strb	r2, [r5, r4]
100026b4:	42b4      	cmp	r4, r6
100026b6:	d1f9      	bne.n	100026ac <_ntoa_format+0x60>
100026b8:	06da      	lsls	r2, r3, #27
100026ba:	d534      	bpl.n	10002726 <_ntoa_format+0xda>
100026bc:	055a      	lsls	r2, r3, #21
100026be:	d462      	bmi.n	10002786 <_ntoa_format+0x13a>
100026c0:	2c00      	cmp	r4, #0
100026c2:	d15c      	bne.n	1000277e <_ntoa_format+0x132>
100026c4:	9a0f      	ldr	r2, [sp, #60]	; 0x3c
100026c6:	2a10      	cmp	r2, #16
100026c8:	d100      	bne.n	100026cc <_ntoa_format+0x80>
100026ca:	e091      	b.n	100027f0 <_ntoa_format+0x1a4>
100026cc:	2a02      	cmp	r2, #2
100026ce:	d100      	bne.n	100026d2 <_ntoa_format+0x86>
100026d0:	e0a1      	b.n	10002816 <_ntoa_format+0x1ca>
100026d2:	2230      	movs	r2, #48	; 0x30
100026d4:	9c0c      	ldr	r4, [sp, #48]	; 0x30
100026d6:	7022      	strb	r2, [r4, #0]
100026d8:	2401      	movs	r4, #1
100026da:	464a      	mov	r2, r9
100026dc:	2a00      	cmp	r2, #0
100026de:	d15c      	bne.n	1000279a <_ntoa_format+0x14e>
100026e0:	075a      	lsls	r2, r3, #29
100026e2:	d400      	bmi.n	100026e6 <_ntoa_format+0x9a>
100026e4:	e07d      	b.n	100027e2 <_ntoa_format+0x196>
100026e6:	222b      	movs	r2, #43	; 0x2b
100026e8:	9d0c      	ldr	r5, [sp, #48]	; 0x30
100026ea:	552a      	strb	r2, [r5, r4]
100026ec:	3401      	adds	r4, #1
100026ee:	e01c      	b.n	1000272a <_ntoa_format+0xde>
100026f0:	4652      	mov	r2, sl
100026f2:	2a00      	cmp	r2, #0
100026f4:	d002      	beq.n	100026fc <_ntoa_format+0xb0>
100026f6:	2e20      	cmp	r6, #32
100026f8:	d93c      	bls.n	10002774 <_ntoa_format+0x128>
100026fa:	2420      	movs	r4, #32
100026fc:	06da      	lsls	r2, r3, #27
100026fe:	d514      	bpl.n	1000272a <_ntoa_format+0xde>
10002700:	055a      	lsls	r2, r3, #21
10002702:	d412      	bmi.n	1000272a <_ntoa_format+0xde>
10002704:	2f20      	cmp	r7, #32
10002706:	d100      	bne.n	1000270a <_ntoa_format+0xbe>
10002708:	e097      	b.n	1000283a <_ntoa_format+0x1ee>
1000270a:	2e20      	cmp	r6, #32
1000270c:	d13b      	bne.n	10002786 <_ntoa_format+0x13a>
1000270e:	2620      	movs	r6, #32
10002710:	221f      	movs	r2, #31
10002712:	0034      	movs	r4, r6
10002714:	9d0f      	ldr	r5, [sp, #60]	; 0x3c
10002716:	2d10      	cmp	r5, #16
10002718:	d100      	bne.n	1000271c <_ntoa_format+0xd0>
1000271a:	e081      	b.n	10002820 <_ntoa_format+0x1d4>
1000271c:	2d02      	cmp	r5, #2
1000271e:	d04c      	beq.n	100027ba <_ntoa_format+0x16e>
10002720:	2530      	movs	r5, #48	; 0x30
10002722:	9f0c      	ldr	r7, [sp, #48]	; 0x30
10002724:	54bd      	strb	r5, [r7, r2]
10002726:	2c20      	cmp	r4, #32
10002728:	d1d7      	bne.n	100026da <_ntoa_format+0x8e>
1000272a:	9303      	str	r3, [sp, #12]
1000272c:	9b0c      	ldr	r3, [sp, #48]	; 0x30
1000272e:	4662      	mov	r2, ip
10002730:	9300      	str	r3, [sp, #0]
10002732:	9602      	str	r6, [sp, #8]
10002734:	4643      	mov	r3, r8
10002736:	9401      	str	r4, [sp, #4]
10002738:	f7ff ff40 	bl	100025bc <_out_rev>
1000273c:	b004      	add	sp, #16
1000273e:	bce0      	pop	{r5, r6, r7}
10002740:	46ba      	mov	sl, r7
10002742:	46b1      	mov	r9, r6
10002744:	46a8      	mov	r8, r5
10002746:	bdf0      	pop	{r4, r5, r6, r7, pc}
10002748:	2201      	movs	r2, #1
1000274a:	0015      	movs	r5, r2
1000274c:	401d      	ands	r5, r3
1000274e:	46aa      	mov	sl, r5
10002750:	421a      	tst	r2, r3
10002752:	d027      	beq.n	100027a4 <_ntoa_format+0x158>
10002754:	464a      	mov	r2, r9
10002756:	2a00      	cmp	r2, #0
10002758:	d133      	bne.n	100027c2 <_ntoa_format+0x176>
1000275a:	320c      	adds	r2, #12
1000275c:	421a      	tst	r2, r3
1000275e:	d130      	bne.n	100027c2 <_ntoa_format+0x176>
10002760:	42bc      	cmp	r4, r7
10002762:	d29b      	bcs.n	1000269c <_ntoa_format+0x50>
10002764:	2c20      	cmp	r4, #32
10002766:	d000      	beq.n	1000276a <_ntoa_format+0x11e>
10002768:	e78b      	b.n	10002682 <_ntoa_format+0x36>
1000276a:	2e20      	cmp	r6, #32
1000276c:	d8c5      	bhi.n	100026fa <_ntoa_format+0xae>
1000276e:	06da      	lsls	r2, r3, #27
10002770:	d4a4      	bmi.n	100026bc <_ntoa_format+0x70>
10002772:	e7da      	b.n	1000272a <_ntoa_format+0xde>
10002774:	2420      	movs	r4, #32
10002776:	06da      	lsls	r2, r3, #27
10002778:	d5d7      	bpl.n	1000272a <_ntoa_format+0xde>
1000277a:	055a      	lsls	r2, r3, #21
1000277c:	d403      	bmi.n	10002786 <_ntoa_format+0x13a>
1000277e:	42a7      	cmp	r7, r4
10002780:	d021      	beq.n	100027c6 <_ntoa_format+0x17a>
10002782:	42b4      	cmp	r4, r6
10002784:	d01f      	beq.n	100027c6 <_ntoa_format+0x17a>
10002786:	9a0f      	ldr	r2, [sp, #60]	; 0x3c
10002788:	2a10      	cmp	r2, #16
1000278a:	d021      	beq.n	100027d0 <_ntoa_format+0x184>
1000278c:	2a02      	cmp	r2, #2
1000278e:	d010      	beq.n	100027b2 <_ntoa_format+0x166>
10002790:	2c20      	cmp	r4, #32
10002792:	d0ca      	beq.n	1000272a <_ntoa_format+0xde>
10002794:	0022      	movs	r2, r4
10002796:	3401      	adds	r4, #1
10002798:	e7c2      	b.n	10002720 <_ntoa_format+0xd4>
1000279a:	222d      	movs	r2, #45	; 0x2d
1000279c:	9d0c      	ldr	r5, [sp, #48]	; 0x30
1000279e:	552a      	strb	r2, [r5, r4]
100027a0:	3401      	adds	r4, #1
100027a2:	e7c2      	b.n	1000272a <_ntoa_format+0xde>
100027a4:	42bc      	cmp	r4, r7
100027a6:	d300      	bcc.n	100027aa <_ntoa_format+0x15e>
100027a8:	e786      	b.n	100026b8 <_ntoa_format+0x6c>
100027aa:	2c20      	cmp	r4, #32
100027ac:	d000      	beq.n	100027b0 <_ntoa_format+0x164>
100027ae:	e768      	b.n	10002682 <_ntoa_format+0x36>
100027b0:	e7e1      	b.n	10002776 <_ntoa_format+0x12a>
100027b2:	2c20      	cmp	r4, #32
100027b4:	d0b9      	beq.n	1000272a <_ntoa_format+0xde>
100027b6:	0022      	movs	r2, r4
100027b8:	3401      	adds	r4, #1
100027ba:	2562      	movs	r5, #98	; 0x62
100027bc:	9f0c      	ldr	r7, [sp, #48]	; 0x30
100027be:	54bd      	strb	r5, [r7, r2]
100027c0:	e7e6      	b.n	10002790 <_ntoa_format+0x144>
100027c2:	3e01      	subs	r6, #1
100027c4:	e7cc      	b.n	10002760 <_ntoa_format+0x114>
100027c6:	1e62      	subs	r2, r4, #1
100027c8:	2c01      	cmp	r4, #1
100027ca:	d100      	bne.n	100027ce <_ntoa_format+0x182>
100027cc:	e77a      	b.n	100026c4 <_ntoa_format+0x78>
100027ce:	e7a1      	b.n	10002714 <_ntoa_format+0xc8>
100027d0:	069a      	lsls	r2, r3, #26
100027d2:	d416      	bmi.n	10002802 <_ntoa_format+0x1b6>
100027d4:	2c20      	cmp	r4, #32
100027d6:	d0a8      	beq.n	1000272a <_ntoa_format+0xde>
100027d8:	2278      	movs	r2, #120	; 0x78
100027da:	9d0c      	ldr	r5, [sp, #48]	; 0x30
100027dc:	552a      	strb	r2, [r5, r4]
100027de:	3401      	adds	r4, #1
100027e0:	e7d6      	b.n	10002790 <_ntoa_format+0x144>
100027e2:	071a      	lsls	r2, r3, #28
100027e4:	d5a1      	bpl.n	1000272a <_ntoa_format+0xde>
100027e6:	2220      	movs	r2, #32
100027e8:	9d0c      	ldr	r5, [sp, #48]	; 0x30
100027ea:	552a      	strb	r2, [r5, r4]
100027ec:	3401      	adds	r4, #1
100027ee:	e79c      	b.n	1000272a <_ntoa_format+0xde>
100027f0:	069a      	lsls	r2, r3, #26
100027f2:	d40e      	bmi.n	10002812 <_ntoa_format+0x1c6>
100027f4:	2278      	movs	r2, #120	; 0x78
100027f6:	9c0c      	ldr	r4, [sp, #48]	; 0x30
100027f8:	7022      	strb	r2, [r4, #0]
100027fa:	2230      	movs	r2, #48	; 0x30
100027fc:	7062      	strb	r2, [r4, #1]
100027fe:	2402      	movs	r4, #2
10002800:	e76b      	b.n	100026da <_ntoa_format+0x8e>
10002802:	2c20      	cmp	r4, #32
10002804:	d091      	beq.n	1000272a <_ntoa_format+0xde>
10002806:	2558      	movs	r5, #88	; 0x58
10002808:	9a0c      	ldr	r2, [sp, #48]	; 0x30
1000280a:	1912      	adds	r2, r2, r4
1000280c:	7015      	strb	r5, [r2, #0]
1000280e:	3401      	adds	r4, #1
10002810:	e7be      	b.n	10002790 <_ntoa_format+0x144>
10002812:	2258      	movs	r2, #88	; 0x58
10002814:	e7ef      	b.n	100027f6 <_ntoa_format+0x1aa>
10002816:	2262      	movs	r2, #98	; 0x62
10002818:	e7ed      	b.n	100027f6 <_ntoa_format+0x1aa>
1000281a:	2a00      	cmp	r2, #0
1000281c:	d1a7      	bne.n	1000276e <_ntoa_format+0x122>
1000281e:	e7aa      	b.n	10002776 <_ntoa_format+0x12a>
10002820:	3c02      	subs	r4, #2
10002822:	069d      	lsls	r5, r3, #26
10002824:	d404      	bmi.n	10002830 <_ntoa_format+0x1e4>
10002826:	2578      	movs	r5, #120	; 0x78
10002828:	9f0c      	ldr	r7, [sp, #48]	; 0x30
1000282a:	553d      	strb	r5, [r7, r4]
1000282c:	0014      	movs	r4, r2
1000282e:	e7b1      	b.n	10002794 <_ntoa_format+0x148>
10002830:	2558      	movs	r5, #88	; 0x58
10002832:	9f0c      	ldr	r7, [sp, #48]	; 0x30
10002834:	553d      	strb	r5, [r7, r4]
10002836:	0014      	movs	r4, r2
10002838:	e7ac      	b.n	10002794 <_ntoa_format+0x148>
1000283a:	221f      	movs	r2, #31
1000283c:	e76a      	b.n	10002714 <_ntoa_format+0xc8>
1000283e:	46c0      	nop			; (mov r8, r8)

10002840 <_out_char>:
10002840:	b510      	push	{r4, lr}
10002842:	2800      	cmp	r0, #0
10002844:	d100      	bne.n	10002848 <_out_char+0x8>
10002846:	bd10      	pop	{r4, pc}
10002848:	f002 fb08 	bl	10004e5c <__wrap_putchar>
1000284c:	e7fb      	b.n	10002846 <_out_char+0x6>
1000284e:	46c0      	nop			; (mov r8, r8)

10002850 <_out_fct>:
10002850:	000b      	movs	r3, r1
10002852:	b510      	push	{r4, lr}
10002854:	2800      	cmp	r0, #0
10002856:	d002      	beq.n	1000285e <_out_fct+0xe>
10002858:	6849      	ldr	r1, [r1, #4]
1000285a:	681b      	ldr	r3, [r3, #0]
1000285c:	4798      	blx	r3
1000285e:	bd10      	pop	{r4, pc}

10002860 <_etoa>:
10002860:	b5f0      	push	{r4, r5, r6, r7, lr}
10002862:	4657      	mov	r7, sl
10002864:	464e      	mov	r6, r9
10002866:	4645      	mov	r5, r8
10002868:	46de      	mov	lr, fp
1000286a:	b5e0      	push	{r5, r6, r7, lr}
1000286c:	b099      	sub	sp, #100	; 0x64
1000286e:	4682      	mov	sl, r0
10002870:	4689      	mov	r9, r1
10002872:	4690      	mov	r8, r2
10002874:	9309      	str	r3, [sp, #36]	; 0x24
10002876:	9a22      	ldr	r2, [sp, #136]	; 0x88
10002878:	9b23      	ldr	r3, [sp, #140]	; 0x8c
1000287a:	0010      	movs	r0, r2
1000287c:	0019      	movs	r1, r3
1000287e:	f001 fcee 	bl	1000425e <__wrap___aeabi_dcmpun>
10002882:	2800      	cmp	r0, #0
10002884:	d000      	beq.n	10002888 <_etoa+0x28>
10002886:	e0c8      	b.n	10002a1a <_etoa+0x1ba>
10002888:	9822      	ldr	r0, [sp, #136]	; 0x88
1000288a:	9923      	ldr	r1, [sp, #140]	; 0x8c
1000288c:	2201      	movs	r2, #1
1000288e:	4bd5      	ldr	r3, [pc, #852]	; (10002be4 <_etoa+0x384>)
10002890:	4252      	negs	r2, r2
10002892:	f001 fcdf 	bl	10004254 <__wrap___aeabi_dcmpgt>
10002896:	2800      	cmp	r0, #0
10002898:	d000      	beq.n	1000289c <_etoa+0x3c>
1000289a:	e0be      	b.n	10002a1a <_etoa+0x1ba>
1000289c:	9822      	ldr	r0, [sp, #136]	; 0x88
1000289e:	9923      	ldr	r1, [sp, #140]	; 0x8c
100028a0:	2201      	movs	r2, #1
100028a2:	4bd1      	ldr	r3, [pc, #836]	; (10002be8 <_etoa+0x388>)
100028a4:	4252      	negs	r2, r2
100028a6:	f001 fcc7 	bl	10004238 <__wrap___aeabi_dcmplt>
100028aa:	2800      	cmp	r0, #0
100028ac:	d000      	beq.n	100028b0 <_etoa+0x50>
100028ae:	e0b4      	b.n	10002a1a <_etoa+0x1ba>
100028b0:	9822      	ldr	r0, [sp, #136]	; 0x88
100028b2:	9923      	ldr	r1, [sp, #140]	; 0x8c
100028b4:	2200      	movs	r2, #0
100028b6:	2300      	movs	r3, #0
100028b8:	f001 fcbe 	bl	10004238 <__wrap___aeabi_dcmplt>
100028bc:	2800      	cmp	r0, #0
100028be:	d000      	beq.n	100028c2 <_etoa+0x62>
100028c0:	e1e9      	b.n	10002c96 <_etoa+0x436>
100028c2:	9e22      	ldr	r6, [sp, #136]	; 0x88
100028c4:	9f23      	ldr	r7, [sp, #140]	; 0x8c
100028c6:	2380      	movs	r3, #128	; 0x80
100028c8:	9a26      	ldr	r2, [sp, #152]	; 0x98
100028ca:	00db      	lsls	r3, r3, #3
100028cc:	401a      	ands	r2, r3
100028ce:	920d      	str	r2, [sp, #52]	; 0x34
100028d0:	9a26      	ldr	r2, [sp, #152]	; 0x98
100028d2:	421a      	tst	r2, r3
100028d4:	d101      	bne.n	100028da <_etoa+0x7a>
100028d6:	2306      	movs	r3, #6
100028d8:	9324      	str	r3, [sp, #144]	; 0x90
100028da:	003b      	movs	r3, r7
100028dc:	4333      	orrs	r3, r6
100028de:	d000      	beq.n	100028e2 <_etoa+0x82>
100028e0:	e0b4      	b.n	10002a4c <_etoa+0x1ec>
100028e2:	9b26      	ldr	r3, [sp, #152]	; 0x98
100028e4:	051b      	lsls	r3, r3, #20
100028e6:	d500      	bpl.n	100028ea <_etoa+0x8a>
100028e8:	e1bf      	b.n	10002c6a <_etoa+0x40a>
100028ea:	2300      	movs	r3, #0
100028ec:	2400      	movs	r4, #0
100028ee:	930a      	str	r3, [sp, #40]	; 0x28
100028f0:	940b      	str	r4, [sp, #44]	; 0x2c
100028f2:	2300      	movs	r3, #0
100028f4:	2504      	movs	r5, #4
100028f6:	930c      	str	r3, [sp, #48]	; 0x30
100028f8:	9b25      	ldr	r3, [sp, #148]	; 0x94
100028fa:	2400      	movs	r4, #0
100028fc:	42ab      	cmp	r3, r5
100028fe:	d900      	bls.n	10002902 <_etoa+0xa2>
10002900:	1b5c      	subs	r4, r3, r5
10002902:	2302      	movs	r3, #2
10002904:	9a26      	ldr	r2, [sp, #152]	; 0x98
10002906:	401a      	ands	r2, r3
10002908:	920d      	str	r2, [sp, #52]	; 0x34
1000290a:	9a26      	ldr	r2, [sp, #152]	; 0x98
1000290c:	4213      	tst	r3, r2
1000290e:	d003      	beq.n	10002918 <_etoa+0xb8>
10002910:	426b      	negs	r3, r5
10002912:	416b      	adcs	r3, r5
10002914:	425b      	negs	r3, r3
10002916:	401c      	ands	r4, r3
10002918:	9b0c      	ldr	r3, [sp, #48]	; 0x30
1000291a:	2b00      	cmp	r3, #0
1000291c:	d007      	beq.n	1000292e <_etoa+0xce>
1000291e:	9a0a      	ldr	r2, [sp, #40]	; 0x28
10002920:	9b0b      	ldr	r3, [sp, #44]	; 0x2c
10002922:	0030      	movs	r0, r6
10002924:	0039      	movs	r1, r7
10002926:	f001 fc26 	bl	10004176 <__wrap___aeabi_ddiv>
1000292a:	0006      	movs	r6, r0
1000292c:	000f      	movs	r7, r1
1000292e:	9822      	ldr	r0, [sp, #136]	; 0x88
10002930:	9923      	ldr	r1, [sp, #140]	; 0x8c
10002932:	2200      	movs	r2, #0
10002934:	2300      	movs	r3, #0
10002936:	f001 fc7f 	bl	10004238 <__wrap___aeabi_dcmplt>
1000293a:	2800      	cmp	r0, #0
1000293c:	d003      	beq.n	10002946 <_etoa+0xe6>
1000293e:	2180      	movs	r1, #128	; 0x80
10002940:	0609      	lsls	r1, r1, #24
10002942:	187b      	adds	r3, r7, r1
10002944:	001f      	movs	r7, r3
10002946:	9a26      	ldr	r2, [sp, #152]	; 0x98
10002948:	4ba8      	ldr	r3, [pc, #672]	; (10002bec <_etoa+0x38c>)
1000294a:	9600      	str	r6, [sp, #0]
1000294c:	9701      	str	r7, [sp, #4]
1000294e:	4013      	ands	r3, r2
10002950:	9e09      	ldr	r6, [sp, #36]	; 0x24
10002952:	9304      	str	r3, [sp, #16]
10002954:	9b24      	ldr	r3, [sp, #144]	; 0x90
10002956:	9403      	str	r4, [sp, #12]
10002958:	9302      	str	r3, [sp, #8]
1000295a:	4642      	mov	r2, r8
1000295c:	0033      	movs	r3, r6
1000295e:	4649      	mov	r1, r9
10002960:	4650      	mov	r0, sl
10002962:	f000 f9a7 	bl	10002cb4 <_ftoa>
10002966:	0004      	movs	r4, r0
10002968:	2d00      	cmp	r5, #0
1000296a:	d067      	beq.n	10002a3c <_etoa+0x1dc>
1000296c:	2020      	movs	r0, #32
1000296e:	9a26      	ldr	r2, [sp, #152]	; 0x98
10002970:	4649      	mov	r1, r9
10002972:	4002      	ands	r2, r0
10002974:	0013      	movs	r3, r2
10002976:	425a      	negs	r2, r3
10002978:	4153      	adcs	r3, r2
1000297a:	425b      	negs	r3, r3
1000297c:	1c62      	adds	r2, r4, #1
1000297e:	4018      	ands	r0, r3
10002980:	920a      	str	r2, [sp, #40]	; 0x28
10002982:	0033      	movs	r3, r6
10002984:	0022      	movs	r2, r4
10002986:	3045      	adds	r0, #69	; 0x45
10002988:	47d0      	blx	sl
1000298a:	9a0c      	ldr	r2, [sp, #48]	; 0x30
1000298c:	1e6f      	subs	r7, r5, #1
1000298e:	17d3      	asrs	r3, r2, #31
10002990:	18d4      	adds	r4, r2, r3
10002992:	405c      	eors	r4, r3
10002994:	0fd3      	lsrs	r3, r2, #31
10002996:	469b      	mov	fp, r3
10002998:	2500      	movs	r5, #0
1000299a:	e001      	b.n	100029a0 <_etoa+0x140>
1000299c:	2d20      	cmp	r5, #32
1000299e:	d013      	beq.n	100029c8 <_etoa+0x168>
100029a0:	aa08      	add	r2, sp, #32
100029a2:	4694      	mov	ip, r2
100029a4:	231f      	movs	r3, #31
100029a6:	0020      	movs	r0, r4
100029a8:	4463      	add	r3, ip
100029aa:	210a      	movs	r1, #10
100029ac:	3501      	adds	r5, #1
100029ae:	195e      	adds	r6, r3, r5
100029b0:	f001 f994 	bl	10003cdc <__wrap___aeabi_uidiv>
100029b4:	3130      	adds	r1, #48	; 0x30
100029b6:	7031      	strb	r1, [r6, #0]
100029b8:	0020      	movs	r0, r4
100029ba:	210a      	movs	r1, #10
100029bc:	f001 f98e 	bl	10003cdc <__wrap___aeabi_uidiv>
100029c0:	0026      	movs	r6, r4
100029c2:	0004      	movs	r4, r0
100029c4:	2e09      	cmp	r6, #9
100029c6:	d8e9      	bhi.n	1000299c <_etoa+0x13c>
100029c8:	2305      	movs	r3, #5
100029ca:	9306      	str	r3, [sp, #24]
100029cc:	2300      	movs	r3, #0
100029ce:	9304      	str	r3, [sp, #16]
100029d0:	330a      	adds	r3, #10
100029d2:	9303      	str	r3, [sp, #12]
100029d4:	465b      	mov	r3, fp
100029d6:	9e09      	ldr	r6, [sp, #36]	; 0x24
100029d8:	9302      	str	r3, [sp, #8]
100029da:	ab10      	add	r3, sp, #64	; 0x40
100029dc:	9a0a      	ldr	r2, [sp, #40]	; 0x28
100029de:	9300      	str	r3, [sp, #0]
100029e0:	4649      	mov	r1, r9
100029e2:	0033      	movs	r3, r6
100029e4:	4650      	mov	r0, sl
100029e6:	9705      	str	r7, [sp, #20]
100029e8:	9501      	str	r5, [sp, #4]
100029ea:	f7ff fe2f 	bl	1000264c <_ntoa_format>
100029ee:	9a0d      	ldr	r2, [sp, #52]	; 0x34
100029f0:	0004      	movs	r4, r0
100029f2:	2a00      	cmp	r2, #0
100029f4:	d022      	beq.n	10002a3c <_etoa+0x1dc>
100029f6:	4642      	mov	r2, r8
100029f8:	1a85      	subs	r5, r0, r2
100029fa:	9a25      	ldr	r2, [sp, #148]	; 0x94
100029fc:	42aa      	cmp	r2, r5
100029fe:	d91d      	bls.n	10002a3c <_etoa+0x1dc>
10002a00:	46b0      	mov	r8, r6
10002a02:	4657      	mov	r7, sl
10002a04:	0016      	movs	r6, r2
10002a06:	0022      	movs	r2, r4
10002a08:	4643      	mov	r3, r8
10002a0a:	4649      	mov	r1, r9
10002a0c:	2020      	movs	r0, #32
10002a0e:	3501      	adds	r5, #1
10002a10:	47b8      	blx	r7
10002a12:	3401      	adds	r4, #1
10002a14:	42ae      	cmp	r6, r5
10002a16:	d8f6      	bhi.n	10002a06 <_etoa+0x1a6>
10002a18:	e010      	b.n	10002a3c <_etoa+0x1dc>
10002a1a:	9b26      	ldr	r3, [sp, #152]	; 0x98
10002a1c:	4642      	mov	r2, r8
10002a1e:	9304      	str	r3, [sp, #16]
10002a20:	9b25      	ldr	r3, [sp, #148]	; 0x94
10002a22:	4649      	mov	r1, r9
10002a24:	9303      	str	r3, [sp, #12]
10002a26:	9b24      	ldr	r3, [sp, #144]	; 0x90
10002a28:	4650      	mov	r0, sl
10002a2a:	9302      	str	r3, [sp, #8]
10002a2c:	9b22      	ldr	r3, [sp, #136]	; 0x88
10002a2e:	9c23      	ldr	r4, [sp, #140]	; 0x8c
10002a30:	9300      	str	r3, [sp, #0]
10002a32:	9401      	str	r4, [sp, #4]
10002a34:	9b09      	ldr	r3, [sp, #36]	; 0x24
10002a36:	f000 f93d 	bl	10002cb4 <_ftoa>
10002a3a:	0004      	movs	r4, r0
10002a3c:	0020      	movs	r0, r4
10002a3e:	b019      	add	sp, #100	; 0x64
10002a40:	bcf0      	pop	{r4, r5, r6, r7}
10002a42:	46bb      	mov	fp, r7
10002a44:	46b2      	mov	sl, r6
10002a46:	46a9      	mov	r9, r5
10002a48:	46a0      	mov	r8, r4
10002a4a:	bdf0      	pop	{r4, r5, r6, r7, pc}
10002a4c:	4b68      	ldr	r3, [pc, #416]	; (10002bf0 <_etoa+0x390>)
10002a4e:	0078      	lsls	r0, r7, #1
10002a50:	469c      	mov	ip, r3
10002a52:	0d40      	lsrs	r0, r0, #21
10002a54:	4460      	add	r0, ip
10002a56:	f001 fc15 	bl	10004284 <__wrap___aeabi_i2d>
10002a5a:	4a66      	ldr	r2, [pc, #408]	; (10002bf4 <_etoa+0x394>)
10002a5c:	4b66      	ldr	r3, [pc, #408]	; (10002bf8 <_etoa+0x398>)
10002a5e:	f001 fba8 	bl	100041b2 <__wrap___aeabi_dmul>
10002a62:	4a66      	ldr	r2, [pc, #408]	; (10002bfc <_etoa+0x39c>)
10002a64:	4b66      	ldr	r3, [pc, #408]	; (10002c00 <_etoa+0x3a0>)
10002a66:	f001 fb7d 	bl	10004164 <__wrap___aeabi_dadd>
10002a6a:	4a66      	ldr	r2, [pc, #408]	; (10002c04 <_etoa+0x3a4>)
10002a6c:	033b      	lsls	r3, r7, #12
10002a6e:	0b1b      	lsrs	r3, r3, #12
10002a70:	431a      	orrs	r2, r3
10002a72:	0004      	movs	r4, r0
10002a74:	000d      	movs	r5, r1
10002a76:	4b64      	ldr	r3, [pc, #400]	; (10002c08 <_etoa+0x3a8>)
10002a78:	0011      	movs	r1, r2
10002a7a:	0030      	movs	r0, r6
10002a7c:	2200      	movs	r2, #0
10002a7e:	f001 fb68 	bl	10004152 <__wrap___aeabi_dsub>
10002a82:	4a62      	ldr	r2, [pc, #392]	; (10002c0c <_etoa+0x3ac>)
10002a84:	4b62      	ldr	r3, [pc, #392]	; (10002c10 <_etoa+0x3b0>)
10002a86:	f001 fb94 	bl	100041b2 <__wrap___aeabi_dmul>
10002a8a:	0002      	movs	r2, r0
10002a8c:	000b      	movs	r3, r1
10002a8e:	0020      	movs	r0, r4
10002a90:	0029      	movs	r1, r5
10002a92:	f001 fb67 	bl	10004164 <__wrap___aeabi_dadd>
10002a96:	f001 fc0d 	bl	100042b4 <__wrap___aeabi_d2iz>
10002a9a:	900c      	str	r0, [sp, #48]	; 0x30
10002a9c:	f001 fbf2 	bl	10004284 <__wrap___aeabi_i2d>
10002aa0:	4a5c      	ldr	r2, [pc, #368]	; (10002c14 <_etoa+0x3b4>)
10002aa2:	4b5d      	ldr	r3, [pc, #372]	; (10002c18 <_etoa+0x3b8>)
10002aa4:	0004      	movs	r4, r0
10002aa6:	000d      	movs	r5, r1
10002aa8:	f001 fb83 	bl	100041b2 <__wrap___aeabi_dmul>
10002aac:	2200      	movs	r2, #0
10002aae:	4b5b      	ldr	r3, [pc, #364]	; (10002c1c <_etoa+0x3bc>)
10002ab0:	f001 fb58 	bl	10004164 <__wrap___aeabi_dadd>
10002ab4:	f001 fbfe 	bl	100042b4 <__wrap___aeabi_d2iz>
10002ab8:	4a59      	ldr	r2, [pc, #356]	; (10002c20 <_etoa+0x3c0>)
10002aba:	4683      	mov	fp, r0
10002abc:	4b59      	ldr	r3, [pc, #356]	; (10002c24 <_etoa+0x3c4>)
10002abe:	0020      	movs	r0, r4
10002ac0:	0029      	movs	r1, r5
10002ac2:	f001 fb76 	bl	100041b2 <__wrap___aeabi_dmul>
10002ac6:	0004      	movs	r4, r0
10002ac8:	4658      	mov	r0, fp
10002aca:	000d      	movs	r5, r1
10002acc:	f001 fbda 	bl	10004284 <__wrap___aeabi_i2d>
10002ad0:	4a55      	ldr	r2, [pc, #340]	; (10002c28 <_etoa+0x3c8>)
10002ad2:	4b56      	ldr	r3, [pc, #344]	; (10002c2c <_etoa+0x3cc>)
10002ad4:	f001 fb6d 	bl	100041b2 <__wrap___aeabi_dmul>
10002ad8:	0002      	movs	r2, r0
10002ada:	000b      	movs	r3, r1
10002adc:	0020      	movs	r0, r4
10002ade:	0029      	movs	r1, r5
10002ae0:	f001 fb37 	bl	10004152 <__wrap___aeabi_dsub>
10002ae4:	0002      	movs	r2, r0
10002ae6:	000b      	movs	r3, r1
10002ae8:	900a      	str	r0, [sp, #40]	; 0x28
10002aea:	910b      	str	r1, [sp, #44]	; 0x2c
10002aec:	f001 fb61 	bl	100041b2 <__wrap___aeabi_dmul>
10002af0:	0004      	movs	r4, r0
10002af2:	000d      	movs	r5, r1
10002af4:	980a      	ldr	r0, [sp, #40]	; 0x28
10002af6:	990b      	ldr	r1, [sp, #44]	; 0x2c
10002af8:	0002      	movs	r2, r0
10002afa:	000b      	movs	r3, r1
10002afc:	f001 fb32 	bl	10004164 <__wrap___aeabi_dadd>
10002b00:	2200      	movs	r2, #0
10002b02:	900e      	str	r0, [sp, #56]	; 0x38
10002b04:	910f      	str	r1, [sp, #60]	; 0x3c
10002b06:	4b4a      	ldr	r3, [pc, #296]	; (10002c30 <_etoa+0x3d0>)
10002b08:	0020      	movs	r0, r4
10002b0a:	0029      	movs	r1, r5
10002b0c:	f001 fb33 	bl	10004176 <__wrap___aeabi_ddiv>
10002b10:	2200      	movs	r2, #0
10002b12:	4b48      	ldr	r3, [pc, #288]	; (10002c34 <_etoa+0x3d4>)
10002b14:	f001 fb26 	bl	10004164 <__wrap___aeabi_dadd>
10002b18:	0002      	movs	r2, r0
10002b1a:	000b      	movs	r3, r1
10002b1c:	0020      	movs	r0, r4
10002b1e:	0029      	movs	r1, r5
10002b20:	f001 fb29 	bl	10004176 <__wrap___aeabi_ddiv>
10002b24:	2200      	movs	r2, #0
10002b26:	4b44      	ldr	r3, [pc, #272]	; (10002c38 <_etoa+0x3d8>)
10002b28:	f001 fb1c 	bl	10004164 <__wrap___aeabi_dadd>
10002b2c:	0002      	movs	r2, r0
10002b2e:	000b      	movs	r3, r1
10002b30:	0020      	movs	r0, r4
10002b32:	0029      	movs	r1, r5
10002b34:	f001 fb1f 	bl	10004176 <__wrap___aeabi_ddiv>
10002b38:	9a0a      	ldr	r2, [sp, #40]	; 0x28
10002b3a:	9b0b      	ldr	r3, [sp, #44]	; 0x2c
10002b3c:	000d      	movs	r5, r1
10002b3e:	2180      	movs	r1, #128	; 0x80
10002b40:	0004      	movs	r4, r0
10002b42:	05c9      	lsls	r1, r1, #23
10002b44:	2000      	movs	r0, #0
10002b46:	f001 fb04 	bl	10004152 <__wrap___aeabi_dsub>
10002b4a:	0002      	movs	r2, r0
10002b4c:	000b      	movs	r3, r1
10002b4e:	0020      	movs	r0, r4
10002b50:	0029      	movs	r1, r5
10002b52:	f001 fb07 	bl	10004164 <__wrap___aeabi_dadd>
10002b56:	4c39      	ldr	r4, [pc, #228]	; (10002c3c <_etoa+0x3dc>)
10002b58:	0002      	movs	r2, r0
10002b5a:	000b      	movs	r3, r1
10002b5c:	980e      	ldr	r0, [sp, #56]	; 0x38
10002b5e:	990f      	ldr	r1, [sp, #60]	; 0x3c
10002b60:	f001 fb09 	bl	10004176 <__wrap___aeabi_ddiv>
10002b64:	445c      	add	r4, fp
10002b66:	2200      	movs	r2, #0
10002b68:	4b26      	ldr	r3, [pc, #152]	; (10002c04 <_etoa+0x3a4>)
10002b6a:	f001 fafb 	bl	10004164 <__wrap___aeabi_dadd>
10002b6e:	0523      	lsls	r3, r4, #20
10002b70:	2200      	movs	r2, #0
10002b72:	f001 fb1e 	bl	100041b2 <__wrap___aeabi_dmul>
10002b76:	0004      	movs	r4, r0
10002b78:	000d      	movs	r5, r1
10002b7a:	0002      	movs	r2, r0
10002b7c:	000b      	movs	r3, r1
10002b7e:	0030      	movs	r0, r6
10002b80:	0039      	movs	r1, r7
10002b82:	940a      	str	r4, [sp, #40]	; 0x28
10002b84:	950b      	str	r5, [sp, #44]	; 0x2c
10002b86:	f001 fb57 	bl	10004238 <__wrap___aeabi_dcmplt>
10002b8a:	2800      	cmp	r0, #0
10002b8c:	d15e      	bne.n	10002c4c <_etoa+0x3ec>
10002b8e:	0023      	movs	r3, r4
10002b90:	002a      	movs	r2, r5
10002b92:	25c6      	movs	r5, #198	; 0xc6
10002b94:	990c      	ldr	r1, [sp, #48]	; 0x30
10002b96:	3163      	adds	r1, #99	; 0x63
10002b98:	428d      	cmp	r5, r1
10002b9a:	41ad      	sbcs	r5, r5
10002b9c:	9926      	ldr	r1, [sp, #152]	; 0x98
10002b9e:	426d      	negs	r5, r5
10002ba0:	3504      	adds	r5, #4
10002ba2:	0509      	lsls	r1, r1, #20
10002ba4:	d400      	bmi.n	10002ba8 <_etoa+0x348>
10002ba6:	e6a7      	b.n	100028f8 <_etoa+0x98>
10002ba8:	4313      	orrs	r3, r2
10002baa:	d064      	beq.n	10002c76 <_etoa+0x416>
10002bac:	0030      	movs	r0, r6
10002bae:	0039      	movs	r1, r7
10002bb0:	4a23      	ldr	r2, [pc, #140]	; (10002c40 <_etoa+0x3e0>)
10002bb2:	4b24      	ldr	r3, [pc, #144]	; (10002c44 <_etoa+0x3e4>)
10002bb4:	f001 fb46 	bl	10004244 <__wrap___aeabi_dcmpge>
10002bb8:	2800      	cmp	r0, #0
10002bba:	d007      	beq.n	10002bcc <_etoa+0x36c>
10002bbc:	2200      	movs	r2, #0
10002bbe:	0030      	movs	r0, r6
10002bc0:	0039      	movs	r1, r7
10002bc2:	4b21      	ldr	r3, [pc, #132]	; (10002c48 <_etoa+0x3e8>)
10002bc4:	f001 fb38 	bl	10004238 <__wrap___aeabi_dcmplt>
10002bc8:	2800      	cmp	r0, #0
10002bca:	d154      	bne.n	10002c76 <_etoa+0x416>
10002bcc:	9b24      	ldr	r3, [sp, #144]	; 0x90
10002bce:	2b00      	cmp	r3, #0
10002bd0:	d100      	bne.n	10002bd4 <_etoa+0x374>
10002bd2:	e691      	b.n	100028f8 <_etoa+0x98>
10002bd4:	9b0d      	ldr	r3, [sp, #52]	; 0x34
10002bd6:	1e5a      	subs	r2, r3, #1
10002bd8:	4193      	sbcs	r3, r2
10002bda:	9a24      	ldr	r2, [sp, #144]	; 0x90
10002bdc:	1ad3      	subs	r3, r2, r3
10002bde:	9324      	str	r3, [sp, #144]	; 0x90
10002be0:	e68a      	b.n	100028f8 <_etoa+0x98>
10002be2:	46c0      	nop			; (mov r8, r8)
10002be4:	7fefffff 	.word	0x7fefffff
10002be8:	ffefffff 	.word	0xffefffff
10002bec:	fffff7ff 	.word	0xfffff7ff
10002bf0:	fffffc01 	.word	0xfffffc01
10002bf4:	509f79fb 	.word	0x509f79fb
10002bf8:	3fd34413 	.word	0x3fd34413
10002bfc:	8b60c8b3 	.word	0x8b60c8b3
10002c00:	3fc68a28 	.word	0x3fc68a28
10002c04:	3ff00000 	.word	0x3ff00000
10002c08:	3ff80000 	.word	0x3ff80000
10002c0c:	636f4361 	.word	0x636f4361
10002c10:	3fd287a7 	.word	0x3fd287a7
10002c14:	0979a371 	.word	0x0979a371
10002c18:	400a934f 	.word	0x400a934f
10002c1c:	3fe00000 	.word	0x3fe00000
10002c20:	bbb55516 	.word	0xbbb55516
10002c24:	40026bb1 	.word	0x40026bb1
10002c28:	fefa39ef 	.word	0xfefa39ef
10002c2c:	3fe62e42 	.word	0x3fe62e42
10002c30:	402c0000 	.word	0x402c0000
10002c34:	40240000 	.word	0x40240000
10002c38:	40180000 	.word	0x40180000
10002c3c:	000003ff 	.word	0x000003ff
10002c40:	eb1c432d 	.word	0xeb1c432d
10002c44:	3f1a36e2 	.word	0x3f1a36e2
10002c48:	412e8480 	.word	0x412e8480
10002c4c:	9b0c      	ldr	r3, [sp, #48]	; 0x30
10002c4e:	2200      	movs	r2, #0
10002c50:	3b01      	subs	r3, #1
10002c52:	930c      	str	r3, [sp, #48]	; 0x30
10002c54:	0020      	movs	r0, r4
10002c56:	4b16      	ldr	r3, [pc, #88]	; (10002cb0 <_etoa+0x450>)
10002c58:	0029      	movs	r1, r5
10002c5a:	f001 fa8c 	bl	10004176 <__wrap___aeabi_ddiv>
10002c5e:	000a      	movs	r2, r1
10002c60:	0001      	movs	r1, r0
10002c62:	0003      	movs	r3, r0
10002c64:	910a      	str	r1, [sp, #40]	; 0x28
10002c66:	920b      	str	r2, [sp, #44]	; 0x2c
10002c68:	e793      	b.n	10002b92 <_etoa+0x332>
10002c6a:	2300      	movs	r3, #0
10002c6c:	2400      	movs	r4, #0
10002c6e:	930a      	str	r3, [sp, #40]	; 0x28
10002c70:	940b      	str	r4, [sp, #44]	; 0x2c
10002c72:	2300      	movs	r3, #0
10002c74:	930c      	str	r3, [sp, #48]	; 0x30
10002c76:	9a24      	ldr	r2, [sp, #144]	; 0x90
10002c78:	9b0c      	ldr	r3, [sp, #48]	; 0x30
10002c7a:	429a      	cmp	r2, r3
10002c7c:	dd14      	ble.n	10002ca8 <_etoa+0x448>
10002c7e:	1ad3      	subs	r3, r2, r3
10002c80:	3b01      	subs	r3, #1
10002c82:	9324      	str	r3, [sp, #144]	; 0x90
10002c84:	2380      	movs	r3, #128	; 0x80
10002c86:	9a26      	ldr	r2, [sp, #152]	; 0x98
10002c88:	00db      	lsls	r3, r3, #3
10002c8a:	431a      	orrs	r2, r3
10002c8c:	2300      	movs	r3, #0
10002c8e:	2500      	movs	r5, #0
10002c90:	9226      	str	r2, [sp, #152]	; 0x98
10002c92:	930c      	str	r3, [sp, #48]	; 0x30
10002c94:	e630      	b.n	100028f8 <_etoa+0x98>
10002c96:	2280      	movs	r2, #128	; 0x80
10002c98:	0612      	lsls	r2, r2, #24
10002c9a:	4694      	mov	ip, r2
10002c9c:	9b22      	ldr	r3, [sp, #136]	; 0x88
10002c9e:	001e      	movs	r6, r3
10002ca0:	9b23      	ldr	r3, [sp, #140]	; 0x8c
10002ca2:	4463      	add	r3, ip
10002ca4:	001f      	movs	r7, r3
10002ca6:	e60e      	b.n	100028c6 <_etoa+0x66>
10002ca8:	2300      	movs	r3, #0
10002caa:	9324      	str	r3, [sp, #144]	; 0x90
10002cac:	e7ea      	b.n	10002c84 <_etoa+0x424>
10002cae:	46c0      	nop			; (mov r8, r8)
10002cb0:	40240000 	.word	0x40240000

10002cb4 <_ftoa>:
10002cb4:	b5f0      	push	{r4, r5, r6, r7, lr}
10002cb6:	4645      	mov	r5, r8
10002cb8:	46de      	mov	lr, fp
10002cba:	464e      	mov	r6, r9
10002cbc:	4657      	mov	r7, sl
10002cbe:	b5e0      	push	{r5, r6, r7, lr}
10002cc0:	b095      	sub	sp, #84	; 0x54
10002cc2:	468b      	mov	fp, r1
10002cc4:	4690      	mov	r8, r2
10002cc6:	4699      	mov	r9, r3
10002cc8:	9a1e      	ldr	r2, [sp, #120]	; 0x78
10002cca:	9b1f      	ldr	r3, [sp, #124]	; 0x7c
10002ccc:	900a      	str	r0, [sp, #40]	; 0x28
10002cce:	0019      	movs	r1, r3
10002cd0:	0010      	movs	r0, r2
10002cd2:	9d20      	ldr	r5, [sp, #128]	; 0x80
10002cd4:	f001 fac3 	bl	1000425e <__wrap___aeabi_dcmpun>
10002cd8:	2800      	cmp	r0, #0
10002cda:	d000      	beq.n	10002cde <_ftoa+0x2a>
10002cdc:	e1b0      	b.n	10003040 <_ftoa+0x38c>
10002cde:	981e      	ldr	r0, [sp, #120]	; 0x78
10002ce0:	991f      	ldr	r1, [sp, #124]	; 0x7c
10002ce2:	2201      	movs	r2, #1
10002ce4:	4bc7      	ldr	r3, [pc, #796]	; (10003004 <_ftoa+0x350>)
10002ce6:	4252      	negs	r2, r2
10002ce8:	f001 faa6 	bl	10004238 <__wrap___aeabi_dcmplt>
10002cec:	2800      	cmp	r0, #0
10002cee:	d000      	beq.n	10002cf2 <_ftoa+0x3e>
10002cf0:	e137      	b.n	10002f62 <_ftoa+0x2ae>
10002cf2:	981e      	ldr	r0, [sp, #120]	; 0x78
10002cf4:	991f      	ldr	r1, [sp, #124]	; 0x7c
10002cf6:	2201      	movs	r2, #1
10002cf8:	4bc3      	ldr	r3, [pc, #780]	; (10003008 <_ftoa+0x354>)
10002cfa:	4252      	negs	r2, r2
10002cfc:	f001 faaa 	bl	10004254 <__wrap___aeabi_dcmpgt>
10002d00:	2800      	cmp	r0, #0
10002d02:	d000      	beq.n	10002d06 <_ftoa+0x52>
10002d04:	e0a7      	b.n	10002e56 <_ftoa+0x1a2>
10002d06:	981e      	ldr	r0, [sp, #120]	; 0x78
10002d08:	991f      	ldr	r1, [sp, #124]	; 0x7c
10002d0a:	2200      	movs	r2, #0
10002d0c:	4bbf      	ldr	r3, [pc, #764]	; (1000300c <_ftoa+0x358>)
10002d0e:	f001 faa1 	bl	10004254 <__wrap___aeabi_dcmpgt>
10002d12:	2800      	cmp	r0, #0
10002d14:	d000      	beq.n	10002d18 <_ftoa+0x64>
10002d16:	e088      	b.n	10002e2a <_ftoa+0x176>
10002d18:	981e      	ldr	r0, [sp, #120]	; 0x78
10002d1a:	991f      	ldr	r1, [sp, #124]	; 0x7c
10002d1c:	2200      	movs	r2, #0
10002d1e:	4bbc      	ldr	r3, [pc, #752]	; (10003010 <_ftoa+0x35c>)
10002d20:	f001 fa8a 	bl	10004238 <__wrap___aeabi_dcmplt>
10002d24:	2800      	cmp	r0, #0
10002d26:	d000      	beq.n	10002d2a <_ftoa+0x76>
10002d28:	e07f      	b.n	10002e2a <_ftoa+0x176>
10002d2a:	981e      	ldr	r0, [sp, #120]	; 0x78
10002d2c:	991f      	ldr	r1, [sp, #124]	; 0x7c
10002d2e:	2200      	movs	r2, #0
10002d30:	2300      	movs	r3, #0
10002d32:	f001 fa81 	bl	10004238 <__wrap___aeabi_dcmplt>
10002d36:	2800      	cmp	r0, #0
10002d38:	d000      	beq.n	10002d3c <_ftoa+0x88>
10002d3a:	e0fa      	b.n	10002f32 <_ftoa+0x27e>
10002d3c:	2300      	movs	r3, #0
10002d3e:	930b      	str	r3, [sp, #44]	; 0x2c
10002d40:	2380      	movs	r3, #128	; 0x80
10002d42:	9c22      	ldr	r4, [sp, #136]	; 0x88
10002d44:	9a22      	ldr	r2, [sp, #136]	; 0x88
10002d46:	00db      	lsls	r3, r3, #3
10002d48:	401c      	ands	r4, r3
10002d4a:	421a      	tst	r2, r3
10002d4c:	d100      	bne.n	10002d50 <_ftoa+0x9c>
10002d4e:	e102      	b.n	10002f56 <_ftoa+0x2a2>
10002d50:	2d09      	cmp	r5, #9
10002d52:	d800      	bhi.n	10002d56 <_ftoa+0xa2>
10002d54:	e17e      	b.n	10003054 <_ftoa+0x3a0>
10002d56:	a906      	add	r1, sp, #24
10002d58:	468c      	mov	ip, r1
10002d5a:	002c      	movs	r4, r5
10002d5c:	2217      	movs	r2, #23
10002d5e:	2300      	movs	r3, #0
10002d60:	2130      	movs	r1, #48	; 0x30
10002d62:	3c09      	subs	r4, #9
10002d64:	4462      	add	r2, ip
10002d66:	3301      	adds	r3, #1
10002d68:	54d1      	strb	r1, [r2, r3]
10002d6a:	1aef      	subs	r7, r5, r3
10002d6c:	2b20      	cmp	r3, #32
10002d6e:	d100      	bne.n	10002d72 <_ftoa+0xbe>
10002d70:	e132      	b.n	10002fd8 <_ftoa+0x324>
10002d72:	42a3      	cmp	r3, r4
10002d74:	d1f7      	bne.n	10002d66 <_ftoa+0xb2>
10002d76:	2200      	movs	r2, #0
10002d78:	4ba4      	ldr	r3, [pc, #656]	; (1000300c <_ftoa+0x358>)
10002d7a:	9206      	str	r2, [sp, #24]
10002d7c:	9307      	str	r3, [sp, #28]
10002d7e:	981e      	ldr	r0, [sp, #120]	; 0x78
10002d80:	991f      	ldr	r1, [sp, #124]	; 0x7c
10002d82:	f001 fa97 	bl	100042b4 <__wrap___aeabi_d2iz>
10002d86:	0005      	movs	r5, r0
10002d88:	f001 fa7c 	bl	10004284 <__wrap___aeabi_i2d>
10002d8c:	0002      	movs	r2, r0
10002d8e:	000b      	movs	r3, r1
10002d90:	981e      	ldr	r0, [sp, #120]	; 0x78
10002d92:	991f      	ldr	r1, [sp, #124]	; 0x7c
10002d94:	f001 f9dd 	bl	10004152 <__wrap___aeabi_dsub>
10002d98:	9a06      	ldr	r2, [sp, #24]
10002d9a:	9b07      	ldr	r3, [sp, #28]
10002d9c:	f001 fa09 	bl	100041b2 <__wrap___aeabi_dmul>
10002da0:	9008      	str	r0, [sp, #32]
10002da2:	9109      	str	r1, [sp, #36]	; 0x24
10002da4:	f001 faaa 	bl	100042fc <__wrap___aeabi_d2uiz>
10002da8:	0006      	movs	r6, r0
10002daa:	f001 fa67 	bl	1000427c <__wrap___aeabi_ui2d>
10002dae:	0002      	movs	r2, r0
10002db0:	000b      	movs	r3, r1
10002db2:	9808      	ldr	r0, [sp, #32]
10002db4:	9909      	ldr	r1, [sp, #36]	; 0x24
10002db6:	f001 f9cc 	bl	10004152 <__wrap___aeabi_dsub>
10002dba:	2200      	movs	r2, #0
10002dbc:	4b95      	ldr	r3, [pc, #596]	; (10003014 <_ftoa+0x360>)
10002dbe:	9008      	str	r0, [sp, #32]
10002dc0:	9109      	str	r1, [sp, #36]	; 0x24
10002dc2:	f001 fa47 	bl	10004254 <__wrap___aeabi_dcmpgt>
10002dc6:	2800      	cmp	r0, #0
10002dc8:	d100      	bne.n	10002dcc <_ftoa+0x118>
10002dca:	e0d2      	b.n	10002f72 <_ftoa+0x2be>
10002dcc:	3601      	adds	r6, #1
10002dce:	0030      	movs	r0, r6
10002dd0:	f001 fa54 	bl	1000427c <__wrap___aeabi_ui2d>
10002dd4:	9a06      	ldr	r2, [sp, #24]
10002dd6:	9b07      	ldr	r3, [sp, #28]
10002dd8:	f001 fa34 	bl	10004244 <__wrap___aeabi_dcmpge>
10002ddc:	2800      	cmp	r0, #0
10002dde:	d001      	beq.n	10002de4 <_ftoa+0x130>
10002de0:	2600      	movs	r6, #0
10002de2:	3501      	adds	r5, #1
10002de4:	46aa      	mov	sl, r5
10002de6:	2f00      	cmp	r7, #0
10002de8:	d000      	beq.n	10002dec <_ftoa+0x138>
10002dea:	e098      	b.n	10002f1e <_ftoa+0x26a>
10002dec:	0028      	movs	r0, r5
10002dee:	f001 fa49 	bl	10004284 <__wrap___aeabi_i2d>
10002df2:	0002      	movs	r2, r0
10002df4:	000b      	movs	r3, r1
10002df6:	981e      	ldr	r0, [sp, #120]	; 0x78
10002df8:	991f      	ldr	r1, [sp, #124]	; 0x7c
10002dfa:	f001 f9aa 	bl	10004152 <__wrap___aeabi_dsub>
10002dfe:	4b85      	ldr	r3, [pc, #532]	; (10003014 <_ftoa+0x360>)
10002e00:	2200      	movs	r2, #0
10002e02:	0006      	movs	r6, r0
10002e04:	000f      	movs	r7, r1
10002e06:	f001 fa17 	bl	10004238 <__wrap___aeabi_dcmplt>
10002e0a:	ab0c      	add	r3, sp, #48	; 0x30
10002e0c:	469a      	mov	sl, r3
10002e0e:	2800      	cmp	r0, #0
10002e10:	d145      	bne.n	10002e9e <_ftoa+0x1ea>
10002e12:	2200      	movs	r2, #0
10002e14:	0030      	movs	r0, r6
10002e16:	0039      	movs	r1, r7
10002e18:	4b7e      	ldr	r3, [pc, #504]	; (10003014 <_ftoa+0x360>)
10002e1a:	f001 fa1b 	bl	10004254 <__wrap___aeabi_dcmpgt>
10002e1e:	2800      	cmp	r0, #0
10002e20:	d13d      	bne.n	10002e9e <_ftoa+0x1ea>
10002e22:	07eb      	lsls	r3, r5, #31
10002e24:	d53b      	bpl.n	10002e9e <_ftoa+0x1ea>
10002e26:	3501      	adds	r5, #1
10002e28:	e039      	b.n	10002e9e <_ftoa+0x1ea>
10002e2a:	9b22      	ldr	r3, [sp, #136]	; 0x88
10002e2c:	4642      	mov	r2, r8
10002e2e:	9304      	str	r3, [sp, #16]
10002e30:	9b21      	ldr	r3, [sp, #132]	; 0x84
10002e32:	4659      	mov	r1, fp
10002e34:	9303      	str	r3, [sp, #12]
10002e36:	980a      	ldr	r0, [sp, #40]	; 0x28
10002e38:	9b1e      	ldr	r3, [sp, #120]	; 0x78
10002e3a:	9c1f      	ldr	r4, [sp, #124]	; 0x7c
10002e3c:	9502      	str	r5, [sp, #8]
10002e3e:	9300      	str	r3, [sp, #0]
10002e40:	9401      	str	r4, [sp, #4]
10002e42:	464b      	mov	r3, r9
10002e44:	f7ff fd0c 	bl	10002860 <_etoa>
10002e48:	b015      	add	sp, #84	; 0x54
10002e4a:	bcf0      	pop	{r4, r5, r6, r7}
10002e4c:	46bb      	mov	fp, r7
10002e4e:	46b2      	mov	sl, r6
10002e50:	46a9      	mov	r9, r5
10002e52:	46a0      	mov	r8, r4
10002e54:	bdf0      	pop	{r4, r5, r6, r7, pc}
10002e56:	9b22      	ldr	r3, [sp, #136]	; 0x88
10002e58:	075b      	lsls	r3, r3, #29
10002e5a:	d467      	bmi.n	10002f2c <_ftoa+0x278>
10002e5c:	2203      	movs	r2, #3
10002e5e:	4b6e      	ldr	r3, [pc, #440]	; (10003018 <_ftoa+0x364>)
10002e60:	9922      	ldr	r1, [sp, #136]	; 0x88
10002e62:	9201      	str	r2, [sp, #4]
10002e64:	9103      	str	r1, [sp, #12]
10002e66:	9921      	ldr	r1, [sp, #132]	; 0x84
10002e68:	9102      	str	r1, [sp, #8]
10002e6a:	9300      	str	r3, [sp, #0]
10002e6c:	4642      	mov	r2, r8
10002e6e:	464b      	mov	r3, r9
10002e70:	4659      	mov	r1, fp
10002e72:	980a      	ldr	r0, [sp, #40]	; 0x28
10002e74:	f7ff fba2 	bl	100025bc <_out_rev>
10002e78:	e7e6      	b.n	10002e48 <_ftoa+0x194>
10002e7a:	aa06      	add	r2, sp, #24
10002e7c:	4694      	mov	ip, r2
10002e7e:	2317      	movs	r3, #23
10002e80:	0028      	movs	r0, r5
10002e82:	4463      	add	r3, ip
10002e84:	210a      	movs	r1, #10
10002e86:	3401      	adds	r4, #1
10002e88:	191e      	adds	r6, r3, r4
10002e8a:	f000 feff 	bl	10003c8c <__wrap___aeabi_idiv>
10002e8e:	3130      	adds	r1, #48	; 0x30
10002e90:	0028      	movs	r0, r5
10002e92:	7031      	strb	r1, [r6, #0]
10002e94:	210a      	movs	r1, #10
10002e96:	f000 fef9 	bl	10003c8c <__wrap___aeabi_idiv>
10002e9a:	1e05      	subs	r5, r0, #0
10002e9c:	d076      	beq.n	10002f8c <_ftoa+0x2d8>
10002e9e:	2c20      	cmp	r4, #32
10002ea0:	d1eb      	bne.n	10002e7a <_ftoa+0x1c6>
10002ea2:	2303      	movs	r3, #3
10002ea4:	9a22      	ldr	r2, [sp, #136]	; 0x88
10002ea6:	4013      	ands	r3, r2
10002ea8:	2b01      	cmp	r3, #1
10002eaa:	d11d      	bne.n	10002ee8 <_ftoa+0x234>
10002eac:	9b21      	ldr	r3, [sp, #132]	; 0x84
10002eae:	2b00      	cmp	r3, #0
10002eb0:	d01a      	beq.n	10002ee8 <_ftoa+0x234>
10002eb2:	9b0b      	ldr	r3, [sp, #44]	; 0x2c
10002eb4:	2b00      	cmp	r3, #0
10002eb6:	d000      	beq.n	10002eba <_ftoa+0x206>
10002eb8:	e0bb      	b.n	10003032 <_ftoa+0x37e>
10002eba:	9a22      	ldr	r2, [sp, #136]	; 0x88
10002ebc:	330c      	adds	r3, #12
10002ebe:	4213      	tst	r3, r2
10002ec0:	d000      	beq.n	10002ec4 <_ftoa+0x210>
10002ec2:	e0b6      	b.n	10003032 <_ftoa+0x37e>
10002ec4:	9b21      	ldr	r3, [sp, #132]	; 0x84
10002ec6:	42a3      	cmp	r3, r4
10002ec8:	d800      	bhi.n	10002ecc <_ftoa+0x218>
10002eca:	e087      	b.n	10002fdc <_ftoa+0x328>
10002ecc:	ab06      	add	r3, sp, #24
10002ece:	469c      	mov	ip, r3
10002ed0:	2217      	movs	r2, #23
10002ed2:	2330      	movs	r3, #48	; 0x30
10002ed4:	4462      	add	r2, ip
10002ed6:	e004      	b.n	10002ee2 <_ftoa+0x22e>
10002ed8:	9921      	ldr	r1, [sp, #132]	; 0x84
10002eda:	3401      	adds	r4, #1
10002edc:	5513      	strb	r3, [r2, r4]
10002ede:	428c      	cmp	r4, r1
10002ee0:	d059      	beq.n	10002f96 <_ftoa+0x2e2>
10002ee2:	2c20      	cmp	r4, #32
10002ee4:	d1f8      	bne.n	10002ed8 <_ftoa+0x224>
10002ee6:	2420      	movs	r4, #32
10002ee8:	9b22      	ldr	r3, [sp, #136]	; 0x88
10002eea:	9401      	str	r4, [sp, #4]
10002eec:	9303      	str	r3, [sp, #12]
10002eee:	9b21      	ldr	r3, [sp, #132]	; 0x84
10002ef0:	9302      	str	r3, [sp, #8]
10002ef2:	4653      	mov	r3, sl
10002ef4:	e7b9      	b.n	10002e6a <_ftoa+0x1b6>
10002ef6:	aa06      	add	r2, sp, #24
10002ef8:	4694      	mov	ip, r2
10002efa:	2317      	movs	r3, #23
10002efc:	210a      	movs	r1, #10
10002efe:	4463      	add	r3, ip
10002f00:	0030      	movs	r0, r6
10002f02:	3401      	adds	r4, #1
10002f04:	191d      	adds	r5, r3, r4
10002f06:	f000 fee9 	bl	10003cdc <__wrap___aeabi_uidiv>
10002f0a:	3130      	adds	r1, #48	; 0x30
10002f0c:	7029      	strb	r1, [r5, #0]
10002f0e:	0030      	movs	r0, r6
10002f10:	210a      	movs	r1, #10
10002f12:	3f01      	subs	r7, #1
10002f14:	f000 fee2 	bl	10003cdc <__wrap___aeabi_uidiv>
10002f18:	2e09      	cmp	r6, #9
10002f1a:	d946      	bls.n	10002faa <_ftoa+0x2f6>
10002f1c:	0006      	movs	r6, r0
10002f1e:	2c20      	cmp	r4, #32
10002f20:	d1e9      	bne.n	10002ef6 <_ftoa+0x242>
10002f22:	4655      	mov	r5, sl
10002f24:	ab0c      	add	r3, sp, #48	; 0x30
10002f26:	2420      	movs	r4, #32
10002f28:	469a      	mov	sl, r3
10002f2a:	e7b8      	b.n	10002e9e <_ftoa+0x1ea>
10002f2c:	2204      	movs	r2, #4
10002f2e:	4b3b      	ldr	r3, [pc, #236]	; (1000301c <_ftoa+0x368>)
10002f30:	e796      	b.n	10002e60 <_ftoa+0x1ac>
10002f32:	9a1e      	ldr	r2, [sp, #120]	; 0x78
10002f34:	9b1f      	ldr	r3, [sp, #124]	; 0x7c
10002f36:	2000      	movs	r0, #0
10002f38:	2100      	movs	r1, #0
10002f3a:	f001 f90a 	bl	10004152 <__wrap___aeabi_dsub>
10002f3e:	2301      	movs	r3, #1
10002f40:	930b      	str	r3, [sp, #44]	; 0x2c
10002f42:	2380      	movs	r3, #128	; 0x80
10002f44:	9c22      	ldr	r4, [sp, #136]	; 0x88
10002f46:	9a22      	ldr	r2, [sp, #136]	; 0x88
10002f48:	00db      	lsls	r3, r3, #3
10002f4a:	901e      	str	r0, [sp, #120]	; 0x78
10002f4c:	911f      	str	r1, [sp, #124]	; 0x7c
10002f4e:	401c      	ands	r4, r3
10002f50:	421a      	tst	r2, r3
10002f52:	d000      	beq.n	10002f56 <_ftoa+0x2a2>
10002f54:	e6fc      	b.n	10002d50 <_ftoa+0x9c>
10002f56:	2200      	movs	r2, #0
10002f58:	4b31      	ldr	r3, [pc, #196]	; (10003020 <_ftoa+0x36c>)
10002f5a:	2706      	movs	r7, #6
10002f5c:	9206      	str	r2, [sp, #24]
10002f5e:	9307      	str	r3, [sp, #28]
10002f60:	e70d      	b.n	10002d7e <_ftoa+0xca>
10002f62:	9b22      	ldr	r3, [sp, #136]	; 0x88
10002f64:	9303      	str	r3, [sp, #12]
10002f66:	9b21      	ldr	r3, [sp, #132]	; 0x84
10002f68:	9302      	str	r3, [sp, #8]
10002f6a:	2304      	movs	r3, #4
10002f6c:	9301      	str	r3, [sp, #4]
10002f6e:	4b2d      	ldr	r3, [pc, #180]	; (10003024 <_ftoa+0x370>)
10002f70:	e77b      	b.n	10002e6a <_ftoa+0x1b6>
10002f72:	2200      	movs	r2, #0
10002f74:	9808      	ldr	r0, [sp, #32]
10002f76:	9909      	ldr	r1, [sp, #36]	; 0x24
10002f78:	4b26      	ldr	r3, [pc, #152]	; (10003014 <_ftoa+0x360>)
10002f7a:	f001 f95d 	bl	10004238 <__wrap___aeabi_dcmplt>
10002f7e:	2800      	cmp	r0, #0
10002f80:	d000      	beq.n	10002f84 <_ftoa+0x2d0>
10002f82:	e72f      	b.n	10002de4 <_ftoa+0x130>
10002f84:	2e00      	cmp	r6, #0
10002f86:	d14f      	bne.n	10003028 <_ftoa+0x374>
10002f88:	3601      	adds	r6, #1
10002f8a:	e72b      	b.n	10002de4 <_ftoa+0x130>
10002f8c:	2303      	movs	r3, #3
10002f8e:	9a22      	ldr	r2, [sp, #136]	; 0x88
10002f90:	4013      	ands	r3, r2
10002f92:	2b01      	cmp	r3, #1
10002f94:	d068      	beq.n	10003068 <_ftoa+0x3b4>
10002f96:	2c20      	cmp	r4, #32
10002f98:	d0a6      	beq.n	10002ee8 <_ftoa+0x234>
10002f9a:	9b0b      	ldr	r3, [sp, #44]	; 0x2c
10002f9c:	2b00      	cmp	r3, #0
10002f9e:	d01f      	beq.n	10002fe0 <_ftoa+0x32c>
10002fa0:	232d      	movs	r3, #45	; 0x2d
10002fa2:	4652      	mov	r2, sl
10002fa4:	5513      	strb	r3, [r2, r4]
10002fa6:	3401      	adds	r4, #1
10002fa8:	e79e      	b.n	10002ee8 <_ftoa+0x234>
10002faa:	4655      	mov	r5, sl
10002fac:	2c20      	cmp	r4, #32
10002fae:	d0b9      	beq.n	10002f24 <_ftoa+0x270>
10002fb0:	2230      	movs	r2, #48	; 0x30
10002fb2:	193b      	adds	r3, r7, r4
10002fb4:	2f00      	cmp	r7, #0
10002fb6:	d04b      	beq.n	10003050 <_ftoa+0x39c>
10002fb8:	2017      	movs	r0, #23
10002fba:	a906      	add	r1, sp, #24
10002fbc:	3401      	adds	r4, #1
10002fbe:	1809      	adds	r1, r1, r0
10002fc0:	550a      	strb	r2, [r1, r4]
10002fc2:	2c20      	cmp	r4, #32
10002fc4:	d0ae      	beq.n	10002f24 <_ftoa+0x270>
10002fc6:	429c      	cmp	r4, r3
10002fc8:	d1f6      	bne.n	10002fb8 <_ftoa+0x304>
10002fca:	aa0c      	add	r2, sp, #48	; 0x30
10002fcc:	4692      	mov	sl, r2
10002fce:	222e      	movs	r2, #46	; 0x2e
10002fd0:	4651      	mov	r1, sl
10002fd2:	1c5c      	adds	r4, r3, #1
10002fd4:	54ca      	strb	r2, [r1, r3]
10002fd6:	e762      	b.n	10002e9e <_ftoa+0x1ea>
10002fd8:	2420      	movs	r4, #32
10002fda:	e6cc      	b.n	10002d76 <_ftoa+0xc2>
10002fdc:	2c20      	cmp	r4, #32
10002fde:	d083      	beq.n	10002ee8 <_ftoa+0x234>
10002fe0:	9b22      	ldr	r3, [sp, #136]	; 0x88
10002fe2:	075b      	lsls	r3, r3, #29
10002fe4:	d408      	bmi.n	10002ff8 <_ftoa+0x344>
10002fe6:	9b22      	ldr	r3, [sp, #136]	; 0x88
10002fe8:	071b      	lsls	r3, r3, #28
10002fea:	d400      	bmi.n	10002fee <_ftoa+0x33a>
10002fec:	e77c      	b.n	10002ee8 <_ftoa+0x234>
10002fee:	2320      	movs	r3, #32
10002ff0:	4652      	mov	r2, sl
10002ff2:	5513      	strb	r3, [r2, r4]
10002ff4:	3401      	adds	r4, #1
10002ff6:	e777      	b.n	10002ee8 <_ftoa+0x234>
10002ff8:	232b      	movs	r3, #43	; 0x2b
10002ffa:	4652      	mov	r2, sl
10002ffc:	5513      	strb	r3, [r2, r4]
10002ffe:	3401      	adds	r4, #1
10003000:	e772      	b.n	10002ee8 <_ftoa+0x234>
10003002:	46c0      	nop			; (mov r8, r8)
10003004:	ffefffff 	.word	0xffefffff
10003008:	7fefffff 	.word	0x7fefffff
1000300c:	41cdcd65 	.word	0x41cdcd65
10003010:	c1cdcd65 	.word	0xc1cdcd65
10003014:	3fe00000 	.word	0x3fe00000
10003018:	1000bd94 	.word	0x1000bd94
1000301c:	1000bd8c 	.word	0x1000bd8c
10003020:	412e8480 	.word	0x412e8480
10003024:	1000bd9c 	.word	0x1000bd9c
10003028:	07f3      	lsls	r3, r6, #31
1000302a:	d400      	bmi.n	1000302e <_ftoa+0x37a>
1000302c:	e6da      	b.n	10002de4 <_ftoa+0x130>
1000302e:	3601      	adds	r6, #1
10003030:	e6d8      	b.n	10002de4 <_ftoa+0x130>
10003032:	9b21      	ldr	r3, [sp, #132]	; 0x84
10003034:	3b01      	subs	r3, #1
10003036:	9321      	str	r3, [sp, #132]	; 0x84
10003038:	42a3      	cmp	r3, r4
1000303a:	d900      	bls.n	1000303e <_ftoa+0x38a>
1000303c:	e746      	b.n	10002ecc <_ftoa+0x218>
1000303e:	e7aa      	b.n	10002f96 <_ftoa+0x2e2>
10003040:	9b22      	ldr	r3, [sp, #136]	; 0x88
10003042:	9303      	str	r3, [sp, #12]
10003044:	9b21      	ldr	r3, [sp, #132]	; 0x84
10003046:	9302      	str	r3, [sp, #8]
10003048:	2303      	movs	r3, #3
1000304a:	9301      	str	r3, [sp, #4]
1000304c:	4b08      	ldr	r3, [pc, #32]	; (10003070 <_ftoa+0x3bc>)
1000304e:	e70c      	b.n	10002e6a <_ftoa+0x1b6>
10003050:	0023      	movs	r3, r4
10003052:	e7ba      	b.n	10002fca <_ftoa+0x316>
10003054:	4b07      	ldr	r3, [pc, #28]	; (10003074 <_ftoa+0x3c0>)
10003056:	00ea      	lsls	r2, r5, #3
10003058:	189b      	adds	r3, r3, r2
1000305a:	685c      	ldr	r4, [r3, #4]
1000305c:	681b      	ldr	r3, [r3, #0]
1000305e:	002f      	movs	r7, r5
10003060:	9306      	str	r3, [sp, #24]
10003062:	9407      	str	r4, [sp, #28]
10003064:	2400      	movs	r4, #0
10003066:	e68a      	b.n	10002d7e <_ftoa+0xca>
10003068:	9b21      	ldr	r3, [sp, #132]	; 0x84
1000306a:	2b00      	cmp	r3, #0
1000306c:	d093      	beq.n	10002f96 <_ftoa+0x2e2>
1000306e:	e720      	b.n	10002eb2 <_ftoa+0x1fe>
10003070:	1000bd98 	.word	0x1000bd98
10003074:	1000bf40 	.word	0x1000bf40

10003078 <_vsnprintf>:
10003078:	b5f0      	push	{r4, r5, r6, r7, lr}
1000307a:	46de      	mov	lr, fp
1000307c:	4657      	mov	r7, sl
1000307e:	464e      	mov	r6, r9
10003080:	4645      	mov	r5, r8
10003082:	b5e0      	push	{r5, r6, r7, lr}
10003084:	b09f      	sub	sp, #124	; 0x7c
10003086:	001c      	movs	r4, r3
10003088:	9b28      	ldr	r3, [sp, #160]	; 0xa0
1000308a:	4693      	mov	fp, r2
1000308c:	930a      	str	r3, [sp, #40]	; 0x28
1000308e:	4acc      	ldr	r2, [pc, #816]	; (100033c0 <_vsnprintf+0x348>)
10003090:	4bcc      	ldr	r3, [pc, #816]	; (100033c4 <_vsnprintf+0x34c>)
10003092:	468a      	mov	sl, r1
10003094:	9009      	str	r0, [sp, #36]	; 0x24
10003096:	601a      	str	r2, [r3, #0]
10003098:	2900      	cmp	r1, #0
1000309a:	d100      	bne.n	1000309e <_vsnprintf+0x26>
1000309c:	e14d      	b.n	1000333a <_vsnprintf+0x2c2>
1000309e:	2300      	movs	r3, #0
100030a0:	7820      	ldrb	r0, [r4, #0]
100030a2:	4699      	mov	r9, r3
100030a4:	2800      	cmp	r0, #0
100030a6:	d100      	bne.n	100030aa <_vsnprintf+0x32>
100030a8:	e14f      	b.n	1000334a <_vsnprintf+0x2d2>
100030aa:	4bc7      	ldr	r3, [pc, #796]	; (100033c8 <_vsnprintf+0x350>)
100030ac:	464d      	mov	r5, r9
100030ae:	9308      	str	r3, [sp, #32]
100030b0:	4bc6      	ldr	r3, [pc, #792]	; (100033cc <_vsnprintf+0x354>)
100030b2:	930d      	str	r3, [sp, #52]	; 0x34
100030b4:	e00a      	b.n	100030cc <_vsnprintf+0x54>
100030b6:	002a      	movs	r2, r5
100030b8:	1c6e      	adds	r6, r5, #1
100030ba:	465b      	mov	r3, fp
100030bc:	9d09      	ldr	r5, [sp, #36]	; 0x24
100030be:	4651      	mov	r1, sl
100030c0:	47a8      	blx	r5
100030c2:	0035      	movs	r5, r6
100030c4:	3401      	adds	r4, #1
100030c6:	7820      	ldrb	r0, [r4, #0]
100030c8:	2800      	cmp	r0, #0
100030ca:	d072      	beq.n	100031b2 <_vsnprintf+0x13a>
100030cc:	2825      	cmp	r0, #37	; 0x25
100030ce:	d1f2      	bne.n	100030b6 <_vsnprintf+0x3e>
100030d0:	2310      	movs	r3, #16
100030d2:	4699      	mov	r9, r3
100030d4:	3b08      	subs	r3, #8
100030d6:	4698      	mov	r8, r3
100030d8:	3b04      	subs	r3, #4
100030da:	2100      	movs	r1, #0
100030dc:	469c      	mov	ip, r3
100030de:	2702      	movs	r7, #2
100030e0:	3401      	adds	r4, #1
100030e2:	7820      	ldrb	r0, [r4, #0]
100030e4:	0026      	movs	r6, r4
100030e6:	0003      	movs	r3, r0
100030e8:	3b20      	subs	r3, #32
100030ea:	b2db      	uxtb	r3, r3
100030ec:	2b10      	cmp	r3, #16
100030ee:	d803      	bhi.n	100030f8 <_vsnprintf+0x80>
100030f0:	9a08      	ldr	r2, [sp, #32]
100030f2:	009b      	lsls	r3, r3, #2
100030f4:	58d3      	ldr	r3, [r2, r3]
100030f6:	469f      	mov	pc, r3
100030f8:	0003      	movs	r3, r0
100030fa:	3b30      	subs	r3, #48	; 0x30
100030fc:	2b09      	cmp	r3, #9
100030fe:	d96e      	bls.n	100031de <_vsnprintf+0x166>
10003100:	2700      	movs	r7, #0
10003102:	282a      	cmp	r0, #42	; 0x2a
10003104:	d100      	bne.n	10003108 <_vsnprintf+0x90>
10003106:	e08a      	b.n	1000321e <_vsnprintf+0x1a6>
10003108:	2300      	movs	r3, #0
1000310a:	930b      	str	r3, [sp, #44]	; 0x2c
1000310c:	282e      	cmp	r0, #46	; 0x2e
1000310e:	d100      	bne.n	10003112 <_vsnprintf+0x9a>
10003110:	e076      	b.n	10003200 <_vsnprintf+0x188>
10003112:	0003      	movs	r3, r0
10003114:	3b68      	subs	r3, #104	; 0x68
10003116:	b2db      	uxtb	r3, r3
10003118:	2b12      	cmp	r3, #18
1000311a:	d81b      	bhi.n	10003154 <_vsnprintf+0xdc>
1000311c:	4cac      	ldr	r4, [pc, #688]	; (100033d0 <_vsnprintf+0x358>)
1000311e:	009b      	lsls	r3, r3, #2
10003120:	58e3      	ldr	r3, [r4, r3]
10003122:	469f      	mov	pc, r3
10003124:	2301      	movs	r3, #1
10003126:	3401      	adds	r4, #1
10003128:	4319      	orrs	r1, r3
1000312a:	e7da      	b.n	100030e2 <_vsnprintf+0x6a>
1000312c:	4339      	orrs	r1, r7
1000312e:	3401      	adds	r4, #1
10003130:	e7d7      	b.n	100030e2 <_vsnprintf+0x6a>
10003132:	4663      	mov	r3, ip
10003134:	3401      	adds	r4, #1
10003136:	4319      	orrs	r1, r3
10003138:	e7d3      	b.n	100030e2 <_vsnprintf+0x6a>
1000313a:	464b      	mov	r3, r9
1000313c:	3401      	adds	r4, #1
1000313e:	4319      	orrs	r1, r3
10003140:	e7cf      	b.n	100030e2 <_vsnprintf+0x6a>
10003142:	4643      	mov	r3, r8
10003144:	3401      	adds	r4, #1
10003146:	4319      	orrs	r1, r3
10003148:	e7cb      	b.n	100030e2 <_vsnprintf+0x6a>
1000314a:	2380      	movs	r3, #128	; 0x80
1000314c:	005b      	lsls	r3, r3, #1
1000314e:	7870      	ldrb	r0, [r6, #1]
10003150:	4319      	orrs	r1, r3
10003152:	3601      	adds	r6, #1
10003154:	2867      	cmp	r0, #103	; 0x67
10003156:	d80a      	bhi.n	1000316e <_vsnprintf+0xf6>
10003158:	2824      	cmp	r0, #36	; 0x24
1000315a:	d91f      	bls.n	1000319c <_vsnprintf+0x124>
1000315c:	0003      	movs	r3, r0
1000315e:	3b25      	subs	r3, #37	; 0x25
10003160:	b2db      	uxtb	r3, r3
10003162:	2b42      	cmp	r3, #66	; 0x42
10003164:	d81a      	bhi.n	1000319c <_vsnprintf+0x124>
10003166:	9a0d      	ldr	r2, [sp, #52]	; 0x34
10003168:	009b      	lsls	r3, r3, #2
1000316a:	58d3      	ldr	r3, [r2, r3]
1000316c:	469f      	mov	pc, r3
1000316e:	0003      	movs	r3, r0
10003170:	3b69      	subs	r3, #105	; 0x69
10003172:	b2db      	uxtb	r3, r3
10003174:	2b0f      	cmp	r3, #15
10003176:	d811      	bhi.n	1000319c <_vsnprintf+0x124>
10003178:	2401      	movs	r4, #1
1000317a:	409c      	lsls	r4, r3
1000317c:	4a95      	ldr	r2, [pc, #596]	; (100033d4 <_vsnprintf+0x35c>)
1000317e:	46a4      	mov	ip, r4
10003180:	4690      	mov	r8, r2
10003182:	4014      	ands	r4, r2
10003184:	940c      	str	r4, [sp, #48]	; 0x30
10003186:	4662      	mov	r2, ip
10003188:	4644      	mov	r4, r8
1000318a:	4222      	tst	r2, r4
1000318c:	d000      	beq.n	10003190 <_vsnprintf+0x118>
1000318e:	e225      	b.n	100035dc <_vsnprintf+0x564>
10003190:	2b0a      	cmp	r3, #10
10003192:	d100      	bne.n	10003196 <_vsnprintf+0x11e>
10003194:	e101      	b.n	1000339a <_vsnprintf+0x322>
10003196:	2b07      	cmp	r3, #7
10003198:	d100      	bne.n	1000319c <_vsnprintf+0x124>
1000319a:	e0d8      	b.n	1000334e <_vsnprintf+0x2d6>
1000319c:	9c09      	ldr	r4, [sp, #36]	; 0x24
1000319e:	002a      	movs	r2, r5
100031a0:	465b      	mov	r3, fp
100031a2:	4651      	mov	r1, sl
100031a4:	47a0      	blx	r4
100031a6:	7870      	ldrb	r0, [r6, #1]
100031a8:	1c6f      	adds	r7, r5, #1
100031aa:	1c74      	adds	r4, r6, #1
100031ac:	003d      	movs	r5, r7
100031ae:	2800      	cmp	r0, #0
100031b0:	d18c      	bne.n	100030cc <_vsnprintf+0x54>
100031b2:	46a9      	mov	r9, r5
100031b4:	002c      	movs	r4, r5
100031b6:	45cb      	cmp	fp, r9
100031b8:	d803      	bhi.n	100031c2 <_vsnprintf+0x14a>
100031ba:	2301      	movs	r3, #1
100031bc:	425b      	negs	r3, r3
100031be:	445b      	add	r3, fp
100031c0:	4699      	mov	r9, r3
100031c2:	465b      	mov	r3, fp
100031c4:	464a      	mov	r2, r9
100031c6:	4651      	mov	r1, sl
100031c8:	2000      	movs	r0, #0
100031ca:	9d09      	ldr	r5, [sp, #36]	; 0x24
100031cc:	47a8      	blx	r5
100031ce:	0020      	movs	r0, r4
100031d0:	b01f      	add	sp, #124	; 0x7c
100031d2:	bcf0      	pop	{r4, r5, r6, r7}
100031d4:	46bb      	mov	fp, r7
100031d6:	46b2      	mov	sl, r6
100031d8:	46a9      	mov	r9, r5
100031da:	46a0      	mov	r8, r4
100031dc:	bdf0      	pop	{r4, r5, r6, r7, pc}
100031de:	2700      	movs	r7, #0
100031e0:	00bb      	lsls	r3, r7, #2
100031e2:	19df      	adds	r7, r3, r7
100031e4:	3601      	adds	r6, #1
100031e6:	007f      	lsls	r7, r7, #1
100031e8:	183f      	adds	r7, r7, r0
100031ea:	7830      	ldrb	r0, [r6, #0]
100031ec:	3f30      	subs	r7, #48	; 0x30
100031ee:	0003      	movs	r3, r0
100031f0:	3b30      	subs	r3, #48	; 0x30
100031f2:	2b09      	cmp	r3, #9
100031f4:	d9f4      	bls.n	100031e0 <_vsnprintf+0x168>
100031f6:	2300      	movs	r3, #0
100031f8:	930b      	str	r3, [sp, #44]	; 0x2c
100031fa:	282e      	cmp	r0, #46	; 0x2e
100031fc:	d000      	beq.n	10003200 <_vsnprintf+0x188>
100031fe:	e788      	b.n	10003112 <_vsnprintf+0x9a>
10003200:	2380      	movs	r3, #128	; 0x80
10003202:	7870      	ldrb	r0, [r6, #1]
10003204:	00db      	lsls	r3, r3, #3
10003206:	4319      	orrs	r1, r3
10003208:	0003      	movs	r3, r0
1000320a:	3b30      	subs	r3, #48	; 0x30
1000320c:	1c74      	adds	r4, r6, #1
1000320e:	2b09      	cmp	r3, #9
10003210:	d800      	bhi.n	10003214 <_vsnprintf+0x19c>
10003212:	e12c      	b.n	1000346e <_vsnprintf+0x3f6>
10003214:	282a      	cmp	r0, #42	; 0x2a
10003216:	d100      	bne.n	1000321a <_vsnprintf+0x1a2>
10003218:	e138      	b.n	1000348c <_vsnprintf+0x414>
1000321a:	0026      	movs	r6, r4
1000321c:	e779      	b.n	10003112 <_vsnprintf+0x9a>
1000321e:	9b0a      	ldr	r3, [sp, #40]	; 0x28
10003220:	cb80      	ldmia	r3!, {r7}
10003222:	2f00      	cmp	r7, #0
10003224:	db03      	blt.n	1000322e <_vsnprintf+0x1b6>
10003226:	7860      	ldrb	r0, [r4, #1]
10003228:	930a      	str	r3, [sp, #40]	; 0x28
1000322a:	1c66      	adds	r6, r4, #1
1000322c:	e76c      	b.n	10003108 <_vsnprintf+0x90>
1000322e:	2202      	movs	r2, #2
10003230:	7860      	ldrb	r0, [r4, #1]
10003232:	4311      	orrs	r1, r2
10003234:	427f      	negs	r7, r7
10003236:	930a      	str	r3, [sp, #40]	; 0x28
10003238:	1c66      	adds	r6, r4, #1
1000323a:	e765      	b.n	10003108 <_vsnprintf+0x90>
1000323c:	2867      	cmp	r0, #103	; 0x67
1000323e:	d100      	bne.n	10003242 <_vsnprintf+0x1ca>
10003240:	e1c8      	b.n	100035d4 <_vsnprintf+0x55c>
10003242:	2847      	cmp	r0, #71	; 0x47
10003244:	d100      	bne.n	10003248 <_vsnprintf+0x1d0>
10003246:	e204      	b.n	10003652 <_vsnprintf+0x5da>
10003248:	2845      	cmp	r0, #69	; 0x45
1000324a:	d100      	bne.n	1000324e <_vsnprintf+0x1d6>
1000324c:	e204      	b.n	10003658 <_vsnprintf+0x5e0>
1000324e:	2007      	movs	r0, #7
10003250:	9b0a      	ldr	r3, [sp, #40]	; 0x28
10003252:	9104      	str	r1, [sp, #16]
10003254:	3307      	adds	r3, #7
10003256:	4383      	bics	r3, r0
10003258:	0019      	movs	r1, r3
1000325a:	9a0b      	ldr	r2, [sp, #44]	; 0x2c
1000325c:	9703      	str	r7, [sp, #12]
1000325e:	9202      	str	r2, [sp, #8]
10003260:	c90c      	ldmia	r1!, {r2, r3}
10003262:	9809      	ldr	r0, [sp, #36]	; 0x24
10003264:	9200      	str	r2, [sp, #0]
10003266:	9301      	str	r3, [sp, #4]
10003268:	910a      	str	r1, [sp, #40]	; 0x28
1000326a:	002a      	movs	r2, r5
1000326c:	465b      	mov	r3, fp
1000326e:	4651      	mov	r1, sl
10003270:	f7ff faf6 	bl	10002860 <_etoa>
10003274:	1c74      	adds	r4, r6, #1
10003276:	0005      	movs	r5, r0
10003278:	e725      	b.n	100030c6 <_vsnprintf+0x4e>
1000327a:	7870      	ldrb	r0, [r6, #1]
1000327c:	286c      	cmp	r0, #108	; 0x6c
1000327e:	d100      	bne.n	10003282 <_vsnprintf+0x20a>
10003280:	e20d      	b.n	1000369e <_vsnprintf+0x626>
10003282:	2380      	movs	r3, #128	; 0x80
10003284:	005b      	lsls	r3, r3, #1
10003286:	4319      	orrs	r1, r3
10003288:	3601      	adds	r6, #1
1000328a:	e763      	b.n	10003154 <_vsnprintf+0xdc>
1000328c:	2380      	movs	r3, #128	; 0x80
1000328e:	009b      	lsls	r3, r3, #2
10003290:	7870      	ldrb	r0, [r6, #1]
10003292:	4319      	orrs	r1, r3
10003294:	3601      	adds	r6, #1
10003296:	e75d      	b.n	10003154 <_vsnprintf+0xdc>
10003298:	7870      	ldrb	r0, [r6, #1]
1000329a:	2868      	cmp	r0, #104	; 0x68
1000329c:	d100      	bne.n	100032a0 <_vsnprintf+0x228>
1000329e:	e1f9      	b.n	10003694 <_vsnprintf+0x61c>
100032a0:	2380      	movs	r3, #128	; 0x80
100032a2:	3601      	adds	r6, #1
100032a4:	4319      	orrs	r1, r3
100032a6:	e755      	b.n	10003154 <_vsnprintf+0xdc>
100032a8:	2846      	cmp	r0, #70	; 0x46
100032aa:	d100      	bne.n	100032ae <_vsnprintf+0x236>
100032ac:	e18f      	b.n	100035ce <_vsnprintf+0x556>
100032ae:	2007      	movs	r0, #7
100032b0:	9b0a      	ldr	r3, [sp, #40]	; 0x28
100032b2:	9104      	str	r1, [sp, #16]
100032b4:	3307      	adds	r3, #7
100032b6:	4383      	bics	r3, r0
100032b8:	0019      	movs	r1, r3
100032ba:	9a0b      	ldr	r2, [sp, #44]	; 0x2c
100032bc:	9703      	str	r7, [sp, #12]
100032be:	9202      	str	r2, [sp, #8]
100032c0:	c90c      	ldmia	r1!, {r2, r3}
100032c2:	9809      	ldr	r0, [sp, #36]	; 0x24
100032c4:	9200      	str	r2, [sp, #0]
100032c6:	9301      	str	r3, [sp, #4]
100032c8:	910a      	str	r1, [sp, #40]	; 0x28
100032ca:	002a      	movs	r2, r5
100032cc:	465b      	mov	r3, fp
100032ce:	4651      	mov	r1, sl
100032d0:	f7ff fcf0 	bl	10002cb4 <_ftoa>
100032d4:	1c74      	adds	r4, r6, #1
100032d6:	0005      	movs	r5, r0
100032d8:	e6f5      	b.n	100030c6 <_vsnprintf+0x4e>
100032da:	002a      	movs	r2, r5
100032dc:	9c09      	ldr	r4, [sp, #36]	; 0x24
100032de:	465b      	mov	r3, fp
100032e0:	4651      	mov	r1, sl
100032e2:	2025      	movs	r0, #37	; 0x25
100032e4:	1c6f      	adds	r7, r5, #1
100032e6:	47a0      	blx	r4
100032e8:	003d      	movs	r5, r7
100032ea:	1c74      	adds	r4, r6, #1
100032ec:	e6eb      	b.n	100030c6 <_vsnprintf+0x4e>
100032ee:	0789      	lsls	r1, r1, #30
100032f0:	d400      	bmi.n	100032f4 <_vsnprintf+0x27c>
100032f2:	e1de      	b.n	100036b2 <_vsnprintf+0x63a>
100032f4:	9b0a      	ldr	r3, [sp, #40]	; 0x28
100032f6:	002a      	movs	r2, r5
100032f8:	4698      	mov	r8, r3
100032fa:	1c6b      	adds	r3, r5, #1
100032fc:	4699      	mov	r9, r3
100032fe:	4643      	mov	r3, r8
10003300:	cb01      	ldmia	r3!, {r0}
10003302:	4651      	mov	r1, sl
10003304:	4698      	mov	r8, r3
10003306:	9c09      	ldr	r4, [sp, #36]	; 0x24
10003308:	465b      	mov	r3, fp
1000330a:	b2c0      	uxtb	r0, r0
1000330c:	47a0      	blx	r4
1000330e:	19ed      	adds	r5, r5, r7
10003310:	2f01      	cmp	r7, #1
10003312:	d800      	bhi.n	10003316 <_vsnprintf+0x29e>
10003314:	e293      	b.n	1000383e <_vsnprintf+0x7c6>
10003316:	464c      	mov	r4, r9
10003318:	46b1      	mov	r9, r6
1000331a:	4656      	mov	r6, sl
1000331c:	9f09      	ldr	r7, [sp, #36]	; 0x24
1000331e:	0022      	movs	r2, r4
10003320:	465b      	mov	r3, fp
10003322:	3401      	adds	r4, #1
10003324:	0031      	movs	r1, r6
10003326:	2020      	movs	r0, #32
10003328:	47b8      	blx	r7
1000332a:	42ac      	cmp	r4, r5
1000332c:	d1f7      	bne.n	1000331e <_vsnprintf+0x2a6>
1000332e:	46b2      	mov	sl, r6
10003330:	4643      	mov	r3, r8
10003332:	464e      	mov	r6, r9
10003334:	930a      	str	r3, [sp, #40]	; 0x28
10003336:	1c74      	adds	r4, r6, #1
10003338:	e6c5      	b.n	100030c6 <_vsnprintf+0x4e>
1000333a:	4b27      	ldr	r3, [pc, #156]	; (100033d8 <_vsnprintf+0x360>)
1000333c:	7820      	ldrb	r0, [r4, #0]
1000333e:	9309      	str	r3, [sp, #36]	; 0x24
10003340:	2300      	movs	r3, #0
10003342:	4699      	mov	r9, r3
10003344:	2800      	cmp	r0, #0
10003346:	d000      	beq.n	1000334a <_vsnprintf+0x2d2>
10003348:	e6af      	b.n	100030aa <_vsnprintf+0x32>
1000334a:	2400      	movs	r4, #0
1000334c:	e733      	b.n	100031b6 <_vsnprintf+0x13e>
1000334e:	9b0a      	ldr	r3, [sp, #40]	; 0x28
10003350:	001a      	movs	r2, r3
10003352:	ca08      	ldmia	r2!, {r3}
10003354:	4690      	mov	r8, r2
10003356:	2b00      	cmp	r3, #0
10003358:	d100      	bne.n	1000335c <_vsnprintf+0x2e4>
1000335a:	e0a7      	b.n	100034ac <_vsnprintf+0x434>
1000335c:	2021      	movs	r0, #33	; 0x21
1000335e:	4308      	orrs	r0, r1
10003360:	a90e      	add	r1, sp, #56	; 0x38
10003362:	468c      	mov	ip, r1
10003364:	221f      	movs	r2, #31
10003366:	4462      	add	r2, ip
10003368:	270f      	movs	r7, #15
1000336a:	46ac      	mov	ip, r5
1000336c:	4681      	mov	r9, r0
1000336e:	0015      	movs	r5, r2
10003370:	9c0c      	ldr	r4, [sp, #48]	; 0x30
10003372:	e002      	b.n	1000337a <_vsnprintf+0x302>
10003374:	2c20      	cmp	r4, #32
10003376:	d00c      	beq.n	10003392 <_vsnprintf+0x31a>
10003378:	0013      	movs	r3, r2
1000337a:	0038      	movs	r0, r7
1000337c:	4018      	ands	r0, r3
1000337e:	0001      	movs	r1, r0
10003380:	3137      	adds	r1, #55	; 0x37
10003382:	2809      	cmp	r0, #9
10003384:	d800      	bhi.n	10003388 <_vsnprintf+0x310>
10003386:	3907      	subs	r1, #7
10003388:	3401      	adds	r4, #1
1000338a:	5529      	strb	r1, [r5, r4]
1000338c:	091a      	lsrs	r2, r3, #4
1000338e:	2b0f      	cmp	r3, #15
10003390:	d8f0      	bhi.n	10003374 <_vsnprintf+0x2fc>
10003392:	4665      	mov	r5, ip
10003394:	4648      	mov	r0, r9
10003396:	940c      	str	r4, [sp, #48]	; 0x30
10003398:	e094      	b.n	100034c4 <_vsnprintf+0x44c>
1000339a:	9b0a      	ldr	r3, [sp, #40]	; 0x28
1000339c:	001a      	movs	r2, r3
1000339e:	ca08      	ldmia	r2!, {r3}
100033a0:	9212      	str	r2, [sp, #72]	; 0x48
100033a2:	9a0b      	ldr	r2, [sp, #44]	; 0x2c
100033a4:	2a00      	cmp	r2, #0
100033a6:	d17b      	bne.n	100034a0 <_vsnprintf+0x428>
100033a8:	2402      	movs	r4, #2
100033aa:	781a      	ldrb	r2, [r3, #0]
100033ac:	4264      	negs	r4, r4
100033ae:	2a00      	cmp	r2, #0
100033b0:	d01d      	beq.n	100033ee <_vsnprintf+0x376>
100033b2:	3401      	adds	r4, #1
100033b4:	1918      	adds	r0, r3, r4
100033b6:	469c      	mov	ip, r3
100033b8:	001c      	movs	r4, r3
100033ba:	0003      	movs	r3, r0
100033bc:	e010      	b.n	100033e0 <_vsnprintf+0x368>
100033be:	46c0      	nop			; (mov r8, r8)
100033c0:	10003079 	.word	0x10003079
100033c4:	20002568 	.word	0x20002568
100033c8:	1000bda4 	.word	0x1000bda4
100033cc:	1000be34 	.word	0x1000be34
100033d0:	1000bde8 	.word	0x1000bde8
100033d4:	00009041 	.word	0x00009041
100033d8:	100025b9 	.word	0x100025b9
100033dc:	429c      	cmp	r4, r3
100033de:	d003      	beq.n	100033e8 <_vsnprintf+0x370>
100033e0:	7860      	ldrb	r0, [r4, #1]
100033e2:	3401      	adds	r4, #1
100033e4:	2800      	cmp	r0, #0
100033e6:	d1f9      	bne.n	100033dc <_vsnprintf+0x364>
100033e8:	4663      	mov	r3, ip
100033ea:	1ae0      	subs	r0, r4, r3
100033ec:	900c      	str	r0, [sp, #48]	; 0x30
100033ee:	2080      	movs	r0, #128	; 0x80
100033f0:	00c0      	lsls	r0, r0, #3
100033f2:	4684      	mov	ip, r0
100033f4:	4008      	ands	r0, r1
100033f6:	4680      	mov	r8, r0
100033f8:	4660      	mov	r0, ip
100033fa:	4201      	tst	r1, r0
100033fc:	d004      	beq.n	10003408 <_vsnprintf+0x390>
100033fe:	980b      	ldr	r0, [sp, #44]	; 0x2c
10003400:	9c0c      	ldr	r4, [sp, #48]	; 0x30
10003402:	4284      	cmp	r4, r0
10003404:	d900      	bls.n	10003408 <_vsnprintf+0x390>
10003406:	900c      	str	r0, [sp, #48]	; 0x30
10003408:	2002      	movs	r0, #2
1000340a:	4684      	mov	ip, r0
1000340c:	4008      	ands	r0, r1
1000340e:	900a      	str	r0, [sp, #40]	; 0x28
10003410:	4660      	mov	r0, ip
10003412:	4208      	tst	r0, r1
10003414:	d100      	bne.n	10003418 <_vsnprintf+0x3a0>
10003416:	e189      	b.n	1000372c <_vsnprintf+0x6b4>
10003418:	1e10      	subs	r0, r2, #0
1000341a:	d100      	bne.n	1000341e <_vsnprintf+0x3a6>
1000341c:	e170      	b.n	10003700 <_vsnprintf+0x688>
1000341e:	4642      	mov	r2, r8
10003420:	2a00      	cmp	r2, #0
10003422:	d100      	bne.n	10003426 <_vsnprintf+0x3ae>
10003424:	e11b      	b.n	1000365e <_vsnprintf+0x5e6>
10003426:	9a0b      	ldr	r2, [sp, #44]	; 0x2c
10003428:	1b5b      	subs	r3, r3, r5
1000342a:	4690      	mov	r8, r2
1000342c:	44a8      	add	r8, r5
1000342e:	4644      	mov	r4, r8
10003430:	002a      	movs	r2, r5
10003432:	46b8      	mov	r8, r7
10003434:	4699      	mov	r9, r3
10003436:	4657      	mov	r7, sl
10003438:	46b2      	mov	sl, r6
1000343a:	9e09      	ldr	r6, [sp, #36]	; 0x24
1000343c:	e009      	b.n	10003452 <_vsnprintf+0x3da>
1000343e:	465b      	mov	r3, fp
10003440:	0039      	movs	r1, r7
10003442:	1c55      	adds	r5, r2, #1
10003444:	47b0      	blx	r6
10003446:	464b      	mov	r3, r9
10003448:	5d58      	ldrb	r0, [r3, r5]
1000344a:	2800      	cmp	r0, #0
1000344c:	d100      	bne.n	10003450 <_vsnprintf+0x3d8>
1000344e:	e12c      	b.n	100036aa <_vsnprintf+0x632>
10003450:	002a      	movs	r2, r5
10003452:	4294      	cmp	r4, r2
10003454:	d1f3      	bne.n	1000343e <_vsnprintf+0x3c6>
10003456:	4656      	mov	r6, sl
10003458:	0025      	movs	r5, r4
1000345a:	46ba      	mov	sl, r7
1000345c:	4647      	mov	r7, r8
1000345e:	9b0a      	ldr	r3, [sp, #40]	; 0x28
10003460:	2b00      	cmp	r3, #0
10003462:	d000      	beq.n	10003466 <_vsnprintf+0x3ee>
10003464:	e14c      	b.n	10003700 <_vsnprintf+0x688>
10003466:	9b12      	ldr	r3, [sp, #72]	; 0x48
10003468:	1c74      	adds	r4, r6, #1
1000346a:	930a      	str	r3, [sp, #40]	; 0x28
1000346c:	e62b      	b.n	100030c6 <_vsnprintf+0x4e>
1000346e:	2200      	movs	r2, #0
10003470:	0093      	lsls	r3, r2, #2
10003472:	189b      	adds	r3, r3, r2
10003474:	005b      	lsls	r3, r3, #1
10003476:	3401      	adds	r4, #1
10003478:	181a      	adds	r2, r3, r0
1000347a:	7820      	ldrb	r0, [r4, #0]
1000347c:	3a30      	subs	r2, #48	; 0x30
1000347e:	0003      	movs	r3, r0
10003480:	3b30      	subs	r3, #48	; 0x30
10003482:	2b09      	cmp	r3, #9
10003484:	d9f4      	bls.n	10003470 <_vsnprintf+0x3f8>
10003486:	0026      	movs	r6, r4
10003488:	920b      	str	r2, [sp, #44]	; 0x2c
1000348a:	e642      	b.n	10003112 <_vsnprintf+0x9a>
1000348c:	9b0a      	ldr	r3, [sp, #40]	; 0x28
1000348e:	3602      	adds	r6, #2
10003490:	cb04      	ldmia	r3!, {r2}
10003492:	43d0      	mvns	r0, r2
10003494:	17c0      	asrs	r0, r0, #31
10003496:	4002      	ands	r2, r0
10003498:	920b      	str	r2, [sp, #44]	; 0x2c
1000349a:	7830      	ldrb	r0, [r6, #0]
1000349c:	930a      	str	r3, [sp, #40]	; 0x28
1000349e:	e638      	b.n	10003112 <_vsnprintf+0x9a>
100034a0:	781a      	ldrb	r2, [r3, #0]
100034a2:	2a00      	cmp	r2, #0
100034a4:	d0a3      	beq.n	100033ee <_vsnprintf+0x376>
100034a6:	980b      	ldr	r0, [sp, #44]	; 0x2c
100034a8:	1e44      	subs	r4, r0, #1
100034aa:	e782      	b.n	100033b2 <_vsnprintf+0x33a>
100034ac:	2310      	movs	r3, #16
100034ae:	0008      	movs	r0, r1
100034b0:	2780      	movs	r7, #128	; 0x80
100034b2:	4398      	bics	r0, r3
100034b4:	3311      	adds	r3, #17
100034b6:	4318      	orrs	r0, r3
100034b8:	000b      	movs	r3, r1
100034ba:	00ff      	lsls	r7, r7, #3
100034bc:	403b      	ands	r3, r7
100034be:	4239      	tst	r1, r7
100034c0:	d100      	bne.n	100034c4 <_vsnprintf+0x44c>
100034c2:	e74d      	b.n	10003360 <_vsnprintf+0x2e8>
100034c4:	2308      	movs	r3, #8
100034c6:	9305      	str	r3, [sp, #20]
100034c8:	9b0b      	ldr	r3, [sp, #44]	; 0x2c
100034ca:	002a      	movs	r2, r5
100034cc:	9304      	str	r3, [sp, #16]
100034ce:	2310      	movs	r3, #16
100034d0:	9303      	str	r3, [sp, #12]
100034d2:	2300      	movs	r3, #0
100034d4:	9302      	str	r3, [sp, #8]
100034d6:	9b0c      	ldr	r3, [sp, #48]	; 0x30
100034d8:	9006      	str	r0, [sp, #24]
100034da:	9301      	str	r3, [sp, #4]
100034dc:	ab16      	add	r3, sp, #88	; 0x58
100034de:	9300      	str	r3, [sp, #0]
100034e0:	4651      	mov	r1, sl
100034e2:	465b      	mov	r3, fp
100034e4:	9809      	ldr	r0, [sp, #36]	; 0x24
100034e6:	f7ff f8b1 	bl	1000264c <_ntoa_format>
100034ea:	4643      	mov	r3, r8
100034ec:	0005      	movs	r5, r0
100034ee:	1c74      	adds	r4, r6, #1
100034f0:	930a      	str	r3, [sp, #40]	; 0x28
100034f2:	e5e8      	b.n	100030c6 <_vsnprintf+0x4e>
100034f4:	2862      	cmp	r0, #98	; 0x62
100034f6:	d100      	bne.n	100034fa <_vsnprintf+0x482>
100034f8:	e1a6      	b.n	10003848 <_vsnprintf+0x7d0>
100034fa:	2858      	cmp	r0, #88	; 0x58
100034fc:	d100      	bne.n	10003500 <_vsnprintf+0x488>
100034fe:	e1b1      	b.n	10003864 <_vsnprintf+0x7ec>
10003500:	2380      	movs	r3, #128	; 0x80
10003502:	000a      	movs	r2, r1
10003504:	00db      	lsls	r3, r3, #3
10003506:	401a      	ands	r2, r3
10003508:	4690      	mov	r8, r2
1000350a:	4219      	tst	r1, r3
1000350c:	d100      	bne.n	10003510 <_vsnprintf+0x498>
1000350e:	e189      	b.n	10003824 <_vsnprintf+0x7ac>
10003510:	2311      	movs	r3, #17
10003512:	4399      	bics	r1, r3
10003514:	468c      	mov	ip, r1
10003516:	2380      	movs	r3, #128	; 0x80
10003518:	4662      	mov	r2, ip
1000351a:	009b      	lsls	r3, r3, #2
1000351c:	401a      	ands	r2, r3
1000351e:	0010      	movs	r0, r2
10003520:	4662      	mov	r2, ip
10003522:	421a      	tst	r2, r3
10003524:	d000      	beq.n	10003528 <_vsnprintf+0x4b0>
10003526:	e123      	b.n	10003770 <_vsnprintf+0x6f8>
10003528:	2380      	movs	r3, #128	; 0x80
1000352a:	4664      	mov	r4, ip
1000352c:	005b      	lsls	r3, r3, #1
1000352e:	401c      	ands	r4, r3
10003530:	421a      	tst	r2, r3
10003532:	d000      	beq.n	10003536 <_vsnprintf+0x4be>
10003534:	e232      	b.n	1000399c <_vsnprintf+0x924>
10003536:	4663      	mov	r3, ip
10003538:	065b      	lsls	r3, r3, #25
1000353a:	d500      	bpl.n	1000353e <_vsnprintf+0x4c6>
1000353c:	e16b      	b.n	10003816 <_vsnprintf+0x79e>
1000353e:	4663      	mov	r3, ip
10003540:	990a      	ldr	r1, [sp, #40]	; 0x28
10003542:	061b      	lsls	r3, r3, #24
10003544:	d400      	bmi.n	10003548 <_vsnprintf+0x4d0>
10003546:	e2db      	b.n	10003b00 <_vsnprintf+0xa88>
10003548:	c908      	ldmia	r1!, {r3}
1000354a:	b21b      	sxth	r3, r3
1000354c:	17da      	asrs	r2, r3, #31
1000354e:	1898      	adds	r0, r3, r2
10003550:	4050      	eors	r0, r2
10003552:	b280      	uxth	r0, r0
10003554:	910a      	str	r1, [sp, #40]	; 0x28
10003556:	0fda      	lsrs	r2, r3, #31
10003558:	920c      	str	r2, [sp, #48]	; 0x30
1000355a:	2b00      	cmp	r3, #0
1000355c:	d100      	bne.n	10003560 <_vsnprintf+0x4e8>
1000355e:	e218      	b.n	10003992 <_vsnprintf+0x91a>
10003560:	4680      	mov	r8, r0
10003562:	aa0e      	add	r2, sp, #56	; 0x38
10003564:	4691      	mov	r9, r2
10003566:	231f      	movs	r3, #31
10003568:	444b      	add	r3, r9
1000356a:	9513      	str	r5, [sp, #76]	; 0x4c
1000356c:	46e1      	mov	r9, ip
1000356e:	4645      	mov	r5, r8
10003570:	9712      	str	r7, [sp, #72]	; 0x48
10003572:	46b0      	mov	r8, r6
10003574:	001e      	movs	r6, r3
10003576:	e001      	b.n	1000357c <_vsnprintf+0x504>
10003578:	2c20      	cmp	r4, #32
1000357a:	d00f      	beq.n	1000359c <_vsnprintf+0x524>
1000357c:	0028      	movs	r0, r5
1000357e:	210a      	movs	r1, #10
10003580:	f000 fbac 	bl	10003cdc <__wrap___aeabi_uidiv>
10003584:	3401      	adds	r4, #1
10003586:	1937      	adds	r7, r6, r4
10003588:	3130      	adds	r1, #48	; 0x30
1000358a:	7039      	strb	r1, [r7, #0]
1000358c:	0028      	movs	r0, r5
1000358e:	210a      	movs	r1, #10
10003590:	f000 fba4 	bl	10003cdc <__wrap___aeabi_uidiv>
10003594:	002f      	movs	r7, r5
10003596:	0005      	movs	r5, r0
10003598:	2f09      	cmp	r7, #9
1000359a:	d8ed      	bhi.n	10003578 <_vsnprintf+0x500>
1000359c:	4646      	mov	r6, r8
1000359e:	46cc      	mov	ip, r9
100035a0:	9f12      	ldr	r7, [sp, #72]	; 0x48
100035a2:	9d13      	ldr	r5, [sp, #76]	; 0x4c
100035a4:	4663      	mov	r3, ip
100035a6:	9306      	str	r3, [sp, #24]
100035a8:	9b0b      	ldr	r3, [sp, #44]	; 0x2c
100035aa:	9705      	str	r7, [sp, #20]
100035ac:	9304      	str	r3, [sp, #16]
100035ae:	230a      	movs	r3, #10
100035b0:	9303      	str	r3, [sp, #12]
100035b2:	9b0c      	ldr	r3, [sp, #48]	; 0x30
100035b4:	9302      	str	r3, [sp, #8]
100035b6:	ab16      	add	r3, sp, #88	; 0x58
100035b8:	002a      	movs	r2, r5
100035ba:	9401      	str	r4, [sp, #4]
100035bc:	9300      	str	r3, [sp, #0]
100035be:	4651      	mov	r1, sl
100035c0:	465b      	mov	r3, fp
100035c2:	9809      	ldr	r0, [sp, #36]	; 0x24
100035c4:	f7ff f842 	bl	1000264c <_ntoa_format>
100035c8:	1c74      	adds	r4, r6, #1
100035ca:	0005      	movs	r5, r0
100035cc:	e57b      	b.n	100030c6 <_vsnprintf+0x4e>
100035ce:	2320      	movs	r3, #32
100035d0:	4319      	orrs	r1, r3
100035d2:	e66c      	b.n	100032ae <_vsnprintf+0x236>
100035d4:	2380      	movs	r3, #128	; 0x80
100035d6:	011b      	lsls	r3, r3, #4
100035d8:	4319      	orrs	r1, r3
100035da:	e638      	b.n	1000324e <_vsnprintf+0x1d6>
100035dc:	2878      	cmp	r0, #120	; 0x78
100035de:	d000      	beq.n	100035e2 <_vsnprintf+0x56a>
100035e0:	e17c      	b.n	100038dc <_vsnprintf+0x864>
100035e2:	2380      	movs	r3, #128	; 0x80
100035e4:	000a      	movs	r2, r1
100035e6:	00db      	lsls	r3, r3, #3
100035e8:	401a      	ands	r2, r3
100035ea:	4691      	mov	r9, r2
100035ec:	4219      	tst	r1, r3
100035ee:	d100      	bne.n	100035f2 <_vsnprintf+0x57a>
100035f0:	e2a5      	b.n	10003b3e <_vsnprintf+0xac6>
100035f2:	230d      	movs	r3, #13
100035f4:	4399      	bics	r1, r3
100035f6:	0008      	movs	r0, r1
100035f8:	3303      	adds	r3, #3
100035fa:	930c      	str	r3, [sp, #48]	; 0x30
100035fc:	2380      	movs	r3, #128	; 0x80
100035fe:	0002      	movs	r2, r0
10003600:	009b      	lsls	r3, r3, #2
10003602:	401a      	ands	r2, r3
10003604:	4690      	mov	r8, r2
10003606:	4218      	tst	r0, r3
10003608:	d000      	beq.n	1000360c <_vsnprintf+0x594>
1000360a:	e178      	b.n	100038fe <_vsnprintf+0x886>
1000360c:	2380      	movs	r3, #128	; 0x80
1000360e:	0004      	movs	r4, r0
10003610:	005b      	lsls	r3, r3, #1
10003612:	401c      	ands	r4, r3
10003614:	4218      	tst	r0, r3
10003616:	d000      	beq.n	1000361a <_vsnprintf+0x5a2>
10003618:	e207      	b.n	10003a2a <_vsnprintf+0x9b2>
1000361a:	0643      	lsls	r3, r0, #25
1000361c:	d400      	bmi.n	10003620 <_vsnprintf+0x5a8>
1000361e:	e253      	b.n	10003ac8 <_vsnprintf+0xa50>
10003620:	21ff      	movs	r1, #255	; 0xff
10003622:	9b0a      	ldr	r3, [sp, #40]	; 0x28
10003624:	cb04      	ldmia	r3!, {r2}
10003626:	400a      	ands	r2, r1
10003628:	4690      	mov	r8, r2
1000362a:	930a      	str	r3, [sp, #40]	; 0x28
1000362c:	4643      	mov	r3, r8
1000362e:	2b00      	cmp	r3, #0
10003630:	d000      	beq.n	10003634 <_vsnprintf+0x5bc>
10003632:	e126      	b.n	10003882 <_vsnprintf+0x80a>
10003634:	3310      	adds	r3, #16
10003636:	4398      	bics	r0, r3
10003638:	464b      	mov	r3, r9
1000363a:	2b00      	cmp	r3, #0
1000363c:	d100      	bne.n	10003640 <_vsnprintf+0x5c8>
1000363e:	e120      	b.n	10003882 <_vsnprintf+0x80a>
10003640:	2400      	movs	r4, #0
10003642:	9b0b      	ldr	r3, [sp, #44]	; 0x2c
10003644:	9006      	str	r0, [sp, #24]
10003646:	9304      	str	r3, [sp, #16]
10003648:	9b0c      	ldr	r3, [sp, #48]	; 0x30
1000364a:	9705      	str	r7, [sp, #20]
1000364c:	9303      	str	r3, [sp, #12]
1000364e:	2300      	movs	r3, #0
10003650:	e7b0      	b.n	100035b4 <_vsnprintf+0x53c>
10003652:	2380      	movs	r3, #128	; 0x80
10003654:	011b      	lsls	r3, r3, #4
10003656:	4319      	orrs	r1, r3
10003658:	2320      	movs	r3, #32
1000365a:	4319      	orrs	r1, r3
1000365c:	e5f7      	b.n	1000324e <_vsnprintf+0x1d6>
1000365e:	1b5b      	subs	r3, r3, r5
10003660:	4699      	mov	r9, r3
10003662:	9b0c      	ldr	r3, [sp, #48]	; 0x30
10003664:	9c09      	ldr	r4, [sp, #36]	; 0x24
10003666:	4698      	mov	r8, r3
10003668:	465b      	mov	r3, fp
1000366a:	46b3      	mov	fp, r6
1000366c:	4656      	mov	r6, sl
1000366e:	46ba      	mov	sl, r7
10003670:	001f      	movs	r7, r3
10003672:	002a      	movs	r2, r5
10003674:	003b      	movs	r3, r7
10003676:	0031      	movs	r1, r6
10003678:	47a0      	blx	r4
1000367a:	464b      	mov	r3, r9
1000367c:	3501      	adds	r5, #1
1000367e:	5d58      	ldrb	r0, [r3, r5]
10003680:	2800      	cmp	r0, #0
10003682:	d1f6      	bne.n	10003672 <_vsnprintf+0x5fa>
10003684:	4643      	mov	r3, r8
10003686:	930c      	str	r3, [sp, #48]	; 0x30
10003688:	003b      	movs	r3, r7
1000368a:	4657      	mov	r7, sl
1000368c:	46b2      	mov	sl, r6
1000368e:	465e      	mov	r6, fp
10003690:	469b      	mov	fp, r3
10003692:	e6e4      	b.n	1000345e <_vsnprintf+0x3e6>
10003694:	23c0      	movs	r3, #192	; 0xc0
10003696:	78b0      	ldrb	r0, [r6, #2]
10003698:	4319      	orrs	r1, r3
1000369a:	3602      	adds	r6, #2
1000369c:	e55a      	b.n	10003154 <_vsnprintf+0xdc>
1000369e:	23c0      	movs	r3, #192	; 0xc0
100036a0:	009b      	lsls	r3, r3, #2
100036a2:	78b0      	ldrb	r0, [r6, #2]
100036a4:	4319      	orrs	r1, r3
100036a6:	3602      	adds	r6, #2
100036a8:	e554      	b.n	10003154 <_vsnprintf+0xdc>
100036aa:	4656      	mov	r6, sl
100036ac:	46ba      	mov	sl, r7
100036ae:	4647      	mov	r7, r8
100036b0:	e6d5      	b.n	1000345e <_vsnprintf+0x3e6>
100036b2:	2f01      	cmp	r7, #1
100036b4:	d800      	bhi.n	100036b8 <_vsnprintf+0x640>
100036b6:	e232      	b.n	10003b1e <_vsnprintf+0xaa6>
100036b8:	1e6b      	subs	r3, r5, #1
100036ba:	4698      	mov	r8, r3
100036bc:	44b8      	add	r8, r7
100036be:	002c      	movs	r4, r5
100036c0:	46a9      	mov	r9, r5
100036c2:	4645      	mov	r5, r8
100036c4:	46b8      	mov	r8, r7
100036c6:	4657      	mov	r7, sl
100036c8:	46b2      	mov	sl, r6
100036ca:	9e09      	ldr	r6, [sp, #36]	; 0x24
100036cc:	0022      	movs	r2, r4
100036ce:	465b      	mov	r3, fp
100036d0:	3401      	adds	r4, #1
100036d2:	0039      	movs	r1, r7
100036d4:	2020      	movs	r0, #32
100036d6:	47b0      	blx	r6
100036d8:	42ac      	cmp	r4, r5
100036da:	d1f7      	bne.n	100036cc <_vsnprintf+0x654>
100036dc:	9b0a      	ldr	r3, [sp, #40]	; 0x28
100036de:	4656      	mov	r6, sl
100036e0:	cb01      	ldmia	r3!, {r0}
100036e2:	46ba      	mov	sl, r7
100036e4:	4647      	mov	r7, r8
100036e6:	4698      	mov	r8, r3
100036e8:	0022      	movs	r2, r4
100036ea:	465b      	mov	r3, fp
100036ec:	9c09      	ldr	r4, [sp, #36]	; 0x24
100036ee:	4651      	mov	r1, sl
100036f0:	b2c0      	uxtb	r0, r0
100036f2:	47a0      	blx	r4
100036f4:	464d      	mov	r5, r9
100036f6:	4643      	mov	r3, r8
100036f8:	19ed      	adds	r5, r5, r7
100036fa:	930a      	str	r3, [sp, #40]	; 0x28
100036fc:	1c74      	adds	r4, r6, #1
100036fe:	e4e2      	b.n	100030c6 <_vsnprintf+0x4e>
10003700:	9b0c      	ldr	r3, [sp, #48]	; 0x30
10003702:	46a8      	mov	r8, r5
10003704:	429f      	cmp	r7, r3
10003706:	d800      	bhi.n	1000370a <_vsnprintf+0x692>
10003708:	e6ad      	b.n	10003466 <_vsnprintf+0x3ee>
1000370a:	4644      	mov	r4, r8
1000370c:	46b0      	mov	r8, r6
1000370e:	4656      	mov	r6, sl
10003710:	197d      	adds	r5, r7, r5
10003712:	9f09      	ldr	r7, [sp, #36]	; 0x24
10003714:	1aed      	subs	r5, r5, r3
10003716:	0022      	movs	r2, r4
10003718:	465b      	mov	r3, fp
1000371a:	3401      	adds	r4, #1
1000371c:	0031      	movs	r1, r6
1000371e:	2020      	movs	r0, #32
10003720:	47b8      	blx	r7
10003722:	42ac      	cmp	r4, r5
10003724:	d1f7      	bne.n	10003716 <_vsnprintf+0x69e>
10003726:	46b2      	mov	sl, r6
10003728:	4646      	mov	r6, r8
1000372a:	e69c      	b.n	10003466 <_vsnprintf+0x3ee>
1000372c:	980c      	ldr	r0, [sp, #48]	; 0x30
1000372e:	4287      	cmp	r7, r0
10003730:	d800      	bhi.n	10003734 <_vsnprintf+0x6bc>
10003732:	e1f0      	b.n	10003b16 <_vsnprintf+0xa9e>
10003734:	4642      	mov	r2, r8
10003736:	4698      	mov	r8, r3
10003738:	1979      	adds	r1, r7, r5
1000373a:	46b9      	mov	r9, r7
1000373c:	4657      	mov	r7, sl
1000373e:	46b2      	mov	sl, r6
10003740:	9e09      	ldr	r6, [sp, #36]	; 0x24
10003742:	1a0c      	subs	r4, r1, r0
10003744:	920c      	str	r2, [sp, #48]	; 0x30
10003746:	002a      	movs	r2, r5
10003748:	465b      	mov	r3, fp
1000374a:	3501      	adds	r5, #1
1000374c:	0039      	movs	r1, r7
1000374e:	2020      	movs	r0, #32
10003750:	47b0      	blx	r6
10003752:	42a5      	cmp	r5, r4
10003754:	d1f7      	bne.n	10003746 <_vsnprintf+0x6ce>
10003756:	4656      	mov	r6, sl
10003758:	46ba      	mov	sl, r7
1000375a:	464f      	mov	r7, r9
1000375c:	4643      	mov	r3, r8
1000375e:	9a0c      	ldr	r2, [sp, #48]	; 0x30
10003760:	4690      	mov	r8, r2
10003762:	1c7a      	adds	r2, r7, #1
10003764:	920c      	str	r2, [sp, #48]	; 0x30
10003766:	781a      	ldrb	r2, [r3, #0]
10003768:	1e10      	subs	r0, r2, #0
1000376a:	d000      	beq.n	1000376e <_vsnprintf+0x6f6>
1000376c:	e657      	b.n	1000341e <_vsnprintf+0x3a6>
1000376e:	e67a      	b.n	10003466 <_vsnprintf+0x3ee>
10003770:	2208      	movs	r2, #8
10003772:	2107      	movs	r1, #7
10003774:	4691      	mov	r9, r2
10003776:	9b0a      	ldr	r3, [sp, #40]	; 0x28
10003778:	3307      	adds	r3, #7
1000377a:	438b      	bics	r3, r1
1000377c:	4499      	add	r9, r3
1000377e:	464a      	mov	r2, r9
10003780:	cb0a      	ldmia	r3, {r1, r3}
10003782:	000c      	movs	r4, r1
10003784:	920a      	str	r2, [sp, #40]	; 0x28
10003786:	431c      	orrs	r4, r3
10003788:	0fda      	lsrs	r2, r3, #31
1000378a:	2c00      	cmp	r4, #0
1000378c:	d04e      	beq.n	1000382c <_vsnprintf+0x7b4>
1000378e:	17d8      	asrs	r0, r3, #31
10003790:	0004      	movs	r4, r0
10003792:	9010      	str	r0, [sp, #64]	; 0x40
10003794:	404c      	eors	r4, r1
10003796:	9011      	str	r0, [sp, #68]	; 0x44
10003798:	940e      	str	r4, [sp, #56]	; 0x38
1000379a:	9810      	ldr	r0, [sp, #64]	; 0x40
1000379c:	9911      	ldr	r1, [sp, #68]	; 0x44
1000379e:	000c      	movs	r4, r1
100037a0:	405c      	eors	r4, r3
100037a2:	940f      	str	r4, [sp, #60]	; 0x3c
100037a4:	9b0e      	ldr	r3, [sp, #56]	; 0x38
100037a6:	9c0f      	ldr	r4, [sp, #60]	; 0x3c
100037a8:	1a1b      	subs	r3, r3, r0
100037aa:	418c      	sbcs	r4, r1
100037ac:	930e      	str	r3, [sp, #56]	; 0x38
100037ae:	940f      	str	r4, [sp, #60]	; 0x3c
100037b0:	a90e      	add	r1, sp, #56	; 0x38
100037b2:	4688      	mov	r8, r1
100037b4:	231f      	movs	r3, #31
100037b6:	2400      	movs	r4, #0
100037b8:	4443      	add	r3, r8
100037ba:	9712      	str	r7, [sp, #72]	; 0x48
100037bc:	46b0      	mov	r8, r6
100037be:	0027      	movs	r7, r4
100037c0:	9513      	str	r5, [sp, #76]	; 0x4c
100037c2:	001e      	movs	r6, r3
100037c4:	9c0e      	ldr	r4, [sp, #56]	; 0x38
100037c6:	9d0f      	ldr	r5, [sp, #60]	; 0x3c
100037c8:	46e1      	mov	r9, ip
100037ca:	920c      	str	r2, [sp, #48]	; 0x30
100037cc:	e001      	b.n	100037d2 <_vsnprintf+0x75a>
100037ce:	2f20      	cmp	r7, #32
100037d0:	d010      	beq.n	100037f4 <_vsnprintf+0x77c>
100037d2:	0020      	movs	r0, r4
100037d4:	0029      	movs	r1, r5
100037d6:	220a      	movs	r2, #10
100037d8:	2300      	movs	r3, #0
100037da:	f000 fabd 	bl	10003d58 <__wrap___aeabi_uldivmod>
100037de:	3701      	adds	r7, #1
100037e0:	3230      	adds	r2, #48	; 0x30
100037e2:	002b      	movs	r3, r5
100037e4:	55f2      	strb	r2, [r6, r7]
100037e6:	000d      	movs	r5, r1
100037e8:	0022      	movs	r2, r4
100037ea:	0004      	movs	r4, r0
100037ec:	2b00      	cmp	r3, #0
100037ee:	d1ee      	bne.n	100037ce <_vsnprintf+0x756>
100037f0:	2a09      	cmp	r2, #9
100037f2:	d8ec      	bhi.n	100037ce <_vsnprintf+0x756>
100037f4:	4646      	mov	r6, r8
100037f6:	46cc      	mov	ip, r9
100037f8:	940e      	str	r4, [sp, #56]	; 0x38
100037fa:	950f      	str	r5, [sp, #60]	; 0x3c
100037fc:	9a0c      	ldr	r2, [sp, #48]	; 0x30
100037fe:	003c      	movs	r4, r7
10003800:	9d13      	ldr	r5, [sp, #76]	; 0x4c
10003802:	9f12      	ldr	r7, [sp, #72]	; 0x48
10003804:	4663      	mov	r3, ip
10003806:	9306      	str	r3, [sp, #24]
10003808:	9b0b      	ldr	r3, [sp, #44]	; 0x2c
1000380a:	9705      	str	r7, [sp, #20]
1000380c:	9304      	str	r3, [sp, #16]
1000380e:	230a      	movs	r3, #10
10003810:	9202      	str	r2, [sp, #8]
10003812:	9303      	str	r3, [sp, #12]
10003814:	e6cf      	b.n	100035b6 <_vsnprintf+0x53e>
10003816:	23ff      	movs	r3, #255	; 0xff
10003818:	990a      	ldr	r1, [sp, #40]	; 0x28
1000381a:	c904      	ldmia	r1!, {r2}
1000381c:	4013      	ands	r3, r2
1000381e:	0018      	movs	r0, r3
10003820:	910a      	str	r1, [sp, #40]	; 0x28
10003822:	e698      	b.n	10003556 <_vsnprintf+0x4de>
10003824:	2310      	movs	r3, #16
10003826:	4399      	bics	r1, r3
10003828:	468c      	mov	ip, r1
1000382a:	e674      	b.n	10003516 <_vsnprintf+0x49e>
1000382c:	4643      	mov	r3, r8
1000382e:	2400      	movs	r4, #0
10003830:	2b00      	cmp	r3, #0
10003832:	d1e7      	bne.n	10003804 <_vsnprintf+0x78c>
10003834:	2300      	movs	r3, #0
10003836:	2400      	movs	r4, #0
10003838:	930e      	str	r3, [sp, #56]	; 0x38
1000383a:	940f      	str	r4, [sp, #60]	; 0x3c
1000383c:	e7b8      	b.n	100037b0 <_vsnprintf+0x738>
1000383e:	4643      	mov	r3, r8
10003840:	464d      	mov	r5, r9
10003842:	930a      	str	r3, [sp, #40]	; 0x28
10003844:	1c74      	adds	r4, r6, #1
10003846:	e43e      	b.n	100030c6 <_vsnprintf+0x4e>
10003848:	2380      	movs	r3, #128	; 0x80
1000384a:	000a      	movs	r2, r1
1000384c:	00db      	lsls	r3, r3, #3
1000384e:	401a      	ands	r2, r3
10003850:	4691      	mov	r9, r2
10003852:	4219      	tst	r1, r3
10003854:	d100      	bne.n	10003858 <_vsnprintf+0x7e0>
10003856:	e140      	b.n	10003ada <_vsnprintf+0xa62>
10003858:	230d      	movs	r3, #13
1000385a:	4399      	bics	r1, r3
1000385c:	3b0b      	subs	r3, #11
1000385e:	0008      	movs	r0, r1
10003860:	930c      	str	r3, [sp, #48]	; 0x30
10003862:	e6cb      	b.n	100035fc <_vsnprintf+0x584>
10003864:	2380      	movs	r3, #128	; 0x80
10003866:	000a      	movs	r2, r1
10003868:	00db      	lsls	r3, r3, #3
1000386a:	401a      	ands	r2, r3
1000386c:	4691      	mov	r9, r2
1000386e:	4219      	tst	r1, r3
10003870:	d100      	bne.n	10003874 <_vsnprintf+0x7fc>
10003872:	e162      	b.n	10003b3a <_vsnprintf+0xac2>
10003874:	230d      	movs	r3, #13
10003876:	2020      	movs	r0, #32
10003878:	4399      	bics	r1, r3
1000387a:	3303      	adds	r3, #3
1000387c:	4308      	orrs	r0, r1
1000387e:	930c      	str	r3, [sp, #48]	; 0x30
10003880:	e6bc      	b.n	100035fc <_vsnprintf+0x584>
10003882:	2361      	movs	r3, #97	; 0x61
10003884:	0681      	lsls	r1, r0, #26
10003886:	d500      	bpl.n	1000388a <_vsnprintf+0x812>
10003888:	2341      	movs	r3, #65	; 0x41
1000388a:	a90e      	add	r1, sp, #56	; 0x38
1000388c:	221f      	movs	r2, #31
1000388e:	468c      	mov	ip, r1
10003890:	b2db      	uxtb	r3, r3
10003892:	4462      	add	r2, ip
10003894:	3b0a      	subs	r3, #10
10003896:	9713      	str	r7, [sp, #76]	; 0x4c
10003898:	9514      	str	r5, [sp, #80]	; 0x50
1000389a:	4681      	mov	r9, r0
1000389c:	4645      	mov	r5, r8
1000389e:	9f0c      	ldr	r7, [sp, #48]	; 0x30
100038a0:	46b0      	mov	r8, r6
100038a2:	9312      	str	r3, [sp, #72]	; 0x48
100038a4:	0016      	movs	r6, r2
100038a6:	e008      	b.n	100038ba <_vsnprintf+0x842>
100038a8:	3330      	adds	r3, #48	; 0x30
100038aa:	b2db      	uxtb	r3, r3
100038ac:	3401      	adds	r4, #1
100038ae:	5533      	strb	r3, [r6, r4]
100038b0:	42bd      	cmp	r5, r7
100038b2:	d30e      	bcc.n	100038d2 <_vsnprintf+0x85a>
100038b4:	2c20      	cmp	r4, #32
100038b6:	d00c      	beq.n	100038d2 <_vsnprintf+0x85a>
100038b8:	0005      	movs	r5, r0
100038ba:	0039      	movs	r1, r7
100038bc:	0028      	movs	r0, r5
100038be:	f000 fa0d 	bl	10003cdc <__wrap___aeabi_uidiv>
100038c2:	b2cb      	uxtb	r3, r1
100038c4:	2909      	cmp	r1, #9
100038c6:	d9ef      	bls.n	100038a8 <_vsnprintf+0x830>
100038c8:	9a12      	ldr	r2, [sp, #72]	; 0x48
100038ca:	4694      	mov	ip, r2
100038cc:	4463      	add	r3, ip
100038ce:	b2db      	uxtb	r3, r3
100038d0:	e7ec      	b.n	100038ac <_vsnprintf+0x834>
100038d2:	4646      	mov	r6, r8
100038d4:	4648      	mov	r0, r9
100038d6:	9f13      	ldr	r7, [sp, #76]	; 0x4c
100038d8:	9d14      	ldr	r5, [sp, #80]	; 0x50
100038da:	e6b2      	b.n	10003642 <_vsnprintf+0x5ca>
100038dc:	286f      	cmp	r0, #111	; 0x6f
100038de:	d000      	beq.n	100038e2 <_vsnprintf+0x86a>
100038e0:	e13c      	b.n	10003b5c <_vsnprintf+0xae4>
100038e2:	230c      	movs	r3, #12
100038e4:	0008      	movs	r0, r1
100038e6:	4398      	bics	r0, r3
100038e8:	2380      	movs	r3, #128	; 0x80
100038ea:	000a      	movs	r2, r1
100038ec:	00db      	lsls	r3, r3, #3
100038ee:	401a      	ands	r2, r3
100038f0:	4691      	mov	r9, r2
100038f2:	4219      	tst	r1, r3
100038f4:	d000      	beq.n	100038f8 <_vsnprintf+0x880>
100038f6:	e12a      	b.n	10003b4e <_vsnprintf+0xad6>
100038f8:	2308      	movs	r3, #8
100038fa:	930c      	str	r3, [sp, #48]	; 0x30
100038fc:	e67e      	b.n	100035fc <_vsnprintf+0x584>
100038fe:	990a      	ldr	r1, [sp, #40]	; 0x28
10003900:	3bfa      	subs	r3, #250	; 0xfa
10003902:	3bff      	subs	r3, #255	; 0xff
10003904:	3107      	adds	r1, #7
10003906:	4399      	bics	r1, r3
10003908:	3301      	adds	r3, #1
1000390a:	469c      	mov	ip, r3
1000390c:	448c      	add	ip, r1
1000390e:	4663      	mov	r3, ip
10003910:	684a      	ldr	r2, [r1, #4]
10003912:	930a      	str	r3, [sp, #40]	; 0x28
10003914:	680b      	ldr	r3, [r1, #0]
10003916:	4690      	mov	r8, r2
10003918:	469c      	mov	ip, r3
1000391a:	4313      	orrs	r3, r2
1000391c:	1e19      	subs	r1, r3, #0
1000391e:	d106      	bne.n	1000392e <_vsnprintf+0x8b6>
10003920:	464b      	mov	r3, r9
10003922:	3110      	adds	r1, #16
10003924:	2400      	movs	r4, #0
10003926:	4388      	bics	r0, r1
10003928:	2b00      	cmp	r3, #0
1000392a:	d000      	beq.n	1000392e <_vsnprintf+0x8b6>
1000392c:	e689      	b.n	10003642 <_vsnprintf+0x5ca>
1000392e:	2161      	movs	r1, #97	; 0x61
10003930:	0683      	lsls	r3, r0, #26
10003932:	d500      	bpl.n	10003936 <_vsnprintf+0x8be>
10003934:	2141      	movs	r1, #65	; 0x41
10003936:	aa0e      	add	r2, sp, #56	; 0x38
10003938:	4691      	mov	r9, r2
1000393a:	231f      	movs	r3, #31
1000393c:	444b      	add	r3, r9
1000393e:	4699      	mov	r9, r3
10003940:	b2c9      	uxtb	r1, r1
10003942:	9b0c      	ldr	r3, [sp, #48]	; 0x30
10003944:	390a      	subs	r1, #10
10003946:	9713      	str	r7, [sp, #76]	; 0x4c
10003948:	9514      	str	r5, [sp, #80]	; 0x50
1000394a:	9615      	str	r6, [sp, #84]	; 0x54
1000394c:	4645      	mov	r5, r8
1000394e:	464e      	mov	r6, r9
10003950:	2400      	movs	r4, #0
10003952:	4667      	mov	r7, ip
10003954:	4698      	mov	r8, r3
10003956:	4681      	mov	r9, r0
10003958:	9112      	str	r1, [sp, #72]	; 0x48
1000395a:	e00c      	b.n	10003976 <_vsnprintf+0x8fe>
1000395c:	3230      	adds	r2, #48	; 0x30
1000395e:	b2d2      	uxtb	r2, r2
10003960:	2300      	movs	r3, #0
10003962:	3401      	adds	r4, #1
10003964:	5532      	strb	r2, [r6, r4]
10003966:	42ab      	cmp	r3, r5
10003968:	d100      	bne.n	1000396c <_vsnprintf+0x8f4>
1000396a:	e0bc      	b.n	10003ae6 <_vsnprintf+0xa6e>
1000396c:	2c20      	cmp	r4, #32
1000396e:	d100      	bne.n	10003972 <_vsnprintf+0x8fa>
10003970:	e0bc      	b.n	10003aec <_vsnprintf+0xa74>
10003972:	0007      	movs	r7, r0
10003974:	000d      	movs	r5, r1
10003976:	4642      	mov	r2, r8
10003978:	2300      	movs	r3, #0
1000397a:	0038      	movs	r0, r7
1000397c:	0029      	movs	r1, r5
1000397e:	f000 f9eb 	bl	10003d58 <__wrap___aeabi_uldivmod>
10003982:	b2d2      	uxtb	r2, r2
10003984:	2a09      	cmp	r2, #9
10003986:	d9e9      	bls.n	1000395c <_vsnprintf+0x8e4>
10003988:	9b12      	ldr	r3, [sp, #72]	; 0x48
1000398a:	469c      	mov	ip, r3
1000398c:	4462      	add	r2, ip
1000398e:	b2d2      	uxtb	r2, r2
10003990:	e7e6      	b.n	10003960 <_vsnprintf+0x8e8>
10003992:	4643      	mov	r3, r8
10003994:	2b00      	cmp	r3, #0
10003996:	d000      	beq.n	1000399a <_vsnprintf+0x922>
10003998:	e604      	b.n	100035a4 <_vsnprintf+0x52c>
1000399a:	e5e2      	b.n	10003562 <_vsnprintf+0x4ea>
1000399c:	9c0a      	ldr	r4, [sp, #40]	; 0x28
1000399e:	cc08      	ldmia	r4!, {r3}
100039a0:	0fda      	lsrs	r2, r3, #31
100039a2:	9213      	str	r2, [sp, #76]	; 0x4c
100039a4:	2b00      	cmp	r3, #0
100039a6:	d100      	bne.n	100039aa <_vsnprintf+0x932>
100039a8:	e0a5      	b.n	10003af6 <_vsnprintf+0xa7e>
100039aa:	17d9      	asrs	r1, r3, #31
100039ac:	185b      	adds	r3, r3, r1
100039ae:	404b      	eors	r3, r1
100039b0:	4698      	mov	r8, r3
100039b2:	aa0e      	add	r2, sp, #56	; 0x38
100039b4:	4691      	mov	r9, r2
100039b6:	231f      	movs	r3, #31
100039b8:	444b      	add	r3, r9
100039ba:	950c      	str	r5, [sp, #48]	; 0x30
100039bc:	46a1      	mov	r9, r4
100039be:	4645      	mov	r5, r8
100039c0:	9612      	str	r6, [sp, #72]	; 0x48
100039c2:	46e0      	mov	r8, ip
100039c4:	0006      	movs	r6, r0
100039c6:	001c      	movs	r4, r3
100039c8:	970a      	str	r7, [sp, #40]	; 0x28
100039ca:	e001      	b.n	100039d0 <_vsnprintf+0x958>
100039cc:	2e20      	cmp	r6, #32
100039ce:	d00f      	beq.n	100039f0 <_vsnprintf+0x978>
100039d0:	0028      	movs	r0, r5
100039d2:	210a      	movs	r1, #10
100039d4:	f000 f982 	bl	10003cdc <__wrap___aeabi_uidiv>
100039d8:	3601      	adds	r6, #1
100039da:	19a7      	adds	r7, r4, r6
100039dc:	3130      	adds	r1, #48	; 0x30
100039de:	7039      	strb	r1, [r7, #0]
100039e0:	0028      	movs	r0, r5
100039e2:	210a      	movs	r1, #10
100039e4:	f000 f97a 	bl	10003cdc <__wrap___aeabi_uidiv>
100039e8:	002f      	movs	r7, r5
100039ea:	0005      	movs	r5, r0
100039ec:	2f09      	cmp	r7, #9
100039ee:	d8ed      	bhi.n	100039cc <_vsnprintf+0x954>
100039f0:	46c4      	mov	ip, r8
100039f2:	464c      	mov	r4, r9
100039f4:	0030      	movs	r0, r6
100039f6:	9f0a      	ldr	r7, [sp, #40]	; 0x28
100039f8:	9d0c      	ldr	r5, [sp, #48]	; 0x30
100039fa:	9e12      	ldr	r6, [sp, #72]	; 0x48
100039fc:	4663      	mov	r3, ip
100039fe:	9306      	str	r3, [sp, #24]
10003a00:	9b0b      	ldr	r3, [sp, #44]	; 0x2c
10003a02:	002a      	movs	r2, r5
10003a04:	9304      	str	r3, [sp, #16]
10003a06:	230a      	movs	r3, #10
10003a08:	9303      	str	r3, [sp, #12]
10003a0a:	9b13      	ldr	r3, [sp, #76]	; 0x4c
10003a0c:	9001      	str	r0, [sp, #4]
10003a0e:	9302      	str	r3, [sp, #8]
10003a10:	ab16      	add	r3, sp, #88	; 0x58
10003a12:	9300      	str	r3, [sp, #0]
10003a14:	4651      	mov	r1, sl
10003a16:	465b      	mov	r3, fp
10003a18:	9809      	ldr	r0, [sp, #36]	; 0x24
10003a1a:	9705      	str	r7, [sp, #20]
10003a1c:	f7fe fe16 	bl	1000264c <_ntoa_format>
10003a20:	940a      	str	r4, [sp, #40]	; 0x28
10003a22:	0005      	movs	r5, r0
10003a24:	1c74      	adds	r4, r6, #1
10003a26:	f7ff fb4e 	bl	100030c6 <_vsnprintf+0x4e>
10003a2a:	9b0a      	ldr	r3, [sp, #40]	; 0x28
10003a2c:	cb10      	ldmia	r3!, {r4}
10003a2e:	9314      	str	r3, [sp, #80]	; 0x50
10003a30:	2c00      	cmp	r4, #0
10003a32:	d104      	bne.n	10003a3e <_vsnprintf+0x9c6>
10003a34:	2310      	movs	r3, #16
10003a36:	4398      	bics	r0, r3
10003a38:	464b      	mov	r3, r9
10003a3a:	2b00      	cmp	r3, #0
10003a3c:	d12c      	bne.n	10003a98 <_vsnprintf+0xa20>
10003a3e:	2361      	movs	r3, #97	; 0x61
10003a40:	0681      	lsls	r1, r0, #26
10003a42:	d500      	bpl.n	10003a46 <_vsnprintf+0x9ce>
10003a44:	2341      	movs	r3, #65	; 0x41
10003a46:	a90e      	add	r1, sp, #56	; 0x38
10003a48:	221f      	movs	r2, #31
10003a4a:	468c      	mov	ip, r1
10003a4c:	b2db      	uxtb	r3, r3
10003a4e:	4462      	add	r2, ip
10003a50:	3b0a      	subs	r3, #10
10003a52:	9712      	str	r7, [sp, #72]	; 0x48
10003a54:	9513      	str	r5, [sp, #76]	; 0x4c
10003a56:	4681      	mov	r9, r0
10003a58:	4645      	mov	r5, r8
10003a5a:	9f0c      	ldr	r7, [sp, #48]	; 0x30
10003a5c:	46b0      	mov	r8, r6
10003a5e:	930a      	str	r3, [sp, #40]	; 0x28
10003a60:	0016      	movs	r6, r2
10003a62:	e008      	b.n	10003a76 <_vsnprintf+0x9fe>
10003a64:	3330      	adds	r3, #48	; 0x30
10003a66:	b2db      	uxtb	r3, r3
10003a68:	3501      	adds	r5, #1
10003a6a:	5573      	strb	r3, [r6, r5]
10003a6c:	42bc      	cmp	r4, r7
10003a6e:	d30e      	bcc.n	10003a8e <_vsnprintf+0xa16>
10003a70:	2d20      	cmp	r5, #32
10003a72:	d00c      	beq.n	10003a8e <_vsnprintf+0xa16>
10003a74:	0004      	movs	r4, r0
10003a76:	0039      	movs	r1, r7
10003a78:	0020      	movs	r0, r4
10003a7a:	f000 f92f 	bl	10003cdc <__wrap___aeabi_uidiv>
10003a7e:	b2cb      	uxtb	r3, r1
10003a80:	2909      	cmp	r1, #9
10003a82:	d9ef      	bls.n	10003a64 <_vsnprintf+0x9ec>
10003a84:	9a0a      	ldr	r2, [sp, #40]	; 0x28
10003a86:	4694      	mov	ip, r2
10003a88:	4463      	add	r3, ip
10003a8a:	b2db      	uxtb	r3, r3
10003a8c:	e7ec      	b.n	10003a68 <_vsnprintf+0x9f0>
10003a8e:	4648      	mov	r0, r9
10003a90:	4646      	mov	r6, r8
10003a92:	9f12      	ldr	r7, [sp, #72]	; 0x48
10003a94:	46a8      	mov	r8, r5
10003a96:	9d13      	ldr	r5, [sp, #76]	; 0x4c
10003a98:	9b0b      	ldr	r3, [sp, #44]	; 0x2c
10003a9a:	002a      	movs	r2, r5
10003a9c:	9304      	str	r3, [sp, #16]
10003a9e:	9b0c      	ldr	r3, [sp, #48]	; 0x30
10003aa0:	9006      	str	r0, [sp, #24]
10003aa2:	9303      	str	r3, [sp, #12]
10003aa4:	2300      	movs	r3, #0
10003aa6:	9302      	str	r3, [sp, #8]
10003aa8:	4643      	mov	r3, r8
10003aaa:	9301      	str	r3, [sp, #4]
10003aac:	ab16      	add	r3, sp, #88	; 0x58
10003aae:	9300      	str	r3, [sp, #0]
10003ab0:	4651      	mov	r1, sl
10003ab2:	465b      	mov	r3, fp
10003ab4:	9809      	ldr	r0, [sp, #36]	; 0x24
10003ab6:	9705      	str	r7, [sp, #20]
10003ab8:	f7fe fdc8 	bl	1000264c <_ntoa_format>
10003abc:	9b14      	ldr	r3, [sp, #80]	; 0x50
10003abe:	0005      	movs	r5, r0
10003ac0:	930a      	str	r3, [sp, #40]	; 0x28
10003ac2:	1c74      	adds	r4, r6, #1
10003ac4:	f7ff faff 	bl	100030c6 <_vsnprintf+0x4e>
10003ac8:	0603      	lsls	r3, r0, #24
10003aca:	d51f      	bpl.n	10003b0c <_vsnprintf+0xa94>
10003acc:	9b0a      	ldr	r3, [sp, #40]	; 0x28
10003ace:	cb02      	ldmia	r3!, {r1}
10003ad0:	0409      	lsls	r1, r1, #16
10003ad2:	0c0a      	lsrs	r2, r1, #16
10003ad4:	4690      	mov	r8, r2
10003ad6:	930a      	str	r3, [sp, #40]	; 0x28
10003ad8:	e5a8      	b.n	1000362c <_vsnprintf+0x5b4>
10003ada:	230c      	movs	r3, #12
10003adc:	4399      	bics	r1, r3
10003ade:	3b0a      	subs	r3, #10
10003ae0:	0008      	movs	r0, r1
10003ae2:	930c      	str	r3, [sp, #48]	; 0x30
10003ae4:	e58a      	b.n	100035fc <_vsnprintf+0x584>
10003ae6:	45b8      	cmp	r8, r7
10003ae8:	d800      	bhi.n	10003aec <_vsnprintf+0xa74>
10003aea:	e73f      	b.n	1000396c <_vsnprintf+0x8f4>
10003aec:	4648      	mov	r0, r9
10003aee:	9f13      	ldr	r7, [sp, #76]	; 0x4c
10003af0:	9d14      	ldr	r5, [sp, #80]	; 0x50
10003af2:	9e15      	ldr	r6, [sp, #84]	; 0x54
10003af4:	e5a5      	b.n	10003642 <_vsnprintf+0x5ca>
10003af6:	4643      	mov	r3, r8
10003af8:	2b00      	cmp	r3, #0
10003afa:	d000      	beq.n	10003afe <_vsnprintf+0xa86>
10003afc:	e77e      	b.n	100039fc <_vsnprintf+0x984>
10003afe:	e758      	b.n	100039b2 <_vsnprintf+0x93a>
10003b00:	c908      	ldmia	r1!, {r3}
10003b02:	17da      	asrs	r2, r3, #31
10003b04:	1898      	adds	r0, r3, r2
10003b06:	4050      	eors	r0, r2
10003b08:	910a      	str	r1, [sp, #40]	; 0x28
10003b0a:	e524      	b.n	10003556 <_vsnprintf+0x4de>
10003b0c:	9b0a      	ldr	r3, [sp, #40]	; 0x28
10003b0e:	cb04      	ldmia	r3!, {r2}
10003b10:	4690      	mov	r8, r2
10003b12:	930a      	str	r3, [sp, #40]	; 0x28
10003b14:	e58a      	b.n	1000362c <_vsnprintf+0x5b4>
10003b16:	0001      	movs	r1, r0
10003b18:	3101      	adds	r1, #1
10003b1a:	910c      	str	r1, [sp, #48]	; 0x30
10003b1c:	e624      	b.n	10003768 <_vsnprintf+0x6f0>
10003b1e:	9f0a      	ldr	r7, [sp, #40]	; 0x28
10003b20:	1c6c      	adds	r4, r5, #1
10003b22:	cf01      	ldmia	r7!, {r0}
10003b24:	002a      	movs	r2, r5
10003b26:	465b      	mov	r3, fp
10003b28:	9d09      	ldr	r5, [sp, #36]	; 0x24
10003b2a:	4651      	mov	r1, sl
10003b2c:	b2c0      	uxtb	r0, r0
10003b2e:	47a8      	blx	r5
10003b30:	0025      	movs	r5, r4
10003b32:	970a      	str	r7, [sp, #40]	; 0x28
10003b34:	1c74      	adds	r4, r6, #1
10003b36:	f7ff fac6 	bl	100030c6 <_vsnprintf+0x4e>
10003b3a:	2320      	movs	r3, #32
10003b3c:	4319      	orrs	r1, r3
10003b3e:	230c      	movs	r3, #12
10003b40:	4399      	bics	r1, r3
10003b42:	2300      	movs	r3, #0
10003b44:	4699      	mov	r9, r3
10003b46:	3310      	adds	r3, #16
10003b48:	0008      	movs	r0, r1
10003b4a:	930c      	str	r3, [sp, #48]	; 0x30
10003b4c:	e556      	b.n	100035fc <_vsnprintf+0x584>
10003b4e:	2308      	movs	r3, #8
10003b50:	468c      	mov	ip, r1
10003b52:	930c      	str	r3, [sp, #48]	; 0x30
10003b54:	230d      	movs	r3, #13
10003b56:	4660      	mov	r0, ip
10003b58:	4398      	bics	r0, r3
10003b5a:	e54f      	b.n	100035fc <_vsnprintf+0x584>
10003b5c:	2310      	movs	r3, #16
10003b5e:	000a      	movs	r2, r1
10003b60:	439a      	bics	r2, r3
10003b62:	4694      	mov	ip, r2
10003b64:	2869      	cmp	r0, #105	; 0x69
10003b66:	d108      	bne.n	10003b7a <_vsnprintf+0xb02>
10003b68:	2380      	movs	r3, #128	; 0x80
10003b6a:	000a      	movs	r2, r1
10003b6c:	00db      	lsls	r3, r3, #3
10003b6e:	401a      	ands	r2, r3
10003b70:	4690      	mov	r8, r2
10003b72:	4219      	tst	r1, r3
10003b74:	d100      	bne.n	10003b78 <_vsnprintf+0xb00>
10003b76:	e4ce      	b.n	10003516 <_vsnprintf+0x49e>
10003b78:	e4ca      	b.n	10003510 <_vsnprintf+0x498>
10003b7a:	231c      	movs	r3, #28
10003b7c:	0008      	movs	r0, r1
10003b7e:	4398      	bics	r0, r3
10003b80:	2380      	movs	r3, #128	; 0x80
10003b82:	000a      	movs	r2, r1
10003b84:	00db      	lsls	r3, r3, #3
10003b86:	401a      	ands	r2, r3
10003b88:	4691      	mov	r9, r2
10003b8a:	4219      	tst	r1, r3
10003b8c:	d102      	bne.n	10003b94 <_vsnprintf+0xb1c>
10003b8e:	230a      	movs	r3, #10
10003b90:	930c      	str	r3, [sp, #48]	; 0x30
10003b92:	e533      	b.n	100035fc <_vsnprintf+0x584>
10003b94:	230a      	movs	r3, #10
10003b96:	930c      	str	r3, [sp, #48]	; 0x30
10003b98:	e7dc      	b.n	10003b54 <_vsnprintf+0xadc>
10003b9a:	46c0      	nop			; (mov r8, r8)

10003b9c <__wrap_sprintf>:
10003b9c:	b40e      	push	{r1, r2, r3}
10003b9e:	2201      	movs	r2, #1
10003ba0:	b530      	push	{r4, r5, lr}
10003ba2:	b084      	sub	sp, #16
10003ba4:	ac07      	add	r4, sp, #28
10003ba6:	cc08      	ldmia	r4!, {r3}
10003ba8:	4d06      	ldr	r5, [pc, #24]	; (10003bc4 <__wrap_sprintf+0x28>)
10003baa:	0001      	movs	r1, r0
10003bac:	9400      	str	r4, [sp, #0]
10003bae:	0028      	movs	r0, r5
10003bb0:	4252      	negs	r2, r2
10003bb2:	9403      	str	r4, [sp, #12]
10003bb4:	f7ff fa60 	bl	10003078 <_vsnprintf>
10003bb8:	b004      	add	sp, #16
10003bba:	bc30      	pop	{r4, r5}
10003bbc:	bc08      	pop	{r3}
10003bbe:	b003      	add	sp, #12
10003bc0:	4718      	bx	r3
10003bc2:	46c0      	nop			; (mov r8, r8)
10003bc4:	100025b1 	.word	0x100025b1

10003bc8 <vfctprintf>:
10003bc8:	b500      	push	{lr}
10003bca:	b085      	sub	sp, #20
10003bcc:	9103      	str	r1, [sp, #12]
10003bce:	2101      	movs	r1, #1
10003bd0:	9002      	str	r0, [sp, #8]
10003bd2:	9300      	str	r3, [sp, #0]
10003bd4:	4803      	ldr	r0, [pc, #12]	; (10003be4 <vfctprintf+0x1c>)
10003bd6:	0013      	movs	r3, r2
10003bd8:	424a      	negs	r2, r1
10003bda:	a902      	add	r1, sp, #8
10003bdc:	f7ff fa4c 	bl	10003078 <_vsnprintf>
10003be0:	b005      	add	sp, #20
10003be2:	bd00      	pop	{pc}
10003be4:	10002851 	.word	0x10002851

10003be8 <weak_raw_vprintf>:
10003be8:	b510      	push	{r4, lr}
10003bea:	4a09      	ldr	r2, [pc, #36]	; (10003c10 <weak_raw_vprintf+0x28>)
10003bec:	0003      	movs	r3, r0
10003bee:	6814      	ldr	r4, [r2, #0]
10003bf0:	b084      	sub	sp, #16
10003bf2:	2c00      	cmp	r4, #0
10003bf4:	d008      	beq.n	10003c08 <weak_raw_vprintf+0x20>
10003bf6:	2201      	movs	r2, #1
10003bf8:	9100      	str	r1, [sp, #0]
10003bfa:	4806      	ldr	r0, [pc, #24]	; (10003c14 <weak_raw_vprintf+0x2c>)
10003bfc:	4252      	negs	r2, r2
10003bfe:	a903      	add	r1, sp, #12
10003c00:	47a0      	blx	r4
10003c02:	2001      	movs	r0, #1
10003c04:	b004      	add	sp, #16
10003c06:	bd10      	pop	{r4, pc}
10003c08:	f001 f974 	bl	10004ef4 <__wrap_puts>
10003c0c:	2000      	movs	r0, #0
10003c0e:	e7f9      	b.n	10003c04 <weak_raw_vprintf+0x1c>
10003c10:	20002568 	.word	0x20002568
10003c14:	10002841 	.word	0x10002841

10003c18 <__aeabi_bits_init>:
10003c18:	4801      	ldr	r0, [pc, #4]	; (10003c20 <__aeabi_bits_init+0x8>)
10003c1a:	2104      	movs	r1, #4
10003c1c:	4b01      	ldr	r3, [pc, #4]	; (10003c24 <__aeabi_bits_init+0xc>)
10003c1e:	4718      	bx	r3
10003c20:	20000eb0 	.word	0x20000eb0
10003c24:	10003c49 	.word	0x10003c49

10003c28 <rom_func_lookup>:
10003c28:	2314      	movs	r3, #20
10003c2a:	b510      	push	{r4, lr}
10003c2c:	0001      	movs	r1, r0
10003c2e:	8818      	ldrh	r0, [r3, #0]
10003c30:	3304      	adds	r3, #4
10003c32:	881b      	ldrh	r3, [r3, #0]
10003c34:	4798      	blx	r3
10003c36:	bd10      	pop	{r4, pc}

10003c38 <rom_data_lookup>:
10003c38:	2316      	movs	r3, #22
10003c3a:	b510      	push	{r4, lr}
10003c3c:	0001      	movs	r1, r0
10003c3e:	8818      	ldrh	r0, [r3, #0]
10003c40:	3302      	adds	r3, #2
10003c42:	881b      	ldrh	r3, [r3, #0]
10003c44:	4798      	blx	r3
10003c46:	bd10      	pop	{r4, pc}

10003c48 <rom_funcs_lookup>:
10003c48:	b5f8      	push	{r3, r4, r5, r6, r7, lr}
10003c4a:	4647      	mov	r7, r8
10003c4c:	46ce      	mov	lr, r9
10003c4e:	b580      	push	{r7, lr}
10003c50:	1e0f      	subs	r7, r1, #0
10003c52:	d019      	beq.n	10003c88 <rom_funcs_lookup+0x40>
10003c54:	2314      	movs	r3, #20
10003c56:	4699      	mov	r9, r3
10003c58:	3304      	adds	r3, #4
10003c5a:	0004      	movs	r4, r0
10003c5c:	2500      	movs	r5, #0
10003c5e:	2601      	movs	r6, #1
10003c60:	4698      	mov	r8, r3
10003c62:	464b      	mov	r3, r9
10003c64:	8818      	ldrh	r0, [r3, #0]
10003c66:	4643      	mov	r3, r8
10003c68:	6821      	ldr	r1, [r4, #0]
10003c6a:	881b      	ldrh	r3, [r3, #0]
10003c6c:	4798      	blx	r3
10003c6e:	c401      	stmia	r4!, {r0}
10003c70:	1e43      	subs	r3, r0, #1
10003c72:	4198      	sbcs	r0, r3
10003c74:	3501      	adds	r5, #1
10003c76:	4240      	negs	r0, r0
10003c78:	4006      	ands	r6, r0
10003c7a:	42af      	cmp	r7, r5
10003c7c:	d1f1      	bne.n	10003c62 <rom_funcs_lookup+0x1a>
10003c7e:	0030      	movs	r0, r6
10003c80:	bcc0      	pop	{r6, r7}
10003c82:	46b9      	mov	r9, r7
10003c84:	46b0      	mov	r8, r6
10003c86:	bdf8      	pop	{r3, r4, r5, r6, r7, pc}
10003c88:	2601      	movs	r6, #1
10003c8a:	e7f8      	b.n	10003c7e <rom_funcs_lookup+0x36>

10003c8c <__wrap___aeabi_idiv>:
10003c8c:	4a12      	ldr	r2, [pc, #72]	; (10003cd8 <divmod_s32s32_savestate+0x18>)
10003c8e:	6f93      	ldr	r3, [r2, #120]	; 0x78
10003c90:	089b      	lsrs	r3, r3, #2
10003c92:	d215      	bcs.n	10003cc0 <divmod_s32s32_savestate>

10003c94 <divmod_s32s32_unsafe>:
10003c94:	6690      	str	r0, [r2, #104]	; 0x68
10003c96:	66d1      	str	r1, [r2, #108]	; 0x6c
10003c98:	2900      	cmp	r1, #0
10003c9a:	d005      	beq.n	10003ca8 <divmod_s32s32_unsafe+0x14>
10003c9c:	e7ff      	b.n	10003c9e <divmod_s32s32_unsafe+0xa>
10003c9e:	e7ff      	b.n	10003ca0 <divmod_s32s32_unsafe+0xc>
10003ca0:	e7ff      	b.n	10003ca2 <divmod_s32s32_unsafe+0xe>
10003ca2:	6f51      	ldr	r1, [r2, #116]	; 0x74
10003ca4:	6f10      	ldr	r0, [r2, #112]	; 0x70
10003ca6:	4770      	bx	lr
10003ca8:	b504      	push	{r2, lr}
10003caa:	2180      	movs	r1, #128	; 0x80
10003cac:	0609      	lsls	r1, r1, #24
10003cae:	17c2      	asrs	r2, r0, #31
10003cb0:	4051      	eors	r1, r2
10003cb2:	2800      	cmp	r0, #0
10003cb4:	d000      	beq.n	10003cb8 <divmod_s32s32_unsafe+0x24>
10003cb6:	43c8      	mvns	r0, r1
10003cb8:	f007 ffae 	bl	1000bc18 <____aeabi_idiv0_veneer>
10003cbc:	2100      	movs	r1, #0
10003cbe:	bd04      	pop	{r2, pc}

10003cc0 <divmod_s32s32_savestate>:
10003cc0:	b5f0      	push	{r4, r5, r6, r7, lr}
10003cc2:	6e14      	ldr	r4, [r2, #96]	; 0x60
10003cc4:	6e55      	ldr	r5, [r2, #100]	; 0x64
10003cc6:	6f57      	ldr	r7, [r2, #116]	; 0x74
10003cc8:	6f16      	ldr	r6, [r2, #112]	; 0x70
10003cca:	f7ff ffe3 	bl	10003c94 <divmod_s32s32_unsafe>
10003cce:	6614      	str	r4, [r2, #96]	; 0x60
10003cd0:	6655      	str	r5, [r2, #100]	; 0x64
10003cd2:	6757      	str	r7, [r2, #116]	; 0x74
10003cd4:	6716      	str	r6, [r2, #112]	; 0x70
10003cd6:	bdf0      	pop	{r4, r5, r6, r7, pc}
10003cd8:	d0000000 	.word	0xd0000000

10003cdc <__wrap___aeabi_uidiv>:
10003cdc:	4a11      	ldr	r2, [pc, #68]	; (10003d24 <divmod_u32u32_savestate+0x18>)
10003cde:	6f93      	ldr	r3, [r2, #120]	; 0x78
10003ce0:	089b      	lsrs	r3, r3, #2
10003ce2:	d213      	bcs.n	10003d0c <divmod_u32u32_savestate>

10003ce4 <divmod_u32u32_unsafe>:
10003ce4:	6610      	str	r0, [r2, #96]	; 0x60
10003ce6:	6651      	str	r1, [r2, #100]	; 0x64
10003ce8:	2900      	cmp	r1, #0
10003cea:	d005      	beq.n	10003cf8 <divmod_u32u32_unsafe+0x14>
10003cec:	e7ff      	b.n	10003cee <divmod_u32u32_unsafe+0xa>
10003cee:	e7ff      	b.n	10003cf0 <divmod_u32u32_unsafe+0xc>
10003cf0:	e7ff      	b.n	10003cf2 <divmod_u32u32_unsafe+0xe>
10003cf2:	6f51      	ldr	r1, [r2, #116]	; 0x74
10003cf4:	6f10      	ldr	r0, [r2, #112]	; 0x70
10003cf6:	4770      	bx	lr
10003cf8:	b504      	push	{r2, lr}
10003cfa:	2800      	cmp	r0, #0
10003cfc:	d001      	beq.n	10003d02 <divmod_u32u32_unsafe+0x1e>
10003cfe:	2000      	movs	r0, #0
10003d00:	43c0      	mvns	r0, r0
10003d02:	f007 ff89 	bl	1000bc18 <____aeabi_idiv0_veneer>
10003d06:	2100      	movs	r1, #0
10003d08:	bd04      	pop	{r2, pc}
10003d0a:	46c0      	nop			; (mov r8, r8)

10003d0c <divmod_u32u32_savestate>:
10003d0c:	b5f0      	push	{r4, r5, r6, r7, lr}
10003d0e:	6e14      	ldr	r4, [r2, #96]	; 0x60
10003d10:	6e55      	ldr	r5, [r2, #100]	; 0x64
10003d12:	6f57      	ldr	r7, [r2, #116]	; 0x74
10003d14:	6f16      	ldr	r6, [r2, #112]	; 0x70
10003d16:	f7ff ffe5 	bl	10003ce4 <divmod_u32u32_unsafe>
10003d1a:	6614      	str	r4, [r2, #96]	; 0x60
10003d1c:	6655      	str	r5, [r2, #100]	; 0x64
10003d1e:	6757      	str	r7, [r2, #116]	; 0x74
10003d20:	6716      	str	r6, [r2, #112]	; 0x70
10003d22:	bdf0      	pop	{r4, r5, r6, r7, pc}
10003d24:	d0000000 	.word	0xd0000000

10003d28 <__wrap___aeabi_ldivmod>:
10003d28:	4694      	mov	ip, r2
10003d2a:	4a4a      	ldr	r2, [pc, #296]	; (10003e54 <udiv0+0x1a>)
10003d2c:	6f92      	ldr	r2, [r2, #120]	; 0x78
10003d2e:	0892      	lsrs	r2, r2, #2
10003d30:	4662      	mov	r2, ip
10003d32:	d201      	bcs.n	10003d38 <divmod_s64s64_savestate>
10003d34:	e028      	b.n	10003d88 <divmod_s64s64_unsafe>
10003d36:	46c0      	nop			; (mov r8, r8)

10003d38 <divmod_s64s64_savestate>:
10003d38:	b5f0      	push	{r4, r5, r6, r7, lr}
10003d3a:	4e46      	ldr	r6, [pc, #280]	; (10003e54 <udiv0+0x1a>)
10003d3c:	6e34      	ldr	r4, [r6, #96]	; 0x60
10003d3e:	6e75      	ldr	r5, [r6, #100]	; 0x64
10003d40:	6f77      	ldr	r7, [r6, #116]	; 0x74
10003d42:	6f36      	ldr	r6, [r6, #112]	; 0x70
10003d44:	f000 f820 	bl	10003d88 <divmod_s64s64_unsafe>
10003d48:	4694      	mov	ip, r2
10003d4a:	4a42      	ldr	r2, [pc, #264]	; (10003e54 <udiv0+0x1a>)
10003d4c:	6614      	str	r4, [r2, #96]	; 0x60
10003d4e:	6655      	str	r5, [r2, #100]	; 0x64
10003d50:	6757      	str	r7, [r2, #116]	; 0x74
10003d52:	6716      	str	r6, [r2, #112]	; 0x70
10003d54:	4662      	mov	r2, ip
10003d56:	bdf0      	pop	{r4, r5, r6, r7, pc}

10003d58 <__wrap___aeabi_uldivmod>:
10003d58:	4694      	mov	ip, r2
10003d5a:	4a3e      	ldr	r2, [pc, #248]	; (10003e54 <udiv0+0x1a>)
10003d5c:	6f92      	ldr	r2, [r2, #120]	; 0x78
10003d5e:	0892      	lsrs	r2, r2, #2
10003d60:	4662      	mov	r2, ip
10003d62:	d201      	bcs.n	10003d68 <divmod_u64u64_savestate>
10003d64:	e054      	b.n	10003e10 <divmod_u64u64_unsafe>
10003d66:	46c0      	nop			; (mov r8, r8)

10003d68 <divmod_u64u64_savestate>:
10003d68:	b5f0      	push	{r4, r5, r6, r7, lr}
10003d6a:	4e3a      	ldr	r6, [pc, #232]	; (10003e54 <udiv0+0x1a>)
10003d6c:	6e34      	ldr	r4, [r6, #96]	; 0x60
10003d6e:	6e75      	ldr	r5, [r6, #100]	; 0x64
10003d70:	6f77      	ldr	r7, [r6, #116]	; 0x74
10003d72:	6f36      	ldr	r6, [r6, #112]	; 0x70
10003d74:	f000 f84c 	bl	10003e10 <divmod_u64u64_unsafe>
10003d78:	4694      	mov	ip, r2
10003d7a:	4a36      	ldr	r2, [pc, #216]	; (10003e54 <udiv0+0x1a>)
10003d7c:	6614      	str	r4, [r2, #96]	; 0x60
10003d7e:	6655      	str	r5, [r2, #100]	; 0x64
10003d80:	6757      	str	r7, [r2, #116]	; 0x74
10003d82:	6716      	str	r6, [r2, #112]	; 0x70
10003d84:	4662      	mov	r2, ip
10003d86:	bdf0      	pop	{r4, r5, r6, r7, pc}

10003d88 <divmod_s64s64_unsafe>:
10003d88:	2b00      	cmp	r3, #0
10003d8a:	db24      	blt.n	10003dd6 <l42_1+0x26>
10003d8c:	d011      	beq.n	10003db2 <l42_1+0x2>
10003d8e:	2900      	cmp	r1, #0
10003d90:	da3e      	bge.n	10003e10 <divmod_u64u64_unsafe>
10003d92:	b500      	push	{lr}
10003d94:	43c9      	mvns	r1, r1
10003d96:	4240      	negs	r0, r0
10003d98:	d100      	bne.n	10003d9c <l40_1>
10003d9a:	3101      	adds	r1, #1

10003d9c <l40_1>:
10003d9c:	f000 f838 	bl	10003e10 <divmod_u64u64_unsafe>
10003da0:	43c9      	mvns	r1, r1
10003da2:	4240      	negs	r0, r0
10003da4:	d100      	bne.n	10003da8 <l41_1>
10003da6:	3101      	adds	r1, #1

10003da8 <l41_1>:
10003da8:	43db      	mvns	r3, r3
10003daa:	4252      	negs	r2, r2
10003dac:	d100      	bne.n	10003db0 <l42_1>
10003dae:	3301      	adds	r3, #1

10003db0 <l42_1>:
10003db0:	bd00      	pop	{pc}
10003db2:	2a00      	cmp	r2, #0
10003db4:	d1eb      	bne.n	10003d8e <divmod_s64s64_unsafe+0x6>
10003db6:	2800      	cmp	r0, #0
10003db8:	d101      	bne.n	10003dbe <l42_1+0xe>
10003dba:	2900      	cmp	r1, #0
10003dbc:	d005      	beq.n	10003dca <l42_1+0x1a>
10003dbe:	2000      	movs	r0, #0
10003dc0:	0fc9      	lsrs	r1, r1, #31
10003dc2:	07c9      	lsls	r1, r1, #31
10003dc4:	d101      	bne.n	10003dca <l42_1+0x1a>
10003dc6:	43c0      	mvns	r0, r0
10003dc8:	0841      	lsrs	r1, r0, #1
10003dca:	b500      	push	{lr}
10003dcc:	f007 ff0c 	bl	1000bbe8 <____aeabi_ldiv0_veneer>
10003dd0:	2200      	movs	r2, #0
10003dd2:	2300      	movs	r3, #0
10003dd4:	bd00      	pop	{pc}
10003dd6:	b500      	push	{lr}
10003dd8:	2900      	cmp	r1, #0
10003dda:	db0a      	blt.n	10003df2 <l44_1+0x2>
10003ddc:	43db      	mvns	r3, r3
10003dde:	4252      	negs	r2, r2
10003de0:	d100      	bne.n	10003de4 <l43_1>
10003de2:	3301      	adds	r3, #1

10003de4 <l43_1>:
10003de4:	f000 f814 	bl	10003e10 <divmod_u64u64_unsafe>
10003de8:	43c9      	mvns	r1, r1
10003dea:	4240      	negs	r0, r0
10003dec:	d100      	bne.n	10003df0 <l44_1>
10003dee:	3101      	adds	r1, #1

10003df0 <l44_1>:
10003df0:	bd00      	pop	{pc}
10003df2:	43c9      	mvns	r1, r1
10003df4:	4240      	negs	r0, r0
10003df6:	d100      	bne.n	10003dfa <l45_1>
10003df8:	3101      	adds	r1, #1

10003dfa <l45_1>:
10003dfa:	43db      	mvns	r3, r3
10003dfc:	4252      	negs	r2, r2
10003dfe:	d100      	bne.n	10003e02 <l46_1>
10003e00:	3301      	adds	r3, #1

10003e02 <l46_1>:
10003e02:	f000 f805 	bl	10003e10 <divmod_u64u64_unsafe>
10003e06:	43db      	mvns	r3, r3
10003e08:	4252      	negs	r2, r2
10003e0a:	d100      	bne.n	10003e0e <l47_1>
10003e0c:	3301      	adds	r3, #1

10003e0e <l47_1>:
10003e0e:	bd00      	pop	{pc}

10003e10 <divmod_u64u64_unsafe>:
10003e10:	2900      	cmp	r1, #0
10003e12:	d123      	bne.n	10003e5c <y64>
10003e14:	2b00      	cmp	r3, #0
10003e16:	d118      	bne.n	10003e4a <udiv0+0x10>
10003e18:	2a00      	cmp	r2, #0
10003e1a:	d00c      	beq.n	10003e36 <divmod_u64u64_unsafe+0x26>
10003e1c:	46bc      	mov	ip, r7
10003e1e:	4f0d      	ldr	r7, [pc, #52]	; (10003e54 <udiv0+0x1a>)
10003e20:	6638      	str	r0, [r7, #96]	; 0x60
10003e22:	667a      	str	r2, [r7, #100]	; 0x64
10003e24:	2100      	movs	r1, #0
10003e26:	2300      	movs	r3, #0
10003e28:	e7ff      	b.n	10003e2a <divmod_u64u64_unsafe+0x1a>
10003e2a:	e7ff      	b.n	10003e2c <divmod_u64u64_unsafe+0x1c>
10003e2c:	e7ff      	b.n	10003e2e <divmod_u64u64_unsafe+0x1e>
10003e2e:	6f7a      	ldr	r2, [r7, #116]	; 0x74
10003e30:	6f38      	ldr	r0, [r7, #112]	; 0x70
10003e32:	4667      	mov	r7, ip
10003e34:	4770      	bx	lr
10003e36:	2800      	cmp	r0, #0
10003e38:	d001      	beq.n	10003e3e <udiv0+0x4>

10003e3a <udiv0>:
10003e3a:	4807      	ldr	r0, [pc, #28]	; (10003e58 <udiv0+0x1e>)
10003e3c:	0001      	movs	r1, r0
10003e3e:	b500      	push	{lr}
10003e40:	f007 fed2 	bl	1000bbe8 <____aeabi_ldiv0_veneer>
10003e44:	2200      	movs	r2, #0
10003e46:	2300      	movs	r3, #0
10003e48:	bd00      	pop	{pc}
10003e4a:	0002      	movs	r2, r0
10003e4c:	000b      	movs	r3, r1
10003e4e:	2000      	movs	r0, #0
10003e50:	2100      	movs	r1, #0
10003e52:	4770      	bx	lr
10003e54:	d0000000 	.word	0xd0000000
10003e58:	ffffffff 	.word	0xffffffff

10003e5c <y64>:
10003e5c:	2b00      	cmp	r3, #0
10003e5e:	d000      	beq.n	10003e62 <y64+0x6>
10003e60:	e0bf      	b.n	10003fe2 <y64_x48>
10003e62:	0c13      	lsrs	r3, r2, #16
10003e64:	d128      	bne.n	10003eb8 <y64_x32>
10003e66:	2a00      	cmp	r2, #0
10003e68:	d0e7      	beq.n	10003e3a <udiv0>
10003e6a:	b480      	push	{r7}
10003e6c:	4f11      	ldr	r7, [pc, #68]	; (10003eb4 <y64+0x58>)
10003e6e:	6639      	str	r1, [r7, #96]	; 0x60
10003e70:	667a      	str	r2, [r7, #100]	; 0x64
10003e72:	e7ff      	b.n	10003e74 <y64+0x18>
10003e74:	e7ff      	b.n	10003e76 <y64+0x1a>
10003e76:	b430      	push	{r4, r5}
10003e78:	0c04      	lsrs	r4, r0, #16
10003e7a:	6f7b      	ldr	r3, [r7, #116]	; 0x74
10003e7c:	6f39      	ldr	r1, [r7, #112]	; 0x70
10003e7e:	041b      	lsls	r3, r3, #16
10003e80:	4323      	orrs	r3, r4
10003e82:	663b      	str	r3, [r7, #96]	; 0x60
10003e84:	667a      	str	r2, [r7, #100]	; 0x64
10003e86:	e7ff      	b.n	10003e88 <y64+0x2c>
10003e88:	e7ff      	b.n	10003e8a <y64+0x2e>
10003e8a:	e7ff      	b.n	10003e8c <y64+0x30>
10003e8c:	46c0      	nop			; (mov r8, r8)
10003e8e:	b284      	uxth	r4, r0
10003e90:	6f7b      	ldr	r3, [r7, #116]	; 0x74
10003e92:	6f3d      	ldr	r5, [r7, #112]	; 0x70
10003e94:	041b      	lsls	r3, r3, #16
10003e96:	4323      	orrs	r3, r4
10003e98:	663b      	str	r3, [r7, #96]	; 0x60
10003e9a:	667a      	str	r2, [r7, #100]	; 0x64
10003e9c:	e7ff      	b.n	10003e9e <y64+0x42>
10003e9e:	e7ff      	b.n	10003ea0 <y64+0x44>
10003ea0:	46c0      	nop			; (mov r8, r8)
10003ea2:	2300      	movs	r3, #0
10003ea4:	042c      	lsls	r4, r5, #16
10003ea6:	0c2d      	lsrs	r5, r5, #16
10003ea8:	6f7a      	ldr	r2, [r7, #116]	; 0x74
10003eaa:	6f38      	ldr	r0, [r7, #112]	; 0x70
10003eac:	1900      	adds	r0, r0, r4
10003eae:	4169      	adcs	r1, r5
10003eb0:	bcb0      	pop	{r4, r5, r7}
10003eb2:	4770      	bx	lr
10003eb4:	d0000000 	.word	0xd0000000

10003eb8 <y64_x32>:
10003eb8:	b5f0      	push	{r4, r5, r6, r7, lr}
10003eba:	4694      	mov	ip, r2
10003ebc:	2500      	movs	r5, #0
10003ebe:	0e14      	lsrs	r4, r2, #24
10003ec0:	d101      	bne.n	10003ec6 <y64_x32+0xe>
10003ec2:	0212      	lsls	r2, r2, #8
10003ec4:	3508      	adds	r5, #8
10003ec6:	0f14      	lsrs	r4, r2, #28
10003ec8:	d101      	bne.n	10003ece <y64_x32+0x16>
10003eca:	0112      	lsls	r2, r2, #4
10003ecc:	3504      	adds	r5, #4
10003ece:	0f94      	lsrs	r4, r2, #30
10003ed0:	d101      	bne.n	10003ed6 <y64_x32+0x1e>
10003ed2:	0092      	lsls	r2, r2, #2
10003ed4:	3502      	adds	r5, #2
10003ed6:	0fd4      	lsrs	r4, r2, #31
10003ed8:	d101      	bne.n	10003ede <y64_x32+0x26>
10003eda:	0052      	lsls	r2, r2, #1
10003edc:	3501      	adds	r5, #1
10003ede:	0bd4      	lsrs	r4, r2, #15
10003ee0:	3401      	adds	r4, #1
10003ee2:	4f25      	ldr	r7, [pc, #148]	; (10003f78 <y64_x32+0xc0>)
10003ee4:	667c      	str	r4, [r7, #100]	; 0x64
10003ee6:	4c25      	ldr	r4, [pc, #148]	; (10003f7c <y64_x32+0xc4>)
10003ee8:	663c      	str	r4, [r7, #96]	; 0x60
10003eea:	0c0e      	lsrs	r6, r1, #16
10003eec:	b293      	uxth	r3, r2
10003eee:	e7ff      	b.n	10003ef0 <y64_x32+0x38>
10003ef0:	e7ff      	b.n	10003ef2 <y64_x32+0x3a>
10003ef2:	e7ff      	b.n	10003ef4 <y64_x32+0x3c>
10003ef4:	6f3c      	ldr	r4, [r7, #112]	; 0x70
10003ef6:	4366      	muls	r6, r4
10003ef8:	0c36      	lsrs	r6, r6, #16
10003efa:	0377      	lsls	r7, r6, #13
10003efc:	46be      	mov	lr, r7
10003efe:	4373      	muls	r3, r6
10003f00:	0bdf      	lsrs	r7, r3, #15
10003f02:	045b      	lsls	r3, r3, #17
10003f04:	1ac0      	subs	r0, r0, r3
10003f06:	41b9      	sbcs	r1, r7
10003f08:	0c13      	lsrs	r3, r2, #16
10003f0a:	4373      	muls	r3, r6
10003f0c:	18db      	adds	r3, r3, r3
10003f0e:	1ac9      	subs	r1, r1, r3
10003f10:	08ce      	lsrs	r6, r1, #3
10003f12:	4366      	muls	r6, r4
10003f14:	0c36      	lsrs	r6, r6, #16
10003f16:	44b6      	add	lr, r6
10003f18:	b293      	uxth	r3, r2
10003f1a:	4373      	muls	r3, r6
10003f1c:	0f1f      	lsrs	r7, r3, #28
10003f1e:	011b      	lsls	r3, r3, #4
10003f20:	1ac0      	subs	r0, r0, r3
10003f22:	41b9      	sbcs	r1, r7
10003f24:	0c13      	lsrs	r3, r2, #16
10003f26:	4373      	muls	r3, r6
10003f28:	0b1f      	lsrs	r7, r3, #12
10003f2a:	051b      	lsls	r3, r3, #20
10003f2c:	1ac0      	subs	r0, r0, r3
10003f2e:	41b9      	sbcs	r1, r7
10003f30:	0d86      	lsrs	r6, r0, #22
10003f32:	028f      	lsls	r7, r1, #10
10003f34:	433e      	orrs	r6, r7
10003f36:	4366      	muls	r6, r4
10003f38:	0c36      	lsrs	r6, r6, #16
10003f3a:	2d09      	cmp	r5, #9
10003f3c:	db24      	blt.n	10003f88 <last0>
10003f3e:	0a52      	lsrs	r2, r2, #9
10003f40:	4372      	muls	r2, r6
10003f42:	1a80      	subs	r0, r0, r2
10003f44:	0377      	lsls	r7, r6, #13
10003f46:	0a46      	lsrs	r6, r0, #9
10003f48:	4366      	muls	r6, r4
10003f4a:	0c36      	lsrs	r6, r6, #16
10003f4c:	2316      	movs	r3, #22
10003f4e:	1b5b      	subs	r3, r3, r5
10003f50:	40de      	lsrs	r6, r3
10003f52:	40df      	lsrs	r7, r3
10003f54:	19bf      	adds	r7, r7, r6
10003f56:	4664      	mov	r4, ip
10003f58:	4366      	muls	r6, r4
10003f5a:	1b82      	subs	r2, r0, r6
10003f5c:	4670      	mov	r0, lr
10003f5e:	3504      	adds	r5, #4
10003f60:	3306      	adds	r3, #6
10003f62:	0001      	movs	r1, r0
10003f64:	40d9      	lsrs	r1, r3
10003f66:	40a8      	lsls	r0, r5
10003f68:	19c0      	adds	r0, r0, r7
10003f6a:	d300      	bcc.n	10003f6e <y64_x32+0xb6>
10003f6c:	3101      	adds	r1, #1
10003f6e:	42a2      	cmp	r2, r4
10003f70:	d206      	bcs.n	10003f80 <y64_x32+0xc8>
10003f72:	2300      	movs	r3, #0
10003f74:	bdf0      	pop	{r4, r5, r6, r7, pc}
10003f76:	0000      	.short	0x0000
10003f78:	d0000000 	.word	0xd0000000
10003f7c:	ffffffff 	.word	0xffffffff
10003f80:	1b12      	subs	r2, r2, r4
10003f82:	3001      	adds	r0, #1
10003f84:	d3f3      	bcc.n	10003f6e <y64_x32+0xb6>
10003f86:	e7f1      	b.n	10003f6c <y64_x32+0xb4>

10003f88 <last0>:
10003f88:	2709      	movs	r7, #9
10003f8a:	1b7f      	subs	r7, r7, r5
10003f8c:	40fe      	lsrs	r6, r7
10003f8e:	4664      	mov	r4, ip
10003f90:	b2a2      	uxth	r2, r4
10003f92:	4372      	muls	r2, r6
10003f94:	1a80      	subs	r0, r0, r2
10003f96:	d200      	bcs.n	10003f9a <last0+0x12>
10003f98:	3901      	subs	r1, #1
10003f9a:	0c22      	lsrs	r2, r4, #16
10003f9c:	4372      	muls	r2, r6
10003f9e:	0c13      	lsrs	r3, r2, #16
10003fa0:	0412      	lsls	r2, r2, #16
10003fa2:	1a82      	subs	r2, r0, r2
10003fa4:	4199      	sbcs	r1, r3
10003fa6:	000b      	movs	r3, r1
10003fa8:	4670      	mov	r0, lr
10003faa:	3504      	adds	r5, #4
10003fac:	3713      	adds	r7, #19
10003fae:	0001      	movs	r1, r0
10003fb0:	40f9      	lsrs	r1, r7
10003fb2:	40a8      	lsls	r0, r5
10003fb4:	1980      	adds	r0, r0, r6
10003fb6:	d300      	bcc.n	10003fba <last0+0x32>
10003fb8:	3101      	adds	r1, #1
10003fba:	2b00      	cmp	r3, #0
10003fbc:	d102      	bne.n	10003fc4 <last0+0x3c>
10003fbe:	42a2      	cmp	r2, r4
10003fc0:	d20a      	bcs.n	10003fd8 <last0+0x50>
10003fc2:	bdf0      	pop	{r4, r5, r6, r7, pc}
10003fc4:	3001      	adds	r0, #1
10003fc6:	d300      	bcc.n	10003fca <last0+0x42>
10003fc8:	3101      	adds	r1, #1
10003fca:	1b12      	subs	r2, r2, r4
10003fcc:	d2fa      	bcs.n	10003fc4 <last0+0x3c>
10003fce:	3b01      	subs	r3, #1
10003fd0:	d1f8      	bne.n	10003fc4 <last0+0x3c>
10003fd2:	42a2      	cmp	r2, r4
10003fd4:	d200      	bcs.n	10003fd8 <last0+0x50>
10003fd6:	bdf0      	pop	{r4, r5, r6, r7, pc}
10003fd8:	3001      	adds	r0, #1
10003fda:	d300      	bcc.n	10003fde <last0+0x56>
10003fdc:	3101      	adds	r1, #1
10003fde:	1b12      	subs	r2, r2, r4
10003fe0:	e7f7      	b.n	10003fd2 <last0+0x4a>

10003fe2 <y64_x48>:
10003fe2:	b5f0      	push	{r4, r5, r6, r7, lr}
10003fe4:	0c1c      	lsrs	r4, r3, #16
10003fe6:	d000      	beq.n	10003fea <y64_x48+0x8>
10003fe8:	e080      	b.n	100040ec <y64_x64>
10003fea:	b40c      	push	{r2, r3}
10003fec:	2500      	movs	r5, #0
10003fee:	0a1c      	lsrs	r4, r3, #8
10003ff0:	d104      	bne.n	10003ffc <y64_x48+0x1a>
10003ff2:	021b      	lsls	r3, r3, #8
10003ff4:	0e16      	lsrs	r6, r2, #24
10003ff6:	4333      	orrs	r3, r6
10003ff8:	0212      	lsls	r2, r2, #8
10003ffa:	3508      	adds	r5, #8
10003ffc:	0b1c      	lsrs	r4, r3, #12
10003ffe:	d104      	bne.n	1000400a <y64_x48+0x28>
10004000:	011b      	lsls	r3, r3, #4
10004002:	0f16      	lsrs	r6, r2, #28
10004004:	4333      	orrs	r3, r6
10004006:	0112      	lsls	r2, r2, #4
10004008:	3504      	adds	r5, #4
1000400a:	0b9c      	lsrs	r4, r3, #14
1000400c:	d104      	bne.n	10004018 <y64_x48+0x36>
1000400e:	009b      	lsls	r3, r3, #2
10004010:	0f96      	lsrs	r6, r2, #30
10004012:	4333      	orrs	r3, r6
10004014:	0092      	lsls	r2, r2, #2
10004016:	3502      	adds	r5, #2
10004018:	0bdc      	lsrs	r4, r3, #15
1000401a:	d102      	bne.n	10004022 <y64_x48+0x40>
1000401c:	1892      	adds	r2, r2, r2
1000401e:	415b      	adcs	r3, r3
10004020:	3501      	adds	r5, #1
10004022:	001c      	movs	r4, r3
10004024:	1897      	adds	r7, r2, r2
10004026:	4164      	adcs	r4, r4
10004028:	3401      	adds	r4, #1
1000402a:	4f46      	ldr	r7, [pc, #280]	; (10004144 <y64_x64+0x58>)
1000402c:	667c      	str	r4, [r7, #100]	; 0x64
1000402e:	4c46      	ldr	r4, [pc, #280]	; (10004148 <y64_x64+0x5c>)
10004030:	663c      	str	r4, [r7, #96]	; 0x60
10004032:	0c0e      	lsrs	r6, r1, #16
10004034:	e7ff      	b.n	10004036 <y64_x48+0x54>
10004036:	e7ff      	b.n	10004038 <y64_x48+0x56>
10004038:	e7ff      	b.n	1000403a <y64_x48+0x58>
1000403a:	46c0      	nop			; (mov r8, r8)
1000403c:	6f3c      	ldr	r4, [r7, #112]	; 0x70
1000403e:	4366      	muls	r6, r4
10004040:	0c36      	lsrs	r6, r6, #16
10004042:	0377      	lsls	r7, r6, #13
10004044:	46be      	mov	lr, r7
10004046:	b297      	uxth	r7, r2
10004048:	4377      	muls	r7, r6
1000404a:	1bc0      	subs	r0, r0, r7
1000404c:	d200      	bcs.n	10004050 <y64_x48+0x6e>
1000404e:	3901      	subs	r1, #1
10004050:	1bc0      	subs	r0, r0, r7
10004052:	d200      	bcs.n	10004056 <y64_x48+0x74>
10004054:	3901      	subs	r1, #1
10004056:	b29f      	uxth	r7, r3
10004058:	4377      	muls	r7, r6
1000405a:	1bc9      	subs	r1, r1, r7
1000405c:	1bc9      	subs	r1, r1, r7
1000405e:	0c17      	lsrs	r7, r2, #16
10004060:	4377      	muls	r7, r6
10004062:	047e      	lsls	r6, r7, #17
10004064:	0bff      	lsrs	r7, r7, #15
10004066:	1b80      	subs	r0, r0, r6
10004068:	41b9      	sbcs	r1, r7
1000406a:	08ce      	lsrs	r6, r1, #3
1000406c:	4366      	muls	r6, r4
1000406e:	0c36      	lsrs	r6, r6, #16
10004070:	2d0c      	cmp	r5, #12
10004072:	db33      	blt.n	100040dc <last1>
10004074:	44b6      	add	lr, r6
10004076:	0b12      	lsrs	r2, r2, #12
10004078:	051f      	lsls	r7, r3, #20
1000407a:	433a      	orrs	r2, r7
1000407c:	0b1b      	lsrs	r3, r3, #12
1000407e:	b297      	uxth	r7, r2
10004080:	4377      	muls	r7, r6
10004082:	1bc0      	subs	r0, r0, r7
10004084:	d200      	bcs.n	10004088 <y64_x48+0xa6>
10004086:	3901      	subs	r1, #1
10004088:	b29f      	uxth	r7, r3
1000408a:	4377      	muls	r7, r6
1000408c:	1bc9      	subs	r1, r1, r7
1000408e:	0c17      	lsrs	r7, r2, #16
10004090:	4377      	muls	r7, r6
10004092:	043e      	lsls	r6, r7, #16
10004094:	0c3f      	lsrs	r7, r7, #16
10004096:	1b80      	subs	r0, r0, r6
10004098:	41b9      	sbcs	r1, r7
1000409a:	0d86      	lsrs	r6, r0, #22
1000409c:	028f      	lsls	r7, r1, #10
1000409e:	433e      	orrs	r6, r7
100040a0:	4366      	muls	r6, r4
100040a2:	2729      	movs	r7, #41	; 0x29
100040a4:	1b7f      	subs	r7, r7, r5
100040a6:	40fe      	lsrs	r6, r7
100040a8:	3d0c      	subs	r5, #12
100040aa:	4677      	mov	r7, lr
100040ac:	40af      	lsls	r7, r5
100040ae:	19bf      	adds	r7, r7, r6
100040b0:	bc30      	pop	{r4, r5}
100040b2:	b2a2      	uxth	r2, r4
100040b4:	b2ab      	uxth	r3, r5
100040b6:	4372      	muls	r2, r6
100040b8:	4373      	muls	r3, r6
100040ba:	1a80      	subs	r0, r0, r2
100040bc:	4199      	sbcs	r1, r3
100040be:	0c22      	lsrs	r2, r4, #16
100040c0:	4372      	muls	r2, r6
100040c2:	0c13      	lsrs	r3, r2, #16
100040c4:	0412      	lsls	r2, r2, #16
100040c6:	1a80      	subs	r0, r0, r2
100040c8:	4199      	sbcs	r1, r3
100040ca:	0002      	movs	r2, r0
100040cc:	000b      	movs	r3, r1
100040ce:	3701      	adds	r7, #1
100040d0:	1b00      	subs	r0, r0, r4
100040d2:	41a9      	sbcs	r1, r5
100040d4:	d2f9      	bcs.n	100040ca <y64_x48+0xe8>
100040d6:	1e78      	subs	r0, r7, #1
100040d8:	2100      	movs	r1, #0
100040da:	bdf0      	pop	{r4, r5, r6, r7, pc}

100040dc <last1>:
100040dc:	270c      	movs	r7, #12
100040de:	1b7f      	subs	r7, r7, r5
100040e0:	40fe      	lsrs	r6, r7
100040e2:	4677      	mov	r7, lr
100040e4:	0b7f      	lsrs	r7, r7, #13
100040e6:	40af      	lsls	r7, r5
100040e8:	19ff      	adds	r7, r7, r7
100040ea:	e7e0      	b.n	100040ae <y64_x48+0xcc>

100040ec <y64_x64>:
100040ec:	2400      	movs	r4, #0
100040ee:	1c5d      	adds	r5, r3, #1
100040f0:	d007      	beq.n	10004102 <y64_x64+0x16>
100040f2:	4f14      	ldr	r7, [pc, #80]	; (10004144 <y64_x64+0x58>)
100040f4:	667d      	str	r5, [r7, #100]	; 0x64
100040f6:	6639      	str	r1, [r7, #96]	; 0x60
100040f8:	e7ff      	b.n	100040fa <y64_x64+0xe>
100040fa:	e7ff      	b.n	100040fc <y64_x64+0x10>
100040fc:	e7ff      	b.n	100040fe <y64_x64+0x12>
100040fe:	e7ff      	b.n	10004100 <y64_x64+0x14>
10004100:	6f3c      	ldr	r4, [r7, #112]	; 0x70
10004102:	b295      	uxth	r5, r2
10004104:	b29e      	uxth	r6, r3
10004106:	4365      	muls	r5, r4
10004108:	4366      	muls	r6, r4
1000410a:	1b40      	subs	r0, r0, r5
1000410c:	41b1      	sbcs	r1, r6
1000410e:	0c15      	lsrs	r5, r2, #16
10004110:	0c1e      	lsrs	r6, r3, #16
10004112:	4365      	muls	r5, r4
10004114:	4366      	muls	r6, r4
10004116:	0436      	lsls	r6, r6, #16
10004118:	0c2f      	lsrs	r7, r5, #16
1000411a:	433e      	orrs	r6, r7
1000411c:	042d      	lsls	r5, r5, #16
1000411e:	1b40      	subs	r0, r0, r5
10004120:	41b1      	sbcs	r1, r6
10004122:	4299      	cmp	r1, r3
10004124:	d204      	bcs.n	10004130 <y64_x64+0x44>
10004126:	0002      	movs	r2, r0
10004128:	000b      	movs	r3, r1
1000412a:	0020      	movs	r0, r4
1000412c:	2100      	movs	r1, #0
1000412e:	bdf0      	pop	{r4, r5, r6, r7, pc}
10004130:	d101      	bne.n	10004136 <y64_x64+0x4a>
10004132:	4290      	cmp	r0, r2
10004134:	d3f7      	bcc.n	10004126 <y64_x64+0x3a>
10004136:	1a80      	subs	r0, r0, r2
10004138:	4199      	sbcs	r1, r3
1000413a:	3401      	adds	r4, #1
1000413c:	4299      	cmp	r1, r3
1000413e:	d3f2      	bcc.n	10004126 <y64_x64+0x3a>
10004140:	e7f6      	b.n	10004130 <y64_x64+0x44>
10004142:	0000      	.short	0x0000
10004144:	d0000000 	.word	0xd0000000
10004148:	ffffffff 	.word	0xffffffff

1000414c <__wrap___aeabi_drsub>:
1000414c:	4048      	eors	r0, r1
1000414e:	4041      	eors	r1, r0
10004150:	4048      	eors	r0, r1

10004152 <__wrap___aeabi_dsub>:
10004152:	b418      	push	{r3, r4}
10004154:	4b1b      	ldr	r3, [pc, #108]	; (100041c4 <__wrap___aeabi_dmul+0x12>)
10004156:	685b      	ldr	r3, [r3, #4]
10004158:	46fc      	mov	ip, pc
1000415a:	9301      	str	r3, [sp, #4]
1000415c:	bd08      	pop	{r3, pc}
1000415e:	df04      	.short	0xdf04
10004160:	100043f7 	.word	0x100043f7

10004164 <__wrap___aeabi_dadd>:
10004164:	b418      	push	{r3, r4}
10004166:	4b17      	ldr	r3, [pc, #92]	; (100041c4 <__wrap___aeabi_dmul+0x12>)
10004168:	681b      	ldr	r3, [r3, #0]
1000416a:	46fc      	mov	ip, pc
1000416c:	9301      	str	r3, [sp, #4]
1000416e:	bd08      	pop	{r3, pc}
10004170:	4401df00 	.word	0x4401df00
10004174:	1000      	.short	0x1000

10004176 <__wrap___aeabi_ddiv>:
10004176:	4694      	mov	ip, r2
10004178:	4a13      	ldr	r2, [pc, #76]	; (100041c8 <__wrap___aeabi_dmul+0x16>)
1000417a:	6f92      	ldr	r2, [r2, #120]	; 0x78
1000417c:	0892      	lsrs	r2, r2, #2
1000417e:	d209      	bcs.n	10004194 <ddiv_save_state>
10004180:	4662      	mov	r2, ip

10004182 <ddiv_shim_call>:
10004182:	b418      	push	{r3, r4}
10004184:	4b0f      	ldr	r3, [pc, #60]	; (100041c4 <__wrap___aeabi_dmul+0x12>)
10004186:	68db      	ldr	r3, [r3, #12]
10004188:	46fc      	mov	ip, pc
1000418a:	9301      	str	r3, [sp, #4]
1000418c:	bd08      	pop	{r3, pc}
1000418e:	df0c      	.short	0xdf0c
10004190:	100046b9 	.word	0x100046b9

10004194 <ddiv_save_state>:
10004194:	4a0c      	ldr	r2, [pc, #48]	; (100041c8 <__wrap___aeabi_dmul+0x16>)
10004196:	b5f0      	push	{r4, r5, r6, r7, lr}
10004198:	6e14      	ldr	r4, [r2, #96]	; 0x60
1000419a:	6e55      	ldr	r5, [r2, #100]	; 0x64
1000419c:	6f57      	ldr	r7, [r2, #116]	; 0x74
1000419e:	6f16      	ldr	r6, [r2, #112]	; 0x70
100041a0:	4662      	mov	r2, ip
100041a2:	f7ff ffee 	bl	10004182 <ddiv_shim_call>
100041a6:	4a08      	ldr	r2, [pc, #32]	; (100041c8 <__wrap___aeabi_dmul+0x16>)
100041a8:	6614      	str	r4, [r2, #96]	; 0x60
100041aa:	6655      	str	r5, [r2, #100]	; 0x64
100041ac:	6757      	str	r7, [r2, #116]	; 0x74
100041ae:	6716      	str	r6, [r2, #112]	; 0x70
100041b0:	bdf0      	pop	{r4, r5, r6, r7, pc}

100041b2 <__wrap___aeabi_dmul>:
100041b2:	b418      	push	{r3, r4}
100041b4:	4b03      	ldr	r3, [pc, #12]	; (100041c4 <__wrap___aeabi_dmul+0x12>)
100041b6:	689b      	ldr	r3, [r3, #8]
100041b8:	46fc      	mov	ip, pc
100041ba:	9301      	str	r3, [sp, #4]
100041bc:	bd08      	pop	{r3, pc}
100041be:	df08      	.short	0xdf08
100041c0:	1000455d 	.word	0x1000455d
100041c4:	200018d0 	.word	0x200018d0
100041c8:	d0000000 	.word	0xd0000000

100041cc <__wrap___aeabi_cdrcmple>:
100041cc:	b5ff      	push	{r0, r1, r2, r3, r4, r5, r6, r7, lr}
100041ce:	4050      	eors	r0, r2
100041d0:	4042      	eors	r2, r0
100041d2:	4050      	eors	r0, r2
100041d4:	4059      	eors	r1, r3
100041d6:	404b      	eors	r3, r1
100041d8:	4059      	eors	r1, r3
100041da:	e000      	b.n	100041de <__aeabi_dfcmple_guts>

100041dc <__wrap___aeabi_cdcmpeq>:
100041dc:	b5ff      	push	{r0, r1, r2, r3, r4, r5, r6, r7, lr}

100041de <__aeabi_dfcmple_guts>:
100041de:	4f15      	ldr	r7, [pc, #84]	; (10004234 <__aeabi_dfcmple_guts+0x56>)
100041e0:	004c      	lsls	r4, r1, #1
100041e2:	0d64      	lsrs	r4, r4, #21
100041e4:	d003      	beq.n	100041ee <__aeabi_dfcmple_guts+0x10>
100041e6:	42bc      	cmp	r4, r7
100041e8:	d104      	bne.n	100041f4 <__aeabi_dfcmple_guts+0x16>
100041ea:	030c      	lsls	r4, r1, #12
100041ec:	d814      	bhi.n	10004218 <__aeabi_dfcmple_guts+0x3a>
100041ee:	2000      	movs	r0, #0
100041f0:	0d09      	lsrs	r1, r1, #20
100041f2:	0509      	lsls	r1, r1, #20
100041f4:	005c      	lsls	r4, r3, #1
100041f6:	0d64      	lsrs	r4, r4, #21
100041f8:	d003      	beq.n	10004202 <__aeabi_dfcmple_guts+0x24>
100041fa:	42bc      	cmp	r4, r7
100041fc:	d104      	bne.n	10004208 <__aeabi_dfcmple_guts+0x2a>
100041fe:	031c      	lsls	r4, r3, #12
10004200:	d80a      	bhi.n	10004218 <__aeabi_dfcmple_guts+0x3a>
10004202:	2200      	movs	r2, #0
10004204:	0d1b      	lsrs	r3, r3, #20
10004206:	051b      	lsls	r3, r3, #20
10004208:	2601      	movs	r6, #1
1000420a:	404b      	eors	r3, r1
1000420c:	d409      	bmi.n	10004222 <__aeabi_dfcmple_guts+0x44>
1000420e:	404b      	eors	r3, r1
10004210:	d503      	bpl.n	1000421a <__aeabi_dfcmple_guts+0x3c>
10004212:	428b      	cmp	r3, r1
10004214:	d100      	bne.n	10004218 <__aeabi_dfcmple_guts+0x3a>
10004216:	4282      	cmp	r2, r0
10004218:	bdff      	pop	{r0, r1, r2, r3, r4, r5, r6, r7, pc}
1000421a:	4299      	cmp	r1, r3
1000421c:	d1fc      	bne.n	10004218 <__aeabi_dfcmple_guts+0x3a>
1000421e:	4290      	cmp	r0, r2
10004220:	bdff      	pop	{r0, r1, r2, r3, r4, r5, r6, r7, pc}
10004222:	430b      	orrs	r3, r1
10004224:	18db      	adds	r3, r3, r3
10004226:	4303      	orrs	r3, r0
10004228:	4313      	orrs	r3, r2
1000422a:	d0f5      	beq.n	10004218 <__aeabi_dfcmple_guts+0x3a>
1000422c:	43c9      	mvns	r1, r1
1000422e:	1849      	adds	r1, r1, r1
10004230:	bdff      	pop	{r0, r1, r2, r3, r4, r5, r6, r7, pc}
10004232:	0000      	.short	0x0000
10004234:	000007ff 	.word	0x000007ff

10004238 <__wrap___aeabi_dcmplt>:
10004238:	b500      	push	{lr}
1000423a:	f7ff ffcf 	bl	100041dc <__wrap___aeabi_cdcmpeq>
1000423e:	4180      	sbcs	r0, r0
10004240:	bd00      	pop	{pc}
10004242:	46c0      	nop			; (mov r8, r8)

10004244 <__wrap___aeabi_dcmpge>:
10004244:	b500      	push	{lr}
10004246:	f7ff ffc1 	bl	100041cc <__wrap___aeabi_cdrcmple>
1000424a:	d901      	bls.n	10004250 <__wrap___aeabi_dcmpge+0xc>
1000424c:	2000      	movs	r0, #0
1000424e:	bd00      	pop	{pc}
10004250:	2001      	movs	r0, #1
10004252:	bd00      	pop	{pc}

10004254 <__wrap___aeabi_dcmpgt>:
10004254:	b500      	push	{lr}
10004256:	f7ff ffb9 	bl	100041cc <__wrap___aeabi_cdrcmple>
1000425a:	4180      	sbcs	r0, r0
1000425c:	bd00      	pop	{pc}

1000425e <__wrap___aeabi_dcmpun>:
1000425e:	2001      	movs	r0, #1
10004260:	0540      	lsls	r0, r0, #21
10004262:	004a      	lsls	r2, r1, #1
10004264:	1812      	adds	r2, r2, r0
10004266:	d804      	bhi.n	10004272 <__wrap___aeabi_dcmpun+0x14>
10004268:	005a      	lsls	r2, r3, #1
1000426a:	1812      	adds	r2, r2, r0
1000426c:	d801      	bhi.n	10004272 <__wrap___aeabi_dcmpun+0x14>
1000426e:	2000      	movs	r0, #0
10004270:	4770      	bx	lr
10004272:	2001      	movs	r0, #1
10004274:	4770      	bx	lr
10004276:	2000      	movs	r0, #0
10004278:	4770      	bx	lr
	...

1000427c <__wrap___aeabi_ui2d>:
1000427c:	2100      	movs	r1, #0
1000427e:	2800      	cmp	r0, #0
10004280:	d105      	bne.n	1000428e <__wrap___aeabi_i2d+0xa>
10004282:	4770      	bx	lr

10004284 <__wrap___aeabi_i2d>:
10004284:	17c1      	asrs	r1, r0, #31
10004286:	4048      	eors	r0, r1
10004288:	1a40      	subs	r0, r0, r1
1000428a:	d0fa      	beq.n	10004282 <__wrap___aeabi_ui2d+0x6>
1000428c:	07c9      	lsls	r1, r1, #31
1000428e:	b513      	push	{r0, r1, r4, lr}
10004290:	4b06      	ldr	r3, [pc, #24]	; (100042ac <__wrap___aeabi_i2d+0x28>)
10004292:	681b      	ldr	r3, [r3, #0]
10004294:	4798      	blx	r3
10004296:	bc0c      	pop	{r2, r3}
10004298:	1c44      	adds	r4, r0, #1
1000429a:	40a2      	lsls	r2, r4
1000429c:	0510      	lsls	r0, r2, #20
1000429e:	0b12      	lsrs	r2, r2, #12
100042a0:	4903      	ldr	r1, [pc, #12]	; (100042b0 <__wrap___aeabi_i2d+0x2c>)
100042a2:	1b09      	subs	r1, r1, r4
100042a4:	0509      	lsls	r1, r1, #20
100042a6:	4319      	orrs	r1, r3
100042a8:	4311      	orrs	r1, r2
100042aa:	bd10      	pop	{r4, pc}
100042ac:	2000259c 	.word	0x2000259c
100042b0:	0000041f 	.word	0x0000041f

100042b4 <__wrap___aeabi_d2iz>:
100042b4:	b510      	push	{r4, lr}
100042b6:	004c      	lsls	r4, r1, #1
100042b8:	0d62      	lsrs	r2, r4, #21
100042ba:	2380      	movs	r3, #128	; 0x80
100042bc:	18d2      	adds	r2, r2, r3
100042be:	00db      	lsls	r3, r3, #3
100042c0:	1ad2      	subs	r2, r2, r3
100042c2:	055b      	lsls	r3, r3, #21
100042c4:	2a7e      	cmp	r2, #126	; 0x7e
100042c6:	dd10      	ble.n	100042ea <__wrap___aeabi_d2iz+0x36>
100042c8:	3a9e      	subs	r2, #158	; 0x9e
100042ca:	da13      	bge.n	100042f4 <__wrap___aeabi_d2iz+0x40>
100042cc:	17cc      	asrs	r4, r1, #31
100042ce:	0309      	lsls	r1, r1, #12
100042d0:	0849      	lsrs	r1, r1, #1
100042d2:	4319      	orrs	r1, r3
100042d4:	4252      	negs	r2, r2
100042d6:	40d1      	lsrs	r1, r2
100042d8:	0064      	lsls	r4, r4, #1
100042da:	3401      	adds	r4, #1
100042dc:	3215      	adds	r2, #21
100042de:	2a20      	cmp	r2, #32
100042e0:	da05      	bge.n	100042ee <__wrap___aeabi_d2iz+0x3a>
100042e2:	40d0      	lsrs	r0, r2
100042e4:	4308      	orrs	r0, r1
100042e6:	4360      	muls	r0, r4
100042e8:	bd10      	pop	{r4, pc}
100042ea:	2000      	movs	r0, #0
100042ec:	bd10      	pop	{r4, pc}
100042ee:	4608      	mov	r0, r1
100042f0:	4360      	muls	r0, r4
100042f2:	bd10      	pop	{r4, pc}
100042f4:	0fc8      	lsrs	r0, r1, #31
100042f6:	18c0      	adds	r0, r0, r3
100042f8:	3801      	subs	r0, #1
100042fa:	bd10      	pop	{r4, pc}

100042fc <__wrap___aeabi_d2uiz>:
100042fc:	b418      	push	{r3, r4}
100042fe:	4b04      	ldr	r3, [pc, #16]	; (10004310 <__wrap___aeabi_d2uiz+0x14>)
10004300:	6a5b      	ldr	r3, [r3, #36]	; 0x24
10004302:	46fc      	mov	ip, pc
10004304:	9301      	str	r3, [sp, #4]
10004306:	bd08      	pop	{r3, pc}
10004308:	4869df24 	.word	0x4869df24
1000430c:	00001000 	.word	0x00001000
10004310:	200018d0 	.word	0x200018d0

10004314 <__wrap___aeabi_d2f>:
10004314:	b418      	push	{r3, r4}
10004316:	4b04      	ldr	r3, [pc, #16]	; (10004328 <__wrap___aeabi_d2f+0x14>)
10004318:	6fdb      	ldr	r3, [r3, #124]	; 0x7c
1000431a:	46fc      	mov	ip, pc
1000431c:	9301      	str	r3, [sp, #4]
1000431e:	bd08      	pop	{r3, pc}
10004320:	48e9df7c 	.word	0x48e9df7c
10004324:	00001000 	.word	0x00001000
10004328:	200018d0 	.word	0x200018d0

1000432c <__aeabi_double_init>:
1000432c:	2313      	movs	r3, #19
1000432e:	b570      	push	{r4, r5, r6, lr}
10004330:	781d      	ldrb	r5, [r3, #0]
10004332:	2d01      	cmp	r5, #1
10004334:	d015      	beq.n	10004362 <__aeabi_double_init+0x36>
10004336:	dd10      	ble.n	1000435a <__aeabi_double_init+0x2e>
10004338:	481d      	ldr	r0, [pc, #116]	; (100043b0 <__aeabi_double_init+0x84>)
1000433a:	f7ff fc7d 	bl	10003c38 <rom_data_lookup>
1000433e:	4c1d      	ldr	r4, [pc, #116]	; (100043b4 <__aeabi_double_init+0x88>)
10004340:	0001      	movs	r1, r0
10004342:	2280      	movs	r2, #128	; 0x80
10004344:	0020      	movs	r0, r4
10004346:	f000 fcf3 	bl	10004d30 <__wrap___aeabi_memcpy>
1000434a:	2d02      	cmp	r5, #2
1000434c:	d02d      	beq.n	100043aa <__aeabi_double_init+0x7e>
1000434e:	481a      	ldr	r0, [pc, #104]	; (100043b8 <__aeabi_double_init+0x8c>)
10004350:	f7ff fc6a 	bl	10003c28 <rom_func_lookup>
10004354:	4b19      	ldr	r3, [pc, #100]	; (100043bc <__aeabi_double_init+0x90>)
10004356:	6018      	str	r0, [r3, #0]
10004358:	bd70      	pop	{r4, r5, r6, pc}
1000435a:	4b19      	ldr	r3, [pc, #100]	; (100043c0 <__aeabi_double_init+0x94>)
1000435c:	4c15      	ldr	r4, [pc, #84]	; (100043b4 <__aeabi_double_init+0x88>)
1000435e:	64a3      	str	r3, [r4, #72]	; 0x48
10004360:	e7f5      	b.n	1000434e <__aeabi_double_init+0x22>
10004362:	4b17      	ldr	r3, [pc, #92]	; (100043c0 <__aeabi_double_init+0x94>)
10004364:	4c13      	ldr	r4, [pc, #76]	; (100043b4 <__aeabi_double_init+0x88>)
10004366:	6023      	str	r3, [r4, #0]
10004368:	6063      	str	r3, [r4, #4]
1000436a:	60a3      	str	r3, [r4, #8]
1000436c:	60e3      	str	r3, [r4, #12]
1000436e:	6123      	str	r3, [r4, #16]
10004370:	6163      	str	r3, [r4, #20]
10004372:	61a3      	str	r3, [r4, #24]
10004374:	61e3      	str	r3, [r4, #28]
10004376:	6223      	str	r3, [r4, #32]
10004378:	6263      	str	r3, [r4, #36]	; 0x24
1000437a:	62a3      	str	r3, [r4, #40]	; 0x28
1000437c:	62e3      	str	r3, [r4, #44]	; 0x2c
1000437e:	6323      	str	r3, [r4, #48]	; 0x30
10004380:	6363      	str	r3, [r4, #52]	; 0x34
10004382:	63a3      	str	r3, [r4, #56]	; 0x38
10004384:	63e3      	str	r3, [r4, #60]	; 0x3c
10004386:	6423      	str	r3, [r4, #64]	; 0x40
10004388:	6463      	str	r3, [r4, #68]	; 0x44
1000438a:	64a3      	str	r3, [r4, #72]	; 0x48
1000438c:	64e3      	str	r3, [r4, #76]	; 0x4c
1000438e:	6523      	str	r3, [r4, #80]	; 0x50
10004390:	6563      	str	r3, [r4, #84]	; 0x54
10004392:	65a3      	str	r3, [r4, #88]	; 0x58
10004394:	65e3      	str	r3, [r4, #92]	; 0x5c
10004396:	6623      	str	r3, [r4, #96]	; 0x60
10004398:	6663      	str	r3, [r4, #100]	; 0x64
1000439a:	66a3      	str	r3, [r4, #104]	; 0x68
1000439c:	66e3      	str	r3, [r4, #108]	; 0x6c
1000439e:	6723      	str	r3, [r4, #112]	; 0x70
100043a0:	6763      	str	r3, [r4, #116]	; 0x74
100043a2:	67a3      	str	r3, [r4, #120]	; 0x78
100043a4:	67e3      	str	r3, [r4, #124]	; 0x7c
100043a6:	64a3      	str	r3, [r4, #72]	; 0x48
100043a8:	e7d1      	b.n	1000434e <__aeabi_double_init+0x22>
100043aa:	4b05      	ldr	r3, [pc, #20]	; (100043c0 <__aeabi_double_init+0x94>)
100043ac:	64a3      	str	r3, [r4, #72]	; 0x48
100043ae:	e7ce      	b.n	1000434e <__aeabi_double_init+0x22>
100043b0:	00004453 	.word	0x00004453
100043b4:	200018d0 	.word	0x200018d0
100043b8:	0000334c 	.word	0x0000334c
100043bc:	2000259c 	.word	0x2000259c
100043c0:	100043c5 	.word	0x100043c5

100043c4 <double_table_shim_on_use_helper>:
100043c4:	b507      	push	{r0, r1, r2, lr}
100043c6:	4660      	mov	r0, ip
100043c8:	8801      	ldrh	r1, [r0, #0]
100043ca:	0a0a      	lsrs	r2, r1, #8
100043cc:	3002      	adds	r0, #2
100043ce:	2adf      	cmp	r2, #223	; 0xdf
100043d0:	d1fa      	bne.n	100043c8 <double_table_shim_on_use_helper+0x4>
100043d2:	b2c9      	uxtb	r1, r1
100043d4:	0882      	lsrs	r2, r0, #2
100043d6:	d304      	bcc.n	100043e2 <double_table_shim_on_use_helper+0x1e>
100043d8:	8802      	ldrh	r2, [r0, #0]
100043da:	8840      	ldrh	r0, [r0, #2]
100043dc:	0400      	lsls	r0, r0, #16
100043de:	4310      	orrs	r0, r2
100043e0:	e000      	b.n	100043e4 <double_table_shim_on_use_helper+0x20>
100043e2:	6800      	ldr	r0, [r0, #0]
100043e4:	4a01      	ldr	r2, [pc, #4]	; (100043ec <double_table_shim_on_use_helper+0x28>)
100043e6:	5050      	str	r0, [r2, r1]
100043e8:	9003      	str	r0, [sp, #12]
100043ea:	bd07      	pop	{r0, r1, r2, pc}
100043ec:	200018d0 	.word	0x200018d0

100043f0 <drsub_shim>:
100043f0:	b40f      	push	{r0, r1, r2, r3}
100043f2:	bc03      	pop	{r0, r1}
100043f4:	bc0c      	pop	{r2, r3}

100043f6 <dsub_shim>:
100043f6:	b5f0      	push	{r4, r5, r6, r7, lr}
100043f8:	2401      	movs	r4, #1
100043fa:	07e4      	lsls	r4, r4, #31
100043fc:	4063      	eors	r3, r4
100043fe:	e000      	b.n	10004402 <da_entry>

10004400 <dadd_shim>:
10004400:	b5f0      	push	{r4, r5, r6, r7, lr}

10004402 <da_entry>:
10004402:	0d0c      	lsrs	r4, r1, #20
10004404:	0fcf      	lsrs	r7, r1, #31
10004406:	1e66      	subs	r6, r4, #1
10004408:	0536      	lsls	r6, r6, #20
1000440a:	1b89      	subs	r1, r1, r6
1000440c:	0564      	lsls	r4, r4, #21
1000440e:	d303      	bcc.n	10004418 <l8_1>
10004410:	43c9      	mvns	r1, r1
10004412:	4240      	negs	r0, r0
10004414:	d300      	bcc.n	10004418 <l8_1>
10004416:	3101      	adds	r1, #1

10004418 <l8_1>:
10004418:	0d64      	lsrs	r4, r4, #21
1000441a:	d003      	beq.n	10004424 <l8_2>
1000441c:	1c66      	adds	r6, r4, #1
1000441e:	0af6      	lsrs	r6, r6, #11
10004420:	d007      	beq.n	10004432 <l8_3>
10004422:	1be4      	subs	r4, r4, r7

10004424 <l8_2>:
10004424:	2000      	movs	r0, #0
10004426:	007f      	lsls	r7, r7, #1
10004428:	1c79      	adds	r1, r7, #1
1000442a:	0789      	lsls	r1, r1, #30
1000442c:	1289      	asrs	r1, r1, #10
1000442e:	3c80      	subs	r4, #128	; 0x80
10004430:	0324      	lsls	r4, r4, #12

10004432 <l8_3>:
10004432:	0d1d      	lsrs	r5, r3, #20
10004434:	0fdf      	lsrs	r7, r3, #31
10004436:	1e6e      	subs	r6, r5, #1
10004438:	0536      	lsls	r6, r6, #20
1000443a:	1b9b      	subs	r3, r3, r6
1000443c:	056d      	lsls	r5, r5, #21
1000443e:	d303      	bcc.n	10004448 <l9_1>
10004440:	43db      	mvns	r3, r3
10004442:	4252      	negs	r2, r2
10004444:	d300      	bcc.n	10004448 <l9_1>
10004446:	3301      	adds	r3, #1

10004448 <l9_1>:
10004448:	0d6d      	lsrs	r5, r5, #21
1000444a:	d003      	beq.n	10004454 <l9_2>
1000444c:	1c6e      	adds	r6, r5, #1
1000444e:	0af6      	lsrs	r6, r6, #11
10004450:	d007      	beq.n	10004462 <l9_3>
10004452:	1bed      	subs	r5, r5, r7

10004454 <l9_2>:
10004454:	2200      	movs	r2, #0
10004456:	007f      	lsls	r7, r7, #1
10004458:	1c7b      	adds	r3, r7, #1
1000445a:	079b      	lsls	r3, r3, #30
1000445c:	129b      	asrs	r3, r3, #10
1000445e:	3d80      	subs	r5, #128	; 0x80
10004460:	032d      	lsls	r5, r5, #12

10004462 <l9_3>:
10004462:	1b2f      	subs	r7, r5, r4
10004464:	1b66      	subs	r6, r4, r5
10004466:	d458      	bmi.n	1000451a <da_ygtx>
10004468:	46a4      	mov	ip, r4
1000446a:	2e20      	cmp	r6, #32
1000446c:	da46      	bge.n	100044fc <da_xrgty>
1000446e:	3720      	adds	r7, #32
10004470:	0014      	movs	r4, r2
10004472:	40bc      	lsls	r4, r7

10004474 <da_xgty0>:
10004474:	001d      	movs	r5, r3
10004476:	40bd      	lsls	r5, r7
10004478:	40f2      	lsrs	r2, r6
1000447a:	4133      	asrs	r3, r6
1000447c:	432a      	orrs	r2, r5

1000447e <da_add>:
1000447e:	1880      	adds	r0, r0, r2
10004480:	4159      	adcs	r1, r3

10004482 <da_pack>:
10004482:	0fcb      	lsrs	r3, r1, #31
10004484:	d005      	beq.n	10004492 <da_pack+0x10>
10004486:	43c9      	mvns	r1, r1
10004488:	43c0      	mvns	r0, r0
1000448a:	2200      	movs	r2, #0
1000448c:	4264      	negs	r4, r4
1000448e:	4150      	adcs	r0, r2
10004490:	4151      	adcs	r1, r2
10004492:	4662      	mov	r2, ip
10004494:	0d4d      	lsrs	r5, r1, #21
10004496:	d128      	bne.n	100044ea <da_0>
10004498:	0d0d      	lsrs	r5, r1, #20
1000449a:	d107      	bne.n	100044ac <da_1>
1000449c:	2800      	cmp	r0, #0
1000449e:	d01f      	beq.n	100044e0 <da_5>

100044a0 <da_2>:
100044a0:	1924      	adds	r4, r4, r4
100044a2:	4140      	adcs	r0, r0
100044a4:	4149      	adcs	r1, r1
100044a6:	3a01      	subs	r2, #1
100044a8:	0d0d      	lsrs	r5, r1, #20
100044aa:	d0f9      	beq.n	100044a0 <da_2>

100044ac <da_1>:
100044ac:	0064      	lsls	r4, r4, #1
100044ae:	d306      	bcc.n	100044be <da_3>

100044b0 <da_4>:
100044b0:	3001      	adds	r0, #1
100044b2:	d300      	bcc.n	100044b6 <da_4+0x6>
100044b4:	3101      	adds	r1, #1
100044b6:	2c00      	cmp	r4, #0
100044b8:	d101      	bne.n	100044be <da_3>
100044ba:	0840      	lsrs	r0, r0, #1
100044bc:	0040      	lsls	r0, r0, #1

100044be <da_3>:
100044be:	3a01      	subs	r2, #1
100044c0:	d40b      	bmi.n	100044da <da_6>
100044c2:	1c94      	adds	r4, r2, #2
100044c4:	0ae4      	lsrs	r4, r4, #11
100044c6:	d104      	bne.n	100044d2 <da_7>
100044c8:	0512      	lsls	r2, r2, #20
100044ca:	4411      	add	r1, r2
100044cc:	07db      	lsls	r3, r3, #31
100044ce:	4419      	add	r1, r3
100044d0:	bdf0      	pop	{r4, r5, r6, r7, pc}

100044d2 <da_7>:
100044d2:	07d9      	lsls	r1, r3, #31
100044d4:	4b20      	ldr	r3, [pc, #128]	; (10004558 <da_xmgty+0x4>)
100044d6:	4319      	orrs	r1, r3
100044d8:	e000      	b.n	100044dc <da_6+0x2>

100044da <da_6>:
100044da:	07d9      	lsls	r1, r3, #31
100044dc:	2000      	movs	r0, #0
100044de:	bdf0      	pop	{r4, r5, r6, r7, pc}

100044e0 <da_5>:
100044e0:	2900      	cmp	r1, #0
100044e2:	d1dd      	bne.n	100044a0 <da_2>
100044e4:	2c00      	cmp	r4, #0
100044e6:	d1db      	bne.n	100044a0 <da_2>
100044e8:	bdf0      	pop	{r4, r5, r6, r7, pc}

100044ea <da_0>:
100044ea:	3201      	adds	r2, #1
100044ec:	07c6      	lsls	r6, r0, #31
100044ee:	0840      	lsrs	r0, r0, #1
100044f0:	07cd      	lsls	r5, r1, #31
100044f2:	4328      	orrs	r0, r5
100044f4:	0849      	lsrs	r1, r1, #1
100044f6:	2e00      	cmp	r6, #0
100044f8:	d0e1      	beq.n	100044be <da_3>
100044fa:	e7d9      	b.n	100044b0 <da_4>

100044fc <da_xrgty>:
100044fc:	2e3c      	cmp	r6, #60	; 0x3c
100044fe:	da29      	bge.n	10004554 <da_xmgty>
10004500:	3e20      	subs	r6, #32
10004502:	3740      	adds	r7, #64	; 0x40
10004504:	0014      	movs	r4, r2
10004506:	40bc      	lsls	r4, r7
10004508:	d000      	beq.n	1000450c <da_xrgty+0x10>
1000450a:	2401      	movs	r4, #1
1000450c:	40f2      	lsrs	r2, r6
1000450e:	4314      	orrs	r4, r2
10004510:	001a      	movs	r2, r3
10004512:	40bb      	lsls	r3, r7
10004514:	431c      	orrs	r4, r3
10004516:	17d3      	asrs	r3, r2, #31
10004518:	e7ac      	b.n	10004474 <da_xgty0>

1000451a <da_ygtx>:
1000451a:	46ac      	mov	ip, r5
1000451c:	2f20      	cmp	r7, #32
1000451e:	da08      	bge.n	10004532 <da_yrgtx>
10004520:	3620      	adds	r6, #32
10004522:	0004      	movs	r4, r0
10004524:	40b4      	lsls	r4, r6

10004526 <da_ygtx0>:
10004526:	000d      	movs	r5, r1
10004528:	40b5      	lsls	r5, r6
1000452a:	40f8      	lsrs	r0, r7
1000452c:	4139      	asrs	r1, r7
1000452e:	4328      	orrs	r0, r5
10004530:	e7a5      	b.n	1000447e <da_add>

10004532 <da_yrgtx>:
10004532:	2f3c      	cmp	r7, #60	; 0x3c
10004534:	da0c      	bge.n	10004550 <da_ymgtx>
10004536:	3f20      	subs	r7, #32
10004538:	3640      	adds	r6, #64	; 0x40
1000453a:	0004      	movs	r4, r0
1000453c:	40b4      	lsls	r4, r6
1000453e:	d000      	beq.n	10004542 <da_yrgtx+0x10>
10004540:	2401      	movs	r4, #1
10004542:	40f8      	lsrs	r0, r7
10004544:	4304      	orrs	r4, r0
10004546:	0008      	movs	r0, r1
10004548:	40b1      	lsls	r1, r6
1000454a:	430c      	orrs	r4, r1
1000454c:	17c1      	asrs	r1, r0, #31
1000454e:	e7ea      	b.n	10004526 <da_ygtx0>

10004550 <da_ymgtx>:
10004550:	0010      	movs	r0, r2
10004552:	0019      	movs	r1, r3

10004554 <da_xmgty>:
10004554:	2400      	movs	r4, #0
10004556:	e794      	b.n	10004482 <da_pack>
10004558:	7ff00000 	.word	0x7ff00000

1000455c <dmul_shim>:
1000455c:	b5f0      	push	{r4, r5, r6, r7, lr}
1000455e:	0d0c      	lsrs	r4, r1, #20
10004560:	1e66      	subs	r6, r4, #1
10004562:	0536      	lsls	r6, r6, #20
10004564:	1b89      	subs	r1, r1, r6
10004566:	0ae6      	lsrs	r6, r4, #11
10004568:	0564      	lsls	r4, r4, #21
1000456a:	0d64      	lsrs	r4, r4, #21
1000456c:	d002      	beq.n	10004574 <l12_1>
1000456e:	1c65      	adds	r5, r4, #1
10004570:	0aed      	lsrs	r5, r5, #11
10004572:	d004      	beq.n	1000457e <l12_2>

10004574 <l12_1>:
10004574:	2000      	movs	r0, #0
10004576:	2101      	movs	r1, #1
10004578:	0509      	lsls	r1, r1, #20
1000457a:	3c80      	subs	r4, #128	; 0x80
1000457c:	0324      	lsls	r4, r4, #12

1000457e <l12_2>:
1000457e:	46a4      	mov	ip, r4
10004580:	0d1c      	lsrs	r4, r3, #20
10004582:	1e67      	subs	r7, r4, #1
10004584:	053f      	lsls	r7, r7, #20
10004586:	1bdb      	subs	r3, r3, r7
10004588:	0ae7      	lsrs	r7, r4, #11
1000458a:	0564      	lsls	r4, r4, #21
1000458c:	0d64      	lsrs	r4, r4, #21
1000458e:	d002      	beq.n	10004596 <l13_1>
10004590:	1c65      	adds	r5, r4, #1
10004592:	0aed      	lsrs	r5, r5, #11
10004594:	d004      	beq.n	100045a0 <l13_2>

10004596 <l13_1>:
10004596:	2200      	movs	r2, #0
10004598:	2301      	movs	r3, #1
1000459a:	051b      	lsls	r3, r3, #20
1000459c:	3c80      	subs	r4, #128	; 0x80
1000459e:	0324      	lsls	r4, r4, #12

100045a0 <l13_2>:
100045a0:	4077      	eors	r7, r6
100045a2:	4464      	add	r4, ip
100045a4:	b497      	push	{r0, r1, r2, r4, r7}
100045a6:	b284      	uxth	r4, r0
100045a8:	b296      	uxth	r6, r2
100045aa:	4374      	muls	r4, r6
100045ac:	0c07      	lsrs	r7, r0, #16
100045ae:	437e      	muls	r6, r7
100045b0:	0c15      	lsrs	r5, r2, #16
100045b2:	436f      	muls	r7, r5
100045b4:	b280      	uxth	r0, r0
100045b6:	4368      	muls	r0, r5
100045b8:	1836      	adds	r6, r6, r0
100045ba:	d302      	bcc.n	100045c2 <l14_1>
100045bc:	2001      	movs	r0, #1
100045be:	0400      	lsls	r0, r0, #16
100045c0:	183f      	adds	r7, r7, r0

100045c2 <l14_1>:
100045c2:	0430      	lsls	r0, r6, #16
100045c4:	0c35      	lsrs	r5, r6, #16
100045c6:	1900      	adds	r0, r0, r4
100045c8:	417d      	adcs	r5, r7
100045ca:	4684      	mov	ip, r0
100045cc:	b288      	uxth	r0, r1
100045ce:	b29a      	uxth	r2, r3
100045d0:	4350      	muls	r0, r2
100045d2:	0c0c      	lsrs	r4, r1, #16
100045d4:	4362      	muls	r2, r4
100045d6:	0c1f      	lsrs	r7, r3, #16
100045d8:	437c      	muls	r4, r7
100045da:	b28e      	uxth	r6, r1
100045dc:	437e      	muls	r6, r7
100045de:	1992      	adds	r2, r2, r6
100045e0:	d302      	bcc.n	100045e8 <l15_1>
100045e2:	2601      	movs	r6, #1
100045e4:	0436      	lsls	r6, r6, #16
100045e6:	19a4      	adds	r4, r4, r6

100045e8 <l15_1>:
100045e8:	0416      	lsls	r6, r2, #16
100045ea:	0c17      	lsrs	r7, r2, #16
100045ec:	1836      	adds	r6, r6, r0
100045ee:	4167      	adcs	r7, r4
100045f0:	bc01      	pop	{r0}
100045f2:	b281      	uxth	r1, r0
100045f4:	b29a      	uxth	r2, r3
100045f6:	4351      	muls	r1, r2
100045f8:	0c04      	lsrs	r4, r0, #16
100045fa:	4362      	muls	r2, r4
100045fc:	0c1b      	lsrs	r3, r3, #16
100045fe:	435c      	muls	r4, r3
10004600:	b280      	uxth	r0, r0
10004602:	4358      	muls	r0, r3
10004604:	1812      	adds	r2, r2, r0
10004606:	d302      	bcc.n	1000460e <l16_1>
10004608:	2001      	movs	r0, #1
1000460a:	0400      	lsls	r0, r0, #16
1000460c:	1824      	adds	r4, r4, r0

1000460e <l16_1>:
1000460e:	0410      	lsls	r0, r2, #16
10004610:	0c13      	lsrs	r3, r2, #16
10004612:	1840      	adds	r0, r0, r1
10004614:	4163      	adcs	r3, r4
10004616:	182d      	adds	r5, r5, r0
10004618:	415e      	adcs	r6, r3
1000461a:	2000      	movs	r0, #0
1000461c:	4147      	adcs	r7, r0
1000461e:	bc06      	pop	{r1, r2}
10004620:	b288      	uxth	r0, r1
10004622:	b293      	uxth	r3, r2
10004624:	4358      	muls	r0, r3
10004626:	0c0c      	lsrs	r4, r1, #16
10004628:	4363      	muls	r3, r4
1000462a:	0c12      	lsrs	r2, r2, #16
1000462c:	4354      	muls	r4, r2
1000462e:	b289      	uxth	r1, r1
10004630:	4351      	muls	r1, r2
10004632:	185b      	adds	r3, r3, r1
10004634:	d302      	bcc.n	1000463c <l17_1>
10004636:	2101      	movs	r1, #1
10004638:	0409      	lsls	r1, r1, #16
1000463a:	1864      	adds	r4, r4, r1

1000463c <l17_1>:
1000463c:	0419      	lsls	r1, r3, #16
1000463e:	0c1a      	lsrs	r2, r3, #16
10004640:	1809      	adds	r1, r1, r0
10004642:	4162      	adcs	r2, r4
10004644:	186d      	adds	r5, r5, r1
10004646:	4156      	adcs	r6, r2
10004648:	2000      	movs	r0, #0
1000464a:	4147      	adcs	r7, r0
1000464c:	bc18      	pop	{r3, r4}
1000464e:	02f9      	lsls	r1, r7, #11
10004650:	0d72      	lsrs	r2, r6, #21
10004652:	4311      	orrs	r1, r2
10004654:	02f0      	lsls	r0, r6, #11
10004656:	0d6a      	lsrs	r2, r5, #21
10004658:	4310      	orrs	r0, r2
1000465a:	02ed      	lsls	r5, r5, #11
1000465c:	0d0a      	lsrs	r2, r1, #20
1000465e:	d103      	bne.n	10004668 <l17_1+0x2c>
10004660:	196d      	adds	r5, r5, r5
10004662:	4140      	adcs	r0, r0
10004664:	4149      	adcs	r1, r1
10004666:	3b01      	subs	r3, #1
10004668:	4e12      	ldr	r6, [pc, #72]	; (100046b4 <dm_1+0xa>)
1000466a:	1b9b      	subs	r3, r3, r6
1000466c:	0076      	lsls	r6, r6, #1
1000466e:	42b3      	cmp	r3, r6
10004670:	d20e      	bcs.n	10004690 <dm_0>
10004672:	006d      	lsls	r5, r5, #1
10004674:	d307      	bcc.n	10004686 <l17_1+0x4a>
10004676:	3001      	adds	r0, #1
10004678:	2600      	movs	r6, #0
1000467a:	4171      	adcs	r1, r6
1000467c:	4666      	mov	r6, ip
1000467e:	4335      	orrs	r5, r6
10004680:	d101      	bne.n	10004686 <l17_1+0x4a>
10004682:	0840      	lsrs	r0, r0, #1
10004684:	0040      	lsls	r0, r0, #1
10004686:	051b      	lsls	r3, r3, #20
10004688:	18c9      	adds	r1, r1, r3

1000468a <dm_2>:
1000468a:	07e4      	lsls	r4, r4, #31
1000468c:	4421      	add	r1, r4
1000468e:	bdf0      	pop	{r4, r5, r6, r7, pc}

10004690 <dm_0>:
10004690:	da0b      	bge.n	100046aa <dm_1>
10004692:	3301      	adds	r3, #1
10004694:	d106      	bne.n	100046a4 <dm_0+0x14>
10004696:	3001      	adds	r0, #1
10004698:	d104      	bne.n	100046a4 <dm_0+0x14>
1000469a:	3101      	adds	r1, #1
1000469c:	0d4f      	lsrs	r7, r1, #21
1000469e:	d001      	beq.n	100046a4 <dm_0+0x14>
100046a0:	0849      	lsrs	r1, r1, #1
100046a2:	e7f2      	b.n	1000468a <dm_2>
100046a4:	07e1      	lsls	r1, r4, #31
100046a6:	2000      	movs	r0, #0
100046a8:	bdf0      	pop	{r4, r5, r6, r7, pc}

100046aa <dm_1>:
100046aa:	3601      	adds	r6, #1
100046ac:	0531      	lsls	r1, r6, #20
100046ae:	2000      	movs	r0, #0
100046b0:	e7eb      	b.n	1000468a <dm_2>
100046b2:	0000      	.short	0x0000
100046b4:	000003ff 	.word	0x000003ff

100046b8 <ddiv_shim>:
100046b8:	b5f0      	push	{r4, r5, r6, r7, lr}

100046ba <ddiv0>:
100046ba:	0d1c      	lsrs	r4, r3, #20
100046bc:	1e67      	subs	r7, r4, #1
100046be:	053f      	lsls	r7, r7, #20
100046c0:	1bdb      	subs	r3, r3, r7
100046c2:	0ae7      	lsrs	r7, r4, #11
100046c4:	0564      	lsls	r4, r4, #21
100046c6:	0d64      	lsrs	r4, r4, #21
100046c8:	d002      	beq.n	100046d0 <l20_1>
100046ca:	1c66      	adds	r6, r4, #1
100046cc:	0af6      	lsrs	r6, r6, #11
100046ce:	d004      	beq.n	100046da <l20_2>

100046d0 <l20_1>:
100046d0:	2200      	movs	r2, #0
100046d2:	2301      	movs	r3, #1
100046d4:	051b      	lsls	r3, r3, #20
100046d6:	3c80      	subs	r4, #128	; 0x80
100046d8:	0324      	lsls	r4, r4, #12

100046da <l20_2>:
100046da:	25d0      	movs	r5, #208	; 0xd0
100046dc:	062d      	lsls	r5, r5, #24
100046de:	2600      	movs	r6, #0
100046e0:	43f6      	mvns	r6, r6
100046e2:	662e      	str	r6, [r5, #96]	; 0x60
100046e4:	091e      	lsrs	r6, r3, #4
100046e6:	666e      	str	r6, [r5, #100]	; 0x64
100046e8:	0fce      	lsrs	r6, r1, #31
100046ea:	19f6      	adds	r6, r6, r7
100046ec:	46b4      	mov	ip, r6
100046ee:	0049      	lsls	r1, r1, #1
100046f0:	0d4f      	lsrs	r7, r1, #21
100046f2:	d002      	beq.n	100046fa <l20_2+0x20>
100046f4:	1c7e      	adds	r6, r7, #1
100046f6:	0af6      	lsrs	r6, r6, #11
100046f8:	d003      	beq.n	10004702 <l20_2+0x28>
100046fa:	2000      	movs	r0, #0
100046fc:	2100      	movs	r1, #0
100046fe:	3f40      	subs	r7, #64	; 0x40
10004700:	033f      	lsls	r7, r7, #12
10004702:	1b3e      	subs	r6, r7, r4
10004704:	00b6      	lsls	r6, r6, #2
10004706:	44b4      	add	ip, r6
10004708:	3f01      	subs	r7, #1
1000470a:	057f      	lsls	r7, r7, #21
1000470c:	1bc9      	subs	r1, r1, r7
1000470e:	0849      	lsrs	r1, r1, #1
10004710:	6f2e      	ldr	r6, [r5, #112]	; 0x70
10004712:	3601      	adds	r6, #1
10004714:	0876      	lsrs	r6, r6, #1
10004716:	029c      	lsls	r4, r3, #10
10004718:	0d95      	lsrs	r5, r2, #22
1000471a:	4325      	orrs	r5, r4
1000471c:	4375      	muls	r5, r6
1000471e:	13ed      	asrs	r5, r5, #15
10004720:	4375      	muls	r5, r6
10004722:	13ad      	asrs	r5, r5, #14
10004724:	3501      	adds	r5, #1
10004726:	106d      	asrs	r5, r5, #1
10004728:	03f6      	lsls	r6, r6, #15
1000472a:	1b76      	subs	r6, r6, r5
1000472c:	b40c      	push	{r2, r3}
1000472e:	02cc      	lsls	r4, r1, #11
10004730:	0d45      	lsrs	r5, r0, #21
10004732:	432c      	orrs	r4, r5
10004734:	b2a2      	uxth	r2, r4
10004736:	b2b3      	uxth	r3, r6
10004738:	435a      	muls	r2, r3
1000473a:	0c27      	lsrs	r7, r4, #16
1000473c:	437b      	muls	r3, r7
1000473e:	0c35      	lsrs	r5, r6, #16
10004740:	436f      	muls	r7, r5
10004742:	b2a4      	uxth	r4, r4
10004744:	436c      	muls	r4, r5
10004746:	191b      	adds	r3, r3, r4
10004748:	d302      	bcc.n	10004750 <l21_1>
1000474a:	2401      	movs	r4, #1
1000474c:	0424      	lsls	r4, r4, #16
1000474e:	193f      	adds	r7, r7, r4

10004750 <l21_1>:
10004750:	041c      	lsls	r4, r3, #16
10004752:	0c1d      	lsrs	r5, r3, #16
10004754:	18a4      	adds	r4, r4, r2
10004756:	417d      	adcs	r5, r7
10004758:	1924      	adds	r4, r4, r4
1000475a:	416d      	adcs	r5, r5
1000475c:	9a00      	ldr	r2, [sp, #0]
1000475e:	b291      	uxth	r1, r2
10004760:	b2ac      	uxth	r4, r5
10004762:	4361      	muls	r1, r4
10004764:	0c17      	lsrs	r7, r2, #16
10004766:	437c      	muls	r4, r7
10004768:	0c2b      	lsrs	r3, r5, #16
1000476a:	435f      	muls	r7, r3
1000476c:	b292      	uxth	r2, r2
1000476e:	435a      	muls	r2, r3
10004770:	18a4      	adds	r4, r4, r2
10004772:	d302      	bcc.n	1000477a <l22_1>
10004774:	2201      	movs	r2, #1
10004776:	0412      	lsls	r2, r2, #16
10004778:	18bf      	adds	r7, r7, r2

1000477a <l22_1>:
1000477a:	0422      	lsls	r2, r4, #16
1000477c:	0c23      	lsrs	r3, r4, #16
1000477e:	1852      	adds	r2, r2, r1
10004780:	417b      	adcs	r3, r7
10004782:	9c01      	ldr	r4, [sp, #4]
10004784:	436c      	muls	r4, r5
10004786:	191b      	adds	r3, r3, r4
10004788:	0e52      	lsrs	r2, r2, #25
1000478a:	01d9      	lsls	r1, r3, #7
1000478c:	430a      	orrs	r2, r1
1000478e:	0144      	lsls	r4, r0, #5
10004790:	1aa0      	subs	r0, r4, r2
10004792:	b281      	uxth	r1, r0
10004794:	b2b2      	uxth	r2, r6
10004796:	4351      	muls	r1, r2
10004798:	1403      	asrs	r3, r0, #16
1000479a:	435a      	muls	r2, r3
1000479c:	0c36      	lsrs	r6, r6, #16
1000479e:	4373      	muls	r3, r6
100047a0:	b287      	uxth	r7, r0
100047a2:	4377      	muls	r7, r6
100047a4:	17d6      	asrs	r6, r2, #31
100047a6:	19d2      	adds	r2, r2, r7
100047a8:	2700      	movs	r7, #0
100047aa:	417e      	adcs	r6, r7
100047ac:	0436      	lsls	r6, r6, #16
100047ae:	199b      	adds	r3, r3, r6
100047b0:	0417      	lsls	r7, r2, #16
100047b2:	0c16      	lsrs	r6, r2, #16
100047b4:	187f      	adds	r7, r7, r1
100047b6:	415e      	adcs	r6, r3
100047b8:	1673      	asrs	r3, r6, #25
100047ba:	18ed      	adds	r5, r5, r3
100047bc:	01f3      	lsls	r3, r6, #7
100047be:	2600      	movs	r6, #0
100047c0:	3380      	adds	r3, #128	; 0x80
100047c2:	4175      	adcs	r5, r6
100047c4:	0fa9      	lsrs	r1, r5, #30
100047c6:	d106      	bne.n	100047d6 <dd_0>
100047c8:	0064      	lsls	r4, r4, #1
100047ca:	0a69      	lsrs	r1, r5, #9
100047cc:	05e8      	lsls	r0, r5, #23
100047ce:	0a5b      	lsrs	r3, r3, #9
100047d0:	4318      	orrs	r0, r3
100047d2:	d209      	bcs.n	100047e8 <dd_1>
100047d4:	e02f      	b.n	10004836 <dd_2>

100047d6 <dd_0>:
100047d6:	2204      	movs	r2, #4
100047d8:	4494      	add	ip, r2
100047da:	3380      	adds	r3, #128	; 0x80
100047dc:	4175      	adcs	r5, r6
100047de:	0aa9      	lsrs	r1, r5, #10
100047e0:	05a8      	lsls	r0, r5, #22
100047e2:	0a9b      	lsrs	r3, r3, #10
100047e4:	4318      	orrs	r0, r3
100047e6:	d326      	bcc.n	10004836 <dd_2>

100047e8 <dd_1>:
100047e8:	4140      	adcs	r0, r0
100047ea:	4149      	adcs	r1, r1
100047ec:	0424      	lsls	r4, r4, #16
100047ee:	9a00      	ldr	r2, [sp, #0]
100047f0:	9b01      	ldr	r3, [sp, #4]
100047f2:	000d      	movs	r5, r1
100047f4:	4355      	muls	r5, r2
100047f6:	1b64      	subs	r4, r4, r5
100047f8:	4343      	muls	r3, r0
100047fa:	1ae4      	subs	r4, r4, r3
100047fc:	b295      	uxth	r5, r2
100047fe:	b286      	uxth	r6, r0
10004800:	4375      	muls	r5, r6
10004802:	0c17      	lsrs	r7, r2, #16
10004804:	437e      	muls	r6, r7
10004806:	0c03      	lsrs	r3, r0, #16
10004808:	435f      	muls	r7, r3
1000480a:	b292      	uxth	r2, r2
1000480c:	435a      	muls	r2, r3
1000480e:	18b6      	adds	r6, r6, r2
10004810:	d302      	bcc.n	10004818 <l24_1>
10004812:	2201      	movs	r2, #1
10004814:	0412      	lsls	r2, r2, #16
10004816:	18bf      	adds	r7, r7, r2

10004818 <l24_1>:
10004818:	0432      	lsls	r2, r6, #16
1000481a:	0c33      	lsrs	r3, r6, #16
1000481c:	1952      	adds	r2, r2, r5
1000481e:	417b      	adcs	r3, r7
10004820:	4252      	negs	r2, r2
10004822:	419c      	sbcs	r4, r3
10004824:	2c00      	cmp	r4, #0
10004826:	d402      	bmi.n	1000482e <l24_1+0x16>
10004828:	2200      	movs	r2, #0
1000482a:	3001      	adds	r0, #1
1000482c:	4151      	adcs	r1, r2
1000482e:	0840      	lsrs	r0, r0, #1
10004830:	07ca      	lsls	r2, r1, #31
10004832:	4310      	orrs	r0, r2
10004834:	0849      	lsrs	r1, r1, #1

10004836 <dd_2>:
10004836:	b002      	add	sp, #8
10004838:	4662      	mov	r2, ip
1000483a:	07d7      	lsls	r7, r2, #31
1000483c:	1092      	asrs	r2, r2, #2
1000483e:	4b08      	ldr	r3, [pc, #32]	; (10004860 <dd_4+0x6>)
10004840:	18d2      	adds	r2, r2, r3
10004842:	4b08      	ldr	r3, [pc, #32]	; (10004864 <dd_4+0xa>)
10004844:	429a      	cmp	r2, r3
10004846:	d203      	bcs.n	10004850 <dd_3>
10004848:	0512      	lsls	r2, r2, #20
1000484a:	1889      	adds	r1, r1, r2

1000484c <dd_5>:
1000484c:	19c9      	adds	r1, r1, r7
1000484e:	bdf0      	pop	{r4, r5, r6, r7, pc}

10004850 <dd_3>:
10004850:	2000      	movs	r0, #0
10004852:	2a00      	cmp	r2, #0
10004854:	dc01      	bgt.n	1000485a <dd_4>
10004856:	0039      	movs	r1, r7
10004858:	bdf0      	pop	{r4, r5, r6, r7, pc}

1000485a <dd_4>:
1000485a:	3301      	adds	r3, #1
1000485c:	0519      	lsls	r1, r3, #20
1000485e:	e7f5      	b.n	1000484c <dd_5>
10004860:	000003fd 	.word	0x000003fd
10004864:	000007fe 	.word	0x000007fe

10004868 <double2uint_shim>:
10004868:	2200      	movs	r2, #0

1000486a <double2ufix_shim>:
1000486a:	b500      	push	{lr}
1000486c:	3220      	adds	r2, #32
1000486e:	f000 f804 	bl	1000487a <double2ufix64_shim>
10004872:	0008      	movs	r0, r1
10004874:	bd00      	pop	{pc}
	...

10004878 <double2uint64_shim>:
10004878:	2200      	movs	r2, #0

1000487a <double2ufix64_shim>:
1000487a:	150b      	asrs	r3, r1, #20
1000487c:	d40a      	bmi.n	10004894 <ret_dzero>

1000487e <d2fix>:
1000487e:	b510      	push	{r4, lr}
10004880:	4694      	mov	ip, r2
10004882:	f000 f85f 	bl	10004944 <dunpacks>
10004886:	1414      	asrs	r4, r2, #16
10004888:	3401      	adds	r4, #1
1000488a:	da00      	bge.n	1000488e <d2fix+0x10>
1000488c:	2100      	movs	r1, #0
1000488e:	17cb      	asrs	r3, r1, #31
10004890:	4c14      	ldr	r4, [pc, #80]	; (100048e4 <d2fix_a+0x4a>)
10004892:	4720      	bx	r4

10004894 <ret_dzero>:
10004894:	2000      	movs	r0, #0
10004896:	2100      	movs	r1, #0
10004898:	4770      	bx	lr

1000489a <d2fix_a>:
1000489a:	4462      	add	r2, ip
1000489c:	3a34      	subs	r2, #52	; 0x34
1000489e:	d40c      	bmi.n	100048ba <d2fix_a+0x20>
100048a0:	2a0c      	cmp	r2, #12
100048a2:	da07      	bge.n	100048b4 <d2fix_a+0x1a>
100048a4:	0004      	movs	r4, r0
100048a6:	4091      	lsls	r1, r2
100048a8:	4090      	lsls	r0, r2
100048aa:	4252      	negs	r2, r2
100048ac:	3220      	adds	r2, #32
100048ae:	40d4      	lsrs	r4, r2
100048b0:	4321      	orrs	r1, r4
100048b2:	bd10      	pop	{r4, pc}
100048b4:	43d8      	mvns	r0, r3
100048b6:	43d9      	mvns	r1, r3
100048b8:	bd10      	pop	{r4, pc}
100048ba:	3220      	adds	r2, #32
100048bc:	d407      	bmi.n	100048ce <d2fix_a+0x34>
100048be:	460c      	mov	r4, r1
100048c0:	4094      	lsls	r4, r2
100048c2:	4252      	negs	r2, r2
100048c4:	3220      	adds	r2, #32
100048c6:	4111      	asrs	r1, r2
100048c8:	40d0      	lsrs	r0, r2
100048ca:	4320      	orrs	r0, r4
100048cc:	bd10      	pop	{r4, pc}
100048ce:	0008      	movs	r0, r1
100048d0:	17c9      	asrs	r1, r1, #31
100048d2:	3220      	adds	r2, #32
100048d4:	d403      	bmi.n	100048de <d2fix_a+0x44>
100048d6:	4252      	negs	r2, r2
100048d8:	3220      	adds	r2, #32
100048da:	4110      	asrs	r0, r2
100048dc:	bd10      	pop	{r4, pc}
100048de:	0018      	movs	r0, r3
100048e0:	0019      	movs	r1, r3
100048e2:	bd10      	pop	{r4, pc}
100048e4:	1000489b 	.word	0x1000489b

100048e8 <double2float_shim>:
100048e8:	004a      	lsls	r2, r1, #1
100048ea:	0d52      	lsrs	r2, r2, #21
100048ec:	4b14      	ldr	r3, [pc, #80]	; (10004940 <double2float_shim+0x58>)
100048ee:	1ad2      	subs	r2, r2, r3
100048f0:	dd13      	ble.n	1000491a <double2float_shim+0x32>
100048f2:	2aff      	cmp	r2, #255	; 0xff
100048f4:	da1e      	bge.n	10004934 <double2float_shim+0x4c>
100048f6:	05d2      	lsls	r2, r2, #23
100048f8:	0fcb      	lsrs	r3, r1, #31
100048fa:	07db      	lsls	r3, r3, #31
100048fc:	431a      	orrs	r2, r3
100048fe:	00c3      	lsls	r3, r0, #3
10004900:	0f40      	lsrs	r0, r0, #29
10004902:	0309      	lsls	r1, r1, #12
10004904:	0a49      	lsrs	r1, r1, #9
10004906:	4308      	orrs	r0, r1
10004908:	4310      	orrs	r0, r2
1000490a:	005b      	lsls	r3, r3, #1
1000490c:	d301      	bcc.n	10004912 <double2float_shim+0x2a>
1000490e:	d001      	beq.n	10004914 <double2float_shim+0x2c>
10004910:	3001      	adds	r0, #1
10004912:	4770      	bx	lr
10004914:	0843      	lsrs	r3, r0, #1
10004916:	d2fb      	bcs.n	10004910 <double2float_shim+0x28>
10004918:	4770      	bx	lr
1000491a:	d002      	beq.n	10004922 <double2float_shim+0x3a>
1000491c:	0fc8      	lsrs	r0, r1, #31
1000491e:	07c0      	lsls	r0, r0, #31
10004920:	4770      	bx	lr
10004922:	030a      	lsls	r2, r1, #12
10004924:	1312      	asrs	r2, r2, #12
10004926:	3201      	adds	r2, #1
10004928:	d1f8      	bne.n	1000491c <double2float_shim+0x34>
1000492a:	0f42      	lsrs	r2, r0, #29
1000492c:	2a07      	cmp	r2, #7
1000492e:	d1f5      	bne.n	1000491c <double2float_shim+0x34>
10004930:	2201      	movs	r2, #1
10004932:	e000      	b.n	10004936 <double2float_shim+0x4e>
10004934:	22ff      	movs	r2, #255	; 0xff
10004936:	0fc8      	lsrs	r0, r1, #31
10004938:	0200      	lsls	r0, r0, #8
1000493a:	1880      	adds	r0, r0, r2
1000493c:	05c0      	lsls	r0, r0, #23
1000493e:	4770      	bx	lr
10004940:	00000380 	.word	0x00000380

10004944 <dunpacks>:
10004944:	0d0a      	lsrs	r2, r1, #20
10004946:	0fcc      	lsrs	r4, r1, #31
10004948:	1e53      	subs	r3, r2, #1
1000494a:	051b      	lsls	r3, r3, #20
1000494c:	1ac9      	subs	r1, r1, r3
1000494e:	0552      	lsls	r2, r2, #21
10004950:	d303      	bcc.n	1000495a <l60_1>
10004952:	43c9      	mvns	r1, r1
10004954:	4240      	negs	r0, r0
10004956:	d300      	bcc.n	1000495a <l60_1>
10004958:	3101      	adds	r1, #1

1000495a <l60_1>:
1000495a:	0d52      	lsrs	r2, r2, #21
1000495c:	d003      	beq.n	10004966 <l60_2>
1000495e:	1c53      	adds	r3, r2, #1
10004960:	0adb      	lsrs	r3, r3, #11
10004962:	d007      	beq.n	10004974 <l60_3>
10004964:	1b12      	subs	r2, r2, r4

10004966 <l60_2>:
10004966:	2000      	movs	r0, #0
10004968:	0064      	lsls	r4, r4, #1
1000496a:	1c61      	adds	r1, r4, #1
1000496c:	0789      	lsls	r1, r1, #30
1000496e:	1289      	asrs	r1, r1, #10
10004970:	3a80      	subs	r2, #128	; 0x80
10004972:	0312      	lsls	r2, r2, #12

10004974 <l60_3>:
10004974:	4b01      	ldr	r3, [pc, #4]	; (1000497c <l60_3+0x8>)
10004976:	1ad2      	subs	r2, r2, r3
10004978:	4770      	bx	lr
1000497a:	0000      	.short	0x0000
1000497c:	000003ff 	.word	0x000003ff

10004980 <__wrap___aeabi_lmul>:
10004980:	4351      	muls	r1, r2
10004982:	4343      	muls	r3, r0
10004984:	18c9      	adds	r1, r1, r3
10004986:	468c      	mov	ip, r1
10004988:	0c11      	lsrs	r1, r2, #16
1000498a:	b283      	uxth	r3, r0
1000498c:	434b      	muls	r3, r1
1000498e:	b410      	push	{r4}
10004990:	0c04      	lsrs	r4, r0, #16
10004992:	4361      	muls	r1, r4
10004994:	b292      	uxth	r2, r2
10004996:	b280      	uxth	r0, r0
10004998:	4350      	muls	r0, r2
1000499a:	4362      	muls	r2, r4
1000499c:	041c      	lsls	r4, r3, #16
1000499e:	0c1b      	lsrs	r3, r3, #16
100049a0:	1900      	adds	r0, r0, r4
100049a2:	bc10      	pop	{r4}
100049a4:	4159      	adcs	r1, r3
100049a6:	0413      	lsls	r3, r2, #16
100049a8:	0c12      	lsrs	r2, r2, #16
100049aa:	18c0      	adds	r0, r0, r3
100049ac:	4151      	adcs	r1, r2
100049ae:	4461      	add	r1, ip
100049b0:	4770      	bx	lr
	...

100049b4 <__wrap___aeabi_frsub>:
100049b4:	4048      	eors	r0, r1
100049b6:	4041      	eors	r1, r0
100049b8:	4048      	eors	r0, r1

100049ba <__wrap___aeabi_fsub>:
100049ba:	4b0e      	ldr	r3, [pc, #56]	; (100049f4 <__wrap___aeabi_fmul+0x6>)
100049bc:	685b      	ldr	r3, [r3, #4]
100049be:	4718      	bx	r3

100049c0 <__wrap___aeabi_fadd>:
100049c0:	4b0c      	ldr	r3, [pc, #48]	; (100049f4 <__wrap___aeabi_fmul+0x6>)
100049c2:	681b      	ldr	r3, [r3, #0]
100049c4:	4718      	bx	r3

100049c6 <__wrap___aeabi_fdiv>:
100049c6:	4a0c      	ldr	r2, [pc, #48]	; (100049f8 <__wrap___aeabi_fmul+0xa>)
100049c8:	6f93      	ldr	r3, [r2, #120]	; 0x78
100049ca:	089b      	lsrs	r3, r3, #2
100049cc:	d202      	bcs.n	100049d4 <fdiv_save_state>

100049ce <fdiv_shim_call>:
100049ce:	4b09      	ldr	r3, [pc, #36]	; (100049f4 <__wrap___aeabi_fmul+0x6>)
100049d0:	68db      	ldr	r3, [r3, #12]
100049d2:	4718      	bx	r3

100049d4 <fdiv_save_state>:
100049d4:	b5f0      	push	{r4, r5, r6, r7, lr}
100049d6:	6e14      	ldr	r4, [r2, #96]	; 0x60
100049d8:	6e55      	ldr	r5, [r2, #100]	; 0x64
100049da:	6f57      	ldr	r7, [r2, #116]	; 0x74
100049dc:	6f16      	ldr	r6, [r2, #112]	; 0x70
100049de:	f7ff fff6 	bl	100049ce <fdiv_shim_call>
100049e2:	4a05      	ldr	r2, [pc, #20]	; (100049f8 <__wrap___aeabi_fmul+0xa>)
100049e4:	6614      	str	r4, [r2, #96]	; 0x60
100049e6:	6655      	str	r5, [r2, #100]	; 0x64
100049e8:	6757      	str	r7, [r2, #116]	; 0x74
100049ea:	6716      	str	r6, [r2, #112]	; 0x70
100049ec:	bdf0      	pop	{r4, r5, r6, r7, pc}

100049ee <__wrap___aeabi_fmul>:
100049ee:	4b01      	ldr	r3, [pc, #4]	; (100049f4 <__wrap___aeabi_fmul+0x6>)
100049f0:	689b      	ldr	r3, [r3, #8]
100049f2:	4718      	bx	r3
100049f4:	200019d0 	.word	0x200019d0
100049f8:	d0000000 	.word	0xd0000000

100049fc <__wrap___aeabi_ui2f>:
100049fc:	1a49      	subs	r1, r1, r1
100049fe:	2800      	cmp	r0, #0
10004a00:	d108      	bne.n	10004a14 <__aeabi_i2f_main>
10004a02:	4608      	mov	r0, r1
10004a04:	4770      	bx	lr
	...

10004a08 <__wrap___aeabi_i2f>:
10004a08:	0fc1      	lsrs	r1, r0, #31
10004a0a:	07c9      	lsls	r1, r1, #31
10004a0c:	d500      	bpl.n	10004a10 <__wrap___aeabi_i2f+0x8>
10004a0e:	4240      	negs	r0, r0
10004a10:	2800      	cmp	r0, #0
10004a12:	d017      	beq.n	10004a44 <__aeabi_i2f_main+0x30>

10004a14 <__aeabi_i2f_main>:
10004a14:	46f4      	mov	ip, lr
10004a16:	b403      	push	{r0, r1}
10004a18:	4b0b      	ldr	r3, [pc, #44]	; (10004a48 <__aeabi_i2f_main+0x34>)
10004a1a:	681b      	ldr	r3, [r3, #0]
10004a1c:	4798      	blx	r3
10004a1e:	bc06      	pop	{r1, r2}
10004a20:	4081      	lsls	r1, r0
10004a22:	389e      	subs	r0, #158	; 0x9e
10004a24:	4240      	negs	r0, r0
10004a26:	3180      	adds	r1, #128	; 0x80
10004a28:	d207      	bcs.n	10004a3a <__aeabi_i2f_main+0x26>
10004a2a:	060b      	lsls	r3, r1, #24
10004a2c:	d007      	beq.n	10004a3e <__aeabi_i2f_main+0x2a>
10004a2e:	0049      	lsls	r1, r1, #1
10004a30:	0a49      	lsrs	r1, r1, #9
10004a32:	05c0      	lsls	r0, r0, #23
10004a34:	4310      	orrs	r0, r2
10004a36:	4308      	orrs	r0, r1
10004a38:	4760      	bx	ip
10004a3a:	3001      	adds	r0, #1
10004a3c:	e7f8      	b.n	10004a30 <__aeabi_i2f_main+0x1c>
10004a3e:	0a49      	lsrs	r1, r1, #9
10004a40:	0289      	lsls	r1, r1, #10
10004a42:	e7f5      	b.n	10004a30 <__aeabi_i2f_main+0x1c>
10004a44:	4770      	bx	lr
10004a46:	0000      	.short	0x0000
10004a48:	2000259c 	.word	0x2000259c

10004a4c <__wrap___aeabi_f2uiz>:
10004a4c:	4b01      	ldr	r3, [pc, #4]	; (10004a54 <__wrap___aeabi_f2uiz+0x8>)
10004a4e:	6a5b      	ldr	r3, [r3, #36]	; 0x24
10004a50:	4718      	bx	r3
10004a52:	0000      	.short	0x0000
10004a54:	200019d0 	.word	0x200019d0

10004a58 <fix2float>:
10004a58:	4b01      	ldr	r3, [pc, #4]	; (10004a60 <fix2float+0x8>)
10004a5a:	6b1b      	ldr	r3, [r3, #48]	; 0x30
10004a5c:	4718      	bx	r3
10004a5e:	0000      	.short	0x0000
10004a60:	200019d0 	.word	0x200019d0

10004a64 <__wrap___aeabi_f2d>:
10004a64:	4b03      	ldr	r3, [pc, #12]	; (10004a74 <__wrap___aeabi_f2d+0x10>)
10004a66:	6fdb      	ldr	r3, [r3, #124]	; 0x7c
10004a68:	46fc      	mov	ip, pc
10004a6a:	4718      	bx	r3
10004a6c:	4c9ddf7c 	.word	0x4c9ddf7c
10004a70:	00001000 	.word	0x00001000
10004a74:	200019d0 	.word	0x200019d0

10004a78 <__wrap_cosf>:
10004a78:	0041      	lsls	r1, r0, #1
10004a7a:	0e09      	lsrs	r1, r1, #24
10004a7c:	2986      	cmp	r1, #134	; 0x86
10004a7e:	da02      	bge.n	10004a86 <__wrap_cosf+0xe>
10004a80:	4b04      	ldr	r3, [pc, #16]	; (10004a94 <__wrap_cosf+0x1c>)
10004a82:	6bdb      	ldr	r3, [r3, #60]	; 0x3c
10004a84:	4718      	bx	r3
10004a86:	4904      	ldr	r1, [pc, #16]	; (10004a98 <__wrap_cosf+0x20>)
10004a88:	b500      	push	{lr}
10004a8a:	f000 f8eb 	bl	10004c64 <__wrap_remainderf>
10004a8e:	bc02      	pop	{r1}
10004a90:	468e      	mov	lr, r1
10004a92:	e7f5      	b.n	10004a80 <__wrap_cosf+0x8>
10004a94:	200019d0 	.word	0x200019d0
10004a98:	40c90fdb 	.word	0x40c90fdb

10004a9c <__wrap_sinf>:
10004a9c:	0041      	lsls	r1, r0, #1
10004a9e:	0e09      	lsrs	r1, r1, #24
10004aa0:	2986      	cmp	r1, #134	; 0x86
10004aa2:	da02      	bge.n	10004aaa <__wrap_sinf+0xe>
10004aa4:	4b04      	ldr	r3, [pc, #16]	; (10004ab8 <__wrap_sinf+0x1c>)
10004aa6:	6c1b      	ldr	r3, [r3, #64]	; 0x40
10004aa8:	4718      	bx	r3
10004aaa:	4904      	ldr	r1, [pc, #16]	; (10004abc <__wrap_sinf+0x20>)
10004aac:	b500      	push	{lr}
10004aae:	f000 f8d9 	bl	10004c64 <__wrap_remainderf>
10004ab2:	bc02      	pop	{r1}
10004ab4:	468e      	mov	lr, r1
10004ab6:	e7f5      	b.n	10004aa4 <__wrap_sinf+0x8>
10004ab8:	200019d0 	.word	0x200019d0
10004abc:	40c90fdb 	.word	0x40c90fdb

10004ac0 <__aeabi_float_init>:
10004ac0:	2313      	movs	r3, #19
10004ac2:	b510      	push	{r4, lr}
10004ac4:	4812      	ldr	r0, [pc, #72]	; (10004b10 <__aeabi_float_init+0x50>)
10004ac6:	781c      	ldrb	r4, [r3, #0]
10004ac8:	f7ff f8b6 	bl	10003c38 <rom_data_lookup>
10004acc:	0001      	movs	r1, r0
10004ace:	2c01      	cmp	r4, #1
10004ad0:	d00a      	beq.n	10004ae8 <__aeabi_float_init+0x28>
10004ad2:	dd03      	ble.n	10004adc <__aeabi_float_init+0x1c>
10004ad4:	2280      	movs	r2, #128	; 0x80
10004ad6:	480f      	ldr	r0, [pc, #60]	; (10004b14 <__aeabi_float_init+0x54>)
10004ad8:	f000 f92a 	bl	10004d30 <__wrap___aeabi_memcpy>
10004adc:	480e      	ldr	r0, [pc, #56]	; (10004b18 <__aeabi_float_init+0x58>)
10004ade:	f7ff f8a3 	bl	10003c28 <rom_func_lookup>
10004ae2:	4b0e      	ldr	r3, [pc, #56]	; (10004b1c <__aeabi_float_init+0x5c>)
10004ae4:	6018      	str	r0, [r3, #0]
10004ae6:	bd10      	pop	{r4, pc}
10004ae8:	4c0a      	ldr	r4, [pc, #40]	; (10004b14 <__aeabi_float_init+0x54>)
10004aea:	2254      	movs	r2, #84	; 0x54
10004aec:	0020      	movs	r0, r4
10004aee:	f000 f91f 	bl	10004d30 <__wrap___aeabi_memcpy>
10004af2:	4b0b      	ldr	r3, [pc, #44]	; (10004b20 <__aeabi_float_init+0x60>)
10004af4:	6563      	str	r3, [r4, #84]	; 0x54
10004af6:	65a3      	str	r3, [r4, #88]	; 0x58
10004af8:	65e3      	str	r3, [r4, #92]	; 0x5c
10004afa:	6623      	str	r3, [r4, #96]	; 0x60
10004afc:	6663      	str	r3, [r4, #100]	; 0x64
10004afe:	66a3      	str	r3, [r4, #104]	; 0x68
10004b00:	66e3      	str	r3, [r4, #108]	; 0x6c
10004b02:	6723      	str	r3, [r4, #112]	; 0x70
10004b04:	6763      	str	r3, [r4, #116]	; 0x74
10004b06:	67a3      	str	r3, [r4, #120]	; 0x78
10004b08:	67e3      	str	r3, [r4, #124]	; 0x7c
10004b0a:	6223      	str	r3, [r4, #32]
10004b0c:	61e3      	str	r3, [r4, #28]
10004b0e:	e7e5      	b.n	10004adc <__aeabi_float_init+0x1c>
10004b10:	00004653 	.word	0x00004653
10004b14:	200019d0 	.word	0x200019d0
10004b18:	0000334c 	.word	0x0000334c
10004b1c:	2000259c 	.word	0x2000259c
10004b20:	10004c71 	.word	0x10004c71

10004b24 <__wrap_remquof>:
10004b24:	b5f0      	push	{r4, r5, r6, r7, lr}
10004b26:	4646      	mov	r6, r8
10004b28:	464f      	mov	r7, r9
10004b2a:	46d6      	mov	lr, sl
10004b2c:	b5c0      	push	{r6, r7, lr}
10004b2e:	26ff      	movs	r6, #255	; 0xff
10004b30:	0dc5      	lsrs	r5, r0, #23
10004b32:	0dcb      	lsrs	r3, r1, #23
10004b34:	4035      	ands	r5, r6
10004b36:	4688      	mov	r8, r1
10004b38:	0017      	movs	r7, r2
10004b3a:	1c04      	adds	r4, r0, #0
10004b3c:	401e      	ands	r6, r3
10004b3e:	2a00      	cmp	r2, #0
10004b40:	d001      	beq.n	10004b46 <__wrap_remquof+0x22>
10004b42:	2300      	movs	r3, #0
10004b44:	6013      	str	r3, [r2, #0]
10004b46:	2dff      	cmp	r5, #255	; 0xff
10004b48:	d052      	beq.n	10004bf0 <__wrap_remquof+0xcc>
10004b4a:	2e00      	cmp	r6, #0
10004b4c:	d050      	beq.n	10004bf0 <__wrap_remquof+0xcc>
10004b4e:	2d00      	cmp	r5, #0
10004b50:	d055      	beq.n	10004bfe <__wrap_remquof+0xda>
10004b52:	1c20      	adds	r0, r4, #0
10004b54:	2eff      	cmp	r6, #255	; 0xff
10004b56:	d04d      	beq.n	10004bf4 <__wrap_remquof+0xd0>
10004b58:	0033      	movs	r3, r6
10004b5a:	3b01      	subs	r3, #1
10004b5c:	46b2      	mov	sl, r6
10004b5e:	42ab      	cmp	r3, r5
10004b60:	dc48      	bgt.n	10004bf4 <__wrap_remquof+0xd0>
10004b62:	2280      	movs	r2, #128	; 0x80
10004b64:	0412      	lsls	r2, r2, #16
10004b66:	4691      	mov	r9, r2
10004b68:	0fe1      	lsrs	r1, r4, #31
10004b6a:	0264      	lsls	r4, r4, #9
10004b6c:	0a64      	lsrs	r4, r4, #9
10004b6e:	4314      	orrs	r4, r2
10004b70:	4642      	mov	r2, r8
10004b72:	464e      	mov	r6, r9
10004b74:	0252      	lsls	r2, r2, #9
10004b76:	0a52      	lsrs	r2, r2, #9
10004b78:	4316      	orrs	r6, r2
10004b7a:	46b1      	mov	r9, r6
10004b7c:	42ab      	cmp	r3, r5
10004b7e:	d040      	beq.n	10004c02 <__wrap_remquof+0xde>
10004b80:	2900      	cmp	r1, #0
10004b82:	d054      	beq.n	10004c2e <__wrap_remquof+0x10a>
10004b84:	4653      	mov	r3, sl
10004b86:	2100      	movs	r1, #0
10004b88:	4264      	negs	r4, r4
10004b8a:	1aed      	subs	r5, r5, r3
10004b8c:	2d00      	cmp	r5, #0
10004b8e:	dd5a      	ble.n	10004c46 <__wrap_remquof+0x122>
10004b90:	464b      	mov	r3, r9
10004b92:	2001      	movs	r0, #1
10004b94:	11d9      	asrs	r1, r3, #7
10004b96:	4240      	negs	r0, r0
10004b98:	f7ff f8a0 	bl	10003cdc <__wrap___aeabi_uidiv>
10004b9c:	231d      	movs	r3, #29
10004b9e:	2100      	movs	r1, #0
10004ba0:	469c      	mov	ip, r3
10004ba2:	002a      	movs	r2, r5
10004ba4:	2d0c      	cmp	r5, #12
10004ba6:	dd00      	ble.n	10004baa <__wrap_remquof+0x86>
10004ba8:	220c      	movs	r2, #12
10004baa:	4666      	mov	r6, ip
10004bac:	1263      	asrs	r3, r4, #9
10004bae:	4094      	lsls	r4, r2
10004bb0:	4343      	muls	r3, r0
10004bb2:	1ab6      	subs	r6, r6, r2
10004bb4:	4133      	asrs	r3, r6
10004bb6:	0026      	movs	r6, r4
10004bb8:	464c      	mov	r4, r9
10004bba:	4091      	lsls	r1, r2
10004bbc:	3301      	adds	r3, #1
10004bbe:	105b      	asrs	r3, r3, #1
10004bc0:	435c      	muls	r4, r3
10004bc2:	1859      	adds	r1, r3, r1
10004bc4:	1b34      	subs	r4, r6, r4
10004bc6:	1aad      	subs	r5, r5, r2
10004bc8:	2d00      	cmp	r5, #0
10004bca:	dcea      	bgt.n	10004ba2 <__wrap_remquof+0x7e>
10004bcc:	45a1      	cmp	r9, r4
10004bce:	dc38      	bgt.n	10004c42 <__wrap_remquof+0x11e>
10004bd0:	464b      	mov	r3, r9
10004bd2:	1ae4      	subs	r4, r4, r3
10004bd4:	45a1      	cmp	r9, r4
10004bd6:	dc41      	bgt.n	10004c5c <__wrap_remquof+0x138>
10004bd8:	1ae4      	subs	r4, r4, r3
10004bda:	3102      	adds	r1, #2
10004bdc:	0063      	lsls	r3, r4, #1
10004bde:	454b      	cmp	r3, r9
10004be0:	dc02      	bgt.n	10004be8 <__wrap_remquof+0xc4>
10004be2:	d116      	bne.n	10004c12 <__wrap_remquof+0xee>
10004be4:	07cb      	lsls	r3, r1, #31
10004be6:	d514      	bpl.n	10004c12 <__wrap_remquof+0xee>
10004be8:	464b      	mov	r3, r9
10004bea:	3101      	adds	r1, #1
10004bec:	1ae4      	subs	r4, r4, r3
10004bee:	e010      	b.n	10004c12 <__wrap_remquof+0xee>
10004bf0:	20ff      	movs	r0, #255	; 0xff
10004bf2:	05c0      	lsls	r0, r0, #23
10004bf4:	bce0      	pop	{r5, r6, r7}
10004bf6:	46ba      	mov	sl, r7
10004bf8:	46b1      	mov	r9, r6
10004bfa:	46a8      	mov	r8, r5
10004bfc:	bdf0      	pop	{r4, r5, r6, r7, pc}
10004bfe:	2000      	movs	r0, #0
10004c00:	e7f8      	b.n	10004bf4 <__wrap_remquof+0xd0>
10004c02:	42b4      	cmp	r4, r6
10004c04:	ddf6      	ble.n	10004bf4 <__wrap_remquof+0xd0>
10004c06:	0073      	lsls	r3, r6, #1
10004c08:	2900      	cmp	r1, #0
10004c0a:	d122      	bne.n	10004c52 <__wrap_remquof+0x12e>
10004c0c:	46aa      	mov	sl, r5
10004c0e:	1ae4      	subs	r4, r4, r3
10004c10:	3101      	adds	r1, #1
10004c12:	4643      	mov	r3, r8
10004c14:	2b00      	cmp	r3, #0
10004c16:	da00      	bge.n	10004c1a <__wrap_remquof+0xf6>
10004c18:	4249      	negs	r1, r1
10004c1a:	2f00      	cmp	r7, #0
10004c1c:	d000      	beq.n	10004c20 <__wrap_remquof+0xfc>
10004c1e:	6039      	str	r1, [r7, #0]
10004c20:	4653      	mov	r3, sl
10004c22:	2196      	movs	r1, #150	; 0x96
10004c24:	0020      	movs	r0, r4
10004c26:	1ac9      	subs	r1, r1, r3
10004c28:	f7ff ff16 	bl	10004a58 <fix2float>
10004c2c:	e7e2      	b.n	10004bf4 <__wrap_remquof+0xd0>
10004c2e:	4653      	mov	r3, sl
10004c30:	1aed      	subs	r5, r5, r3
10004c32:	2d00      	cmp	r5, #0
10004c34:	dcac      	bgt.n	10004b90 <__wrap_remquof+0x6c>
10004c36:	2100      	movs	r1, #0
10004c38:	42b4      	cmp	r4, r6
10004c3a:	dbd5      	blt.n	10004be8 <__wrap_remquof+0xc4>
10004c3c:	2101      	movs	r1, #1
10004c3e:	1ba4      	subs	r4, r4, r6
10004c40:	e7cc      	b.n	10004bdc <__wrap_remquof+0xb8>
10004c42:	2c00      	cmp	r4, #0
10004c44:	daca      	bge.n	10004bdc <__wrap_remquof+0xb8>
10004c46:	464b      	mov	r3, r9
10004c48:	18e4      	adds	r4, r4, r3
10004c4a:	d509      	bpl.n	10004c60 <__wrap_remquof+0x13c>
10004c4c:	444c      	add	r4, r9
10004c4e:	3902      	subs	r1, #2
10004c50:	e7c4      	b.n	10004bdc <__wrap_remquof+0xb8>
10004c52:	2101      	movs	r1, #1
10004c54:	46aa      	mov	sl, r5
10004c56:	1b1c      	subs	r4, r3, r4
10004c58:	4249      	negs	r1, r1
10004c5a:	e7da      	b.n	10004c12 <__wrap_remquof+0xee>
10004c5c:	3101      	adds	r1, #1
10004c5e:	e7bd      	b.n	10004bdc <__wrap_remquof+0xb8>
10004c60:	3901      	subs	r1, #1
10004c62:	e7bb      	b.n	10004bdc <__wrap_remquof+0xb8>

10004c64 <__wrap_remainderf>:
10004c64:	b510      	push	{r4, lr}
10004c66:	2200      	movs	r2, #0
10004c68:	f7ff ff5c 	bl	10004b24 <__wrap_remquof>
10004c6c:	bd10      	pop	{r4, pc}
10004c6e:	46c0      	nop			; (mov r8, r8)

10004c70 <float_table_shim_on_use_helper>:
10004c70:	b507      	push	{r0, r1, r2, lr}
10004c72:	4660      	mov	r0, ip
10004c74:	8801      	ldrh	r1, [r0, #0]
10004c76:	0a0a      	lsrs	r2, r1, #8
10004c78:	3002      	adds	r0, #2
10004c7a:	2adf      	cmp	r2, #223	; 0xdf
10004c7c:	d1fa      	bne.n	10004c74 <float_table_shim_on_use_helper+0x4>
10004c7e:	b2c9      	uxtb	r1, r1
10004c80:	0882      	lsrs	r2, r0, #2
10004c82:	d304      	bcc.n	10004c8e <float_table_shim_on_use_helper+0x1e>
10004c84:	8802      	ldrh	r2, [r0, #0]
10004c86:	8840      	ldrh	r0, [r0, #2]
10004c88:	0400      	lsls	r0, r0, #16
10004c8a:	4310      	orrs	r0, r2
10004c8c:	e000      	b.n	10004c90 <float_table_shim_on_use_helper+0x20>
10004c8e:	6800      	ldr	r0, [r0, #0]
10004c90:	4a01      	ldr	r2, [pc, #4]	; (10004c98 <float_table_shim_on_use_helper+0x28>)
10004c92:	5050      	str	r0, [r2, r1]
10004c94:	9003      	str	r0, [sp, #12]
10004c96:	bd07      	pop	{r0, r1, r2, pc}
10004c98:	200019d0 	.word	0x200019d0

10004c9c <float2double_shim>:
10004c9c:	0fc3      	lsrs	r3, r0, #31
10004c9e:	07db      	lsls	r3, r3, #31
10004ca0:	0041      	lsls	r1, r0, #1
10004ca2:	0e0a      	lsrs	r2, r1, #24
10004ca4:	d007      	beq.n	10004cb6 <float2double_shim+0x1a>
10004ca6:	2aff      	cmp	r2, #255	; 0xff
10004ca8:	d008      	beq.n	10004cbc <float2double_shim+0x20>
10004caa:	0909      	lsrs	r1, r1, #4
10004cac:	4a05      	ldr	r2, [pc, #20]	; (10004cc4 <float2double_shim+0x28>)
10004cae:	1889      	adds	r1, r1, r2
10004cb0:	4319      	orrs	r1, r3
10004cb2:	0740      	lsls	r0, r0, #29
10004cb4:	4770      	bx	lr
10004cb6:	0019      	movs	r1, r3
10004cb8:	2000      	movs	r0, #0
10004cba:	4770      	bx	lr
10004cbc:	4902      	ldr	r1, [pc, #8]	; (10004cc8 <float2double_shim+0x2c>)
10004cbe:	18c9      	adds	r1, r1, r3
10004cc0:	e7fa      	b.n	10004cb8 <float2double_shim+0x1c>
10004cc2:	0000      	.short	0x0000
10004cc4:	38000000 	.word	0x38000000
10004cc8:	7ff00000 	.word	0x7ff00000

10004ccc <__wrap_malloc>:
10004ccc:	b510      	push	{r4, lr}
10004cce:	0004      	movs	r4, r0
10004cd0:	f006 fa0e 	bl	1000b0f0 <malloc>
10004cd4:	2800      	cmp	r0, #0
10004cd6:	d004      	beq.n	10004ce2 <__wrap_malloc+0x16>
10004cd8:	4b03      	ldr	r3, [pc, #12]	; (10004ce8 <__wrap_malloc+0x1c>)
10004cda:	1904      	adds	r4, r0, r4
10004cdc:	429c      	cmp	r4, r3
10004cde:	d800      	bhi.n	10004ce2 <__wrap_malloc+0x16>
10004ce0:	bd10      	pop	{r4, pc}
10004ce2:	4802      	ldr	r0, [pc, #8]	; (10004cec <__wrap_malloc+0x20>)
10004ce4:	f7fd fc46 	bl	10002574 <panic>
10004ce8:	20040000 	.word	0x20040000
10004cec:	1000bf90 	.word	0x1000bf90

10004cf0 <__wrap_calloc>:
10004cf0:	b510      	push	{r4, lr}
10004cf2:	000c      	movs	r4, r1
10004cf4:	f006 f9c2 	bl	1000b07c <calloc>
10004cf8:	2800      	cmp	r0, #0
10004cfa:	d004      	beq.n	10004d06 <__wrap_calloc+0x16>
10004cfc:	4b03      	ldr	r3, [pc, #12]	; (10004d0c <__wrap_calloc+0x1c>)
10004cfe:	1904      	adds	r4, r0, r4
10004d00:	429c      	cmp	r4, r3
10004d02:	d800      	bhi.n	10004d06 <__wrap_calloc+0x16>
10004d04:	bd10      	pop	{r4, pc}
10004d06:	4802      	ldr	r0, [pc, #8]	; (10004d10 <__wrap_calloc+0x20>)
10004d08:	f7fd fc34 	bl	10002574 <panic>
10004d0c:	20040000 	.word	0x20040000
10004d10:	1000bf90 	.word	0x1000bf90

10004d14 <__aeabi_mem_init>:
10004d14:	4801      	ldr	r0, [pc, #4]	; (10004d1c <__aeabi_mem_init+0x8>)
10004d16:	2104      	movs	r1, #4
10004d18:	4b01      	ldr	r3, [pc, #4]	; (10004d20 <__aeabi_mem_init+0xc>)
10004d1a:	4718      	bx	r3
10004d1c:	20000ec0 	.word	0x20000ec0
10004d20:	10003c49 	.word	0x10003c49

10004d24 <__wrap_memset>:
10004d24:	4b01      	ldr	r3, [pc, #4]	; (10004d2c <__wrap_memset+0x8>)
10004d26:	681b      	ldr	r3, [r3, #0]
10004d28:	4718      	bx	r3
10004d2a:	0000      	.short	0x0000
10004d2c:	20000ec0 	.word	0x20000ec0

10004d30 <__wrap___aeabi_memcpy>:
10004d30:	4b01      	ldr	r3, [pc, #4]	; (10004d38 <__wrap___aeabi_memcpy+0x8>)
10004d32:	685b      	ldr	r3, [r3, #4]
10004d34:	4718      	bx	r3
10004d36:	0000      	.short	0x0000
10004d38:	20000ec0 	.word	0x20000ec0

10004d3c <stdio_out_chars_crlf>:
10004d3c:	b5f0      	push	{r4, r5, r6, r7, lr}
10004d3e:	4646      	mov	r6, r8
10004d40:	464f      	mov	r7, r9
10004d42:	46d6      	mov	lr, sl
10004d44:	b5c0      	push	{r6, r7, lr}
10004d46:	7d43      	ldrb	r3, [r0, #21]
10004d48:	4680      	mov	r8, r0
10004d4a:	000e      	movs	r6, r1
10004d4c:	0017      	movs	r7, r2
10004d4e:	2b00      	cmp	r3, #0
10004d50:	d04b      	beq.n	10004dea <stdio_out_chars_crlf+0xae>
10004d52:	2a00      	cmp	r2, #0
10004d54:	dd32      	ble.n	10004dbc <stdio_out_chars_crlf+0x80>
10004d56:	4b27      	ldr	r3, [pc, #156]	; (10004df4 <stdio_out_chars_crlf+0xb8>)
10004d58:	2501      	movs	r5, #1
10004d5a:	469a      	mov	sl, r3
10004d5c:	1e4b      	subs	r3, r1, #1
10004d5e:	2400      	movs	r4, #0
10004d60:	2000      	movs	r0, #0
10004d62:	4699      	mov	r9, r3
10004d64:	e007      	b.n	10004d76 <stdio_out_chars_crlf+0x3a>
10004d66:	5d33      	ldrb	r3, [r6, r4]
10004d68:	2b0a      	cmp	r3, #10
10004d6a:	d02c      	beq.n	10004dc6 <stdio_out_chars_crlf+0x8a>
10004d6c:	002b      	movs	r3, r5
10004d6e:	3401      	adds	r4, #1
10004d70:	3501      	adds	r5, #1
10004d72:	42bb      	cmp	r3, r7
10004d74:	da13      	bge.n	10004d9e <stdio_out_chars_crlf+0x62>
10004d76:	2c00      	cmp	r4, #0
10004d78:	d1f5      	bne.n	10004d66 <stdio_out_chars_crlf+0x2a>
10004d7a:	7833      	ldrb	r3, [r6, #0]
10004d7c:	2b0a      	cmp	r3, #10
10004d7e:	d1f5      	bne.n	10004d6c <stdio_out_chars_crlf+0x30>
10004d80:	4643      	mov	r3, r8
10004d82:	7d1b      	ldrb	r3, [r3, #20]
10004d84:	2b00      	cmp	r3, #0
10004d86:	d1f1      	bne.n	10004d6c <stdio_out_chars_crlf+0x30>
10004d88:	4643      	mov	r3, r8
10004d8a:	4650      	mov	r0, sl
10004d8c:	2102      	movs	r1, #2
10004d8e:	681b      	ldr	r3, [r3, #0]
10004d90:	4798      	blx	r3
10004d92:	0028      	movs	r0, r5
10004d94:	002b      	movs	r3, r5
10004d96:	3401      	adds	r4, #1
10004d98:	3501      	adds	r5, #1
10004d9a:	42bb      	cmp	r3, r7
10004d9c:	dbeb      	blt.n	10004d76 <stdio_out_chars_crlf+0x3a>
10004d9e:	4287      	cmp	r7, r0
10004da0:	dd04      	ble.n	10004dac <stdio_out_chars_crlf+0x70>
10004da2:	4643      	mov	r3, r8
10004da4:	1a39      	subs	r1, r7, r0
10004da6:	681b      	ldr	r3, [r3, #0]
10004da8:	1830      	adds	r0, r6, r0
10004daa:	4798      	blx	r3
10004dac:	19f6      	adds	r6, r6, r7
10004dae:	3e01      	subs	r6, #1
10004db0:	7833      	ldrb	r3, [r6, #0]
10004db2:	3b0d      	subs	r3, #13
10004db4:	425a      	negs	r2, r3
10004db6:	4153      	adcs	r3, r2
10004db8:	4642      	mov	r2, r8
10004dba:	7513      	strb	r3, [r2, #20]
10004dbc:	bce0      	pop	{r5, r6, r7}
10004dbe:	46ba      	mov	sl, r7
10004dc0:	46b1      	mov	r9, r6
10004dc2:	46a8      	mov	r8, r5
10004dc4:	bdf0      	pop	{r4, r5, r6, r7, pc}
10004dc6:	464b      	mov	r3, r9
10004dc8:	5d1b      	ldrb	r3, [r3, r4]
10004dca:	2b0d      	cmp	r3, #13
10004dcc:	d0ce      	beq.n	10004d6c <stdio_out_chars_crlf+0x30>
10004dce:	42a0      	cmp	r0, r4
10004dd0:	dada      	bge.n	10004d88 <stdio_out_chars_crlf+0x4c>
10004dd2:	4643      	mov	r3, r8
10004dd4:	1a21      	subs	r1, r4, r0
10004dd6:	681b      	ldr	r3, [r3, #0]
10004dd8:	1830      	adds	r0, r6, r0
10004dda:	4798      	blx	r3
10004ddc:	4643      	mov	r3, r8
10004dde:	4650      	mov	r0, sl
10004de0:	2102      	movs	r1, #2
10004de2:	681b      	ldr	r3, [r3, #0]
10004de4:	4798      	blx	r3
10004de6:	0028      	movs	r0, r5
10004de8:	e7d4      	b.n	10004d94 <stdio_out_chars_crlf+0x58>
10004dea:	6803      	ldr	r3, [r0, #0]
10004dec:	0011      	movs	r1, r2
10004dee:	0030      	movs	r0, r6
10004df0:	4798      	blx	r3
10004df2:	e7e3      	b.n	10004dbc <stdio_out_chars_crlf+0x80>
10004df4:	1000c000 	.word	0x1000c000

10004df8 <stdio_buffered_printer>:
10004df8:	b5f0      	push	{r4, r5, r6, r7, lr}
10004dfa:	46c6      	mov	lr, r8
10004dfc:	680b      	ldr	r3, [r1, #0]
10004dfe:	0006      	movs	r6, r0
10004e00:	000c      	movs	r4, r1
10004e02:	b500      	push	{lr}
10004e04:	2b80      	cmp	r3, #128	; 0x80
10004e06:	d006      	beq.n	10004e16 <stdio_buffered_printer+0x1e>
10004e08:	1c5a      	adds	r2, r3, #1
10004e0a:	6022      	str	r2, [r4, #0]
10004e0c:	18e4      	adds	r4, r4, r3
10004e0e:	7126      	strb	r6, [r4, #4]
10004e10:	bc80      	pop	{r7}
10004e12:	46b8      	mov	r8, r7
10004e14:	bdf0      	pop	{r4, r5, r6, r7, pc}
10004e16:	4b0f      	ldr	r3, [pc, #60]	; (10004e54 <stdio_buffered_printer+0x5c>)
10004e18:	681d      	ldr	r5, [r3, #0]
10004e1a:	2d00      	cmp	r5, #0
10004e1c:	d016      	beq.n	10004e4c <stdio_buffered_printer+0x54>
10004e1e:	1d0b      	adds	r3, r1, #4
10004e20:	4698      	mov	r8, r3
10004e22:	4f0d      	ldr	r7, [pc, #52]	; (10004e58 <stdio_buffered_printer+0x60>)
10004e24:	e002      	b.n	10004e2c <stdio_buffered_printer+0x34>
10004e26:	692d      	ldr	r5, [r5, #16]
10004e28:	2d00      	cmp	r5, #0
10004e2a:	d00f      	beq.n	10004e4c <stdio_buffered_printer+0x54>
10004e2c:	682b      	ldr	r3, [r5, #0]
10004e2e:	2b00      	cmp	r3, #0
10004e30:	d0f9      	beq.n	10004e26 <stdio_buffered_printer+0x2e>
10004e32:	683b      	ldr	r3, [r7, #0]
10004e34:	2b00      	cmp	r3, #0
10004e36:	d001      	beq.n	10004e3c <stdio_buffered_printer+0x44>
10004e38:	42ab      	cmp	r3, r5
10004e3a:	d1f4      	bne.n	10004e26 <stdio_buffered_printer+0x2e>
10004e3c:	0028      	movs	r0, r5
10004e3e:	4641      	mov	r1, r8
10004e40:	6822      	ldr	r2, [r4, #0]
10004e42:	f7ff ff7b 	bl	10004d3c <stdio_out_chars_crlf>
10004e46:	692d      	ldr	r5, [r5, #16]
10004e48:	2d00      	cmp	r5, #0
10004e4a:	d1ef      	bne.n	10004e2c <stdio_buffered_printer+0x34>
10004e4c:	2201      	movs	r2, #1
10004e4e:	2300      	movs	r3, #0
10004e50:	e7db      	b.n	10004e0a <stdio_buffered_printer+0x12>
10004e52:	46c0      	nop			; (mov r8, r8)
10004e54:	20002148 	.word	0x20002148
10004e58:	20002160 	.word	0x20002160

10004e5c <__wrap_putchar>:
10004e5c:	b5f0      	push	{r4, r5, r6, r7, lr}
10004e5e:	46ce      	mov	lr, r9
10004e60:	4647      	mov	r7, r8
10004e62:	b580      	push	{r7, lr}
10004e64:	b083      	sub	sp, #12
10004e66:	466b      	mov	r3, sp
10004e68:	0006      	movs	r6, r0
10004e6a:	1ddd      	adds	r5, r3, #7
10004e6c:	7028      	strb	r0, [r5, #0]
10004e6e:	f7fc fc8b 	bl	10001788 <time_us_64>
10004e72:	2300      	movs	r3, #0
10004e74:	4a1a      	ldr	r2, [pc, #104]	; (10004ee0 <__wrap_putchar+0x84>)
10004e76:	1812      	adds	r2, r2, r0
10004e78:	414b      	adcs	r3, r1
10004e7a:	2180      	movs	r1, #128	; 0x80
10004e7c:	0609      	lsls	r1, r1, #24
10004e7e:	428b      	cmp	r3, r1
10004e80:	d302      	bcc.n	10004e88 <__wrap_putchar+0x2c>
10004e82:	2201      	movs	r2, #1
10004e84:	4b17      	ldr	r3, [pc, #92]	; (10004ee4 <__wrap_putchar+0x88>)
10004e86:	4252      	negs	r2, r2
10004e88:	4917      	ldr	r1, [pc, #92]	; (10004ee8 <__wrap_putchar+0x8c>)
10004e8a:	0008      	movs	r0, r1
10004e8c:	4688      	mov	r8, r1
10004e8e:	f006 feeb 	bl	1000bc68 <__mutex_try_enter_block_until_veneer>
10004e92:	4b16      	ldr	r3, [pc, #88]	; (10004eec <__wrap_putchar+0x90>)
10004e94:	4681      	mov	r9, r0
10004e96:	681c      	ldr	r4, [r3, #0]
10004e98:	2c00      	cmp	r4, #0
10004e9a:	d014      	beq.n	10004ec6 <__wrap_putchar+0x6a>
10004e9c:	4f14      	ldr	r7, [pc, #80]	; (10004ef0 <__wrap_putchar+0x94>)
10004e9e:	e002      	b.n	10004ea6 <__wrap_putchar+0x4a>
10004ea0:	6924      	ldr	r4, [r4, #16]
10004ea2:	2c00      	cmp	r4, #0
10004ea4:	d00f      	beq.n	10004ec6 <__wrap_putchar+0x6a>
10004ea6:	6823      	ldr	r3, [r4, #0]
10004ea8:	2b00      	cmp	r3, #0
10004eaa:	d0f9      	beq.n	10004ea0 <__wrap_putchar+0x44>
10004eac:	683b      	ldr	r3, [r7, #0]
10004eae:	2b00      	cmp	r3, #0
10004eb0:	d001      	beq.n	10004eb6 <__wrap_putchar+0x5a>
10004eb2:	42a3      	cmp	r3, r4
10004eb4:	d1f4      	bne.n	10004ea0 <__wrap_putchar+0x44>
10004eb6:	0020      	movs	r0, r4
10004eb8:	2201      	movs	r2, #1
10004eba:	0029      	movs	r1, r5
10004ebc:	f7ff ff3e 	bl	10004d3c <stdio_out_chars_crlf>
10004ec0:	6924      	ldr	r4, [r4, #16]
10004ec2:	2c00      	cmp	r4, #0
10004ec4:	d1ef      	bne.n	10004ea6 <__wrap_putchar+0x4a>
10004ec6:	464b      	mov	r3, r9
10004ec8:	2b00      	cmp	r3, #0
10004eca:	d105      	bne.n	10004ed8 <__wrap_putchar+0x7c>
10004ecc:	0030      	movs	r0, r6
10004ece:	b003      	add	sp, #12
10004ed0:	bcc0      	pop	{r6, r7}
10004ed2:	46b9      	mov	r9, r7
10004ed4:	46b0      	mov	r8, r6
10004ed6:	bdf0      	pop	{r4, r5, r6, r7, pc}
10004ed8:	4640      	mov	r0, r8
10004eda:	f006 fe7d 	bl	1000bbd8 <__mutex_exit_veneer>
10004ede:	e7f5      	b.n	10004ecc <__wrap_putchar+0x70>
10004ee0:	000f4240 	.word	0x000f4240
10004ee4:	7fffffff 	.word	0x7fffffff
10004ee8:	20001780 	.word	0x20001780
10004eec:	20002148 	.word	0x20002148
10004ef0:	20002160 	.word	0x20002160

10004ef4 <__wrap_puts>:
10004ef4:	b5f0      	push	{r4, r5, r6, r7, lr}
10004ef6:	46de      	mov	lr, fp
10004ef8:	4657      	mov	r7, sl
10004efa:	464e      	mov	r6, r9
10004efc:	4645      	mov	r5, r8
10004efe:	b5e0      	push	{r5, r6, r7, lr}
10004f00:	b085      	sub	sp, #20
10004f02:	0007      	movs	r7, r0
10004f04:	f006 fc1c 	bl	1000b740 <strlen>
10004f08:	0006      	movs	r6, r0
10004f0a:	f7fc fc3d 	bl	10001788 <time_us_64>
10004f0e:	2300      	movs	r3, #0
10004f10:	4a2b      	ldr	r2, [pc, #172]	; (10004fc0 <__wrap_puts+0xcc>)
10004f12:	1812      	adds	r2, r2, r0
10004f14:	414b      	adcs	r3, r1
10004f16:	2180      	movs	r1, #128	; 0x80
10004f18:	0609      	lsls	r1, r1, #24
10004f1a:	428b      	cmp	r3, r1
10004f1c:	d302      	bcc.n	10004f24 <__wrap_puts+0x30>
10004f1e:	2201      	movs	r2, #1
10004f20:	4b28      	ldr	r3, [pc, #160]	; (10004fc4 <__wrap_puts+0xd0>)
10004f22:	4252      	negs	r2, r2
10004f24:	4928      	ldr	r1, [pc, #160]	; (10004fc8 <__wrap_puts+0xd4>)
10004f26:	0008      	movs	r0, r1
10004f28:	468b      	mov	fp, r1
10004f2a:	f006 fe9d 	bl	1000bc68 <__mutex_try_enter_block_until_veneer>
10004f2e:	4b27      	ldr	r3, [pc, #156]	; (10004fcc <__wrap_puts+0xd8>)
10004f30:	9001      	str	r0, [sp, #4]
10004f32:	681c      	ldr	r4, [r3, #0]
10004f34:	469a      	mov	sl, r3
10004f36:	2c00      	cmp	r4, #0
10004f38:	d03b      	beq.n	10004fb2 <__wrap_puts+0xbe>
10004f3a:	4b25      	ldr	r3, [pc, #148]	; (10004fd0 <__wrap_puts+0xdc>)
10004f3c:	4698      	mov	r8, r3
10004f3e:	ab02      	add	r3, sp, #8
10004f40:	1ddd      	adds	r5, r3, #7
10004f42:	230a      	movs	r3, #10
10004f44:	4699      	mov	r9, r3
10004f46:	e002      	b.n	10004f4e <__wrap_puts+0x5a>
10004f48:	6924      	ldr	r4, [r4, #16]
10004f4a:	2c00      	cmp	r4, #0
10004f4c:	d017      	beq.n	10004f7e <__wrap_puts+0x8a>
10004f4e:	6823      	ldr	r3, [r4, #0]
10004f50:	2b00      	cmp	r3, #0
10004f52:	d0f9      	beq.n	10004f48 <__wrap_puts+0x54>
10004f54:	4643      	mov	r3, r8
10004f56:	681b      	ldr	r3, [r3, #0]
10004f58:	2b00      	cmp	r3, #0
10004f5a:	d001      	beq.n	10004f60 <__wrap_puts+0x6c>
10004f5c:	42a3      	cmp	r3, r4
10004f5e:	d1f3      	bne.n	10004f48 <__wrap_puts+0x54>
10004f60:	0020      	movs	r0, r4
10004f62:	0032      	movs	r2, r6
10004f64:	0039      	movs	r1, r7
10004f66:	f7ff fee9 	bl	10004d3c <stdio_out_chars_crlf>
10004f6a:	464b      	mov	r3, r9
10004f6c:	0020      	movs	r0, r4
10004f6e:	2201      	movs	r2, #1
10004f70:	0029      	movs	r1, r5
10004f72:	702b      	strb	r3, [r5, #0]
10004f74:	f7ff fee2 	bl	10004d3c <stdio_out_chars_crlf>
10004f78:	6924      	ldr	r4, [r4, #16]
10004f7a:	2c00      	cmp	r4, #0
10004f7c:	d1e7      	bne.n	10004f4e <__wrap_puts+0x5a>
10004f7e:	9b01      	ldr	r3, [sp, #4]
10004f80:	2b00      	cmp	r3, #0
10004f82:	d118      	bne.n	10004fb6 <__wrap_puts+0xc2>
10004f84:	4653      	mov	r3, sl
10004f86:	681c      	ldr	r4, [r3, #0]
10004f88:	2c00      	cmp	r4, #0
10004f8a:	d006      	beq.n	10004f9a <__wrap_puts+0xa6>
10004f8c:	6863      	ldr	r3, [r4, #4]
10004f8e:	2b00      	cmp	r3, #0
10004f90:	d00b      	beq.n	10004faa <__wrap_puts+0xb6>
10004f92:	4798      	blx	r3
10004f94:	6924      	ldr	r4, [r4, #16]
10004f96:	2c00      	cmp	r4, #0
10004f98:	d1f8      	bne.n	10004f8c <__wrap_puts+0x98>
10004f9a:	0030      	movs	r0, r6
10004f9c:	b005      	add	sp, #20
10004f9e:	bcf0      	pop	{r4, r5, r6, r7}
10004fa0:	46bb      	mov	fp, r7
10004fa2:	46b2      	mov	sl, r6
10004fa4:	46a9      	mov	r9, r5
10004fa6:	46a0      	mov	r8, r4
10004fa8:	bdf0      	pop	{r4, r5, r6, r7, pc}
10004faa:	6924      	ldr	r4, [r4, #16]
10004fac:	2c00      	cmp	r4, #0
10004fae:	d1ed      	bne.n	10004f8c <__wrap_puts+0x98>
10004fb0:	e7f3      	b.n	10004f9a <__wrap_puts+0xa6>
10004fb2:	2800      	cmp	r0, #0
10004fb4:	d0f1      	beq.n	10004f9a <__wrap_puts+0xa6>
10004fb6:	4658      	mov	r0, fp
10004fb8:	f006 fe0e 	bl	1000bbd8 <__mutex_exit_veneer>
10004fbc:	e7e2      	b.n	10004f84 <__wrap_puts+0x90>
10004fbe:	46c0      	nop			; (mov r8, r8)
10004fc0:	000f4240 	.word	0x000f4240
10004fc4:	7fffffff 	.word	0x7fffffff
10004fc8:	20001780 	.word	0x20001780
10004fcc:	20002148 	.word	0x20002148
10004fd0:	20002160 	.word	0x20002160

10004fd4 <stdio_set_driver_enabled>:
10004fd4:	4a0a      	ldr	r2, [pc, #40]	; (10005000 <stdio_set_driver_enabled+0x2c>)
10004fd6:	6813      	ldr	r3, [r2, #0]
10004fd8:	2b00      	cmp	r3, #0
10004fda:	d105      	bne.n	10004fe8 <stdio_set_driver_enabled+0x14>
10004fdc:	e00c      	b.n	10004ff8 <stdio_set_driver_enabled+0x24>
10004fde:	001a      	movs	r2, r3
10004fe0:	691b      	ldr	r3, [r3, #16]
10004fe2:	3210      	adds	r2, #16
10004fe4:	2b00      	cmp	r3, #0
10004fe6:	d007      	beq.n	10004ff8 <stdio_set_driver_enabled+0x24>
10004fe8:	4298      	cmp	r0, r3
10004fea:	d1f8      	bne.n	10004fde <stdio_set_driver_enabled+0xa>
10004fec:	2900      	cmp	r1, #0
10004fee:	d102      	bne.n	10004ff6 <stdio_set_driver_enabled+0x22>
10004ff0:	6903      	ldr	r3, [r0, #16]
10004ff2:	6013      	str	r3, [r2, #0]
10004ff4:	6101      	str	r1, [r0, #16]
10004ff6:	4770      	bx	lr
10004ff8:	2900      	cmp	r1, #0
10004ffa:	d0fc      	beq.n	10004ff6 <stdio_set_driver_enabled+0x22>
10004ffc:	6010      	str	r0, [r2, #0]
10004ffe:	e7fa      	b.n	10004ff6 <stdio_set_driver_enabled+0x22>
10005000:	20002148 	.word	0x20002148

10005004 <__wrap_vprintf>:
10005004:	b5f0      	push	{r4, r5, r6, r7, lr}
10005006:	46ce      	mov	lr, r9
10005008:	4647      	mov	r7, r8
1000500a:	b580      	push	{r7, lr}
1000500c:	b0a3      	sub	sp, #140	; 0x8c
1000500e:	0004      	movs	r4, r0
10005010:	000d      	movs	r5, r1
10005012:	f7fc fbb9 	bl	10001788 <time_us_64>
10005016:	2300      	movs	r3, #0
10005018:	4a29      	ldr	r2, [pc, #164]	; (100050c0 <__wrap_vprintf+0xbc>)
1000501a:	1812      	adds	r2, r2, r0
1000501c:	414b      	adcs	r3, r1
1000501e:	2180      	movs	r1, #128	; 0x80
10005020:	0609      	lsls	r1, r1, #24
10005022:	428b      	cmp	r3, r1
10005024:	d302      	bcc.n	1000502c <__wrap_vprintf+0x28>
10005026:	2201      	movs	r2, #1
10005028:	4b26      	ldr	r3, [pc, #152]	; (100050c4 <__wrap_vprintf+0xc0>)
1000502a:	4252      	negs	r2, r2
1000502c:	4f26      	ldr	r7, [pc, #152]	; (100050c8 <__wrap_vprintf+0xc4>)
1000502e:	0038      	movs	r0, r7
10005030:	f006 fe1a 	bl	1000bc68 <__mutex_try_enter_block_until_veneer>
10005034:	2300      	movs	r3, #0
10005036:	0006      	movs	r6, r0
10005038:	9301      	str	r3, [sp, #4]
1000503a:	0022      	movs	r2, r4
1000503c:	002b      	movs	r3, r5
1000503e:	4823      	ldr	r0, [pc, #140]	; (100050cc <__wrap_vprintf+0xc8>)
10005040:	a901      	add	r1, sp, #4
10005042:	f7fe fdc1 	bl	10003bc8 <vfctprintf>
10005046:	9b01      	ldr	r3, [sp, #4]
10005048:	4680      	mov	r8, r0
1000504a:	2b00      	cmp	r3, #0
1000504c:	d114      	bne.n	10005078 <__wrap_vprintf+0x74>
1000504e:	4b20      	ldr	r3, [pc, #128]	; (100050d0 <__wrap_vprintf+0xcc>)
10005050:	681c      	ldr	r4, [r3, #0]
10005052:	2c00      	cmp	r4, #0
10005054:	d006      	beq.n	10005064 <__wrap_vprintf+0x60>
10005056:	6863      	ldr	r3, [r4, #4]
10005058:	2b00      	cmp	r3, #0
1000505a:	d00b      	beq.n	10005074 <__wrap_vprintf+0x70>
1000505c:	4798      	blx	r3
1000505e:	6924      	ldr	r4, [r4, #16]
10005060:	2c00      	cmp	r4, #0
10005062:	d1f8      	bne.n	10005056 <__wrap_vprintf+0x52>
10005064:	2e00      	cmp	r6, #0
10005066:	d125      	bne.n	100050b4 <__wrap_vprintf+0xb0>
10005068:	4640      	mov	r0, r8
1000506a:	b023      	add	sp, #140	; 0x8c
1000506c:	bcc0      	pop	{r6, r7}
1000506e:	46b9      	mov	r9, r7
10005070:	46b0      	mov	r8, r6
10005072:	bdf0      	pop	{r4, r5, r6, r7, pc}
10005074:	6924      	ldr	r4, [r4, #16]
10005076:	e7ec      	b.n	10005052 <__wrap_vprintf+0x4e>
10005078:	4b15      	ldr	r3, [pc, #84]	; (100050d0 <__wrap_vprintf+0xcc>)
1000507a:	681d      	ldr	r5, [r3, #0]
1000507c:	4699      	mov	r9, r3
1000507e:	2d00      	cmp	r5, #0
10005080:	d01c      	beq.n	100050bc <__wrap_vprintf+0xb8>
10005082:	4c14      	ldr	r4, [pc, #80]	; (100050d4 <__wrap_vprintf+0xd0>)
10005084:	e002      	b.n	1000508c <__wrap_vprintf+0x88>
10005086:	692d      	ldr	r5, [r5, #16]
10005088:	2d00      	cmp	r5, #0
1000508a:	d00f      	beq.n	100050ac <__wrap_vprintf+0xa8>
1000508c:	682b      	ldr	r3, [r5, #0]
1000508e:	2b00      	cmp	r3, #0
10005090:	d0f9      	beq.n	10005086 <__wrap_vprintf+0x82>
10005092:	6823      	ldr	r3, [r4, #0]
10005094:	2b00      	cmp	r3, #0
10005096:	d001      	beq.n	1000509c <__wrap_vprintf+0x98>
10005098:	42ab      	cmp	r3, r5
1000509a:	d1f4      	bne.n	10005086 <__wrap_vprintf+0x82>
1000509c:	0028      	movs	r0, r5
1000509e:	9a01      	ldr	r2, [sp, #4]
100050a0:	a902      	add	r1, sp, #8
100050a2:	f7ff fe4b 	bl	10004d3c <stdio_out_chars_crlf>
100050a6:	692d      	ldr	r5, [r5, #16]
100050a8:	2d00      	cmp	r5, #0
100050aa:	d1ef      	bne.n	1000508c <__wrap_vprintf+0x88>
100050ac:	464b      	mov	r3, r9
100050ae:	9501      	str	r5, [sp, #4]
100050b0:	681c      	ldr	r4, [r3, #0]
100050b2:	e7ce      	b.n	10005052 <__wrap_vprintf+0x4e>
100050b4:	0038      	movs	r0, r7
100050b6:	f006 fd8f 	bl	1000bbd8 <__mutex_exit_veneer>
100050ba:	e7d5      	b.n	10005068 <__wrap_vprintf+0x64>
100050bc:	9501      	str	r5, [sp, #4]
100050be:	e7d1      	b.n	10005064 <__wrap_vprintf+0x60>
100050c0:	000f4240 	.word	0x000f4240
100050c4:	7fffffff 	.word	0x7fffffff
100050c8:	20001780 	.word	0x20001780
100050cc:	10004df9 	.word	0x10004df9
100050d0:	20002148 	.word	0x20002148
100050d4:	20002160 	.word	0x20002160

100050d8 <__wrap_printf>:
100050d8:	b40f      	push	{r0, r1, r2, r3}
100050da:	b500      	push	{lr}
100050dc:	b083      	sub	sp, #12
100050de:	a904      	add	r1, sp, #16
100050e0:	c901      	ldmia	r1!, {r0}
100050e2:	9101      	str	r1, [sp, #4]
100050e4:	f7ff ff8e 	bl	10005004 <__wrap_vprintf>
100050e8:	b003      	add	sp, #12
100050ea:	bc08      	pop	{r3}
100050ec:	b004      	add	sp, #16
100050ee:	4718      	bx	r3

100050f0 <stdio_init_all>:
100050f0:	b510      	push	{r4, lr}
100050f2:	f000 f8d1 	bl	10005298 <stdio_uart_init>
100050f6:	f000 facb 	bl	10005690 <stdio_usb_init>
100050fa:	2001      	movs	r0, #1
100050fc:	bd10      	pop	{r4, pc}
100050fe:	46c0      	nop			; (mov r8, r8)

10005100 <stdio_uart_out_chars>:
10005100:	b5f0      	push	{r4, r5, r6, r7, lr}
10005102:	2900      	cmp	r1, #0
10005104:	dd15      	ble.n	10005132 <stdio_uart_out_chars+0x32>
10005106:	4b0e      	ldr	r3, [pc, #56]	; (10005140 <stdio_uart_out_chars+0x40>)
10005108:	270d      	movs	r7, #13
1000510a:	681a      	ldr	r2, [r3, #0]
1000510c:	4b0d      	ldr	r3, [pc, #52]	; (10005144 <stdio_uart_out_chars+0x44>)
1000510e:	4c0e      	ldr	r4, [pc, #56]	; (10005148 <stdio_uart_out_chars+0x48>)
10005110:	18d3      	adds	r3, r2, r3
10005112:	425d      	negs	r5, r3
10005114:	416b      	adcs	r3, r5
10005116:	1845      	adds	r5, r0, r1
10005118:	2120      	movs	r1, #32
1000511a:	005b      	lsls	r3, r3, #1
1000511c:	5f1e      	ldrsh	r6, [r3, r4]
1000511e:	7804      	ldrb	r4, [r0, #0]
10005120:	42a6      	cmp	r6, r4
10005122:	d007      	beq.n	10005134 <stdio_uart_out_chars+0x34>
10005124:	6993      	ldr	r3, [r2, #24]
10005126:	4219      	tst	r1, r3
10005128:	d1fc      	bne.n	10005124 <stdio_uart_out_chars+0x24>
1000512a:	3001      	adds	r0, #1
1000512c:	6014      	str	r4, [r2, #0]
1000512e:	42a8      	cmp	r0, r5
10005130:	d1f5      	bne.n	1000511e <stdio_uart_out_chars+0x1e>
10005132:	bdf0      	pop	{r4, r5, r6, r7, pc}
10005134:	6993      	ldr	r3, [r2, #24]
10005136:	4219      	tst	r1, r3
10005138:	d1fc      	bne.n	10005134 <stdio_uart_out_chars+0x34>
1000513a:	6017      	str	r7, [r2, #0]
1000513c:	e7f2      	b.n	10005124 <stdio_uart_out_chars+0x24>
1000513e:	46c0      	nop			; (mov r8, r8)
10005140:	200025cc 	.word	0x200025cc
10005144:	bffc8000 	.word	0xbffc8000
10005148:	200025c8 	.word	0x200025c8

1000514c <stdio_uart_in_chars>:
1000514c:	b530      	push	{r4, r5, lr}
1000514e:	0004      	movs	r4, r0
10005150:	1e0d      	subs	r5, r1, #0
10005152:	dd30      	ble.n	100051b6 <stdio_uart_in_chars+0x6a>
10005154:	2000      	movs	r0, #0
10005156:	2110      	movs	r1, #16
10005158:	4b20      	ldr	r3, [pc, #128]	; (100051dc <stdio_uart_in_chars+0x90>)
1000515a:	3c01      	subs	r4, #1
1000515c:	681a      	ldr	r2, [r3, #0]
1000515e:	6993      	ldr	r3, [r2, #24]
10005160:	4219      	tst	r1, r3
10005162:	d117      	bne.n	10005194 <stdio_uart_in_chars+0x48>
10005164:	3001      	adds	r0, #1
10005166:	6993      	ldr	r3, [r2, #24]
10005168:	4219      	tst	r1, r3
1000516a:	d1fc      	bne.n	10005166 <stdio_uart_in_chars+0x1a>
1000516c:	6813      	ldr	r3, [r2, #0]
1000516e:	5423      	strb	r3, [r4, r0]
10005170:	4285      	cmp	r5, r0
10005172:	d1f4      	bne.n	1000515e <stdio_uart_in_chars+0x12>
10005174:	4b1a      	ldr	r3, [pc, #104]	; (100051e0 <stdio_uart_in_chars+0x94>)
10005176:	681b      	ldr	r3, [r3, #0]
10005178:	2b00      	cmp	r3, #0
1000517a:	d009      	beq.n	10005190 <stdio_uart_in_chars+0x44>
1000517c:	2350      	movs	r3, #80	; 0x50
1000517e:	2138      	movs	r1, #56	; 0x38
10005180:	6393      	str	r3, [r2, #56]	; 0x38
10005182:	6b53      	ldr	r3, [r2, #52]	; 0x34
10005184:	3234      	adds	r2, #52	; 0x34
10005186:	4019      	ands	r1, r3
10005188:	2380      	movs	r3, #128	; 0x80
1000518a:	015b      	lsls	r3, r3, #5
1000518c:	4313      	orrs	r3, r2
1000518e:	6019      	str	r1, [r3, #0]
10005190:	0028      	movs	r0, r5
10005192:	e00f      	b.n	100051b4 <stdio_uart_in_chars+0x68>
10005194:	4b12      	ldr	r3, [pc, #72]	; (100051e0 <stdio_uart_in_chars+0x94>)
10005196:	681b      	ldr	r3, [r3, #0]
10005198:	2b00      	cmp	r3, #0
1000519a:	d009      	beq.n	100051b0 <stdio_uart_in_chars+0x64>
1000519c:	2350      	movs	r3, #80	; 0x50
1000519e:	2138      	movs	r1, #56	; 0x38
100051a0:	6393      	str	r3, [r2, #56]	; 0x38
100051a2:	6b53      	ldr	r3, [r2, #52]	; 0x34
100051a4:	3234      	adds	r2, #52	; 0x34
100051a6:	4019      	ands	r1, r3
100051a8:	2380      	movs	r3, #128	; 0x80
100051aa:	015b      	lsls	r3, r3, #5
100051ac:	431a      	orrs	r2, r3
100051ae:	6011      	str	r1, [r2, #0]
100051b0:	2800      	cmp	r0, #0
100051b2:	d010      	beq.n	100051d6 <stdio_uart_in_chars+0x8a>
100051b4:	bd30      	pop	{r4, r5, pc}
100051b6:	4b0a      	ldr	r3, [pc, #40]	; (100051e0 <stdio_uart_in_chars+0x94>)
100051b8:	681b      	ldr	r3, [r3, #0]
100051ba:	2b00      	cmp	r3, #0
100051bc:	d00b      	beq.n	100051d6 <stdio_uart_in_chars+0x8a>
100051be:	2250      	movs	r2, #80	; 0x50
100051c0:	2138      	movs	r1, #56	; 0x38
100051c2:	4b06      	ldr	r3, [pc, #24]	; (100051dc <stdio_uart_in_chars+0x90>)
100051c4:	681b      	ldr	r3, [r3, #0]
100051c6:	639a      	str	r2, [r3, #56]	; 0x38
100051c8:	6b5a      	ldr	r2, [r3, #52]	; 0x34
100051ca:	3334      	adds	r3, #52	; 0x34
100051cc:	4011      	ands	r1, r2
100051ce:	2280      	movs	r2, #128	; 0x80
100051d0:	0152      	lsls	r2, r2, #5
100051d2:	4313      	orrs	r3, r2
100051d4:	6019      	str	r1, [r3, #0]
100051d6:	2003      	movs	r0, #3
100051d8:	4240      	negs	r0, r0
100051da:	e7eb      	b.n	100051b4 <stdio_uart_in_chars+0x68>
100051dc:	200025cc 	.word	0x200025cc
100051e0:	200020c8 	.word	0x200020c8

100051e4 <on_uart_rx>:
100051e4:	4b06      	ldr	r3, [pc, #24]	; (10005200 <on_uart_rx+0x1c>)
100051e6:	b510      	push	{r4, lr}
100051e8:	681b      	ldr	r3, [r3, #0]
100051ea:	2b00      	cmp	r3, #0
100051ec:	d006      	beq.n	100051fc <on_uart_rx+0x18>
100051ee:	2100      	movs	r1, #0
100051f0:	4a04      	ldr	r2, [pc, #16]	; (10005204 <on_uart_rx+0x20>)
100051f2:	6812      	ldr	r2, [r2, #0]
100051f4:	6391      	str	r1, [r2, #56]	; 0x38
100051f6:	4a04      	ldr	r2, [pc, #16]	; (10005208 <on_uart_rx+0x24>)
100051f8:	6810      	ldr	r0, [r2, #0]
100051fa:	4798      	blx	r3
100051fc:	bd10      	pop	{r4, pc}
100051fe:	46c0      	nop			; (mov r8, r8)
10005200:	200020c8 	.word	0x200020c8
10005204:	200025cc 	.word	0x200025cc
10005208:	200020d0 	.word	0x200020d0

1000520c <stdio_uart_set_chars_available_callback>:
1000520c:	4b1d      	ldr	r3, [pc, #116]	; (10005284 <stdio_uart_set_chars_available_callback+0x78>)
1000520e:	b5f0      	push	{r4, r5, r6, r7, lr}
10005210:	681a      	ldr	r2, [r3, #0]
10005212:	46c6      	mov	lr, r8
10005214:	4698      	mov	r8, r3
10005216:	4b1c      	ldr	r3, [pc, #112]	; (10005288 <stdio_uart_set_chars_available_callback+0x7c>)
10005218:	000e      	movs	r6, r1
1000521a:	18d3      	adds	r3, r2, r3
1000521c:	4259      	negs	r1, r3
1000521e:	414b      	adcs	r3, r1
10005220:	4f1a      	ldr	r7, [pc, #104]	; (1000528c <stdio_uart_set_chars_available_callback+0x80>)
10005222:	3314      	adds	r3, #20
10005224:	001c      	movs	r4, r3
10005226:	0005      	movs	r5, r0
10005228:	b500      	push	{lr}
1000522a:	683b      	ldr	r3, [r7, #0]
1000522c:	2800      	cmp	r0, #0
1000522e:	d007      	beq.n	10005240 <stdio_uart_set_chars_available_callback+0x34>
10005230:	2b00      	cmp	r3, #0
10005232:	d011      	beq.n	10005258 <stdio_uart_set_chars_available_callback+0x4c>
10005234:	4b16      	ldr	r3, [pc, #88]	; (10005290 <stdio_uart_set_chars_available_callback+0x84>)
10005236:	603d      	str	r5, [r7, #0]
10005238:	601e      	str	r6, [r3, #0]
1000523a:	bc80      	pop	{r7}
1000523c:	46b8      	mov	r8, r7
1000523e:	bdf0      	pop	{r4, r5, r6, r7, pc}
10005240:	2b00      	cmp	r3, #0
10005242:	d0f7      	beq.n	10005234 <stdio_uart_set_chars_available_callback+0x28>
10005244:	6390      	str	r0, [r2, #56]	; 0x38
10005246:	2100      	movs	r1, #0
10005248:	0020      	movs	r0, r4
1000524a:	f7fb fb89 	bl	10000960 <irq_set_enabled>
1000524e:	0020      	movs	r0, r4
10005250:	4910      	ldr	r1, [pc, #64]	; (10005294 <stdio_uart_set_chars_available_callback+0x88>)
10005252:	f7fb fd09 	bl	10000c68 <irq_remove_handler>
10005256:	e7ed      	b.n	10005234 <stdio_uart_set_chars_available_callback+0x28>
10005258:	0020      	movs	r0, r4
1000525a:	490e      	ldr	r1, [pc, #56]	; (10005294 <stdio_uart_set_chars_available_callback+0x88>)
1000525c:	f7fb fbb8 	bl	100009d0 <irq_set_exclusive_handler>
10005260:	2101      	movs	r1, #1
10005262:	0020      	movs	r0, r4
10005264:	f7fb fb7c 	bl	10000960 <irq_set_enabled>
10005268:	4643      	mov	r3, r8
1000526a:	2250      	movs	r2, #80	; 0x50
1000526c:	2138      	movs	r1, #56	; 0x38
1000526e:	681b      	ldr	r3, [r3, #0]
10005270:	639a      	str	r2, [r3, #56]	; 0x38
10005272:	6b5a      	ldr	r2, [r3, #52]	; 0x34
10005274:	3334      	adds	r3, #52	; 0x34
10005276:	4011      	ands	r1, r2
10005278:	2280      	movs	r2, #128	; 0x80
1000527a:	0152      	lsls	r2, r2, #5
1000527c:	4313      	orrs	r3, r2
1000527e:	6019      	str	r1, [r3, #0]
10005280:	e7d8      	b.n	10005234 <stdio_uart_set_chars_available_callback+0x28>
10005282:	46c0      	nop			; (mov r8, r8)
10005284:	200025cc 	.word	0x200025cc
10005288:	bffc8000 	.word	0xbffc8000
1000528c:	200020c8 	.word	0x200020c8
10005290:	200020d0 	.word	0x200020d0
10005294:	100051e5 	.word	0x100051e5

10005298 <stdio_uart_init>:
10005298:	4b0c      	ldr	r3, [pc, #48]	; (100052cc <stdio_uart_init+0x34>)
1000529a:	b510      	push	{r4, lr}
1000529c:	781b      	ldrb	r3, [r3, #0]
1000529e:	4b0c      	ldr	r3, [pc, #48]	; (100052d0 <stdio_uart_init+0x38>)
100052a0:	4c0c      	ldr	r4, [pc, #48]	; (100052d4 <stdio_uart_init+0x3c>)
100052a2:	781b      	ldrb	r3, [r3, #0]
100052a4:	4b0c      	ldr	r3, [pc, #48]	; (100052d8 <stdio_uart_init+0x40>)
100052a6:	2102      	movs	r1, #2
100052a8:	2000      	movs	r0, #0
100052aa:	6023      	str	r3, [r4, #0]
100052ac:	f7fb fafc 	bl	100008a8 <gpio_set_function>
100052b0:	2102      	movs	r1, #2
100052b2:	2001      	movs	r0, #1
100052b4:	f7fb faf8 	bl	100008a8 <gpio_set_function>
100052b8:	21e1      	movs	r1, #225	; 0xe1
100052ba:	6820      	ldr	r0, [r4, #0]
100052bc:	0249      	lsls	r1, r1, #9
100052be:	f7fc fdd9 	bl	10001e74 <uart_init>
100052c2:	2101      	movs	r1, #1
100052c4:	4805      	ldr	r0, [pc, #20]	; (100052dc <stdio_uart_init+0x44>)
100052c6:	f7ff fe85 	bl	10004fd4 <stdio_set_driver_enabled>
100052ca:	bd10      	pop	{r4, pc}
100052cc:	1000cab4 	.word	0x1000cab4
100052d0:	1000cab0 	.word	0x1000cab0
100052d4:	200025cc 	.word	0x200025cc
100052d8:	40034000 	.word	0x40034000
100052dc:	20000ed0 	.word	0x20000ed0

100052e0 <resetd_init>:
100052e0:	4770      	bx	lr
100052e2:	46c0      	nop			; (mov r8, r8)

100052e4 <resetd_reset>:
100052e4:	2200      	movs	r2, #0
100052e6:	4b01      	ldr	r3, [pc, #4]	; (100052ec <resetd_reset+0x8>)
100052e8:	701a      	strb	r2, [r3, #0]
100052ea:	4770      	bx	lr
100052ec:	200025ed 	.word	0x200025ed

100052f0 <resetd_open>:
100052f0:	794b      	ldrb	r3, [r1, #5]
100052f2:	2000      	movs	r0, #0
100052f4:	2bff      	cmp	r3, #255	; 0xff
100052f6:	d10b      	bne.n	10005310 <resetd_open+0x20>
100052f8:	798b      	ldrb	r3, [r1, #6]
100052fa:	2b00      	cmp	r3, #0
100052fc:	d108      	bne.n	10005310 <resetd_open+0x20>
100052fe:	79cb      	ldrb	r3, [r1, #7]
10005300:	2b01      	cmp	r3, #1
10005302:	d105      	bne.n	10005310 <resetd_open+0x20>
10005304:	2a08      	cmp	r2, #8
10005306:	d903      	bls.n	10005310 <resetd_open+0x20>
10005308:	4b02      	ldr	r3, [pc, #8]	; (10005314 <resetd_open+0x24>)
1000530a:	788a      	ldrb	r2, [r1, #2]
1000530c:	3009      	adds	r0, #9
1000530e:	701a      	strb	r2, [r3, #0]
10005310:	4770      	bx	lr
10005312:	46c0      	nop			; (mov r8, r8)
10005314:	200025ed 	.word	0x200025ed

10005318 <resetd_xfer_cb>:
10005318:	2001      	movs	r0, #1
1000531a:	4770      	bx	lr

1000531c <resetd_control_xfer_cb>:
1000531c:	b570      	push	{r4, r5, r6, lr}
1000531e:	2901      	cmp	r1, #1
10005320:	d001      	beq.n	10005326 <resetd_control_xfer_cb+0xa>
10005322:	2001      	movs	r0, #1
10005324:	bd70      	pop	{r4, r5, r6, pc}
10005326:	4913      	ldr	r1, [pc, #76]	; (10005374 <resetd_control_xfer_cb+0x58>)
10005328:	7953      	ldrb	r3, [r2, #5]
1000532a:	7910      	ldrb	r0, [r2, #4]
1000532c:	7809      	ldrb	r1, [r1, #0]
1000532e:	021b      	lsls	r3, r3, #8
10005330:	4303      	orrs	r3, r0
10005332:	2000      	movs	r0, #0
10005334:	4299      	cmp	r1, r3
10005336:	d1f5      	bne.n	10005324 <resetd_control_xfer_cb+0x8>
10005338:	7853      	ldrb	r3, [r2, #1]
1000533a:	2b01      	cmp	r3, #1
1000533c:	d008      	beq.n	10005350 <resetd_control_xfer_cb+0x34>
1000533e:	2b02      	cmp	r3, #2
10005340:	d1f0      	bne.n	10005324 <resetd_control_xfer_cb+0x8>
10005342:	2000      	movs	r0, #0
10005344:	2264      	movs	r2, #100	; 0x64
10005346:	2100      	movs	r1, #0
10005348:	f7fd f81a 	bl	10002380 <watchdog_reboot>
1000534c:	2001      	movs	r0, #1
1000534e:	e7e9      	b.n	10005324 <resetd_control_xfer_cb+0x8>
10005350:	7894      	ldrb	r4, [r2, #2]
10005352:	78d2      	ldrb	r2, [r2, #3]
10005354:	0005      	movs	r5, r0
10005356:	0212      	lsls	r2, r2, #8
10005358:	4314      	orrs	r4, r2
1000535a:	05d2      	lsls	r2, r2, #23
1000535c:	d502      	bpl.n	10005364 <resetd_control_xfer_cb+0x48>
1000535e:	0a62      	lsrs	r2, r4, #9
10005360:	4093      	lsls	r3, r2
10005362:	001d      	movs	r5, r3
10005364:	4804      	ldr	r0, [pc, #16]	; (10005378 <resetd_control_xfer_cb+0x5c>)
10005366:	f7fe fc5f 	bl	10003c28 <rom_func_lookup>
1000536a:	217f      	movs	r1, #127	; 0x7f
1000536c:	0003      	movs	r3, r0
1000536e:	4021      	ands	r1, r4
10005370:	0028      	movs	r0, r5
10005372:	4798      	blx	r3
10005374:	200025ed 	.word	0x200025ed
10005378:	00004255 	.word	0x00004255

1000537c <usbd_app_driver_get_cb>:
1000537c:	2301      	movs	r3, #1
1000537e:	7003      	strb	r3, [r0, #0]
10005380:	4800      	ldr	r0, [pc, #0]	; (10005384 <usbd_app_driver_get_cb+0x8>)
10005382:	4770      	bx	lr
10005384:	1000c044 	.word	0x1000c044

10005388 <tud_cdc_line_coding_cb>:
10005388:	784b      	ldrb	r3, [r1, #1]
1000538a:	780a      	ldrb	r2, [r1, #0]
1000538c:	021b      	lsls	r3, r3, #8
1000538e:	4313      	orrs	r3, r2
10005390:	788a      	ldrb	r2, [r1, #2]
10005392:	b510      	push	{r4, lr}
10005394:	0412      	lsls	r2, r2, #16
10005396:	431a      	orrs	r2, r3
10005398:	78cb      	ldrb	r3, [r1, #3]
1000539a:	061b      	lsls	r3, r3, #24
1000539c:	4313      	orrs	r3, r2
1000539e:	2296      	movs	r2, #150	; 0x96
100053a0:	00d2      	lsls	r2, r2, #3
100053a2:	4293      	cmp	r3, r2
100053a4:	d000      	beq.n	100053a8 <tud_cdc_line_coding_cb+0x20>
100053a6:	bd10      	pop	{r4, pc}
100053a8:	4803      	ldr	r0, [pc, #12]	; (100053b8 <tud_cdc_line_coding_cb+0x30>)
100053aa:	f7fe fc3d 	bl	10003c28 <rom_func_lookup>
100053ae:	2100      	movs	r1, #0
100053b0:	0003      	movs	r3, r0
100053b2:	0008      	movs	r0, r1
100053b4:	4798      	blx	r3
100053b6:	46c0      	nop			; (mov r8, r8)
100053b8:	00004255 	.word	0x00004255

100053bc <stdio_usb_set_chars_available_callback>:
100053bc:	4b02      	ldr	r3, [pc, #8]	; (100053c8 <stdio_usb_set_chars_available_callback+0xc>)
100053be:	6018      	str	r0, [r3, #0]
100053c0:	4b02      	ldr	r3, [pc, #8]	; (100053cc <stdio_usb_set_chars_available_callback+0x10>)
100053c2:	6019      	str	r1, [r3, #0]
100053c4:	4770      	bx	lr
100053c6:	46c0      	nop			; (mov r8, r8)
100053c8:	200020cc 	.word	0x200020cc
100053cc:	200020d4 	.word	0x200020d4

100053d0 <usb_irq>:
100053d0:	b510      	push	{r4, lr}
100053d2:	4b02      	ldr	r3, [pc, #8]	; (100053dc <usb_irq+0xc>)
100053d4:	7818      	ldrb	r0, [r3, #0]
100053d6:	f7fb fad5 	bl	10000984 <irq_set_pending>
100053da:	bd10      	pop	{r4, pc}
100053dc:	200025f1 	.word	0x200025f1

100053e0 <timer_task>:
100053e0:	4b11      	ldr	r3, [pc, #68]	; (10005428 <timer_task+0x48>)
100053e2:	b570      	push	{r4, r5, r6, lr}
100053e4:	681a      	ldr	r2, [r3, #0]
100053e6:	2a00      	cmp	r2, #0
100053e8:	d01a      	beq.n	10005420 <timer_task+0x40>
100053ea:	f3ef 8110 	mrs	r1, PRIMASK
100053ee:	b672      	cpsid	i
100053f0:	6810      	ldr	r0, [r2, #0]
100053f2:	2800      	cmp	r0, #0
100053f4:	d0fc      	beq.n	100053f0 <timer_task+0x10>
100053f6:	f3bf 8f5f 	dmb	sy
100053fa:	2000      	movs	r0, #0
100053fc:	4a0b      	ldr	r2, [pc, #44]	; (1000542c <timer_task+0x4c>)
100053fe:	6059      	str	r1, [r3, #4]
10005400:	7010      	strb	r0, [r2, #0]
10005402:	681b      	ldr	r3, [r3, #0]
10005404:	f3bf 8f5f 	dmb	sy
10005408:	6018      	str	r0, [r3, #0]
1000540a:	f381 8810 	msr	PRIMASK, r1
1000540e:	2400      	movs	r4, #0
10005410:	2500      	movs	r5, #0
10005412:	4b07      	ldr	r3, [pc, #28]	; (10005430 <timer_task+0x50>)
10005414:	7818      	ldrb	r0, [r3, #0]
10005416:	f7fb fab5 	bl	10000984 <irq_set_pending>
1000541a:	0029      	movs	r1, r5
1000541c:	0020      	movs	r0, r4
1000541e:	bd70      	pop	{r4, r5, r6, pc}
10005420:	24fa      	movs	r4, #250	; 0xfa
10005422:	2500      	movs	r5, #0
10005424:	00a4      	lsls	r4, r4, #2
10005426:	e7f4      	b.n	10005412 <timer_task+0x32>
10005428:	20002578 	.word	0x20002578
1000542c:	200025f2 	.word	0x200025f2
10005430:	200025f1 	.word	0x200025f1

10005434 <stdio_usb_in_chars>:
10005434:	b570      	push	{r4, r5, r6, lr}
10005436:	0004      	movs	r4, r0
10005438:	2000      	movs	r0, #0
1000543a:	000e      	movs	r6, r1
1000543c:	f001 fb16 	bl	10006a6c <tud_cdc_n_connected>
10005440:	2800      	cmp	r0, #0
10005442:	d036      	beq.n	100054b2 <stdio_usb_in_chars+0x7e>
10005444:	2000      	movs	r0, #0
10005446:	f001 fb29 	bl	10006a9c <tud_cdc_n_available>
1000544a:	2800      	cmp	r0, #0
1000544c:	d031      	beq.n	100054b2 <stdio_usb_in_chars+0x7e>
1000544e:	f7fc f99b 	bl	10001788 <time_us_64>
10005452:	2300      	movs	r3, #0
10005454:	4a18      	ldr	r2, [pc, #96]	; (100054b8 <stdio_usb_in_chars+0x84>)
10005456:	1812      	adds	r2, r2, r0
10005458:	414b      	adcs	r3, r1
1000545a:	2180      	movs	r1, #128	; 0x80
1000545c:	0609      	lsls	r1, r1, #24
1000545e:	428b      	cmp	r3, r1
10005460:	d216      	bcs.n	10005490 <stdio_usb_in_chars+0x5c>
10005462:	4d16      	ldr	r5, [pc, #88]	; (100054bc <stdio_usb_in_chars+0x88>)
10005464:	0028      	movs	r0, r5
10005466:	f006 fbff 	bl	1000bc68 <__mutex_try_enter_block_until_veneer>
1000546a:	2800      	cmp	r0, #0
1000546c:	d021      	beq.n	100054b2 <stdio_usb_in_chars+0x7e>
1000546e:	2000      	movs	r0, #0
10005470:	f001 fafc 	bl	10006a6c <tud_cdc_n_connected>
10005474:	2800      	cmp	r0, #0
10005476:	d10f      	bne.n	10005498 <stdio_usb_in_chars+0x64>
10005478:	2001      	movs	r0, #1
1000547a:	2100      	movs	r1, #0
1000547c:	4240      	negs	r0, r0
1000547e:	f000 fcc3 	bl	10005e08 <tud_task_ext>
10005482:	2403      	movs	r4, #3
10005484:	4264      	negs	r4, r4
10005486:	0028      	movs	r0, r5
10005488:	f006 fba6 	bl	1000bbd8 <__mutex_exit_veneer>
1000548c:	0020      	movs	r0, r4
1000548e:	bd70      	pop	{r4, r5, r6, pc}
10005490:	2201      	movs	r2, #1
10005492:	4b0b      	ldr	r3, [pc, #44]	; (100054c0 <stdio_usb_in_chars+0x8c>)
10005494:	4252      	negs	r2, r2
10005496:	e7e4      	b.n	10005462 <stdio_usb_in_chars+0x2e>
10005498:	2000      	movs	r0, #0
1000549a:	f001 faff 	bl	10006a9c <tud_cdc_n_available>
1000549e:	2800      	cmp	r0, #0
100054a0:	d0ea      	beq.n	10005478 <stdio_usb_in_chars+0x44>
100054a2:	0021      	movs	r1, r4
100054a4:	0032      	movs	r2, r6
100054a6:	2000      	movs	r0, #0
100054a8:	f001 fb04 	bl	10006ab4 <tud_cdc_n_read>
100054ac:	1e04      	subs	r4, r0, #0
100054ae:	d1ea      	bne.n	10005486 <stdio_usb_in_chars+0x52>
100054b0:	e7e7      	b.n	10005482 <stdio_usb_in_chars+0x4e>
100054b2:	2403      	movs	r4, #3
100054b4:	4264      	negs	r4, r4
100054b6:	e7e9      	b.n	1000548c <stdio_usb_in_chars+0x58>
100054b8:	000f4240 	.word	0x000f4240
100054bc:	200025ac 	.word	0x200025ac
100054c0:	7fffffff 	.word	0x7fffffff

100054c4 <stdio_usb_out_chars>:
100054c4:	b5f8      	push	{r3, r4, r5, r6, r7, lr}
100054c6:	46de      	mov	lr, fp
100054c8:	4657      	mov	r7, sl
100054ca:	b580      	push	{r7, lr}
100054cc:	0005      	movs	r5, r0
100054ce:	000c      	movs	r4, r1
100054d0:	f7fc f95a 	bl	10001788 <time_us_64>
100054d4:	2300      	movs	r3, #0
100054d6:	4a37      	ldr	r2, [pc, #220]	; (100055b4 <stdio_usb_out_chars+0xf0>)
100054d8:	1812      	adds	r2, r2, r0
100054da:	414b      	adcs	r3, r1
100054dc:	2180      	movs	r1, #128	; 0x80
100054de:	0609      	lsls	r1, r1, #24
100054e0:	428b      	cmp	r3, r1
100054e2:	d302      	bcc.n	100054ea <stdio_usb_out_chars+0x26>
100054e4:	2201      	movs	r2, #1
100054e6:	4b34      	ldr	r3, [pc, #208]	; (100055b8 <stdio_usb_out_chars+0xf4>)
100054e8:	4252      	negs	r2, r2
100054ea:	4934      	ldr	r1, [pc, #208]	; (100055bc <stdio_usb_out_chars+0xf8>)
100054ec:	0008      	movs	r0, r1
100054ee:	468a      	mov	sl, r1
100054f0:	f006 fbba 	bl	1000bc68 <__mutex_try_enter_block_until_veneer>
100054f4:	2800      	cmp	r0, #0
100054f6:	d103      	bne.n	10005500 <stdio_usb_out_chars+0x3c>
100054f8:	bcc0      	pop	{r6, r7}
100054fa:	46bb      	mov	fp, r7
100054fc:	46b2      	mov	sl, r6
100054fe:	bdf8      	pop	{r3, r4, r5, r6, r7, pc}
10005500:	2000      	movs	r0, #0
10005502:	f001 fab3 	bl	10006a6c <tud_cdc_n_connected>
10005506:	2800      	cmp	r0, #0
10005508:	d04a      	beq.n	100055a0 <stdio_usb_out_chars+0xdc>
1000550a:	2600      	movs	r6, #0
1000550c:	2c00      	cmp	r4, #0
1000550e:	dd43      	ble.n	10005598 <stdio_usb_out_chars+0xd4>
10005510:	4b2b      	ldr	r3, [pc, #172]	; (100055c0 <stdio_usb_out_chars+0xfc>)
10005512:	469b      	mov	fp, r3
10005514:	e014      	b.n	10005540 <stdio_usb_out_chars+0x7c>
10005516:	19a9      	adds	r1, r5, r6
10005518:	2000      	movs	r0, #0
1000551a:	f001 fb3f 	bl	10006b9c <tud_cdc_n_write>
1000551e:	0007      	movs	r7, r0
10005520:	2001      	movs	r0, #1
10005522:	2100      	movs	r1, #0
10005524:	4240      	negs	r0, r0
10005526:	f000 fc6f 	bl	10005e08 <tud_task_ext>
1000552a:	2000      	movs	r0, #0
1000552c:	f001 fafa 	bl	10006b24 <tud_cdc_n_write_flush>
10005530:	f7fc f92a 	bl	10001788 <time_us_64>
10005534:	4b22      	ldr	r3, [pc, #136]	; (100055c0 <stdio_usb_out_chars+0xfc>)
10005536:	19f6      	adds	r6, r6, r7
10005538:	6018      	str	r0, [r3, #0]
1000553a:	6059      	str	r1, [r3, #4]
1000553c:	42b4      	cmp	r4, r6
1000553e:	dd2b      	ble.n	10005598 <stdio_usb_out_chars+0xd4>
10005540:	2000      	movs	r0, #0
10005542:	f001 fb45 	bl	10006bd0 <tud_cdc_n_write_available>
10005546:	1ba7      	subs	r7, r4, r6
10005548:	0002      	movs	r2, r0
1000554a:	42b8      	cmp	r0, r7
1000554c:	dd00      	ble.n	10005550 <stdio_usb_out_chars+0x8c>
1000554e:	003a      	movs	r2, r7
10005550:	2a00      	cmp	r2, #0
10005552:	d1e0      	bne.n	10005516 <stdio_usb_out_chars+0x52>
10005554:	2001      	movs	r0, #1
10005556:	2100      	movs	r1, #0
10005558:	4240      	negs	r0, r0
1000555a:	f000 fc55 	bl	10005e08 <tud_task_ext>
1000555e:	2000      	movs	r0, #0
10005560:	f001 fae0 	bl	10006b24 <tud_cdc_n_write_flush>
10005564:	2000      	movs	r0, #0
10005566:	f001 fa81 	bl	10006a6c <tud_cdc_n_connected>
1000556a:	2800      	cmp	r0, #0
1000556c:	d014      	beq.n	10005598 <stdio_usb_out_chars+0xd4>
1000556e:	2000      	movs	r0, #0
10005570:	f001 fb2e 	bl	10006bd0 <tud_cdc_n_write_available>
10005574:	2800      	cmp	r0, #0
10005576:	d1e1      	bne.n	1000553c <stdio_usb_out_chars+0x78>
10005578:	f7fc f906 	bl	10001788 <time_us_64>
1000557c:	465b      	mov	r3, fp
1000557e:	000f      	movs	r7, r1
10005580:	681a      	ldr	r2, [r3, #0]
10005582:	685b      	ldr	r3, [r3, #4]
10005584:	2100      	movs	r1, #0
10005586:	4684      	mov	ip, r0
10005588:	480e      	ldr	r0, [pc, #56]	; (100055c4 <stdio_usb_out_chars+0x100>)
1000558a:	1812      	adds	r2, r2, r0
1000558c:	414b      	adcs	r3, r1
1000558e:	429f      	cmp	r7, r3
10005590:	d802      	bhi.n	10005598 <stdio_usb_out_chars+0xd4>
10005592:	d1d3      	bne.n	1000553c <stdio_usb_out_chars+0x78>
10005594:	4594      	cmp	ip, r2
10005596:	d9d1      	bls.n	1000553c <stdio_usb_out_chars+0x78>
10005598:	4650      	mov	r0, sl
1000559a:	f006 fb1d 	bl	1000bbd8 <__mutex_exit_veneer>
1000559e:	e7ab      	b.n	100054f8 <stdio_usb_out_chars+0x34>
100055a0:	2000      	movs	r0, #0
100055a2:	2100      	movs	r1, #0
100055a4:	4b06      	ldr	r3, [pc, #24]	; (100055c0 <stdio_usb_out_chars+0xfc>)
100055a6:	6018      	str	r0, [r3, #0]
100055a8:	6059      	str	r1, [r3, #4]
100055aa:	4650      	mov	r0, sl
100055ac:	f006 fb14 	bl	1000bbd8 <__mutex_exit_veneer>
100055b0:	e7a2      	b.n	100054f8 <stdio_usb_out_chars+0x34>
100055b2:	46c0      	nop			; (mov r8, r8)
100055b4:	000f4240 	.word	0x000f4240
100055b8:	7fffffff 	.word	0x7fffffff
100055bc:	200025ac 	.word	0x200025ac
100055c0:	200018c8 	.word	0x200018c8
100055c4:	0007a120 	.word	0x0007a120

100055c8 <low_priority_worker_irq>:
100055c8:	b510      	push	{r4, lr}
100055ca:	4c24      	ldr	r4, [pc, #144]	; (1000565c <low_priority_worker_irq+0x94>)
100055cc:	b084      	sub	sp, #16
100055ce:	2100      	movs	r1, #0
100055d0:	0020      	movs	r0, r4
100055d2:	f006 fb29 	bl	1000bc28 <__mutex_try_enter_veneer>
100055d6:	2800      	cmp	r0, #0
100055d8:	d11c      	bne.n	10005614 <low_priority_worker_irq+0x4c>
100055da:	4b21      	ldr	r3, [pc, #132]	; (10005660 <low_priority_worker_irq+0x98>)
100055dc:	681a      	ldr	r2, [r3, #0]
100055de:	2a00      	cmp	r2, #0
100055e0:	d016      	beq.n	10005610 <low_priority_worker_irq+0x48>
100055e2:	f3ef 8110 	mrs	r1, PRIMASK
100055e6:	b672      	cpsid	i
100055e8:	6810      	ldr	r0, [r2, #0]
100055ea:	2800      	cmp	r0, #0
100055ec:	d0fc      	beq.n	100055e8 <low_priority_worker_irq+0x20>
100055ee:	f3bf 8f5f 	dmb	sy
100055f2:	2401      	movs	r4, #1
100055f4:	481b      	ldr	r0, [pc, #108]	; (10005664 <low_priority_worker_irq+0x9c>)
100055f6:	6059      	str	r1, [r3, #4]
100055f8:	7802      	ldrb	r2, [r0, #0]
100055fa:	681b      	ldr	r3, [r3, #0]
100055fc:	b2d2      	uxtb	r2, r2
100055fe:	7004      	strb	r4, [r0, #0]
10005600:	f3bf 8f5f 	dmb	sy
10005604:	2000      	movs	r0, #0
10005606:	6018      	str	r0, [r3, #0]
10005608:	f381 8810 	msr	PRIMASK, r1
1000560c:	2a00      	cmp	r2, #0
1000560e:	d00a      	beq.n	10005626 <low_priority_worker_irq+0x5e>
10005610:	b004      	add	sp, #16
10005612:	bd10      	pop	{r4, pc}
10005614:	2001      	movs	r0, #1
10005616:	2100      	movs	r1, #0
10005618:	4240      	negs	r0, r0
1000561a:	f000 fbf5 	bl	10005e08 <tud_task_ext>
1000561e:	0020      	movs	r0, r4
10005620:	f006 fada 	bl	1000bbd8 <__mutex_exit_veneer>
10005624:	e7f4      	b.n	10005610 <low_priority_worker_irq+0x48>
10005626:	f7fb fe87 	bl	10001338 <alarm_pool_get_default>
1000562a:	0004      	movs	r4, r0
1000562c:	f7fc f8ac 	bl	10001788 <time_us_64>
10005630:	22fa      	movs	r2, #250	; 0xfa
10005632:	2300      	movs	r3, #0
10005634:	0092      	lsls	r2, r2, #2
10005636:	1812      	adds	r2, r2, r0
10005638:	414b      	adcs	r3, r1
1000563a:	2180      	movs	r1, #128	; 0x80
1000563c:	0609      	lsls	r1, r1, #24
1000563e:	428b      	cmp	r3, r1
10005640:	d302      	bcc.n	10005648 <low_priority_worker_irq+0x80>
10005642:	2201      	movs	r2, #1
10005644:	4b08      	ldr	r3, [pc, #32]	; (10005668 <low_priority_worker_irq+0xa0>)
10005646:	4252      	negs	r2, r2
10005648:	2101      	movs	r1, #1
1000564a:	9102      	str	r1, [sp, #8]
1000564c:	2100      	movs	r1, #0
1000564e:	9101      	str	r1, [sp, #4]
10005650:	4906      	ldr	r1, [pc, #24]	; (1000566c <low_priority_worker_irq+0xa4>)
10005652:	0020      	movs	r0, r4
10005654:	9100      	str	r1, [sp, #0]
10005656:	f7fb fe73 	bl	10001340 <alarm_pool_add_alarm_at>
1000565a:	e7d9      	b.n	10005610 <low_priority_worker_irq+0x48>
1000565c:	200025ac 	.word	0x200025ac
10005660:	20002578 	.word	0x20002578
10005664:	200025f2 	.word	0x200025f2
10005668:	7fffffff 	.word	0x7fffffff
1000566c:	100053e1 	.word	0x100053e1

10005670 <tud_cdc_rx_cb>:
10005670:	4b05      	ldr	r3, [pc, #20]	; (10005688 <tud_cdc_rx_cb+0x18>)
10005672:	b510      	push	{r4, lr}
10005674:	6818      	ldr	r0, [r3, #0]
10005676:	2800      	cmp	r0, #0
10005678:	d004      	beq.n	10005684 <tud_cdc_rx_cb+0x14>
1000567a:	4b04      	ldr	r3, [pc, #16]	; (1000568c <tud_cdc_rx_cb+0x1c>)
1000567c:	2200      	movs	r2, #0
1000567e:	6819      	ldr	r1, [r3, #0]
10005680:	f001 f864 	bl	1000674c <usbd_defer_func>
10005684:	bd10      	pop	{r4, pc}
10005686:	46c0      	nop			; (mov r8, r8)
10005688:	200020cc 	.word	0x200020cc
1000568c:	200020d4 	.word	0x200020d4

10005690 <stdio_usb_init>:
10005690:	23d0      	movs	r3, #208	; 0xd0
10005692:	b510      	push	{r4, lr}
10005694:	061b      	lsls	r3, r3, #24
10005696:	b084      	sub	sp, #16
10005698:	681c      	ldr	r4, [r3, #0]
1000569a:	f7fb fe4d 	bl	10001338 <alarm_pool_get_default>
1000569e:	f7fb ff13 	bl	100014c8 <alarm_pool_core_num>
100056a2:	42a0      	cmp	r0, r4
100056a4:	d002      	beq.n	100056ac <stdio_usb_init+0x1c>
100056a6:	2000      	movs	r0, #0
100056a8:	b004      	add	sp, #16
100056aa:	bd10      	pop	{r4, pc}
100056ac:	4b27      	ldr	r3, [pc, #156]	; (1000574c <stdio_usb_init+0xbc>)
100056ae:	781b      	ldrb	r3, [r3, #0]
100056b0:	f001 fc70 	bl	10006f94 <tusb_init>
100056b4:	4826      	ldr	r0, [pc, #152]	; (10005750 <stdio_usb_init+0xc0>)
100056b6:	f7fb fc43 	bl	10000f40 <mutex_init>
100056ba:	2001      	movs	r0, #1
100056bc:	f7fb fc22 	bl	10000f04 <user_irq_claim_unused>
100056c0:	23ff      	movs	r3, #255	; 0xff
100056c2:	4c24      	ldr	r4, [pc, #144]	; (10005754 <stdio_usb_init+0xc4>)
100056c4:	4924      	ldr	r1, [pc, #144]	; (10005758 <stdio_usb_init+0xc8>)
100056c6:	7020      	strb	r0, [r4, #0]
100056c8:	4018      	ands	r0, r3
100056ca:	f7fb f981 	bl	100009d0 <irq_set_exclusive_handler>
100056ce:	7820      	ldrb	r0, [r4, #0]
100056d0:	2101      	movs	r1, #1
100056d2:	f7fb f945 	bl	10000960 <irq_set_enabled>
100056d6:	2005      	movs	r0, #5
100056d8:	f7fb f95c 	bl	10000994 <irq_has_shared_handler>
100056dc:	2800      	cmp	r0, #0
100056de:	d127      	bne.n	10005730 <stdio_usb_init+0xa0>
100056e0:	f7fb fe2a 	bl	10001338 <alarm_pool_get_default>
100056e4:	0004      	movs	r4, r0
100056e6:	f7fc f84f 	bl	10001788 <time_us_64>
100056ea:	22fa      	movs	r2, #250	; 0xfa
100056ec:	2300      	movs	r3, #0
100056ee:	0092      	lsls	r2, r2, #2
100056f0:	1812      	adds	r2, r2, r0
100056f2:	414b      	adcs	r3, r1
100056f4:	2180      	movs	r1, #128	; 0x80
100056f6:	0609      	lsls	r1, r1, #24
100056f8:	428b      	cmp	r3, r1
100056fa:	d302      	bcc.n	10005702 <stdio_usb_init+0x72>
100056fc:	2201      	movs	r2, #1
100056fe:	4b17      	ldr	r3, [pc, #92]	; (1000575c <stdio_usb_init+0xcc>)
10005700:	4252      	negs	r2, r2
10005702:	2101      	movs	r1, #1
10005704:	9102      	str	r1, [sp, #8]
10005706:	2100      	movs	r1, #0
10005708:	9101      	str	r1, [sp, #4]
1000570a:	4915      	ldr	r1, [pc, #84]	; (10005760 <stdio_usb_init+0xd0>)
1000570c:	0020      	movs	r0, r4
1000570e:	9100      	str	r1, [sp, #0]
10005710:	f7fb fe16 	bl	10001340 <alarm_pool_add_alarm_at>
10005714:	2208      	movs	r2, #8
10005716:	0004      	movs	r4, r0
10005718:	2100      	movs	r1, #0
1000571a:	4812      	ldr	r0, [pc, #72]	; (10005764 <stdio_usb_init+0xd4>)
1000571c:	f7ff fb02 	bl	10004d24 <__wrap_memset>
10005720:	2c00      	cmp	r4, #0
10005722:	dbc0      	blt.n	100056a6 <stdio_usb_init+0x16>
10005724:	4810      	ldr	r0, [pc, #64]	; (10005768 <stdio_usb_init+0xd8>)
10005726:	2101      	movs	r1, #1
10005728:	f7ff fc54 	bl	10004fd4 <stdio_set_driver_enabled>
1000572c:	2001      	movs	r0, #1
1000572e:	e7bb      	b.n	100056a8 <stdio_usb_init+0x18>
10005730:	2200      	movs	r2, #0
10005732:	490e      	ldr	r1, [pc, #56]	; (1000576c <stdio_usb_init+0xdc>)
10005734:	2005      	movs	r0, #5
10005736:	f7fb f99d 	bl	10000a74 <irq_add_shared_handler>
1000573a:	f7fb f897 	bl	1000086c <next_striped_spin_lock_num>
1000573e:	4b09      	ldr	r3, [pc, #36]	; (10005764 <stdio_usb_init+0xd4>)
10005740:	0001      	movs	r1, r0
10005742:	0018      	movs	r0, r3
10005744:	f7fb fc26 	bl	10000f94 <critical_section_init_with_lock_num>
10005748:	e7ec      	b.n	10005724 <stdio_usb_init+0x94>
1000574a:	46c0      	nop			; (mov r8, r8)
1000574c:	1000cab8 	.word	0x1000cab8
10005750:	200025ac 	.word	0x200025ac
10005754:	200025f1 	.word	0x200025f1
10005758:	100055c9 	.word	0x100055c9
1000575c:	7fffffff 	.word	0x7fffffff
10005760:	100053e1 	.word	0x100053e1
10005764:	20002578 	.word	0x20002578
10005768:	20000ee8 	.word	0x20000ee8
1000576c:	100053d1 	.word	0x100053d1

10005770 <tud_descriptor_device_cb>:
10005770:	4800      	ldr	r0, [pc, #0]	; (10005774 <tud_descriptor_device_cb+0x4>)
10005772:	4770      	bx	lr
10005774:	1000c114 	.word	0x1000c114

10005778 <tud_descriptor_configuration_cb>:
10005778:	4800      	ldr	r0, [pc, #0]	; (1000577c <tud_descriptor_configuration_cb+0x4>)
1000577a:	4770      	bx	lr
1000577c:	1000c0c0 	.word	0x1000c0c0

10005780 <tud_descriptor_string_cb>:
10005780:	b510      	push	{r4, lr}
10005782:	0004      	movs	r4, r0
10005784:	4817      	ldr	r0, [pc, #92]	; (100057e4 <tud_descriptor_string_cb+0x64>)
10005786:	7803      	ldrb	r3, [r0, #0]
10005788:	2b00      	cmp	r3, #0
1000578a:	d020      	beq.n	100057ce <tud_descriptor_string_cb+0x4e>
1000578c:	2c00      	cmp	r4, #0
1000578e:	d106      	bne.n	1000579e <tud_descriptor_string_cb+0x1e>
10005790:	4b15      	ldr	r3, [pc, #84]	; (100057e8 <tud_descriptor_string_cb+0x68>)
10005792:	4816      	ldr	r0, [pc, #88]	; (100057ec <tud_descriptor_string_cb+0x6c>)
10005794:	8043      	strh	r3, [r0, #2]
10005796:	3b06      	subs	r3, #6
10005798:	3bff      	subs	r3, #255	; 0xff
1000579a:	8003      	strh	r3, [r0, #0]
1000579c:	bd10      	pop	{r4, pc}
1000579e:	2c05      	cmp	r4, #5
100057a0:	d819      	bhi.n	100057d6 <tud_descriptor_string_cb+0x56>
100057a2:	4b13      	ldr	r3, [pc, #76]	; (100057f0 <tud_descriptor_string_cb+0x70>)
100057a4:	00a4      	lsls	r4, r4, #2
100057a6:	58e0      	ldr	r0, [r4, r3]
100057a8:	4912      	ldr	r1, [pc, #72]	; (100057f4 <tud_descriptor_string_cb+0x74>)
100057aa:	2300      	movs	r3, #0
100057ac:	e004      	b.n	100057b8 <tud_descriptor_string_cb+0x38>
100057ae:	3301      	adds	r3, #1
100057b0:	800a      	strh	r2, [r1, #0]
100057b2:	3102      	adds	r1, #2
100057b4:	2b13      	cmp	r3, #19
100057b6:	d010      	beq.n	100057da <tud_descriptor_string_cb+0x5a>
100057b8:	5cc2      	ldrb	r2, [r0, r3]
100057ba:	2a00      	cmp	r2, #0
100057bc:	d1f7      	bne.n	100057ae <tud_descriptor_string_cb+0x2e>
100057be:	22c0      	movs	r2, #192	; 0xc0
100057c0:	3301      	adds	r3, #1
100057c2:	b2db      	uxtb	r3, r3
100057c4:	005b      	lsls	r3, r3, #1
100057c6:	0092      	lsls	r2, r2, #2
100057c8:	4808      	ldr	r0, [pc, #32]	; (100057ec <tud_descriptor_string_cb+0x6c>)
100057ca:	4313      	orrs	r3, r2
100057cc:	e7e5      	b.n	1000579a <tud_descriptor_string_cb+0x1a>
100057ce:	2111      	movs	r1, #17
100057d0:	f000 f81a 	bl	10005808 <pico_get_unique_board_id_string>
100057d4:	e7da      	b.n	1000578c <tud_descriptor_string_cb+0xc>
100057d6:	2000      	movs	r0, #0
100057d8:	e7e0      	b.n	1000579c <tud_descriptor_string_cb+0x1c>
100057da:	23ca      	movs	r3, #202	; 0xca
100057dc:	4803      	ldr	r0, [pc, #12]	; (100057ec <tud_descriptor_string_cb+0x6c>)
100057de:	009b      	lsls	r3, r3, #2
100057e0:	e7db      	b.n	1000579a <tud_descriptor_string_cb+0x1a>
100057e2:	46c0      	nop			; (mov r8, r8)
100057e4:	200025d0 	.word	0x200025d0
100057e8:	00000409 	.word	0x00000409
100057ec:	20002120 	.word	0x20002120
100057f0:	1000c0a8 	.word	0x1000c0a8
100057f4:	20002122 	.word	0x20002122

100057f8 <_retrieve_unique_id_on_boot>:
100057f8:	b510      	push	{r4, lr}
100057fa:	4802      	ldr	r0, [pc, #8]	; (10005804 <_retrieve_unique_id_on_boot+0xc>)
100057fc:	f000 f8d8 	bl	100059b0 <flash_get_unique_id>
10005800:	bd10      	pop	{r4, pc}
10005802:	46c0      	nop			; (mov r8, r8)
10005804:	20002594 	.word	0x20002594

10005808 <pico_get_unique_board_id_string>:
10005808:	b530      	push	{r4, r5, lr}
1000580a:	1e4b      	subs	r3, r1, #1
1000580c:	2901      	cmp	r1, #1
1000580e:	d100      	bne.n	10005812 <pico_get_unique_board_id_string+0xa>
10005810:	e0a7      	b.n	10005962 <pico_get_unique_board_id_string+0x15a>
10005812:	4a66      	ldr	r2, [pc, #408]	; (100059ac <pico_get_unique_board_id_string+0x1a4>)
10005814:	7811      	ldrb	r1, [r2, #0]
10005816:	110d      	asrs	r5, r1, #4
10005818:	002c      	movs	r4, r5
1000581a:	3430      	adds	r4, #48	; 0x30
1000581c:	299f      	cmp	r1, #159	; 0x9f
1000581e:	d900      	bls.n	10005822 <pico_get_unique_board_id_string+0x1a>
10005820:	e0a2      	b.n	10005968 <pico_get_unique_board_id_string+0x160>
10005822:	7004      	strb	r4, [r0, #0]
10005824:	2b01      	cmp	r3, #1
10005826:	d100      	bne.n	1000582a <pico_get_unique_board_id_string+0x22>
10005828:	e0be      	b.n	100059a8 <pico_get_unique_board_id_string+0x1a0>
1000582a:	210f      	movs	r1, #15
1000582c:	7814      	ldrb	r4, [r2, #0]
1000582e:	4021      	ands	r1, r4
10005830:	000c      	movs	r4, r1
10005832:	3430      	adds	r4, #48	; 0x30
10005834:	2909      	cmp	r1, #9
10005836:	d900      	bls.n	1000583a <pico_get_unique_board_id_string+0x32>
10005838:	e098      	b.n	1000596c <pico_get_unique_board_id_string+0x164>
1000583a:	7044      	strb	r4, [r0, #1]
1000583c:	2b02      	cmp	r3, #2
1000583e:	d100      	bne.n	10005842 <pico_get_unique_board_id_string+0x3a>
10005840:	e0b2      	b.n	100059a8 <pico_get_unique_board_id_string+0x1a0>
10005842:	7854      	ldrb	r4, [r2, #1]
10005844:	1125      	asrs	r5, r4, #4
10005846:	0029      	movs	r1, r5
10005848:	3130      	adds	r1, #48	; 0x30
1000584a:	2c9f      	cmp	r4, #159	; 0x9f
1000584c:	d900      	bls.n	10005850 <pico_get_unique_board_id_string+0x48>
1000584e:	e090      	b.n	10005972 <pico_get_unique_board_id_string+0x16a>
10005850:	7081      	strb	r1, [r0, #2]
10005852:	2b03      	cmp	r3, #3
10005854:	d100      	bne.n	10005858 <pico_get_unique_board_id_string+0x50>
10005856:	e0a7      	b.n	100059a8 <pico_get_unique_board_id_string+0x1a0>
10005858:	210f      	movs	r1, #15
1000585a:	4021      	ands	r1, r4
1000585c:	000c      	movs	r4, r1
1000585e:	3430      	adds	r4, #48	; 0x30
10005860:	2909      	cmp	r1, #9
10005862:	d900      	bls.n	10005866 <pico_get_unique_board_id_string+0x5e>
10005864:	e087      	b.n	10005976 <pico_get_unique_board_id_string+0x16e>
10005866:	70c4      	strb	r4, [r0, #3]
10005868:	2b04      	cmp	r3, #4
1000586a:	d100      	bne.n	1000586e <pico_get_unique_board_id_string+0x66>
1000586c:	e09c      	b.n	100059a8 <pico_get_unique_board_id_string+0x1a0>
1000586e:	7894      	ldrb	r4, [r2, #2]
10005870:	1125      	asrs	r5, r4, #4
10005872:	0029      	movs	r1, r5
10005874:	3130      	adds	r1, #48	; 0x30
10005876:	2c9f      	cmp	r4, #159	; 0x9f
10005878:	d900      	bls.n	1000587c <pico_get_unique_board_id_string+0x74>
1000587a:	e07f      	b.n	1000597c <pico_get_unique_board_id_string+0x174>
1000587c:	7101      	strb	r1, [r0, #4]
1000587e:	2b05      	cmp	r3, #5
10005880:	d100      	bne.n	10005884 <pico_get_unique_board_id_string+0x7c>
10005882:	e091      	b.n	100059a8 <pico_get_unique_board_id_string+0x1a0>
10005884:	210f      	movs	r1, #15
10005886:	4021      	ands	r1, r4
10005888:	000c      	movs	r4, r1
1000588a:	3430      	adds	r4, #48	; 0x30
1000588c:	2909      	cmp	r1, #9
1000588e:	d900      	bls.n	10005892 <pico_get_unique_board_id_string+0x8a>
10005890:	e076      	b.n	10005980 <pico_get_unique_board_id_string+0x178>
10005892:	7144      	strb	r4, [r0, #5]
10005894:	2b06      	cmp	r3, #6
10005896:	d100      	bne.n	1000589a <pico_get_unique_board_id_string+0x92>
10005898:	e086      	b.n	100059a8 <pico_get_unique_board_id_string+0x1a0>
1000589a:	78d4      	ldrb	r4, [r2, #3]
1000589c:	1125      	asrs	r5, r4, #4
1000589e:	0029      	movs	r1, r5
100058a0:	3130      	adds	r1, #48	; 0x30
100058a2:	2c9f      	cmp	r4, #159	; 0x9f
100058a4:	d900      	bls.n	100058a8 <pico_get_unique_board_id_string+0xa0>
100058a6:	e06e      	b.n	10005986 <pico_get_unique_board_id_string+0x17e>
100058a8:	7181      	strb	r1, [r0, #6]
100058aa:	2b07      	cmp	r3, #7
100058ac:	d100      	bne.n	100058b0 <pico_get_unique_board_id_string+0xa8>
100058ae:	e07b      	b.n	100059a8 <pico_get_unique_board_id_string+0x1a0>
100058b0:	210f      	movs	r1, #15
100058b2:	4021      	ands	r1, r4
100058b4:	000c      	movs	r4, r1
100058b6:	3430      	adds	r4, #48	; 0x30
100058b8:	2909      	cmp	r1, #9
100058ba:	d866      	bhi.n	1000598a <pico_get_unique_board_id_string+0x182>
100058bc:	71c4      	strb	r4, [r0, #7]
100058be:	2b08      	cmp	r3, #8
100058c0:	d100      	bne.n	100058c4 <pico_get_unique_board_id_string+0xbc>
100058c2:	e071      	b.n	100059a8 <pico_get_unique_board_id_string+0x1a0>
100058c4:	7914      	ldrb	r4, [r2, #4]
100058c6:	1125      	asrs	r5, r4, #4
100058c8:	0029      	movs	r1, r5
100058ca:	3130      	adds	r1, #48	; 0x30
100058cc:	2c9f      	cmp	r4, #159	; 0x9f
100058ce:	d85f      	bhi.n	10005990 <pico_get_unique_board_id_string+0x188>
100058d0:	7201      	strb	r1, [r0, #8]
100058d2:	2b09      	cmp	r3, #9
100058d4:	d068      	beq.n	100059a8 <pico_get_unique_board_id_string+0x1a0>
100058d6:	210f      	movs	r1, #15
100058d8:	4021      	ands	r1, r4
100058da:	000c      	movs	r4, r1
100058dc:	3430      	adds	r4, #48	; 0x30
100058de:	2909      	cmp	r1, #9
100058e0:	d858      	bhi.n	10005994 <pico_get_unique_board_id_string+0x18c>
100058e2:	7244      	strb	r4, [r0, #9]
100058e4:	2b0a      	cmp	r3, #10
100058e6:	d05f      	beq.n	100059a8 <pico_get_unique_board_id_string+0x1a0>
100058e8:	7954      	ldrb	r4, [r2, #5]
100058ea:	1125      	asrs	r5, r4, #4
100058ec:	0029      	movs	r1, r5
100058ee:	3130      	adds	r1, #48	; 0x30
100058f0:	2c9f      	cmp	r4, #159	; 0x9f
100058f2:	d852      	bhi.n	1000599a <pico_get_unique_board_id_string+0x192>
100058f4:	7281      	strb	r1, [r0, #10]
100058f6:	2b0b      	cmp	r3, #11
100058f8:	d056      	beq.n	100059a8 <pico_get_unique_board_id_string+0x1a0>
100058fa:	210f      	movs	r1, #15
100058fc:	4021      	ands	r1, r4
100058fe:	000c      	movs	r4, r1
10005900:	3430      	adds	r4, #48	; 0x30
10005902:	2909      	cmp	r1, #9
10005904:	d84b      	bhi.n	1000599e <pico_get_unique_board_id_string+0x196>
10005906:	72c4      	strb	r4, [r0, #11]
10005908:	2b0c      	cmp	r3, #12
1000590a:	d04d      	beq.n	100059a8 <pico_get_unique_board_id_string+0x1a0>
1000590c:	7994      	ldrb	r4, [r2, #6]
1000590e:	1125      	asrs	r5, r4, #4
10005910:	0029      	movs	r1, r5
10005912:	3130      	adds	r1, #48	; 0x30
10005914:	2c9f      	cmp	r4, #159	; 0x9f
10005916:	d900      	bls.n	1000591a <pico_get_unique_board_id_string+0x112>
10005918:	3107      	adds	r1, #7
1000591a:	7301      	strb	r1, [r0, #12]
1000591c:	2b0d      	cmp	r3, #13
1000591e:	d043      	beq.n	100059a8 <pico_get_unique_board_id_string+0x1a0>
10005920:	210f      	movs	r1, #15
10005922:	4021      	ands	r1, r4
10005924:	000c      	movs	r4, r1
10005926:	3430      	adds	r4, #48	; 0x30
10005928:	2909      	cmp	r1, #9
1000592a:	d901      	bls.n	10005930 <pico_get_unique_board_id_string+0x128>
1000592c:	3137      	adds	r1, #55	; 0x37
1000592e:	000c      	movs	r4, r1
10005930:	7344      	strb	r4, [r0, #13]
10005932:	2b0e      	cmp	r3, #14
10005934:	d038      	beq.n	100059a8 <pico_get_unique_board_id_string+0x1a0>
10005936:	79d1      	ldrb	r1, [r2, #7]
10005938:	110c      	asrs	r4, r1, #4
1000593a:	0022      	movs	r2, r4
1000593c:	3230      	adds	r2, #48	; 0x30
1000593e:	299f      	cmp	r1, #159	; 0x9f
10005940:	d900      	bls.n	10005944 <pico_get_unique_board_id_string+0x13c>
10005942:	3207      	adds	r2, #7
10005944:	7382      	strb	r2, [r0, #14]
10005946:	2b0f      	cmp	r3, #15
10005948:	d02e      	beq.n	100059a8 <pico_get_unique_board_id_string+0x1a0>
1000594a:	220f      	movs	r2, #15
1000594c:	400a      	ands	r2, r1
1000594e:	0011      	movs	r1, r2
10005950:	3137      	adds	r1, #55	; 0x37
10005952:	2a09      	cmp	r2, #9
10005954:	d801      	bhi.n	1000595a <pico_get_unique_board_id_string+0x152>
10005956:	3230      	adds	r2, #48	; 0x30
10005958:	0011      	movs	r1, r2
1000595a:	73c1      	strb	r1, [r0, #15]
1000595c:	2b10      	cmp	r3, #16
1000595e:	d023      	beq.n	100059a8 <pico_get_unique_board_id_string+0x1a0>
10005960:	3010      	adds	r0, #16
10005962:	2300      	movs	r3, #0
10005964:	7003      	strb	r3, [r0, #0]
10005966:	bd30      	pop	{r4, r5, pc}
10005968:	3407      	adds	r4, #7
1000596a:	e75a      	b.n	10005822 <pico_get_unique_board_id_string+0x1a>
1000596c:	3137      	adds	r1, #55	; 0x37
1000596e:	000c      	movs	r4, r1
10005970:	e763      	b.n	1000583a <pico_get_unique_board_id_string+0x32>
10005972:	3107      	adds	r1, #7
10005974:	e76c      	b.n	10005850 <pico_get_unique_board_id_string+0x48>
10005976:	3137      	adds	r1, #55	; 0x37
10005978:	000c      	movs	r4, r1
1000597a:	e774      	b.n	10005866 <pico_get_unique_board_id_string+0x5e>
1000597c:	3107      	adds	r1, #7
1000597e:	e77d      	b.n	1000587c <pico_get_unique_board_id_string+0x74>
10005980:	3137      	adds	r1, #55	; 0x37
10005982:	000c      	movs	r4, r1
10005984:	e785      	b.n	10005892 <pico_get_unique_board_id_string+0x8a>
10005986:	3107      	adds	r1, #7
10005988:	e78e      	b.n	100058a8 <pico_get_unique_board_id_string+0xa0>
1000598a:	3137      	adds	r1, #55	; 0x37
1000598c:	000c      	movs	r4, r1
1000598e:	e795      	b.n	100058bc <pico_get_unique_board_id_string+0xb4>
10005990:	3107      	adds	r1, #7
10005992:	e79d      	b.n	100058d0 <pico_get_unique_board_id_string+0xc8>
10005994:	3137      	adds	r1, #55	; 0x37
10005996:	000c      	movs	r4, r1
10005998:	e7a3      	b.n	100058e2 <pico_get_unique_board_id_string+0xda>
1000599a:	3107      	adds	r1, #7
1000599c:	e7aa      	b.n	100058f4 <pico_get_unique_board_id_string+0xec>
1000599e:	3137      	adds	r1, #55	; 0x37
100059a0:	000c      	movs	r4, r1
100059a2:	72c4      	strb	r4, [r0, #11]
100059a4:	2b0c      	cmp	r3, #12
100059a6:	d1b1      	bne.n	1000590c <pico_get_unique_board_id_string+0x104>
100059a8:	18c0      	adds	r0, r0, r3
100059aa:	e7da      	b.n	10005962 <pico_get_unique_board_id_string+0x15a>
100059ac:	20002594 	.word	0x20002594

100059b0 <flash_get_unique_id>:
100059b0:	b530      	push	{r4, r5, lr}
100059b2:	2500      	movs	r5, #0
100059b4:	b089      	sub	sp, #36	; 0x24
100059b6:	0004      	movs	r4, r0
100059b8:	2209      	movs	r2, #9
100059ba:	2100      	movs	r1, #0
100059bc:	a801      	add	r0, sp, #4
100059be:	9500      	str	r5, [sp, #0]
100059c0:	f7ff f9b0 	bl	10004d24 <__wrap_memset>
100059c4:	2209      	movs	r2, #9
100059c6:	2100      	movs	r1, #0
100059c8:	a805      	add	r0, sp, #20
100059ca:	9504      	str	r5, [sp, #16]
100059cc:	f7ff f9aa 	bl	10004d24 <__wrap_memset>
100059d0:	234b      	movs	r3, #75	; 0x4b
100059d2:	466a      	mov	r2, sp
100059d4:	4668      	mov	r0, sp
100059d6:	7013      	strb	r3, [r2, #0]
100059d8:	a904      	add	r1, sp, #16
100059da:	220d      	movs	r2, #13
100059dc:	f006 f8f4 	bl	1000bbc8 <__flash_do_cmd_veneer>
100059e0:	2115      	movs	r1, #21
100059e2:	2208      	movs	r2, #8
100059e4:	0020      	movs	r0, r4
100059e6:	4469      	add	r1, sp
100059e8:	f7ff f9a2 	bl	10004d30 <__wrap___aeabi_memcpy>
100059ec:	b009      	add	sp, #36	; 0x24
100059ee:	bd30      	pop	{r4, r5, pc}

100059f0 <dcd_int_enable>:
100059f0:	b510      	push	{r4, lr}
100059f2:	2101      	movs	r1, #1
100059f4:	2005      	movs	r0, #5
100059f6:	f7fa ffb3 	bl	10000960 <irq_set_enabled>
100059fa:	bd10      	pop	{r4, pc}

100059fc <dcd_set_address>:
100059fc:	b510      	push	{r4, lr}
100059fe:	2200      	movs	r2, #0
10005a00:	2100      	movs	r1, #0
10005a02:	4802      	ldr	r0, [pc, #8]	; (10005a0c <dcd_set_address+0x10>)
10005a04:	f000 f95a 	bl	10005cbc <hw_endpoint_xfer_start>
10005a08:	bd10      	pop	{r4, pc}
10005a0a:	46c0      	nop			; (mov r8, r8)
10005a0c:	20002188 	.word	0x20002188

10005a10 <dcd_connect>:
10005a10:	2280      	movs	r2, #128	; 0x80
10005a12:	4b02      	ldr	r3, [pc, #8]	; (10005a1c <dcd_connect+0xc>)
10005a14:	0252      	lsls	r2, r2, #9
10005a16:	64da      	str	r2, [r3, #76]	; 0x4c
10005a18:	4770      	bx	lr
10005a1a:	46c0      	nop			; (mov r8, r8)
10005a1c:	50112000 	.word	0x50112000

10005a20 <dcd_init>:
10005a20:	b5f0      	push	{r4, r5, r6, r7, lr}
10005a22:	46c6      	mov	lr, r8
10005a24:	b500      	push	{lr}
10005a26:	0006      	movs	r6, r0
10005a28:	f000 f922 	bl	10005c70 <rp2040_usb_init>
10005a2c:	230c      	movs	r3, #12
10005a2e:	4d1b      	ldr	r5, [pc, #108]	; (10005a9c <dcd_init+0x7c>)
10005a30:	22ff      	movs	r2, #255	; 0xff
10005a32:	67ab      	str	r3, [r5, #120]	; 0x78
10005a34:	2005      	movs	r0, #5
10005a36:	491a      	ldr	r1, [pc, #104]	; (10005aa0 <dcd_init+0x80>)
10005a38:	f7fb f81c 	bl	10000a74 <irq_add_shared_handler>
10005a3c:	2340      	movs	r3, #64	; 0x40
10005a3e:	4698      	mov	r8, r3
10005a40:	4c18      	ldr	r4, [pc, #96]	; (10005aa4 <dcd_init+0x84>)
10005a42:	2240      	movs	r2, #64	; 0x40
10005a44:	2100      	movs	r1, #0
10005a46:	0020      	movs	r0, r4
10005a48:	f7ff f96c 	bl	10004d24 <__wrap_memset>
10005a4c:	4643      	mov	r3, r8
10005a4e:	2701      	movs	r7, #1
10005a50:	8323      	strh	r3, [r4, #24]
10005a52:	2121      	movs	r1, #33	; 0x21
10005a54:	2300      	movs	r3, #0
10005a56:	4a14      	ldr	r2, [pc, #80]	; (10005aa8 <dcd_init+0x88>)
10005a58:	7067      	strb	r7, [r4, #1]
10005a5a:	60a2      	str	r2, [r4, #8]
10005a5c:	6013      	str	r3, [r2, #0]
10005a5e:	5463      	strb	r3, [r4, r1]
10005a60:	315f      	adds	r1, #95	; 0x5f
10005a62:	8461      	strh	r1, [r4, #34]	; 0x22
10005a64:	4641      	mov	r1, r8
10005a66:	8721      	strh	r1, [r4, #56]	; 0x38
10005a68:	3905      	subs	r1, #5
10005a6a:	5463      	strb	r3, [r4, r1]
10005a6c:	4a0f      	ldr	r2, [pc, #60]	; (10005aac <dcd_init+0x8c>)
10005a6e:	4910      	ldr	r1, [pc, #64]	; (10005ab0 <dcd_init+0x90>)
10005a70:	6063      	str	r3, [r4, #4]
10005a72:	60e2      	str	r2, [r4, #12]
10005a74:	62a1      	str	r1, [r4, #40]	; 0x28
10005a76:	600b      	str	r3, [r1, #0]
10005a78:	6263      	str	r3, [r4, #36]	; 0x24
10005a7a:	62e2      	str	r2, [r4, #44]	; 0x2c
10005a7c:	f006 f8dc 	bl	1000bc38 <__reset_non_control_endpoints_veneer>
10005a80:	2380      	movs	r3, #128	; 0x80
10005a82:	059b      	lsls	r3, r3, #22
10005a84:	642f      	str	r7, [r5, #64]	; 0x40
10005a86:	64eb      	str	r3, [r5, #76]	; 0x4c
10005a88:	2390      	movs	r3, #144	; 0x90
10005a8a:	4a0a      	ldr	r2, [pc, #40]	; (10005ab4 <dcd_init+0x94>)
10005a8c:	0030      	movs	r0, r6
10005a8e:	50ea      	str	r2, [r5, r3]
10005a90:	f7ff ffbe 	bl	10005a10 <dcd_connect>
10005a94:	bc80      	pop	{r7}
10005a96:	46b8      	mov	r8, r7
10005a98:	bdf0      	pop	{r4, r5, r6, r7, pc}
10005a9a:	46c0      	nop			; (mov r8, r8)
10005a9c:	50110000 	.word	0x50110000
10005aa0:	2000049d 	.word	0x2000049d
10005aa4:	20002168 	.word	0x20002168
10005aa8:	50100084 	.word	0x50100084
10005aac:	50100100 	.word	0x50100100
10005ab0:	50100080 	.word	0x50100080
10005ab4:	0001d010 	.word	0x0001d010

10005ab8 <dcd_edpt0_status_complete>:
10005ab8:	780b      	ldrb	r3, [r1, #0]
10005aba:	065b      	lsls	r3, r3, #25
10005abc:	d102      	bne.n	10005ac4 <dcd_edpt0_status_complete+0xc>
10005abe:	784b      	ldrb	r3, [r1, #1]
10005ac0:	2b05      	cmp	r3, #5
10005ac2:	d000      	beq.n	10005ac6 <dcd_edpt0_status_complete+0xe>
10005ac4:	4770      	bx	lr
10005ac6:	788a      	ldrb	r2, [r1, #2]
10005ac8:	4b01      	ldr	r3, [pc, #4]	; (10005ad0 <dcd_edpt0_status_complete+0x18>)
10005aca:	601a      	str	r2, [r3, #0]
10005acc:	e7fa      	b.n	10005ac4 <dcd_edpt0_status_complete+0xc>
10005ace:	46c0      	nop			; (mov r8, r8)
10005ad0:	50110000 	.word	0x50110000

10005ad4 <dcd_edpt_open>:
10005ad4:	b5f0      	push	{r4, r5, r6, r7, lr}
10005ad6:	46c6      	mov	lr, r8
10005ad8:	b500      	push	{lr}
10005ada:	78cc      	ldrb	r4, [r1, #3]
10005adc:	7888      	ldrb	r0, [r1, #2]
10005ade:	790a      	ldrb	r2, [r1, #4]
10005ae0:	794b      	ldrb	r3, [r1, #5]
10005ae2:	217f      	movs	r1, #127	; 0x7f
10005ae4:	07a4      	lsls	r4, r4, #30
10005ae6:	4001      	ands	r1, r0
10005ae8:	021b      	lsls	r3, r3, #8
10005aea:	09c5      	lsrs	r5, r0, #7
10005aec:	4313      	orrs	r3, r2
10005aee:	004f      	lsls	r7, r1, #1
10005af0:	0fa2      	lsrs	r2, r4, #30
10005af2:	0014      	movs	r4, r2
10005af4:	4e32      	ldr	r6, [pc, #200]	; (10005bc0 <dcd_edpt_open+0xec>)
10005af6:	197a      	adds	r2, r7, r5
10005af8:	0152      	lsls	r2, r2, #5
10005afa:	18b2      	adds	r2, r6, r2
10005afc:	7090      	strb	r0, [r2, #2]
10005afe:	2001      	movs	r0, #1
10005b00:	4068      	eors	r0, r5
10005b02:	7050      	strb	r0, [r2, #1]
10005b04:	2000      	movs	r0, #0
10005b06:	055b      	lsls	r3, r3, #21
10005b08:	0d5b      	lsrs	r3, r3, #21
10005b0a:	70d0      	strb	r0, [r2, #3]
10005b0c:	8313      	strh	r3, [r2, #24]
10005b0e:	76d4      	strb	r4, [r2, #27]
10005b10:	4680      	mov	r8, r0
10005b12:	00ca      	lsls	r2, r1, #3
10005b14:	2d01      	cmp	r5, #1
10005b16:	d033      	beq.n	10005b80 <dcd_edpt_open+0xac>
10005b18:	482a      	ldr	r0, [pc, #168]	; (10005bc4 <dcd_edpt_open+0xf0>)
10005b1a:	4684      	mov	ip, r0
10005b1c:	0188      	lsls	r0, r1, #6
10005b1e:	4462      	add	r2, ip
10005b20:	4684      	mov	ip, r0
10005b22:	44b4      	add	ip, r6
10005b24:	4660      	mov	r0, ip
10005b26:	6082      	str	r2, [r0, #8]
10005b28:	4640      	mov	r0, r8
10005b2a:	6010      	str	r0, [r2, #0]
10005b2c:	2900      	cmp	r1, #0
10005b2e:	d033      	beq.n	10005b98 <dcd_edpt_open+0xc4>
10005b30:	4a25      	ldr	r2, [pc, #148]	; (10005bc8 <dcd_edpt_open+0xf4>)
10005b32:	00c9      	lsls	r1, r1, #3
10005b34:	4690      	mov	r8, r2
10005b36:	4662      	mov	r2, ip
10005b38:	4441      	add	r1, r8
10005b3a:	6051      	str	r1, [r2, #4]
10005b3c:	223f      	movs	r2, #63	; 0x3f
10005b3e:	333f      	adds	r3, #63	; 0x3f
10005b40:	4393      	bics	r3, r2
10005b42:	2c02      	cmp	r4, #2
10005b44:	d100      	bne.n	10005b48 <dcd_edpt_open+0x74>
10005b46:	005b      	lsls	r3, r3, #1
10005b48:	4820      	ldr	r0, [pc, #128]	; (10005bcc <dcd_edpt_open+0xf8>)
10005b4a:	197a      	adds	r2, r7, r5
10005b4c:	6801      	ldr	r1, [r0, #0]
10005b4e:	0152      	lsls	r2, r2, #5
10005b50:	18b2      	adds	r2, r6, r2
10005b52:	60d1      	str	r1, [r2, #12]
10005b54:	4a1e      	ldr	r2, [pc, #120]	; (10005bd0 <dcd_edpt_open+0xfc>)
10005b56:	18cb      	adds	r3, r1, r3
10005b58:	6003      	str	r3, [r0, #0]
10005b5a:	4051      	eors	r1, r2
10005b5c:	405a      	eors	r2, r3
10005b5e:	2380      	movs	r3, #128	; 0x80
10005b60:	4688      	mov	r8, r1
10005b62:	015b      	lsls	r3, r3, #5
10005b64:	429a      	cmp	r2, r3
10005b66:	d828      	bhi.n	10005bba <dcd_edpt_open+0xe6>
10005b68:	4643      	mov	r3, r8
10005b6a:	06a4      	lsls	r4, r4, #26
10005b6c:	431c      	orrs	r4, r3
10005b6e:	2380      	movs	r3, #128	; 0x80
10005b70:	197f      	adds	r7, r7, r5
10005b72:	017f      	lsls	r7, r7, #5
10005b74:	19f6      	adds	r6, r6, r7
10005b76:	6872      	ldr	r2, [r6, #4]
10005b78:	061b      	lsls	r3, r3, #24
10005b7a:	4323      	orrs	r3, r4
10005b7c:	6013      	str	r3, [r2, #0]
10005b7e:	e011      	b.n	10005ba4 <dcd_edpt_open+0xd0>
10005b80:	4814      	ldr	r0, [pc, #80]	; (10005bd4 <dcd_edpt_open+0x100>)
10005b82:	4684      	mov	ip, r0
10005b84:	0188      	lsls	r0, r1, #6
10005b86:	4462      	add	r2, ip
10005b88:	4684      	mov	ip, r0
10005b8a:	44b4      	add	ip, r6
10005b8c:	4660      	mov	r0, ip
10005b8e:	6282      	str	r2, [r0, #40]	; 0x28
10005b90:	4640      	mov	r0, r8
10005b92:	6010      	str	r0, [r2, #0]
10005b94:	2900      	cmp	r1, #0
10005b96:	d109      	bne.n	10005bac <dcd_edpt_open+0xd8>
10005b98:	2300      	movs	r3, #0
10005b9a:	016d      	lsls	r5, r5, #5
10005b9c:	1975      	adds	r5, r6, r5
10005b9e:	606b      	str	r3, [r5, #4]
10005ba0:	4b0d      	ldr	r3, [pc, #52]	; (10005bd8 <dcd_edpt_open+0x104>)
10005ba2:	60eb      	str	r3, [r5, #12]
10005ba4:	2001      	movs	r0, #1
10005ba6:	bc80      	pop	{r7}
10005ba8:	46b8      	mov	r8, r7
10005baa:	bdf0      	pop	{r4, r5, r6, r7, pc}
10005bac:	4a08      	ldr	r2, [pc, #32]	; (10005bd0 <dcd_edpt_open+0xfc>)
10005bae:	00c9      	lsls	r1, r1, #3
10005bb0:	4690      	mov	r8, r2
10005bb2:	4662      	mov	r2, ip
10005bb4:	4441      	add	r1, r8
10005bb6:	6251      	str	r1, [r2, #36]	; 0x24
10005bb8:	e7c0      	b.n	10005b3c <dcd_edpt_open+0x68>
10005bba:	f7fc fcf3 	bl	100025a4 <hard_assertion_failure>
10005bbe:	e7d3      	b.n	10005b68 <dcd_edpt_open+0x94>
10005bc0:	20002168 	.word	0x20002168
10005bc4:	50100084 	.word	0x50100084
10005bc8:	50100004 	.word	0x50100004
10005bcc:	20002570 	.word	0x20002570
10005bd0:	50100000 	.word	0x50100000
10005bd4:	50100080 	.word	0x50100080
10005bd8:	50100100 	.word	0x50100100

10005bdc <dcd_edpt_close_all>:
10005bdc:	b510      	push	{r4, lr}
10005bde:	f006 f82b 	bl	1000bc38 <__reset_non_control_endpoints_veneer>
10005be2:	bd10      	pop	{r4, pc}

10005be4 <dcd_edpt_xfer>:
10005be4:	b510      	push	{r4, lr}
10005be6:	207f      	movs	r0, #127	; 0x7f
10005be8:	000c      	movs	r4, r1
10005bea:	4020      	ands	r0, r4
10005bec:	0040      	lsls	r0, r0, #1
10005bee:	09e4      	lsrs	r4, r4, #7
10005bf0:	0011      	movs	r1, r2
10005bf2:	1900      	adds	r0, r0, r4
10005bf4:	001a      	movs	r2, r3
10005bf6:	4b03      	ldr	r3, [pc, #12]	; (10005c04 <dcd_edpt_xfer+0x20>)
10005bf8:	0140      	lsls	r0, r0, #5
10005bfa:	18c0      	adds	r0, r0, r3
10005bfc:	f000 f85e 	bl	10005cbc <hw_endpoint_xfer_start>
10005c00:	2001      	movs	r0, #1
10005c02:	bd10      	pop	{r4, pc}
10005c04:	20002168 	.word	0x20002168

10005c08 <dcd_edpt_stall>:
10005c08:	237f      	movs	r3, #127	; 0x7f
10005c0a:	0018      	movs	r0, r3
10005c0c:	b510      	push	{r4, lr}
10005c0e:	4008      	ands	r0, r1
10005c10:	420b      	tst	r3, r1
10005c12:	d00b      	beq.n	10005c2c <dcd_edpt_stall+0x24>
10005c14:	09c9      	lsrs	r1, r1, #7
10005c16:	2280      	movs	r2, #128	; 0x80
10005c18:	0040      	lsls	r0, r0, #1
10005c1a:	4b07      	ldr	r3, [pc, #28]	; (10005c38 <dcd_edpt_stall+0x30>)
10005c1c:	1840      	adds	r0, r0, r1
10005c1e:	0140      	lsls	r0, r0, #5
10005c20:	2100      	movs	r1, #0
10005c22:	18c0      	adds	r0, r0, r3
10005c24:	0112      	lsls	r2, r2, #4
10005c26:	f006 f82f 	bl	1000bc88 <___hw_endpoint_buffer_control_update32_veneer>
10005c2a:	bd10      	pop	{r4, pc}
10005c2c:	2302      	movs	r3, #2
10005c2e:	4a03      	ldr	r2, [pc, #12]	; (10005c3c <dcd_edpt_stall+0x34>)
10005c30:	09c9      	lsrs	r1, r1, #7
10005c32:	1a5b      	subs	r3, r3, r1
10005c34:	6693      	str	r3, [r2, #104]	; 0x68
10005c36:	e7ee      	b.n	10005c16 <dcd_edpt_stall+0xe>
10005c38:	20002168 	.word	0x20002168
10005c3c:	50112000 	.word	0x50112000

10005c40 <dcd_edpt_clear_stall>:
10005c40:	227f      	movs	r2, #127	; 0x7f
10005c42:	0013      	movs	r3, r2
10005c44:	b510      	push	{r4, lr}
10005c46:	400b      	ands	r3, r1
10005c48:	420a      	tst	r2, r1
10005c4a:	d100      	bne.n	10005c4e <dcd_edpt_clear_stall+0xe>
10005c4c:	bd10      	pop	{r4, pc}
10005c4e:	09c9      	lsrs	r1, r1, #7
10005c50:	005b      	lsls	r3, r3, #1
10005c52:	185b      	adds	r3, r3, r1
10005c54:	4804      	ldr	r0, [pc, #16]	; (10005c68 <dcd_edpt_clear_stall+0x28>)
10005c56:	015b      	lsls	r3, r3, #5
10005c58:	18c0      	adds	r0, r0, r3
10005c5a:	2300      	movs	r3, #0
10005c5c:	2200      	movs	r2, #0
10005c5e:	4903      	ldr	r1, [pc, #12]	; (10005c6c <dcd_edpt_clear_stall+0x2c>)
10005c60:	70c3      	strb	r3, [r0, #3]
10005c62:	f006 f811 	bl	1000bc88 <___hw_endpoint_buffer_control_update32_veneer>
10005c66:	e7f1      	b.n	10005c4c <dcd_edpt_clear_stall+0xc>
10005c68:	20002168 	.word	0x20002168
10005c6c:	fffff7ff 	.word	0xfffff7ff

10005c70 <rp2040_usb_init>:
10005c70:	2280      	movs	r2, #128	; 0x80
10005c72:	4b0d      	ldr	r3, [pc, #52]	; (10005ca8 <rp2040_usb_init+0x38>)
10005c74:	0452      	lsls	r2, r2, #17
10005c76:	b510      	push	{r4, lr}
10005c78:	601a      	str	r2, [r3, #0]
10005c7a:	4b0c      	ldr	r3, [pc, #48]	; (10005cac <rp2040_usb_init+0x3c>)
10005c7c:	490c      	ldr	r1, [pc, #48]	; (10005cb0 <rp2040_usb_init+0x40>)
10005c7e:	601a      	str	r2, [r3, #0]
10005c80:	0010      	movs	r0, r2
10005c82:	688b      	ldr	r3, [r1, #8]
10005c84:	4398      	bics	r0, r3
10005c86:	d1fb      	bne.n	10005c80 <rp2040_usb_init+0x10>
10005c88:	4c0a      	ldr	r4, [pc, #40]	; (10005cb4 <rp2040_usb_init+0x44>)
10005c8a:	229c      	movs	r2, #156	; 0x9c
10005c8c:	2100      	movs	r1, #0
10005c8e:	0020      	movs	r0, r4
10005c90:	f7ff f848 	bl	10004d24 <__wrap_memset>
10005c94:	2280      	movs	r2, #128	; 0x80
10005c96:	2100      	movs	r1, #0
10005c98:	0152      	lsls	r2, r2, #5
10005c9a:	4807      	ldr	r0, [pc, #28]	; (10005cb8 <rp2040_usb_init+0x48>)
10005c9c:	f7ff f842 	bl	10004d24 <__wrap_memset>
10005ca0:	2309      	movs	r3, #9
10005ca2:	6763      	str	r3, [r4, #116]	; 0x74
10005ca4:	bd10      	pop	{r4, pc}
10005ca6:	46c0      	nop			; (mov r8, r8)
10005ca8:	4000e000 	.word	0x4000e000
10005cac:	4000f000 	.word	0x4000f000
10005cb0:	4000c000 	.word	0x4000c000
10005cb4:	50110000 	.word	0x50110000
10005cb8:	50100000 	.word	0x50100000

10005cbc <hw_endpoint_xfer_start>:
10005cbc:	2300      	movs	r3, #0
10005cbe:	b510      	push	{r4, lr}
10005cc0:	82c3      	strh	r3, [r0, #22]
10005cc2:	3301      	adds	r3, #1
10005cc4:	8282      	strh	r2, [r0, #20]
10005cc6:	7683      	strb	r3, [r0, #26]
10005cc8:	6101      	str	r1, [r0, #16]
10005cca:	0004      	movs	r4, r0
10005ccc:	f005 ff94 	bl	1000bbf8 <__e15_is_bulkin_ep_veneer>
10005cd0:	2800      	cmp	r0, #0
10005cd2:	d004      	beq.n	10005cde <hw_endpoint_xfer_start+0x22>
10005cd4:	2180      	movs	r1, #128	; 0x80
10005cd6:	2390      	movs	r3, #144	; 0x90
10005cd8:	4a07      	ldr	r2, [pc, #28]	; (10005cf8 <hw_endpoint_xfer_start+0x3c>)
10005cda:	0289      	lsls	r1, r1, #10
10005cdc:	50d1      	str	r1, [r2, r3]
10005cde:	0020      	movs	r0, r4
10005ce0:	f005 ff92 	bl	1000bc08 <__e15_is_critical_frame_period_veneer>
10005ce4:	2800      	cmp	r0, #0
10005ce6:	d002      	beq.n	10005cee <hw_endpoint_xfer_start+0x32>
10005ce8:	2301      	movs	r3, #1
10005cea:	7723      	strb	r3, [r4, #28]
10005cec:	bd10      	pop	{r4, pc}
10005cee:	0020      	movs	r0, r4
10005cf0:	f005 ffc2 	bl	1000bc78 <__hw_endpoint_start_next_buffer_veneer>
10005cf4:	e7fa      	b.n	10005cec <hw_endpoint_xfer_start+0x30>
10005cf6:	46c0      	nop			; (mov r8, r8)
10005cf8:	50112000 	.word	0x50112000

10005cfc <tud_mounted>:
10005cfc:	4b02      	ldr	r3, [pc, #8]	; (10005d08 <tud_mounted+0xc>)
10005cfe:	7858      	ldrb	r0, [r3, #1]
10005d00:	1e43      	subs	r3, r0, #1
10005d02:	4198      	sbcs	r0, r3
10005d04:	b2c0      	uxtb	r0, r0
10005d06:	4770      	bx	lr
10005d08:	20001e6c 	.word	0x20001e6c

10005d0c <tud_suspended>:
10005d0c:	4b02      	ldr	r3, [pc, #8]	; (10005d18 <tud_suspended+0xc>)
10005d0e:	7818      	ldrb	r0, [r3, #0]
10005d10:	0740      	lsls	r0, r0, #29
10005d12:	0fc0      	lsrs	r0, r0, #31
10005d14:	4770      	bx	lr
10005d16:	46c0      	nop			; (mov r8, r8)
10005d18:	20001e6c 	.word	0x20001e6c

10005d1c <tud_inited>:
10005d1c:	4b03      	ldr	r3, [pc, #12]	; (10005d2c <tud_inited+0x10>)
10005d1e:	7818      	ldrb	r0, [r3, #0]
10005d20:	38ff      	subs	r0, #255	; 0xff
10005d22:	1e43      	subs	r3, r0, #1
10005d24:	4198      	sbcs	r0, r3
10005d26:	b2c0      	uxtb	r0, r0
10005d28:	4770      	bx	lr
10005d2a:	46c0      	nop			; (mov r8, r8)
10005d2c:	20000f24 	.word	0x20000f24

10005d30 <tud_init>:
10005d30:	b5f0      	push	{r4, r5, r6, r7, lr}
10005d32:	46c6      	mov	lr, r8
10005d34:	b500      	push	{lr}
10005d36:	4e2a      	ldr	r6, [pc, #168]	; (10005de0 <tud_init+0xb0>)
10005d38:	0005      	movs	r5, r0
10005d3a:	7833      	ldrb	r3, [r6, #0]
10005d3c:	2bff      	cmp	r3, #255	; 0xff
10005d3e:	d001      	beq.n	10005d44 <tud_init+0x14>
10005d40:	2001      	movs	r0, #1
10005d42:	e03f      	b.n	10005dc4 <tud_init+0x94>
10005d44:	2253      	movs	r2, #83	; 0x53
10005d46:	2100      	movs	r1, #0
10005d48:	4826      	ldr	r0, [pc, #152]	; (10005de4 <tud_init+0xb4>)
10005d4a:	f7fe ffeb 	bl	10004d24 <__wrap_memset>
10005d4e:	4c26      	ldr	r4, [pc, #152]	; (10005de8 <tud_init+0xb8>)
10005d50:	0020      	movs	r0, r4
10005d52:	f7fb f8f5 	bl	10000f40 <mutex_init>
10005d56:	4b25      	ldr	r3, [pc, #148]	; (10005dec <tud_init+0xbc>)
10005d58:	601c      	str	r4, [r3, #0]
10005d5a:	4c25      	ldr	r4, [pc, #148]	; (10005df0 <tud_init+0xc0>)
10005d5c:	0020      	movs	r0, r4
10005d5e:	3c14      	subs	r4, #20
10005d60:	f7fb f90a 	bl	10000f78 <critical_section_init>
10005d64:	0020      	movs	r0, r4
10005d66:	f001 fbe3 	bl	10007530 <tu_fifo_clear>
10005d6a:	4b22      	ldr	r3, [pc, #136]	; (10005df4 <tud_init+0xc4>)
10005d6c:	4f22      	ldr	r7, [pc, #136]	; (10005df8 <tud_init+0xc8>)
10005d6e:	601c      	str	r4, [r3, #0]
10005d70:	4b22      	ldr	r3, [pc, #136]	; (10005dfc <tud_init+0xcc>)
10005d72:	4698      	mov	r8, r3
10005d74:	2b00      	cmp	r3, #0
10005d76:	d01d      	beq.n	10005db4 <tud_init+0x84>
10005d78:	0038      	movs	r0, r7
10005d7a:	f7ff faff 	bl	1000537c <usbd_app_driver_get_cb>
10005d7e:	4b20      	ldr	r3, [pc, #128]	; (10005e00 <tud_init+0xd0>)
10005d80:	6018      	str	r0, [r3, #0]
10005d82:	783b      	ldrb	r3, [r7, #0]
10005d84:	4642      	mov	r2, r8
10005d86:	2400      	movs	r4, #0
10005d88:	2a00      	cmp	r2, #0
10005d8a:	d015      	beq.n	10005db8 <tud_init+0x88>
10005d8c:	4a1d      	ldr	r2, [pc, #116]	; (10005e04 <tud_init+0xd4>)
10005d8e:	4690      	mov	r8, r2
10005d90:	4642      	mov	r2, r8
10005d92:	429c      	cmp	r4, r3
10005d94:	d319      	bcc.n	10005dca <tud_init+0x9a>
10005d96:	4790      	blx	r2
10005d98:	3401      	adds	r4, #1
10005d9a:	783b      	ldrb	r3, [r7, #0]
10005d9c:	b2e4      	uxtb	r4, r4
10005d9e:	42a3      	cmp	r3, r4
10005da0:	d2f6      	bcs.n	10005d90 <tud_init+0x60>
10005da2:	0028      	movs	r0, r5
10005da4:	7035      	strb	r5, [r6, #0]
10005da6:	f7ff fe3b 	bl	10005a20 <dcd_init>
10005daa:	0028      	movs	r0, r5
10005dac:	f7ff fe20 	bl	100059f0 <dcd_int_enable>
10005db0:	2001      	movs	r0, #1
10005db2:	e007      	b.n	10005dc4 <tud_init+0x94>
10005db4:	783b      	ldrb	r3, [r7, #0]
10005db6:	e7e5      	b.n	10005d84 <tud_init+0x54>
10005db8:	f000 ff16 	bl	10006be8 <cdcd_init>
10005dbc:	783b      	ldrb	r3, [r7, #0]
10005dbe:	2b00      	cmp	r3, #0
10005dc0:	d0ef      	beq.n	10005da2 <tud_init+0x72>
10005dc2:	2000      	movs	r0, #0
10005dc4:	bc80      	pop	{r7}
10005dc6:	46b8      	mov	r8, r7
10005dc8:	bdf0      	pop	{r4, r5, r6, r7, pc}
10005dca:	4a0d      	ldr	r2, [pc, #52]	; (10005e00 <tud_init+0xd0>)
10005dcc:	0063      	lsls	r3, r4, #1
10005dce:	6812      	ldr	r2, [r2, #0]
10005dd0:	191b      	adds	r3, r3, r4
10005dd2:	00db      	lsls	r3, r3, #3
10005dd4:	18d3      	adds	r3, r2, r3
10005dd6:	2b00      	cmp	r3, #0
10005dd8:	d0f3      	beq.n	10005dc2 <tud_init+0x92>
10005dda:	681a      	ldr	r2, [r3, #0]
10005ddc:	e7db      	b.n	10005d96 <tud_init+0x66>
10005dde:	46c0      	nop			; (mov r8, r8)
10005de0:	20000f24 	.word	0x20000f24
10005de4:	20001e6c 	.word	0x20001e6c
10005de8:	20001e24 	.word	0x20001e24
10005dec:	20001ec0 	.word	0x20001ec0
10005df0:	20000f1c 	.word	0x20000f1c
10005df4:	20001ec4 	.word	0x20001ec4
10005df8:	200025e7 	.word	0x200025e7
10005dfc:	1000537d 	.word	0x1000537d
10005e00:	20001b44 	.word	0x20001b44
10005e04:	10006be9 	.word	0x10006be9

10005e08 <tud_task_ext>:
10005e08:	b5f0      	push	{r4, r5, r6, r7, lr}
10005e0a:	46de      	mov	lr, fp
10005e0c:	4657      	mov	r7, sl
10005e0e:	464e      	mov	r6, r9
10005e10:	4645      	mov	r5, r8
10005e12:	b5e0      	push	{r5, r6, r7, lr}
10005e14:	b091      	sub	sp, #68	; 0x44
10005e16:	f001 f8c3 	bl	10006fa0 <tusb_inited>
10005e1a:	2800      	cmp	r0, #0
10005e1c:	d100      	bne.n	10005e20 <tud_task_ext+0x18>
10005e1e:	e115      	b.n	1000604c <tud_task_ext+0x244>
10005e20:	4bca      	ldr	r3, [pc, #808]	; (1000614c <tud_task_ext+0x344>)
10005e22:	4ecb      	ldr	r6, [pc, #812]	; (10006150 <tud_task_ext+0x348>)
10005e24:	9301      	str	r3, [sp, #4]
10005e26:	4bcb      	ldr	r3, [pc, #812]	; (10006154 <tud_task_ext+0x34c>)
10005e28:	ac0d      	add	r4, sp, #52	; 0x34
10005e2a:	9302      	str	r3, [sp, #8]
10005e2c:	4bca      	ldr	r3, [pc, #808]	; (10006158 <tud_task_ext+0x350>)
10005e2e:	469b      	mov	fp, r3
10005e30:	6835      	ldr	r5, [r6, #0]
10005e32:	696a      	ldr	r2, [r5, #20]
10005e34:	f3ef 8110 	mrs	r1, PRIMASK
10005e38:	b672      	cpsid	i
10005e3a:	6813      	ldr	r3, [r2, #0]
10005e3c:	2b00      	cmp	r3, #0
10005e3e:	d0fc      	beq.n	10005e3a <tud_task_ext+0x32>
10005e40:	f3bf 8f5f 	dmb	sy
10005e44:	61a9      	str	r1, [r5, #24]
10005e46:	0028      	movs	r0, r5
10005e48:	0021      	movs	r1, r4
10005e4a:	f001 f9b3 	bl	100071b4 <tu_fifo_read>
10005e4e:	696a      	ldr	r2, [r5, #20]
10005e50:	69ab      	ldr	r3, [r5, #24]
10005e52:	f3bf 8f5f 	dmb	sy
10005e56:	2100      	movs	r1, #0
10005e58:	6011      	str	r1, [r2, #0]
10005e5a:	f383 8810 	msr	PRIMASK, r3
10005e5e:	2800      	cmp	r0, #0
10005e60:	d100      	bne.n	10005e64 <tud_task_ext+0x5c>
10005e62:	e0f3      	b.n	1000604c <tud_task_ext+0x244>
10005e64:	7863      	ldrb	r3, [r4, #1]
10005e66:	2b08      	cmp	r3, #8
10005e68:	d8e2      	bhi.n	10005e30 <tud_task_ext+0x28>
10005e6a:	9a01      	ldr	r2, [sp, #4]
10005e6c:	009b      	lsls	r3, r3, #2
10005e6e:	58d3      	ldr	r3, [r2, r3]
10005e70:	469f      	mov	pc, r3
10005e72:	6863      	ldr	r3, [r4, #4]
10005e74:	2b00      	cmp	r3, #0
10005e76:	d0db      	beq.n	10005e30 <tud_task_ext+0x28>
10005e78:	68a0      	ldr	r0, [r4, #8]
10005e7a:	4798      	blx	r3
10005e7c:	e7d8      	b.n	10005e30 <tud_task_ext+0x28>
10005e7e:	227f      	movs	r2, #127	; 0x7f
10005e80:	7921      	ldrb	r1, [r4, #4]
10005e82:	4db4      	ldr	r5, [pc, #720]	; (10006154 <tud_task_ext+0x34c>)
10005e84:	400a      	ands	r2, r1
10005e86:	0053      	lsls	r3, r2, #1
10005e88:	09c8      	lsrs	r0, r1, #7
10005e8a:	18eb      	adds	r3, r5, r3
10005e8c:	181b      	adds	r3, r3, r0
10005e8e:	0018      	movs	r0, r3
10005e90:	2701      	movs	r7, #1
10005e92:	3030      	adds	r0, #48	; 0x30
10005e94:	78c5      	ldrb	r5, [r0, #3]
10005e96:	43bd      	bics	r5, r7
10005e98:	70c5      	strb	r5, [r0, #3]
10005e9a:	78c5      	ldrb	r5, [r0, #3]
10005e9c:	3703      	adds	r7, #3
10005e9e:	43bd      	bics	r5, r7
10005ea0:	70c5      	strb	r5, [r0, #3]
10005ea2:	2a00      	cmp	r2, #0
10005ea4:	d100      	bne.n	10005ea8 <tud_task_ext+0xa0>
10005ea6:	e0ee      	b.n	10006086 <tud_task_ext+0x27e>
10005ea8:	4aac      	ldr	r2, [pc, #688]	; (1000615c <tud_task_ext+0x354>)
10005eaa:	7cdb      	ldrb	r3, [r3, #19]
10005eac:	2a00      	cmp	r2, #0
10005eae:	d006      	beq.n	10005ebe <tud_task_ext+0xb6>
10005eb0:	4aab      	ldr	r2, [pc, #684]	; (10006160 <tud_task_ext+0x358>)
10005eb2:	7812      	ldrb	r2, [r2, #0]
10005eb4:	4293      	cmp	r3, r2
10005eb6:	d200      	bcs.n	10005eba <tud_task_ext+0xb2>
10005eb8:	e164      	b.n	10006184 <tud_task_ext+0x37c>
10005eba:	1a9b      	subs	r3, r3, r2
10005ebc:	b2db      	uxtb	r3, r3
10005ebe:	2b00      	cmp	r3, #0
10005ec0:	d000      	beq.n	10005ec4 <tud_task_ext+0xbc>
10005ec2:	e0c3      	b.n	1000604c <tud_task_ext+0x244>
10005ec4:	4da7      	ldr	r5, [pc, #668]	; (10006164 <tud_task_ext+0x35c>)
10005ec6:	68a3      	ldr	r3, [r4, #8]
10005ec8:	7962      	ldrb	r2, [r4, #5]
10005eca:	7820      	ldrb	r0, [r4, #0]
10005ecc:	47a8      	blx	r5
10005ece:	e7af      	b.n	10005e30 <tud_task_ext+0x28>
10005ed0:	2201      	movs	r2, #1
10005ed2:	4da0      	ldr	r5, [pc, #640]	; (10006154 <tud_task_ext+0x34c>)
10005ed4:	2101      	movs	r1, #1
10005ed6:	782b      	ldrb	r3, [r5, #0]
10005ed8:	2004      	movs	r0, #4
10005eda:	4313      	orrs	r3, r2
10005edc:	702b      	strb	r3, [r5, #0]
10005ede:	2333      	movs	r3, #51	; 0x33
10005ee0:	5cea      	ldrb	r2, [r5, r3]
10005ee2:	438a      	bics	r2, r1
10005ee4:	54ea      	strb	r2, [r5, r3]
10005ee6:	5cea      	ldrb	r2, [r5, r3]
10005ee8:	4382      	bics	r2, r0
10005eea:	54ea      	strb	r2, [r5, r3]
10005eec:	3301      	adds	r3, #1
10005eee:	5cea      	ldrb	r2, [r5, r3]
10005ef0:	438a      	bics	r2, r1
10005ef2:	54ea      	strb	r2, [r5, r3]
10005ef4:	5cea      	ldrb	r2, [r5, r3]
10005ef6:	4382      	bics	r2, r0
10005ef8:	54ea      	strb	r2, [r5, r3]
10005efa:	7823      	ldrb	r3, [r4, #0]
10005efc:	2000      	movs	r0, #0
10005efe:	469a      	mov	sl, r3
10005f00:	f000 fd26 	bl	10006950 <usbd_control_set_complete_callback>
10005f04:	2260      	movs	r2, #96	; 0x60
10005f06:	7923      	ldrb	r3, [r4, #4]
10005f08:	401a      	ands	r2, r3
10005f0a:	2a60      	cmp	r2, #96	; 0x60
10005f0c:	d00d      	beq.n	10005f2a <tud_task_ext+0x122>
10005f0e:	2a40      	cmp	r2, #64	; 0x40
10005f10:	d100      	bne.n	10005f14 <tud_task_ext+0x10c>
10005f12:	e0be      	b.n	10006092 <tud_task_ext+0x28a>
10005f14:	06db      	lsls	r3, r3, #27
10005f16:	0edb      	lsrs	r3, r3, #27
10005f18:	2b01      	cmp	r3, #1
10005f1a:	d100      	bne.n	10005f1e <tud_task_ext+0x116>
10005f1c:	e13d      	b.n	1000619a <tud_task_ext+0x392>
10005f1e:	2b02      	cmp	r3, #2
10005f20:	d100      	bne.n	10005f24 <tud_task_ext+0x11c>
10005f22:	e0d3      	b.n	100060cc <tud_task_ext+0x2c4>
10005f24:	2b00      	cmp	r3, #0
10005f26:	d100      	bne.n	10005f2a <tud_task_ext+0x122>
10005f28:	e0c2      	b.n	100060b0 <tud_task_ext+0x2a8>
10005f2a:	7820      	ldrb	r0, [r4, #0]
10005f2c:	2100      	movs	r1, #0
10005f2e:	f7ff fe6b 	bl	10005c08 <dcd_edpt_stall>
10005f32:	2180      	movs	r1, #128	; 0x80
10005f34:	7820      	ldrb	r0, [r4, #0]
10005f36:	f7ff fe67 	bl	10005c08 <dcd_edpt_stall>
10005f3a:	e779      	b.n	10005e30 <tud_task_ext+0x28>
10005f3c:	9b02      	ldr	r3, [sp, #8]
10005f3e:	781b      	ldrb	r3, [r3, #0]
10005f40:	07db      	lsls	r3, r3, #31
10005f42:	d400      	bmi.n	10005f46 <tud_task_ext+0x13e>
10005f44:	e774      	b.n	10005e30 <tud_task_ext+0x28>
10005f46:	4b88      	ldr	r3, [pc, #544]	; (10006168 <tud_task_ext+0x360>)
10005f48:	2b00      	cmp	r3, #0
10005f4a:	d100      	bne.n	10005f4e <tud_task_ext+0x146>
10005f4c:	e770      	b.n	10005e30 <tud_task_ext+0x28>
10005f4e:	e000      	b.n	10005f52 <tud_task_ext+0x14a>
10005f50:	bf00      	nop
10005f52:	e76d      	b.n	10005e30 <tud_task_ext+0x28>
10005f54:	4d7f      	ldr	r5, [pc, #508]	; (10006154 <tud_task_ext+0x34c>)
10005f56:	782b      	ldrb	r3, [r5, #0]
10005f58:	07db      	lsls	r3, r3, #31
10005f5a:	d400      	bmi.n	10005f5e <tud_task_ext+0x156>
10005f5c:	e768      	b.n	10005e30 <tud_task_ext+0x28>
10005f5e:	4b83      	ldr	r3, [pc, #524]	; (1000616c <tud_task_ext+0x364>)
10005f60:	2b00      	cmp	r3, #0
10005f62:	d100      	bne.n	10005f66 <tud_task_ext+0x15e>
10005f64:	e764      	b.n	10005e30 <tud_task_ext+0x28>
10005f66:	7828      	ldrb	r0, [r5, #0]
10005f68:	0700      	lsls	r0, r0, #28
10005f6a:	0fc0      	lsrs	r0, r0, #31
10005f6c:	e000      	b.n	10005f70 <tud_task_ext+0x168>
10005f6e:	bf00      	nop
10005f70:	e75e      	b.n	10005e30 <tud_task_ext+0x28>
10005f72:	7823      	ldrb	r3, [r4, #0]
10005f74:	4f7a      	ldr	r7, [pc, #488]	; (10006160 <tud_task_ext+0x358>)
10005f76:	4a79      	ldr	r2, [pc, #484]	; (1000615c <tud_task_ext+0x354>)
10005f78:	4698      	mov	r8, r3
10005f7a:	2500      	movs	r5, #0
10005f7c:	783b      	ldrb	r3, [r7, #0]
10005f7e:	2a00      	cmp	r2, #0
10005f80:	d049      	beq.n	10006016 <tud_task_ext+0x20e>
10005f82:	46b1      	mov	r9, r6
10005f84:	003e      	movs	r6, r7
10005f86:	465f      	mov	r7, fp
10005f88:	003a      	movs	r2, r7
10005f8a:	429d      	cmp	r5, r3
10005f8c:	d365      	bcc.n	1000605a <tud_task_ext+0x252>
10005f8e:	4640      	mov	r0, r8
10005f90:	4790      	blx	r2
10005f92:	3501      	adds	r5, #1
10005f94:	7833      	ldrb	r3, [r6, #0]
10005f96:	b2ed      	uxtb	r5, r5
10005f98:	42ab      	cmp	r3, r5
10005f9a:	d2f5      	bcs.n	10005f88 <tud_task_ext+0x180>
10005f9c:	464e      	mov	r6, r9
10005f9e:	46bb      	mov	fp, r7
10005fa0:	4d6c      	ldr	r5, [pc, #432]	; (10006154 <tud_task_ext+0x34c>)
10005fa2:	2253      	movs	r2, #83	; 0x53
10005fa4:	2100      	movs	r1, #0
10005fa6:	0028      	movs	r0, r5
10005fa8:	f7fe febc 	bl	10004d24 <__wrap_memset>
10005fac:	2210      	movs	r2, #16
10005fae:	21ff      	movs	r1, #255	; 0xff
10005fb0:	1ce8      	adds	r0, r5, #3
10005fb2:	f7fe feb7 	bl	10004d24 <__wrap_memset>
10005fb6:	0028      	movs	r0, r5
10005fb8:	2220      	movs	r2, #32
10005fba:	21ff      	movs	r1, #255	; 0xff
10005fbc:	3013      	adds	r0, #19
10005fbe:	f7fe feb1 	bl	10004d24 <__wrap_memset>
10005fc2:	e02e      	b.n	10006022 <tud_task_ext+0x21a>
10005fc4:	7823      	ldrb	r3, [r4, #0]
10005fc6:	4f66      	ldr	r7, [pc, #408]	; (10006160 <tud_task_ext+0x358>)
10005fc8:	4a64      	ldr	r2, [pc, #400]	; (1000615c <tud_task_ext+0x354>)
10005fca:	4698      	mov	r8, r3
10005fcc:	2500      	movs	r5, #0
10005fce:	783b      	ldrb	r3, [r7, #0]
10005fd0:	2a00      	cmp	r2, #0
10005fd2:	d02f      	beq.n	10006034 <tud_task_ext+0x22c>
10005fd4:	46b1      	mov	r9, r6
10005fd6:	003e      	movs	r6, r7
10005fd8:	465f      	mov	r7, fp
10005fda:	003a      	movs	r2, r7
10005fdc:	42ab      	cmp	r3, r5
10005fde:	d847      	bhi.n	10006070 <tud_task_ext+0x268>
10005fe0:	4640      	mov	r0, r8
10005fe2:	4790      	blx	r2
10005fe4:	3501      	adds	r5, #1
10005fe6:	7833      	ldrb	r3, [r6, #0]
10005fe8:	b2ed      	uxtb	r5, r5
10005fea:	42ab      	cmp	r3, r5
10005fec:	d2f5      	bcs.n	10005fda <tud_task_ext+0x1d2>
10005fee:	464e      	mov	r6, r9
10005ff0:	46bb      	mov	fp, r7
10005ff2:	4d58      	ldr	r5, [pc, #352]	; (10006154 <tud_task_ext+0x34c>)
10005ff4:	2253      	movs	r2, #83	; 0x53
10005ff6:	2100      	movs	r1, #0
10005ff8:	0028      	movs	r0, r5
10005ffa:	f7fe fe93 	bl	10004d24 <__wrap_memset>
10005ffe:	2210      	movs	r2, #16
10006000:	21ff      	movs	r1, #255	; 0xff
10006002:	1ce8      	adds	r0, r5, #3
10006004:	f7fe fe8e 	bl	10004d24 <__wrap_memset>
10006008:	0028      	movs	r0, r5
1000600a:	2220      	movs	r2, #32
1000600c:	21ff      	movs	r1, #255	; 0xff
1000600e:	3013      	adds	r0, #19
10006010:	f7fe fe88 	bl	10004d24 <__wrap_memset>
10006014:	e015      	b.n	10006042 <tud_task_ext+0x23a>
10006016:	4640      	mov	r0, r8
10006018:	f000 fe24 	bl	10006c64 <cdcd_reset>
1000601c:	783b      	ldrb	r3, [r7, #0]
1000601e:	2b00      	cmp	r3, #0
10006020:	d0be      	beq.n	10005fa0 <tud_task_ext+0x198>
10006022:	f000 fc8b 	bl	1000693c <usbd_control_reset>
10006026:	4b52      	ldr	r3, [pc, #328]	; (10006170 <tud_task_ext+0x368>)
10006028:	2b00      	cmp	r3, #0
1000602a:	d100      	bne.n	1000602e <tud_task_ext+0x226>
1000602c:	e700      	b.n	10005e30 <tud_task_ext+0x28>
1000602e:	e000      	b.n	10006032 <tud_task_ext+0x22a>
10006030:	bf00      	nop
10006032:	e6fd      	b.n	10005e30 <tud_task_ext+0x28>
10006034:	4640      	mov	r0, r8
10006036:	f000 fe15 	bl	10006c64 <cdcd_reset>
1000603a:	783b      	ldrb	r3, [r7, #0]
1000603c:	2b00      	cmp	r3, #0
1000603e:	d0d8      	beq.n	10005ff2 <tud_task_ext+0x1ea>
10006040:	4d44      	ldr	r5, [pc, #272]	; (10006154 <tud_task_ext+0x34c>)
10006042:	f000 fc7b 	bl	1000693c <usbd_control_reset>
10006046:	7923      	ldrb	r3, [r4, #4]
10006048:	70ab      	strb	r3, [r5, #2]
1000604a:	e6f1      	b.n	10005e30 <tud_task_ext+0x28>
1000604c:	b011      	add	sp, #68	; 0x44
1000604e:	bcf0      	pop	{r4, r5, r6, r7}
10006050:	46bb      	mov	fp, r7
10006052:	46b2      	mov	sl, r6
10006054:	46a9      	mov	r9, r5
10006056:	46a0      	mov	r8, r4
10006058:	bdf0      	pop	{r4, r5, r6, r7, pc}
1000605a:	4a46      	ldr	r2, [pc, #280]	; (10006174 <tud_task_ext+0x36c>)
1000605c:	006b      	lsls	r3, r5, #1
1000605e:	6812      	ldr	r2, [r2, #0]
10006060:	195b      	adds	r3, r3, r5
10006062:	00db      	lsls	r3, r3, #3
10006064:	18d3      	adds	r3, r2, r3
10006066:	2b00      	cmp	r3, #0
10006068:	d100      	bne.n	1000606c <tud_task_ext+0x264>
1000606a:	e1ae      	b.n	100063ca <tud_task_ext+0x5c2>
1000606c:	685a      	ldr	r2, [r3, #4]
1000606e:	e78e      	b.n	10005f8e <tud_task_ext+0x186>
10006070:	4a40      	ldr	r2, [pc, #256]	; (10006174 <tud_task_ext+0x36c>)
10006072:	006b      	lsls	r3, r5, #1
10006074:	6812      	ldr	r2, [r2, #0]
10006076:	195b      	adds	r3, r3, r5
10006078:	00db      	lsls	r3, r3, #3
1000607a:	18d3      	adds	r3, r2, r3
1000607c:	2b00      	cmp	r3, #0
1000607e:	d100      	bne.n	10006082 <tud_task_ext+0x27a>
10006080:	e1a6      	b.n	100063d0 <tud_task_ext+0x5c8>
10006082:	685a      	ldr	r2, [r3, #4]
10006084:	e7ac      	b.n	10005fe0 <tud_task_ext+0x1d8>
10006086:	68a3      	ldr	r3, [r4, #8]
10006088:	7962      	ldrb	r2, [r4, #5]
1000608a:	7820      	ldrb	r0, [r4, #0]
1000608c:	f000 fc74 	bl	10006978 <usbd_control_xfer_cb>
10006090:	e6ce      	b.n	10005e30 <tud_task_ext+0x28>
10006092:	4839      	ldr	r0, [pc, #228]	; (10006178 <tud_task_ext+0x370>)
10006094:	2800      	cmp	r0, #0
10006096:	d100      	bne.n	1000609a <tud_task_ext+0x292>
10006098:	e747      	b.n	10005f2a <tud_task_ext+0x122>
1000609a:	f000 fc59 	bl	10006950 <usbd_control_set_complete_callback>
1000609e:	2101      	movs	r1, #1
100060a0:	4650      	mov	r0, sl
100060a2:	aa0e      	add	r2, sp, #56	; 0x38
100060a4:	e000      	b.n	100060a8 <tud_task_ext+0x2a0>
100060a6:	bf00      	nop
100060a8:	2800      	cmp	r0, #0
100060aa:	d000      	beq.n	100060ae <tud_task_ext+0x2a6>
100060ac:	e6c0      	b.n	10005e30 <tud_task_ext+0x28>
100060ae:	e73c      	b.n	10005f2a <tud_task_ext+0x122>
100060b0:	2a20      	cmp	r2, #32
100060b2:	d100      	bne.n	100060b6 <tud_task_ext+0x2ae>
100060b4:	e0a6      	b.n	10006204 <tud_task_ext+0x3fc>
100060b6:	2a00      	cmp	r2, #0
100060b8:	d000      	beq.n	100060bc <tud_task_ext+0x2b4>
100060ba:	e736      	b.n	10005f2a <tud_task_ext+0x122>
100060bc:	7963      	ldrb	r3, [r4, #5]
100060be:	2b09      	cmp	r3, #9
100060c0:	d900      	bls.n	100060c4 <tud_task_ext+0x2bc>
100060c2:	e732      	b.n	10005f2a <tud_task_ext+0x122>
100060c4:	4a2d      	ldr	r2, [pc, #180]	; (1000617c <tud_task_ext+0x374>)
100060c6:	009b      	lsls	r3, r3, #2
100060c8:	58d3      	ldr	r3, [r2, r3]
100060ca:	469f      	mov	pc, r3
100060cc:	2370      	movs	r3, #112	; 0x70
100060ce:	7a21      	ldrb	r1, [r4, #8]
100060d0:	420b      	tst	r3, r1
100060d2:	d000      	beq.n	100060d6 <tud_task_ext+0x2ce>
100060d4:	e729      	b.n	10005f2a <tud_task_ext+0x122>
100060d6:	330f      	adds	r3, #15
100060d8:	400b      	ands	r3, r1
100060da:	005b      	lsls	r3, r3, #1
100060dc:	09cf      	lsrs	r7, r1, #7
100060de:	18e8      	adds	r0, r5, r3
100060e0:	19c0      	adds	r0, r0, r7
100060e2:	7cc0      	ldrb	r0, [r0, #19]
100060e4:	9303      	str	r3, [sp, #12]
100060e6:	4684      	mov	ip, r0
100060e8:	481c      	ldr	r0, [pc, #112]	; (1000615c <tud_task_ext+0x354>)
100060ea:	2800      	cmp	r0, #0
100060ec:	d008      	beq.n	10006100 <tud_task_ext+0x2f8>
100060ee:	481c      	ldr	r0, [pc, #112]	; (10006160 <tud_task_ext+0x358>)
100060f0:	7800      	ldrb	r0, [r0, #0]
100060f2:	4584      	cmp	ip, r0
100060f4:	d200      	bcs.n	100060f8 <tud_task_ext+0x2f0>
100060f6:	e0a8      	b.n	1000624a <tud_task_ext+0x442>
100060f8:	4663      	mov	r3, ip
100060fa:	1a18      	subs	r0, r3, r0
100060fc:	b2c3      	uxtb	r3, r0
100060fe:	469c      	mov	ip, r3
10006100:	4660      	mov	r0, ip
10006102:	2800      	cmp	r0, #0
10006104:	d000      	beq.n	10006108 <tud_task_ext+0x300>
10006106:	e09a      	b.n	1000623e <tud_task_ext+0x436>
10006108:	2a00      	cmp	r2, #0
1000610a:	d000      	beq.n	1000610e <tud_task_ext+0x306>
1000610c:	e159      	b.n	100063c2 <tud_task_ext+0x5ba>
1000610e:	4b1c      	ldr	r3, [pc, #112]	; (10006180 <tud_task_ext+0x378>)
10006110:	4698      	mov	r8, r3
10006112:	7963      	ldrb	r3, [r4, #5]
10006114:	001a      	movs	r2, r3
10006116:	4699      	mov	r9, r3
10006118:	2302      	movs	r3, #2
1000611a:	439a      	bics	r2, r3
1000611c:	2a01      	cmp	r2, #1
1000611e:	d100      	bne.n	10006122 <tud_task_ext+0x31a>
10006120:	e159      	b.n	100063d6 <tud_task_ext+0x5ce>
10006122:	464b      	mov	r3, r9
10006124:	2b00      	cmp	r3, #0
10006126:	d000      	beq.n	1000612a <tud_task_ext+0x322>
10006128:	e6ff      	b.n	10005f2a <tud_task_ext+0x122>
1000612a:	9b03      	ldr	r3, [sp, #12]
1000612c:	aa0c      	add	r2, sp, #48	; 0x30
1000612e:	18eb      	adds	r3, r5, r3
10006130:	19db      	adds	r3, r3, r7
10006132:	3330      	adds	r3, #48	; 0x30
10006134:	78db      	ldrb	r3, [r3, #3]
10006136:	3202      	adds	r2, #2
10006138:	079b      	lsls	r3, r3, #30
1000613a:	0fdb      	lsrs	r3, r3, #31
1000613c:	8013      	strh	r3, [r2, #0]
1000613e:	4650      	mov	r0, sl
10006140:	2302      	movs	r3, #2
10006142:	a90e      	add	r1, sp, #56	; 0x38
10006144:	f000 fba4 	bl	10006890 <tud_control_xfer>
10006148:	e672      	b.n	10005e30 <tud_task_ext+0x28>
1000614a:	46c0      	nop			; (mov r8, r8)
1000614c:	1000c188 	.word	0x1000c188
10006150:	20001ec4 	.word	0x20001ec4
10006154:	20001e6c 	.word	0x20001e6c
10006158:	10006c65 	.word	0x10006c65
1000615c:	1000537d 	.word	0x1000537d
10006160:	200025e7 	.word	0x200025e7
10006164:	10006e59 	.word	0x10006e59
	...
10006174:	20001b44 	.word	0x20001b44
10006178:	00000000 	.word	0x00000000
1000617c:	1000c1ac 	.word	0x1000c1ac
10006180:	1000c214 	.word	0x1000c214
10006184:	4ac0      	ldr	r2, [pc, #768]	; (10006488 <tud_task_ext+0x680>)
10006186:	0058      	lsls	r0, r3, #1
10006188:	6812      	ldr	r2, [r2, #0]
1000618a:	18c3      	adds	r3, r0, r3
1000618c:	00db      	lsls	r3, r3, #3
1000618e:	18d3      	adds	r3, r2, r3
10006190:	2b00      	cmp	r3, #0
10006192:	d100      	bne.n	10006196 <tud_task_ext+0x38e>
10006194:	e75a      	b.n	1000604c <tud_task_ext+0x244>
10006196:	691d      	ldr	r5, [r3, #16]
10006198:	e695      	b.n	10005ec6 <tud_task_ext+0xbe>
1000619a:	7a23      	ldrb	r3, [r4, #8]
1000619c:	2b0f      	cmp	r3, #15
1000619e:	d900      	bls.n	100061a2 <tud_task_ext+0x39a>
100061a0:	e6c3      	b.n	10005f2a <tud_task_ext+0x122>
100061a2:	4aba      	ldr	r2, [pc, #744]	; (1000648c <tud_task_ext+0x684>)
100061a4:	18eb      	adds	r3, r5, r3
100061a6:	78db      	ldrb	r3, [r3, #3]
100061a8:	2a00      	cmp	r2, #0
100061aa:	d005      	beq.n	100061b8 <tud_task_ext+0x3b0>
100061ac:	4ab8      	ldr	r2, [pc, #736]	; (10006490 <tud_task_ext+0x688>)
100061ae:	7812      	ldrb	r2, [r2, #0]
100061b0:	4293      	cmp	r3, r2
100061b2:	d365      	bcc.n	10006280 <tud_task_ext+0x478>
100061b4:	1a9b      	subs	r3, r3, r2
100061b6:	b2db      	uxtb	r3, r3
100061b8:	2b00      	cmp	r3, #0
100061ba:	d000      	beq.n	100061be <tud_task_ext+0x3b6>
100061bc:	e6b5      	b.n	10005f2a <tud_task_ext+0x122>
100061be:	48b5      	ldr	r0, [pc, #724]	; (10006494 <tud_task_ext+0x68c>)
100061c0:	4db5      	ldr	r5, [pc, #724]	; (10006498 <tud_task_ext+0x690>)
100061c2:	f000 fbc5 	bl	10006950 <usbd_control_set_complete_callback>
100061c6:	2101      	movs	r1, #1
100061c8:	4650      	mov	r0, sl
100061ca:	68eb      	ldr	r3, [r5, #12]
100061cc:	aa0e      	add	r2, sp, #56	; 0x38
100061ce:	4798      	blx	r3
100061d0:	2800      	cmp	r0, #0
100061d2:	d000      	beq.n	100061d6 <tud_task_ext+0x3ce>
100061d4:	e62c      	b.n	10005e30 <tud_task_ext+0x28>
100061d6:	2260      	movs	r2, #96	; 0x60
100061d8:	0015      	movs	r5, r2
100061da:	7923      	ldrb	r3, [r4, #4]
100061dc:	401d      	ands	r5, r3
100061de:	421a      	tst	r2, r3
100061e0:	d000      	beq.n	100061e4 <tud_task_ext+0x3dc>
100061e2:	e6a2      	b.n	10005f2a <tud_task_ext+0x122>
100061e4:	7963      	ldrb	r3, [r4, #5]
100061e6:	3b0a      	subs	r3, #10
100061e8:	2b01      	cmp	r3, #1
100061ea:	d900      	bls.n	100061ee <tud_task_ext+0x3e6>
100061ec:	e69d      	b.n	10005f2a <tud_task_ext+0x122>
100061ee:	f000 fbaf 	bl	10006950 <usbd_control_set_complete_callback>
100061f2:	7963      	ldrb	r3, [r4, #5]
100061f4:	2b0a      	cmp	r3, #10
100061f6:	d100      	bne.n	100061fa <tud_task_ext+0x3f2>
100061f8:	e12f      	b.n	1000645a <tud_task_ext+0x652>
100061fa:	4650      	mov	r0, sl
100061fc:	a90e      	add	r1, sp, #56	; 0x38
100061fe:	f000 fb31 	bl	10006864 <tud_control_status>
10006202:	e615      	b.n	10005e30 <tud_task_ext+0x28>
10006204:	7a23      	ldrb	r3, [r4, #8]
10006206:	2b0f      	cmp	r3, #15
10006208:	d900      	bls.n	1000620c <tud_task_ext+0x404>
1000620a:	e68e      	b.n	10005f2a <tud_task_ext+0x122>
1000620c:	4a9f      	ldr	r2, [pc, #636]	; (1000648c <tud_task_ext+0x684>)
1000620e:	18eb      	adds	r3, r5, r3
10006210:	78db      	ldrb	r3, [r3, #3]
10006212:	2a00      	cmp	r2, #0
10006214:	d006      	beq.n	10006224 <tud_task_ext+0x41c>
10006216:	4a9e      	ldr	r2, [pc, #632]	; (10006490 <tud_task_ext+0x688>)
10006218:	7812      	ldrb	r2, [r2, #0]
1000621a:	4293      	cmp	r3, r2
1000621c:	d200      	bcs.n	10006220 <tud_task_ext+0x418>
1000621e:	e0fd      	b.n	1000641c <tud_task_ext+0x614>
10006220:	1a9b      	subs	r3, r3, r2
10006222:	b2db      	uxtb	r3, r3
10006224:	2b00      	cmp	r3, #0
10006226:	d000      	beq.n	1000622a <tud_task_ext+0x422>
10006228:	e67f      	b.n	10005f2a <tud_task_ext+0x122>
1000622a:	489a      	ldr	r0, [pc, #616]	; (10006494 <tud_task_ext+0x68c>)
1000622c:	4d9a      	ldr	r5, [pc, #616]	; (10006498 <tud_task_ext+0x690>)
1000622e:	f000 fb8f 	bl	10006950 <usbd_control_set_complete_callback>
10006232:	2101      	movs	r1, #1
10006234:	4650      	mov	r0, sl
10006236:	68eb      	ldr	r3, [r5, #12]
10006238:	aa0e      	add	r2, sp, #56	; 0x38
1000623a:	4798      	blx	r3
1000623c:	e734      	b.n	100060a8 <tud_task_ext+0x2a0>
1000623e:	2a00      	cmp	r2, #0
10006240:	d000      	beq.n	10006244 <tud_task_ext+0x43c>
10006242:	e672      	b.n	10005f2a <tud_task_ext+0x122>
10006244:	2300      	movs	r3, #0
10006246:	4698      	mov	r8, r3
10006248:	e763      	b.n	10006112 <tud_task_ext+0x30a>
1000624a:	4663      	mov	r3, ip
1000624c:	005b      	lsls	r3, r3, #1
1000624e:	4698      	mov	r8, r3
10006250:	44c4      	add	ip, r8
10006252:	4663      	mov	r3, ip
10006254:	00db      	lsls	r3, r3, #3
10006256:	469c      	mov	ip, r3
10006258:	488b      	ldr	r0, [pc, #556]	; (10006488 <tud_task_ext+0x680>)
1000625a:	6800      	ldr	r0, [r0, #0]
1000625c:	4460      	add	r0, ip
1000625e:	4680      	mov	r8, r0
10006260:	2a00      	cmp	r2, #0
10006262:	d100      	bne.n	10006266 <tud_task_ext+0x45e>
10006264:	e755      	b.n	10006112 <tud_task_ext+0x30a>
10006266:	2800      	cmp	r0, #0
10006268:	d100      	bne.n	1000626c <tud_task_ext+0x464>
1000626a:	e65e      	b.n	10005f2a <tud_task_ext+0x122>
1000626c:	68c0      	ldr	r0, [r0, #12]
1000626e:	f000 fb6f 	bl	10006950 <usbd_control_set_complete_callback>
10006272:	4643      	mov	r3, r8
10006274:	2101      	movs	r1, #1
10006276:	4650      	mov	r0, sl
10006278:	68db      	ldr	r3, [r3, #12]
1000627a:	aa0e      	add	r2, sp, #56	; 0x38
1000627c:	4798      	blx	r3
1000627e:	e713      	b.n	100060a8 <tud_task_ext+0x2a0>
10006280:	4a81      	ldr	r2, [pc, #516]	; (10006488 <tud_task_ext+0x680>)
10006282:	0059      	lsls	r1, r3, #1
10006284:	6815      	ldr	r5, [r2, #0]
10006286:	18cb      	adds	r3, r1, r3
10006288:	00db      	lsls	r3, r3, #3
1000628a:	18ed      	adds	r5, r5, r3
1000628c:	2d00      	cmp	r5, #0
1000628e:	d100      	bne.n	10006292 <tud_task_ext+0x48a>
10006290:	e64b      	b.n	10005f2a <tud_task_ext+0x122>
10006292:	68e8      	ldr	r0, [r5, #12]
10006294:	e795      	b.n	100061c2 <tud_task_ext+0x3ba>
10006296:	88e3      	ldrh	r3, [r4, #6]
10006298:	2b01      	cmp	r3, #1
1000629a:	d000      	beq.n	1000629e <tud_task_ext+0x496>
1000629c:	e645      	b.n	10005f2a <tud_task_ext+0x122>
1000629e:	2208      	movs	r2, #8
100062a0:	782b      	ldrb	r3, [r5, #0]
100062a2:	4650      	mov	r0, sl
100062a4:	4393      	bics	r3, r2
100062a6:	a90e      	add	r1, sp, #56	; 0x38
100062a8:	702b      	strb	r3, [r5, #0]
100062aa:	f000 fadb 	bl	10006864 <tud_control_status>
100062ae:	e5bf      	b.n	10005e30 <tud_task_ext+0x28>
100062b0:	2002      	movs	r0, #2
100062b2:	7829      	ldrb	r1, [r5, #0]
100062b4:	ab0c      	add	r3, sp, #48	; 0x30
100062b6:	1c9a      	adds	r2, r3, #2
100062b8:	068b      	lsls	r3, r1, #26
100062ba:	0889      	lsrs	r1, r1, #2
100062bc:	0fdb      	lsrs	r3, r3, #31
100062be:	4001      	ands	r1, r0
100062c0:	430b      	orrs	r3, r1
100062c2:	e73b      	b.n	1000613c <tud_task_ext+0x334>
100062c4:	79a3      	ldrb	r3, [r4, #6]
100062c6:	4699      	mov	r9, r3
100062c8:	786b      	ldrb	r3, [r5, #1]
100062ca:	4599      	cmp	r9, r3
100062cc:	d007      	beq.n	100062de <tud_task_ext+0x4d6>
100062ce:	786b      	ldrb	r3, [r5, #1]
100062d0:	2b00      	cmp	r3, #0
100062d2:	d000      	beq.n	100062d6 <tud_task_ext+0x4ce>
100062d4:	e14a      	b.n	1000656c <tud_task_ext+0x764>
100062d6:	464b      	mov	r3, r9
100062d8:	2b00      	cmp	r3, #0
100062da:	d000      	beq.n	100062de <tud_task_ext+0x4d6>
100062dc:	e0e8      	b.n	100064b0 <tud_task_ext+0x6a8>
100062de:	464b      	mov	r3, r9
100062e0:	4650      	mov	r0, sl
100062e2:	a90e      	add	r1, sp, #56	; 0x38
100062e4:	706b      	strb	r3, [r5, #1]
100062e6:	f000 fabd 	bl	10006864 <tud_control_status>
100062ea:	e5a1      	b.n	10005e30 <tud_task_ext+0x28>
100062ec:	786b      	ldrb	r3, [r5, #1]
100062ee:	aa0c      	add	r2, sp, #48	; 0x30
100062f0:	3202      	adds	r2, #2
100062f2:	7013      	strb	r3, [r2, #0]
100062f4:	4650      	mov	r0, sl
100062f6:	2301      	movs	r3, #1
100062f8:	a90e      	add	r1, sp, #56	; 0x38
100062fa:	f000 fac9 	bl	10006890 <tud_control_xfer>
100062fe:	e597      	b.n	10005e30 <tud_task_ext+0x28>
10006300:	88e3      	ldrh	r3, [r4, #6]
10006302:	0a1a      	lsrs	r2, r3, #8
10006304:	b2d8      	uxtb	r0, r3
10006306:	2a0f      	cmp	r2, #15
10006308:	d900      	bls.n	1000630c <tud_task_ext+0x504>
1000630a:	e60e      	b.n	10005f2a <tud_task_ext+0x122>
1000630c:	4963      	ldr	r1, [pc, #396]	; (1000649c <tud_task_ext+0x694>)
1000630e:	0093      	lsls	r3, r2, #2
10006310:	58cb      	ldr	r3, [r1, r3]
10006312:	469f      	mov	pc, r3
10006314:	a80e      	add	r0, sp, #56	; 0x38
10006316:	f000 fb21 	bl	1000695c <usbd_control_set_request>
1000631a:	4650      	mov	r0, sl
1000631c:	79a1      	ldrb	r1, [r4, #6]
1000631e:	f7ff fb6d 	bl	100059fc <dcd_set_address>
10006322:	2202      	movs	r2, #2
10006324:	782b      	ldrb	r3, [r5, #0]
10006326:	4313      	orrs	r3, r2
10006328:	702b      	strb	r3, [r5, #0]
1000632a:	e581      	b.n	10005e30 <tud_task_ext+0x28>
1000632c:	88e3      	ldrh	r3, [r4, #6]
1000632e:	2b01      	cmp	r3, #1
10006330:	d000      	beq.n	10006334 <tud_task_ext+0x52c>
10006332:	e5fa      	b.n	10005f2a <tud_task_ext+0x122>
10006334:	2208      	movs	r2, #8
10006336:	782b      	ldrb	r3, [r5, #0]
10006338:	4650      	mov	r0, sl
1000633a:	4313      	orrs	r3, r2
1000633c:	a90e      	add	r1, sp, #56	; 0x38
1000633e:	702b      	strb	r3, [r5, #0]
10006340:	f000 fa90 	bl	10006864 <tud_control_status>
10006344:	e574      	b.n	10005e30 <tud_task_ext+0x28>
10006346:	4b56      	ldr	r3, [pc, #344]	; (100064a0 <tud_task_ext+0x698>)
10006348:	2b00      	cmp	r3, #0
1000634a:	d100      	bne.n	1000634e <tud_task_ext+0x546>
1000634c:	e5ed      	b.n	10005f2a <tud_task_ext+0x122>
1000634e:	e000      	b.n	10006352 <tud_task_ext+0x54a>
10006350:	bf00      	nop
10006352:	1e02      	subs	r2, r0, #0
10006354:	d100      	bne.n	10006358 <tud_task_ext+0x550>
10006356:	e5e8      	b.n	10005f2a <tud_task_ext+0x122>
10006358:	78d3      	ldrb	r3, [r2, #3]
1000635a:	7891      	ldrb	r1, [r2, #2]
1000635c:	021b      	lsls	r3, r3, #8
1000635e:	430b      	orrs	r3, r1
10006360:	4650      	mov	r0, sl
10006362:	a90e      	add	r1, sp, #56	; 0x38
10006364:	f000 fa94 	bl	10006890 <tud_control_xfer>
10006368:	e69e      	b.n	100060a8 <tud_task_ext+0x2a0>
1000636a:	4b4e      	ldr	r3, [pc, #312]	; (100064a4 <tud_task_ext+0x69c>)
1000636c:	2b00      	cmp	r3, #0
1000636e:	d100      	bne.n	10006372 <tud_task_ext+0x56a>
10006370:	e5db      	b.n	10005f2a <tud_task_ext+0x122>
10006372:	e000      	b.n	10006376 <tud_task_ext+0x56e>
10006374:	bf00      	nop
10006376:	1e02      	subs	r2, r0, #0
10006378:	d100      	bne.n	1000637c <tud_task_ext+0x574>
1000637a:	e5d6      	b.n	10005f2a <tud_task_ext+0x122>
1000637c:	4650      	mov	r0, sl
1000637e:	7813      	ldrb	r3, [r2, #0]
10006380:	a90e      	add	r1, sp, #56	; 0x38
10006382:	f000 fa85 	bl	10006890 <tud_control_xfer>
10006386:	e68f      	b.n	100060a8 <tud_task_ext+0x2a0>
10006388:	8921      	ldrh	r1, [r4, #8]
1000638a:	f7ff f9f9 	bl	10005780 <tud_descriptor_string_cb>
1000638e:	1e02      	subs	r2, r0, #0
10006390:	d1f4      	bne.n	1000637c <tud_task_ext+0x574>
10006392:	e5ca      	b.n	10005f2a <tud_task_ext+0x122>
10006394:	2a02      	cmp	r2, #2
10006396:	d100      	bne.n	1000639a <tud_task_ext+0x592>
10006398:	e15f      	b.n	1000665a <tud_task_ext+0x852>
1000639a:	4b43      	ldr	r3, [pc, #268]	; (100064a8 <tud_task_ext+0x6a0>)
1000639c:	2b00      	cmp	r3, #0
1000639e:	d100      	bne.n	100063a2 <tud_task_ext+0x59a>
100063a0:	e5c3      	b.n	10005f2a <tud_task_ext+0x122>
100063a2:	e000      	b.n	100063a6 <tud_task_ext+0x59e>
100063a4:	bf00      	nop
100063a6:	0002      	movs	r2, r0
100063a8:	2a00      	cmp	r2, #0
100063aa:	d100      	bne.n	100063ae <tud_task_ext+0x5a6>
100063ac:	e5bd      	b.n	10005f2a <tud_task_ext+0x122>
100063ae:	e7d3      	b.n	10006358 <tud_task_ext+0x550>
100063b0:	f7ff f9de 	bl	10005770 <tud_descriptor_device_cb>
100063b4:	2312      	movs	r3, #18
100063b6:	0002      	movs	r2, r0
100063b8:	a90e      	add	r1, sp, #56	; 0x38
100063ba:	4650      	mov	r0, sl
100063bc:	f000 fa68 	bl	10006890 <tud_control_xfer>
100063c0:	e672      	b.n	100060a8 <tud_task_ext+0x2a0>
100063c2:	4b35      	ldr	r3, [pc, #212]	; (10006498 <tud_task_ext+0x690>)
100063c4:	4833      	ldr	r0, [pc, #204]	; (10006494 <tud_task_ext+0x68c>)
100063c6:	4698      	mov	r8, r3
100063c8:	e751      	b.n	1000626e <tud_task_ext+0x466>
100063ca:	464e      	mov	r6, r9
100063cc:	46bb      	mov	fp, r7
100063ce:	e628      	b.n	10006022 <tud_task_ext+0x21a>
100063d0:	464e      	mov	r6, r9
100063d2:	46bb      	mov	fp, r7
100063d4:	e634      	b.n	10006040 <tud_task_ext+0x238>
100063d6:	88e2      	ldrh	r2, [r4, #6]
100063d8:	2a00      	cmp	r2, #0
100063da:	d109      	bne.n	100063f0 <tud_task_ext+0x5e8>
100063dc:	464b      	mov	r3, r9
100063de:	2b01      	cmp	r3, #1
100063e0:	d027      	beq.n	10006432 <tud_task_ext+0x62a>
100063e2:	9b03      	ldr	r3, [sp, #12]
100063e4:	18eb      	adds	r3, r5, r3
100063e6:	19df      	adds	r7, r3, r7
100063e8:	3730      	adds	r7, #48	; 0x30
100063ea:	78fb      	ldrb	r3, [r7, #3]
100063ec:	079b      	lsls	r3, r3, #30
100063ee:	d53d      	bpl.n	1000646c <tud_task_ext+0x664>
100063f0:	4643      	mov	r3, r8
100063f2:	2b00      	cmp	r3, #0
100063f4:	d100      	bne.n	100063f8 <tud_task_ext+0x5f0>
100063f6:	e51b      	b.n	10005e30 <tud_task_ext+0x28>
100063f8:	68d8      	ldr	r0, [r3, #12]
100063fa:	f000 faa9 	bl	10006950 <usbd_control_set_complete_callback>
100063fe:	4643      	mov	r3, r8
10006400:	2101      	movs	r1, #1
10006402:	68db      	ldr	r3, [r3, #12]
10006404:	aa0e      	add	r2, sp, #56	; 0x38
10006406:	4650      	mov	r0, sl
10006408:	4798      	blx	r3
1000640a:	2000      	movs	r0, #0
1000640c:	f000 faa0 	bl	10006950 <usbd_control_set_complete_callback>
10006410:	2334      	movs	r3, #52	; 0x34
10006412:	5ceb      	ldrb	r3, [r5, r3]
10006414:	07db      	lsls	r3, r3, #31
10006416:	d500      	bpl.n	1000641a <tud_task_ext+0x612>
10006418:	e50a      	b.n	10005e30 <tud_task_ext+0x28>
1000641a:	e6ee      	b.n	100061fa <tud_task_ext+0x3f2>
1000641c:	4a1a      	ldr	r2, [pc, #104]	; (10006488 <tud_task_ext+0x680>)
1000641e:	0059      	lsls	r1, r3, #1
10006420:	6815      	ldr	r5, [r2, #0]
10006422:	18cb      	adds	r3, r1, r3
10006424:	00db      	lsls	r3, r3, #3
10006426:	18ed      	adds	r5, r5, r3
10006428:	2d00      	cmp	r5, #0
1000642a:	d100      	bne.n	1000642e <tud_task_ext+0x626>
1000642c:	e57d      	b.n	10005f2a <tud_task_ext+0x122>
1000642e:	68e8      	ldr	r0, [r5, #12]
10006430:	e6fd      	b.n	1000622e <tud_task_ext+0x426>
10006432:	9b03      	ldr	r3, [sp, #12]
10006434:	18eb      	adds	r3, r5, r3
10006436:	19df      	adds	r7, r3, r7
10006438:	3730      	adds	r7, #48	; 0x30
1000643a:	78fb      	ldrb	r3, [r7, #3]
1000643c:	079b      	lsls	r3, r3, #30
1000643e:	d5d7      	bpl.n	100063f0 <tud_task_ext+0x5e8>
10006440:	4b1a      	ldr	r3, [pc, #104]	; (100064ac <tud_task_ext+0x6a4>)
10006442:	7818      	ldrb	r0, [r3, #0]
10006444:	f7ff fbfc 	bl	10005c40 <dcd_edpt_clear_stall>
10006448:	2202      	movs	r2, #2
1000644a:	78fb      	ldrb	r3, [r7, #3]
1000644c:	4393      	bics	r3, r2
1000644e:	464a      	mov	r2, r9
10006450:	70fb      	strb	r3, [r7, #3]
10006452:	78fb      	ldrb	r3, [r7, #3]
10006454:	4393      	bics	r3, r2
10006456:	70fb      	strb	r3, [r7, #3]
10006458:	e7ca      	b.n	100063f0 <tud_task_ext+0x5e8>
1000645a:	ab0c      	add	r3, sp, #48	; 0x30
1000645c:	1c9a      	adds	r2, r3, #2
1000645e:	4650      	mov	r0, sl
10006460:	2301      	movs	r3, #1
10006462:	a90e      	add	r1, sp, #56	; 0x38
10006464:	7015      	strb	r5, [r2, #0]
10006466:	f000 fa13 	bl	10006890 <tud_control_xfer>
1000646a:	e4e1      	b.n	10005e30 <tud_task_ext+0x28>
1000646c:	4b0f      	ldr	r3, [pc, #60]	; (100064ac <tud_task_ext+0x6a4>)
1000646e:	7818      	ldrb	r0, [r3, #0]
10006470:	f7ff fbca 	bl	10005c08 <dcd_edpt_stall>
10006474:	2202      	movs	r2, #2
10006476:	78fb      	ldrb	r3, [r7, #3]
10006478:	4313      	orrs	r3, r2
1000647a:	2201      	movs	r2, #1
1000647c:	70fb      	strb	r3, [r7, #3]
1000647e:	78fb      	ldrb	r3, [r7, #3]
10006480:	4313      	orrs	r3, r2
10006482:	70fb      	strb	r3, [r7, #3]
10006484:	e7b4      	b.n	100063f0 <tud_task_ext+0x5e8>
10006486:	46c0      	nop			; (mov r8, r8)
10006488:	20001b44 	.word	0x20001b44
1000648c:	1000537d 	.word	0x1000537d
10006490:	200025e7 	.word	0x200025e7
10006494:	10006d75 	.word	0x10006d75
10006498:	1000c214 	.word	0x1000c214
1000649c:	1000c1d4 	.word	0x1000c1d4
	...
100064ac:	20000f24 	.word	0x20000f24
100064b0:	1e58      	subs	r0, r3, #1
100064b2:	b2c0      	uxtb	r0, r0
100064b4:	f7ff f960 	bl	10005778 <tud_descriptor_configuration_cb>
100064b8:	2800      	cmp	r0, #0
100064ba:	d100      	bne.n	100064be <tud_task_ext+0x6b6>
100064bc:	e535      	b.n	10005f2a <tud_task_ext+0x122>
100064be:	7843      	ldrb	r3, [r0, #1]
100064c0:	9307      	str	r3, [sp, #28]
100064c2:	2b02      	cmp	r3, #2
100064c4:	d000      	beq.n	100064c8 <tud_task_ext+0x6c0>
100064c6:	e530      	b.n	10005f2a <tud_task_ext+0x122>
100064c8:	2101      	movs	r1, #1
100064ca:	79c3      	ldrb	r3, [r0, #7]
100064cc:	0007      	movs	r7, r0
100064ce:	119a      	asrs	r2, r3, #6
100064d0:	115b      	asrs	r3, r3, #5
100064d2:	400a      	ands	r2, r1
100064d4:	400b      	ands	r3, r1
100064d6:	0152      	lsls	r2, r2, #5
100064d8:	011b      	lsls	r3, r3, #4
100064da:	4313      	orrs	r3, r2
100064dc:	782a      	ldrb	r2, [r5, #0]
100064de:	312f      	adds	r1, #47	; 0x2f
100064e0:	438a      	bics	r2, r1
100064e2:	4313      	orrs	r3, r2
100064e4:	702b      	strb	r3, [r5, #0]
100064e6:	78c3      	ldrb	r3, [r0, #3]
100064e8:	7882      	ldrb	r2, [r0, #2]
100064ea:	021b      	lsls	r3, r3, #8
100064ec:	4313      	orrs	r3, r2
100064ee:	18c3      	adds	r3, r0, r3
100064f0:	9306      	str	r3, [sp, #24]
100064f2:	4b66      	ldr	r3, [pc, #408]	; (1000668c <tud_task_ext+0x884>)
100064f4:	46a8      	mov	r8, r5
100064f6:	9305      	str	r3, [sp, #20]
100064f8:	4b65      	ldr	r3, [pc, #404]	; (10006690 <tud_task_ext+0x888>)
100064fa:	3709      	adds	r7, #9
100064fc:	930a      	str	r3, [sp, #40]	; 0x28
100064fe:	464b      	mov	r3, r9
10006500:	46b1      	mov	r9, r6
10006502:	930b      	str	r3, [sp, #44]	; 0x2c
10006504:	9b06      	ldr	r3, [sp, #24]
10006506:	42bb      	cmp	r3, r7
10006508:	d800      	bhi.n	1000650c <tud_task_ext+0x704>
1000650a:	e0aa      	b.n	10006662 <tud_task_ext+0x85a>
1000650c:	2201      	movs	r2, #1
1000650e:	787b      	ldrb	r3, [r7, #1]
10006510:	9203      	str	r2, [sp, #12]
10006512:	2b0b      	cmp	r3, #11
10006514:	d103      	bne.n	1000651e <tud_task_ext+0x716>
10006516:	78fb      	ldrb	r3, [r7, #3]
10006518:	9303      	str	r3, [sp, #12]
1000651a:	783b      	ldrb	r3, [r7, #0]
1000651c:	18ff      	adds	r7, r7, r3
1000651e:	787b      	ldrb	r3, [r7, #1]
10006520:	2b04      	cmp	r3, #4
10006522:	d121      	bne.n	10006568 <tud_task_ext+0x760>
10006524:	2500      	movs	r5, #0
10006526:	9b06      	ldr	r3, [sp, #24]
10006528:	1bdb      	subs	r3, r3, r7
1000652a:	b29b      	uxth	r3, r3
1000652c:	9304      	str	r3, [sp, #16]
1000652e:	9b05      	ldr	r3, [sp, #20]
10006530:	781a      	ldrb	r2, [r3, #0]
10006532:	9b0a      	ldr	r3, [sp, #40]	; 0x28
10006534:	42ab      	cmp	r3, r5
10006536:	d04d      	beq.n	100065d4 <tud_task_ext+0x7cc>
10006538:	4b56      	ldr	r3, [pc, #344]	; (10006694 <tud_task_ext+0x88c>)
1000653a:	9308      	str	r3, [sp, #32]
1000653c:	4b56      	ldr	r3, [pc, #344]	; (10006698 <tud_task_ext+0x890>)
1000653e:	9309      	str	r3, [sp, #36]	; 0x24
10006540:	9b08      	ldr	r3, [sp, #32]
10006542:	9e09      	ldr	r6, [sp, #36]	; 0x24
10006544:	42aa      	cmp	r2, r5
10006546:	d87f      	bhi.n	10006648 <tud_task_ext+0x840>
10006548:	0039      	movs	r1, r7
1000654a:	4650      	mov	r0, sl
1000654c:	9a04      	ldr	r2, [sp, #16]
1000654e:	4798      	blx	r3
10006550:	4684      	mov	ip, r0
10006552:	2808      	cmp	r0, #8
10006554:	d902      	bls.n	1000655c <tud_task_ext+0x754>
10006556:	9a04      	ldr	r2, [sp, #16]
10006558:	4282      	cmp	r2, r0
1000655a:	d247      	bcs.n	100065ec <tud_task_ext+0x7e4>
1000655c:	9b05      	ldr	r3, [sp, #20]
1000655e:	3501      	adds	r5, #1
10006560:	781a      	ldrb	r2, [r3, #0]
10006562:	b2ed      	uxtb	r5, r5
10006564:	42aa      	cmp	r2, r5
10006566:	d2eb      	bcs.n	10006540 <tud_task_ext+0x738>
10006568:	464e      	mov	r6, r9
1000656a:	e4de      	b.n	10005f2a <tud_task_ext+0x122>
1000656c:	4650      	mov	r0, sl
1000656e:	f7ff fb35 	bl	10005bdc <dcd_edpt_close_all>
10006572:	78ab      	ldrb	r3, [r5, #2]
10006574:	4f45      	ldr	r7, [pc, #276]	; (1000668c <tud_task_ext+0x884>)
10006576:	4a46      	ldr	r2, [pc, #280]	; (10006690 <tud_task_ext+0x888>)
10006578:	9303      	str	r3, [sp, #12]
1000657a:	2100      	movs	r1, #0
1000657c:	783b      	ldrb	r3, [r7, #0]
1000657e:	2a00      	cmp	r2, #0
10006580:	d01f      	beq.n	100065c2 <tud_task_ext+0x7ba>
10006582:	4a46      	ldr	r2, [pc, #280]	; (1000669c <tud_task_ext+0x894>)
10006584:	9204      	str	r2, [sp, #16]
10006586:	002a      	movs	r2, r5
10006588:	000d      	movs	r5, r1
1000658a:	4690      	mov	r8, r2
1000658c:	9a04      	ldr	r2, [sp, #16]
1000658e:	429d      	cmp	r5, r3
10006590:	d350      	bcc.n	10006634 <tud_task_ext+0x82c>
10006592:	4650      	mov	r0, sl
10006594:	4790      	blx	r2
10006596:	3501      	adds	r5, #1
10006598:	783b      	ldrb	r3, [r7, #0]
1000659a:	b2ed      	uxtb	r5, r5
1000659c:	42ab      	cmp	r3, r5
1000659e:	d2f5      	bcs.n	1000658c <tud_task_ext+0x784>
100065a0:	4645      	mov	r5, r8
100065a2:	2253      	movs	r2, #83	; 0x53
100065a4:	2100      	movs	r1, #0
100065a6:	0028      	movs	r0, r5
100065a8:	f7fe fbbc 	bl	10004d24 <__wrap_memset>
100065ac:	2210      	movs	r2, #16
100065ae:	21ff      	movs	r1, #255	; 0xff
100065b0:	483b      	ldr	r0, [pc, #236]	; (100066a0 <tud_task_ext+0x898>)
100065b2:	f7fe fbb7 	bl	10004d24 <__wrap_memset>
100065b6:	2220      	movs	r2, #32
100065b8:	21ff      	movs	r1, #255	; 0xff
100065ba:	483a      	ldr	r0, [pc, #232]	; (100066a4 <tud_task_ext+0x89c>)
100065bc:	f7fe fbb2 	bl	10004d24 <__wrap_memset>
100065c0:	e005      	b.n	100065ce <tud_task_ext+0x7c6>
100065c2:	4650      	mov	r0, sl
100065c4:	f000 fb4e 	bl	10006c64 <cdcd_reset>
100065c8:	783b      	ldrb	r3, [r7, #0]
100065ca:	2b00      	cmp	r3, #0
100065cc:	d0e9      	beq.n	100065a2 <tud_task_ext+0x79a>
100065ce:	9b03      	ldr	r3, [sp, #12]
100065d0:	70ab      	strb	r3, [r5, #2]
100065d2:	e680      	b.n	100062d6 <tud_task_ext+0x4ce>
100065d4:	9e04      	ldr	r6, [sp, #16]
100065d6:	0039      	movs	r1, r7
100065d8:	0032      	movs	r2, r6
100065da:	4650      	mov	r0, sl
100065dc:	f000 fb58 	bl	10006c90 <cdcd_open>
100065e0:	4684      	mov	ip, r0
100065e2:	2808      	cmp	r0, #8
100065e4:	d9c0      	bls.n	10006568 <tud_task_ext+0x760>
100065e6:	4286      	cmp	r6, r0
100065e8:	d3be      	bcc.n	10006568 <tud_task_ext+0x760>
100065ea:	4e2b      	ldr	r6, [pc, #172]	; (10006698 <tud_task_ext+0x890>)
100065ec:	9b03      	ldr	r3, [sp, #12]
100065ee:	2b01      	cmp	r3, #1
100065f0:	d044      	beq.n	1000667c <tud_task_ext+0x874>
100065f2:	2200      	movs	r2, #0
100065f4:	4640      	mov	r0, r8
100065f6:	e009      	b.n	1000660c <tud_task_ext+0x804>
100065f8:	78bb      	ldrb	r3, [r7, #2]
100065fa:	18d3      	adds	r3, r2, r3
100065fc:	b2db      	uxtb	r3, r3
100065fe:	18c3      	adds	r3, r0, r3
10006600:	78d9      	ldrb	r1, [r3, #3]
10006602:	29ff      	cmp	r1, #255	; 0xff
10006604:	d1b0      	bne.n	10006568 <tud_task_ext+0x760>
10006606:	3201      	adds	r2, #1
10006608:	70dd      	strb	r5, [r3, #3]
1000660a:	b2d2      	uxtb	r2, r2
1000660c:	9b03      	ldr	r3, [sp, #12]
1000660e:	429a      	cmp	r2, r3
10006610:	d1f2      	bne.n	100065f8 <tud_task_ext+0x7f0>
10006612:	4666      	mov	r6, ip
10006614:	002b      	movs	r3, r5
10006616:	0039      	movs	r1, r7
10006618:	4680      	mov	r8, r0
1000661a:	0032      	movs	r2, r6
1000661c:	4821      	ldr	r0, [pc, #132]	; (100066a4 <tud_task_ext+0x89c>)
1000661e:	f000 fd45 	bl	100070ac <tu_edpt_bind_driver>
10006622:	46b4      	mov	ip, r6
10006624:	9b05      	ldr	r3, [sp, #20]
10006626:	4467      	add	r7, ip
10006628:	781b      	ldrb	r3, [r3, #0]
1000662a:	42ab      	cmp	r3, r5
1000662c:	d300      	bcc.n	10006630 <tud_task_ext+0x828>
1000662e:	e769      	b.n	10006504 <tud_task_ext+0x6fc>
10006630:	464e      	mov	r6, r9
10006632:	e47a      	b.n	10005f2a <tud_task_ext+0x122>
10006634:	4a1c      	ldr	r2, [pc, #112]	; (100066a8 <tud_task_ext+0x8a0>)
10006636:	006b      	lsls	r3, r5, #1
10006638:	6812      	ldr	r2, [r2, #0]
1000663a:	195b      	adds	r3, r3, r5
1000663c:	00db      	lsls	r3, r3, #3
1000663e:	18d3      	adds	r3, r2, r3
10006640:	2b00      	cmp	r3, #0
10006642:	d019      	beq.n	10006678 <tud_task_ext+0x870>
10006644:	685a      	ldr	r2, [r3, #4]
10006646:	e7a4      	b.n	10006592 <tud_task_ext+0x78a>
10006648:	2318      	movs	r3, #24
1000664a:	4a17      	ldr	r2, [pc, #92]	; (100066a8 <tud_task_ext+0x8a0>)
1000664c:	436b      	muls	r3, r5
1000664e:	6816      	ldr	r6, [r2, #0]
10006650:	18f6      	adds	r6, r6, r3
10006652:	2e00      	cmp	r6, #0
10006654:	d088      	beq.n	10006568 <tud_task_ext+0x760>
10006656:	68b3      	ldr	r3, [r6, #8]
10006658:	e776      	b.n	10006548 <tud_task_ext+0x740>
1000665a:	f7ff f88d 	bl	10005778 <tud_descriptor_configuration_cb>
1000665e:	0002      	movs	r2, r0
10006660:	e6a2      	b.n	100063a8 <tud_task_ext+0x5a0>
10006662:	9b0b      	ldr	r3, [sp, #44]	; 0x2c
10006664:	464e      	mov	r6, r9
10006666:	4699      	mov	r9, r3
10006668:	4b10      	ldr	r3, [pc, #64]	; (100066ac <tud_task_ext+0x8a4>)
1000666a:	4645      	mov	r5, r8
1000666c:	2b00      	cmp	r3, #0
1000666e:	d100      	bne.n	10006672 <tud_task_ext+0x86a>
10006670:	e635      	b.n	100062de <tud_task_ext+0x4d6>
10006672:	e000      	b.n	10006676 <tud_task_ext+0x86e>
10006674:	bf00      	nop
10006676:	e632      	b.n	100062de <tud_task_ext+0x4d6>
10006678:	4645      	mov	r5, r8
1000667a:	e7a8      	b.n	100065ce <tud_task_ext+0x7c6>
1000667c:	4b05      	ldr	r3, [pc, #20]	; (10006694 <tud_task_ext+0x88c>)
1000667e:	68b2      	ldr	r2, [r6, #8]
10006680:	429a      	cmp	r2, r3
10006682:	d1b6      	bne.n	100065f2 <tud_task_ext+0x7ea>
10006684:	9b07      	ldr	r3, [sp, #28]
10006686:	9303      	str	r3, [sp, #12]
10006688:	e7b3      	b.n	100065f2 <tud_task_ext+0x7ea>
1000668a:	46c0      	nop			; (mov r8, r8)
1000668c:	200025e7 	.word	0x200025e7
10006690:	1000537d 	.word	0x1000537d
10006694:	10006c91 	.word	0x10006c91
10006698:	1000c214 	.word	0x1000c214
1000669c:	10006c65 	.word	0x10006c65
100066a0:	20001e6f 	.word	0x20001e6f
100066a4:	20001e7f 	.word	0x20001e7f
100066a8:	20001b44 	.word	0x20001b44
100066ac:	00000000 	.word	0x00000000

100066b0 <usbd_open_edpt_pair>:
100066b0:	b5f8      	push	{r3, r4, r5, r6, r7, lr}
100066b2:	4657      	mov	r7, sl
100066b4:	464e      	mov	r6, r9
100066b6:	46de      	mov	lr, fp
100066b8:	4645      	mov	r5, r8
100066ba:	000c      	movs	r4, r1
100066bc:	b5e0      	push	{r5, r6, r7, lr}
100066be:	0016      	movs	r6, r2
100066c0:	001f      	movs	r7, r3
100066c2:	2a00      	cmp	r2, #0
100066c4:	d03c      	beq.n	10006740 <usbd_open_edpt_pair+0x90>
100066c6:	4b1f      	ldr	r3, [pc, #124]	; (10006744 <usbd_open_edpt_pair+0x94>)
100066c8:	2500      	movs	r5, #0
100066ca:	469a      	mov	sl, r3
100066cc:	2370      	movs	r3, #112	; 0x70
100066ce:	4699      	mov	r9, r3
100066d0:	4b1d      	ldr	r3, [pc, #116]	; (10006748 <usbd_open_edpt_pair+0x98>)
100066d2:	469b      	mov	fp, r3
100066d4:	e017      	b.n	10006706 <usbd_open_edpt_pair+0x56>
100066d6:	465b      	mov	r3, fp
100066d8:	0020      	movs	r0, r4
100066da:	7899      	ldrb	r1, [r3, #2]
100066dc:	f000 fca8 	bl	10007030 <tu_edpt_validate>
100066e0:	2800      	cmp	r0, #0
100066e2:	d01f      	beq.n	10006724 <usbd_open_edpt_pair+0x74>
100066e4:	0021      	movs	r1, r4
100066e6:	4640      	mov	r0, r8
100066e8:	f7ff f9f4 	bl	10005ad4 <dcd_edpt_open>
100066ec:	2800      	cmp	r0, #0
100066ee:	d019      	beq.n	10006724 <usbd_open_edpt_pair+0x74>
100066f0:	78a3      	ldrb	r3, [r4, #2]
100066f2:	09da      	lsrs	r2, r3, #7
100066f4:	2a01      	cmp	r2, #1
100066f6:	d01c      	beq.n	10006732 <usbd_open_edpt_pair+0x82>
100066f8:	9a0a      	ldr	r2, [sp, #40]	; 0x28
100066fa:	3501      	adds	r5, #1
100066fc:	7013      	strb	r3, [r2, #0]
100066fe:	7823      	ldrb	r3, [r4, #0]
10006700:	18e4      	adds	r4, r4, r3
10006702:	42b5      	cmp	r5, r6
10006704:	da1c      	bge.n	10006740 <usbd_open_edpt_pair+0x90>
10006706:	7863      	ldrb	r3, [r4, #1]
10006708:	2b05      	cmp	r3, #5
1000670a:	d10b      	bne.n	10006724 <usbd_open_edpt_pair+0x74>
1000670c:	78e3      	ldrb	r3, [r4, #3]
1000670e:	079b      	lsls	r3, r3, #30
10006710:	0f9b      	lsrs	r3, r3, #30
10006712:	42bb      	cmp	r3, r7
10006714:	d106      	bne.n	10006724 <usbd_open_edpt_pair+0x74>
10006716:	4653      	mov	r3, sl
10006718:	464a      	mov	r2, r9
1000671a:	781b      	ldrb	r3, [r3, #0]
1000671c:	4698      	mov	r8, r3
1000671e:	78a3      	ldrb	r3, [r4, #2]
10006720:	421a      	tst	r2, r3
10006722:	d0d8      	beq.n	100066d6 <usbd_open_edpt_pair+0x26>
10006724:	2000      	movs	r0, #0
10006726:	bcf0      	pop	{r4, r5, r6, r7}
10006728:	46bb      	mov	fp, r7
1000672a:	46b2      	mov	sl, r6
1000672c:	46a9      	mov	r9, r5
1000672e:	46a0      	mov	r8, r4
10006730:	bdf8      	pop	{r3, r4, r5, r6, r7, pc}
10006732:	9a0b      	ldr	r2, [sp, #44]	; 0x2c
10006734:	3501      	adds	r5, #1
10006736:	7013      	strb	r3, [r2, #0]
10006738:	7823      	ldrb	r3, [r4, #0]
1000673a:	18e4      	adds	r4, r4, r3
1000673c:	42b5      	cmp	r5, r6
1000673e:	dbe2      	blt.n	10006706 <usbd_open_edpt_pair+0x56>
10006740:	2001      	movs	r0, #1
10006742:	e7f0      	b.n	10006726 <usbd_open_edpt_pair+0x76>
10006744:	20000f24 	.word	0x20000f24
10006748:	20001e6c 	.word	0x20001e6c

1000674c <usbd_defer_func>:
1000674c:	2380      	movs	r3, #128	; 0x80
1000674e:	b510      	push	{r4, lr}
10006750:	011b      	lsls	r3, r3, #4
10006752:	b084      	sub	sp, #16
10006754:	9301      	str	r3, [sp, #4]
10006756:	4b0e      	ldr	r3, [pc, #56]	; (10006790 <usbd_defer_func+0x44>)
10006758:	9002      	str	r0, [sp, #8]
1000675a:	681c      	ldr	r4, [r3, #0]
1000675c:	9103      	str	r1, [sp, #12]
1000675e:	6962      	ldr	r2, [r4, #20]
10006760:	f3ef 8310 	mrs	r3, PRIMASK
10006764:	b672      	cpsid	i
10006766:	6811      	ldr	r1, [r2, #0]
10006768:	2900      	cmp	r1, #0
1000676a:	d0fc      	beq.n	10006766 <usbd_defer_func+0x1a>
1000676c:	f3bf 8f5f 	dmb	sy
10006770:	61a3      	str	r3, [r4, #24]
10006772:	0020      	movs	r0, r4
10006774:	a901      	add	r1, sp, #4
10006776:	f000 fddf 	bl	10007338 <tu_fifo_write>
1000677a:	6962      	ldr	r2, [r4, #20]
1000677c:	69a3      	ldr	r3, [r4, #24]
1000677e:	f3bf 8f5f 	dmb	sy
10006782:	2100      	movs	r1, #0
10006784:	6011      	str	r1, [r2, #0]
10006786:	f383 8810 	msr	PRIMASK, r3
1000678a:	b004      	add	sp, #16
1000678c:	bd10      	pop	{r4, pc}
1000678e:	46c0      	nop			; (mov r8, r8)
10006790:	20001ec4 	.word	0x20001ec4

10006794 <usbd_edpt_open>:
10006794:	2270      	movs	r2, #112	; 0x70
10006796:	b570      	push	{r4, r5, r6, lr}
10006798:	4b09      	ldr	r3, [pc, #36]	; (100067c0 <usbd_edpt_open+0x2c>)
1000679a:	000c      	movs	r4, r1
1000679c:	781d      	ldrb	r5, [r3, #0]
1000679e:	788b      	ldrb	r3, [r1, #2]
100067a0:	421a      	tst	r2, r3
100067a2:	d001      	beq.n	100067a8 <usbd_edpt_open+0x14>
100067a4:	2000      	movs	r0, #0
100067a6:	bd70      	pop	{r4, r5, r6, pc}
100067a8:	4b06      	ldr	r3, [pc, #24]	; (100067c4 <usbd_edpt_open+0x30>)
100067aa:	0020      	movs	r0, r4
100067ac:	7899      	ldrb	r1, [r3, #2]
100067ae:	f000 fc3f 	bl	10007030 <tu_edpt_validate>
100067b2:	2800      	cmp	r0, #0
100067b4:	d0f6      	beq.n	100067a4 <usbd_edpt_open+0x10>
100067b6:	0021      	movs	r1, r4
100067b8:	0028      	movs	r0, r5
100067ba:	f7ff f98b 	bl	10005ad4 <dcd_edpt_open>
100067be:	e7f2      	b.n	100067a6 <usbd_edpt_open+0x12>
100067c0:	20000f24 	.word	0x20000f24
100067c4:	20001e6c 	.word	0x20001e6c

100067c8 <usbd_edpt_claim>:
100067c8:	000b      	movs	r3, r1
100067ca:	207f      	movs	r0, #127	; 0x7f
100067cc:	b510      	push	{r4, lr}
100067ce:	4018      	ands	r0, r3
100067d0:	09db      	lsrs	r3, r3, #7
100067d2:	3333      	adds	r3, #51	; 0x33
100067d4:	0040      	lsls	r0, r0, #1
100067d6:	4a04      	ldr	r2, [pc, #16]	; (100067e8 <usbd_edpt_claim+0x20>)
100067d8:	18c0      	adds	r0, r0, r3
100067da:	4b04      	ldr	r3, [pc, #16]	; (100067ec <usbd_edpt_claim+0x24>)
100067dc:	6811      	ldr	r1, [r2, #0]
100067de:	18c0      	adds	r0, r0, r3
100067e0:	f000 fbe2 	bl	10006fa8 <tu_edpt_claim>
100067e4:	bd10      	pop	{r4, pc}
100067e6:	46c0      	nop			; (mov r8, r8)
100067e8:	20001ec0 	.word	0x20001ec0
100067ec:	20001e6c 	.word	0x20001e6c

100067f0 <usbd_edpt_release>:
100067f0:	000b      	movs	r3, r1
100067f2:	207f      	movs	r0, #127	; 0x7f
100067f4:	b510      	push	{r4, lr}
100067f6:	4018      	ands	r0, r3
100067f8:	09db      	lsrs	r3, r3, #7
100067fa:	3333      	adds	r3, #51	; 0x33
100067fc:	0040      	lsls	r0, r0, #1
100067fe:	4a04      	ldr	r2, [pc, #16]	; (10006810 <usbd_edpt_release+0x20>)
10006800:	18c0      	adds	r0, r0, r3
10006802:	4b04      	ldr	r3, [pc, #16]	; (10006814 <usbd_edpt_release+0x24>)
10006804:	6811      	ldr	r1, [r2, #0]
10006806:	18c0      	adds	r0, r0, r3
10006808:	f000 fbf6 	bl	10006ff8 <tu_edpt_release>
1000680c:	bd10      	pop	{r4, pc}
1000680e:	46c0      	nop			; (mov r8, r8)
10006810:	20001ec0 	.word	0x20001ec0
10006814:	20001e6c 	.word	0x20001e6c

10006818 <usbd_edpt_xfer>:
10006818:	b570      	push	{r4, r5, r6, lr}
1000681a:	247f      	movs	r4, #127	; 0x7f
1000681c:	480f      	ldr	r0, [pc, #60]	; (1000685c <usbd_edpt_xfer+0x44>)
1000681e:	400c      	ands	r4, r1
10006820:	0064      	lsls	r4, r4, #1
10006822:	1904      	adds	r4, r0, r4
10006824:	09cd      	lsrs	r5, r1, #7
10006826:	1964      	adds	r4, r4, r5
10006828:	3430      	adds	r4, #48	; 0x30
1000682a:	78e0      	ldrb	r0, [r4, #3]
1000682c:	07c0      	lsls	r0, r0, #31
1000682e:	d501      	bpl.n	10006834 <usbd_edpt_xfer+0x1c>
10006830:	2000      	movs	r0, #0
10006832:	bd70      	pop	{r4, r5, r6, pc}
10006834:	2601      	movs	r6, #1
10006836:	78e5      	ldrb	r5, [r4, #3]
10006838:	4809      	ldr	r0, [pc, #36]	; (10006860 <usbd_edpt_xfer+0x48>)
1000683a:	4335      	orrs	r5, r6
1000683c:	7800      	ldrb	r0, [r0, #0]
1000683e:	70e5      	strb	r5, [r4, #3]
10006840:	f7ff f9d0 	bl	10005be4 <dcd_edpt_xfer>
10006844:	2800      	cmp	r0, #0
10006846:	d1f4      	bne.n	10006832 <usbd_edpt_xfer+0x1a>
10006848:	2201      	movs	r2, #1
1000684a:	78e3      	ldrb	r3, [r4, #3]
1000684c:	4393      	bics	r3, r2
1000684e:	70e3      	strb	r3, [r4, #3]
10006850:	78e3      	ldrb	r3, [r4, #3]
10006852:	3203      	adds	r2, #3
10006854:	4393      	bics	r3, r2
10006856:	70e3      	strb	r3, [r4, #3]
10006858:	e7ea      	b.n	10006830 <usbd_edpt_xfer+0x18>
1000685a:	46c0      	nop			; (mov r8, r8)
1000685c:	20001e6c 	.word	0x20001e6c
10006860:	20000f24 	.word	0x20000f24

10006864 <tud_control_status>:
10006864:	b570      	push	{r4, r5, r6, lr}
10006866:	4c09      	ldr	r4, [pc, #36]	; (1000688c <tud_control_status+0x28>)
10006868:	0006      	movs	r6, r0
1000686a:	2208      	movs	r2, #8
1000686c:	0020      	movs	r0, r4
1000686e:	000d      	movs	r5, r1
10006870:	f7fe fa5e 	bl	10004d30 <__wrap___aeabi_memcpy>
10006874:	2300      	movs	r3, #0
10006876:	2180      	movs	r1, #128	; 0x80
10006878:	60e3      	str	r3, [r4, #12]
1000687a:	60a3      	str	r3, [r4, #8]
1000687c:	782b      	ldrb	r3, [r5, #0]
1000687e:	0030      	movs	r0, r6
10006880:	4399      	bics	r1, r3
10006882:	2200      	movs	r2, #0
10006884:	2300      	movs	r3, #0
10006886:	f7ff ffc7 	bl	10006818 <usbd_edpt_xfer>
1000688a:	bd70      	pop	{r4, r5, r6, pc}
1000688c:	20001e10 	.word	0x20001e10

10006890 <tud_control_xfer>:
10006890:	b5f8      	push	{r3, r4, r5, r6, r7, lr}
10006892:	46ce      	mov	lr, r9
10006894:	4647      	mov	r7, r8
10006896:	4690      	mov	r8, r2
10006898:	4e26      	ldr	r6, [pc, #152]	; (10006934 <tud_control_xfer+0xa4>)
1000689a:	b580      	push	{r7, lr}
1000689c:	4681      	mov	r9, r0
1000689e:	2208      	movs	r2, #8
100068a0:	0030      	movs	r0, r6
100068a2:	000d      	movs	r5, r1
100068a4:	001f      	movs	r7, r3
100068a6:	f7fe fa43 	bl	10004d30 <__wrap___aeabi_memcpy>
100068aa:	4643      	mov	r3, r8
100068ac:	60b3      	str	r3, [r6, #8]
100068ae:	2300      	movs	r3, #0
100068b0:	81f3      	strh	r3, [r6, #14]
100068b2:	79ec      	ldrb	r4, [r5, #7]
100068b4:	79ab      	ldrb	r3, [r5, #6]
100068b6:	0224      	lsls	r4, r4, #8
100068b8:	431c      	orrs	r4, r3
100068ba:	1c23      	adds	r3, r4, #0
100068bc:	42bc      	cmp	r4, r7
100068be:	d900      	bls.n	100068c2 <tud_control_xfer+0x32>
100068c0:	1c3b      	adds	r3, r7, #0
100068c2:	b29f      	uxth	r7, r3
100068c4:	81b3      	strh	r3, [r6, #12]
100068c6:	2c00      	cmp	r4, #0
100068c8:	d00e      	beq.n	100068e8 <tud_control_xfer+0x58>
100068ca:	2f00      	cmp	r7, #0
100068cc:	d018      	beq.n	10006900 <tud_control_xfer+0x70>
100068ce:	4643      	mov	r3, r8
100068d0:	2b00      	cmp	r3, #0
100068d2:	d02c      	beq.n	1000692e <tud_control_xfer+0x9e>
100068d4:	1c3b      	adds	r3, r7, #0
100068d6:	2f40      	cmp	r7, #64	; 0x40
100068d8:	d81b      	bhi.n	10006912 <tud_control_xfer+0x82>
100068da:	b29f      	uxth	r7, r3
100068dc:	7833      	ldrb	r3, [r6, #0]
100068de:	2b7f      	cmp	r3, #127	; 0x7f
100068e0:	d81c      	bhi.n	1000691c <tud_control_xfer+0x8c>
100068e2:	2100      	movs	r1, #0
100068e4:	4a14      	ldr	r2, [pc, #80]	; (10006938 <tud_control_xfer+0xa8>)
100068e6:	e00f      	b.n	10006908 <tud_control_xfer+0x78>
100068e8:	2180      	movs	r1, #128	; 0x80
100068ea:	782b      	ldrb	r3, [r5, #0]
100068ec:	2200      	movs	r2, #0
100068ee:	4399      	bics	r1, r3
100068f0:	4648      	mov	r0, r9
100068f2:	2300      	movs	r3, #0
100068f4:	f7ff ff90 	bl	10006818 <usbd_edpt_xfer>
100068f8:	bcc0      	pop	{r6, r7}
100068fa:	46b9      	mov	r9, r7
100068fc:	46b0      	mov	r8, r6
100068fe:	bdf8      	pop	{r3, r4, r5, r6, r7, pc}
10006900:	237f      	movs	r3, #127	; 0x7f
10006902:	2200      	movs	r2, #0
10006904:	7831      	ldrb	r1, [r6, #0]
10006906:	4399      	bics	r1, r3
10006908:	003b      	movs	r3, r7
1000690a:	4648      	mov	r0, r9
1000690c:	f7ff ff84 	bl	10006818 <usbd_edpt_xfer>
10006910:	e7f2      	b.n	100068f8 <tud_control_xfer+0x68>
10006912:	2340      	movs	r3, #64	; 0x40
10006914:	b29f      	uxth	r7, r3
10006916:	7833      	ldrb	r3, [r6, #0]
10006918:	2b7f      	cmp	r3, #127	; 0x7f
1000691a:	d9e2      	bls.n	100068e2 <tud_control_xfer+0x52>
1000691c:	4c06      	ldr	r4, [pc, #24]	; (10006938 <tud_control_xfer+0xa8>)
1000691e:	003a      	movs	r2, r7
10006920:	4641      	mov	r1, r8
10006922:	0020      	movs	r0, r4
10006924:	f7fe fa04 	bl	10004d30 <__wrap___aeabi_memcpy>
10006928:	2180      	movs	r1, #128	; 0x80
1000692a:	0022      	movs	r2, r4
1000692c:	e7ec      	b.n	10006908 <tud_control_xfer+0x78>
1000692e:	2000      	movs	r0, #0
10006930:	e7e2      	b.n	100068f8 <tud_control_xfer+0x68>
10006932:	46c0      	nop			; (mov r8, r8)
10006934:	20001e10 	.word	0x20001e10
10006938:	20001e2c 	.word	0x20001e2c

1000693c <usbd_control_reset>:
1000693c:	b510      	push	{r4, lr}
1000693e:	2214      	movs	r2, #20
10006940:	2100      	movs	r1, #0
10006942:	4802      	ldr	r0, [pc, #8]	; (1000694c <usbd_control_reset+0x10>)
10006944:	f7fe f9ee 	bl	10004d24 <__wrap_memset>
10006948:	bd10      	pop	{r4, pc}
1000694a:	46c0      	nop			; (mov r8, r8)
1000694c:	20001e10 	.word	0x20001e10

10006950 <usbd_control_set_complete_callback>:
10006950:	4b01      	ldr	r3, [pc, #4]	; (10006958 <usbd_control_set_complete_callback+0x8>)
10006952:	6118      	str	r0, [r3, #16]
10006954:	4770      	bx	lr
10006956:	46c0      	nop			; (mov r8, r8)
10006958:	20001e10 	.word	0x20001e10

1000695c <usbd_control_set_request>:
1000695c:	b510      	push	{r4, lr}
1000695e:	4c05      	ldr	r4, [pc, #20]	; (10006974 <usbd_control_set_request+0x18>)
10006960:	0001      	movs	r1, r0
10006962:	2208      	movs	r2, #8
10006964:	0020      	movs	r0, r4
10006966:	f7fe f9e3 	bl	10004d30 <__wrap___aeabi_memcpy>
1000696a:	2300      	movs	r3, #0
1000696c:	60a3      	str	r3, [r4, #8]
1000696e:	60e3      	str	r3, [r4, #12]
10006970:	bd10      	pop	{r4, pc}
10006972:	46c0      	nop			; (mov r8, r8)
10006974:	20001e10 	.word	0x20001e10

10006978 <usbd_control_xfer_cb>:
10006978:	b570      	push	{r4, r5, r6, lr}
1000697a:	4c39      	ldr	r4, [pc, #228]	; (10006a60 <usbd_control_xfer_cb+0xe8>)
1000697c:	001d      	movs	r5, r3
1000697e:	7823      	ldrb	r3, [r4, #0]
10006980:	0006      	movs	r6, r0
10006982:	09da      	lsrs	r2, r3, #7
10006984:	09c9      	lsrs	r1, r1, #7
10006986:	428a      	cmp	r2, r1
10006988:	d013      	beq.n	100069b2 <usbd_control_xfer_cb+0x3a>
1000698a:	2000      	movs	r0, #0
1000698c:	2d00      	cmp	r5, #0
1000698e:	d000      	beq.n	10006992 <usbd_control_xfer_cb+0x1a>
10006990:	bd70      	pop	{r4, r5, r6, pc}
10006992:	4b34      	ldr	r3, [pc, #208]	; (10006a64 <usbd_control_xfer_cb+0xec>)
10006994:	2b00      	cmp	r3, #0
10006996:	d003      	beq.n	100069a0 <usbd_control_xfer_cb+0x28>
10006998:	0021      	movs	r1, r4
1000699a:	0030      	movs	r0, r6
1000699c:	f7ff f88c 	bl	10005ab8 <dcd_edpt0_status_complete>
100069a0:	6923      	ldr	r3, [r4, #16]
100069a2:	2b00      	cmp	r3, #0
100069a4:	d003      	beq.n	100069ae <usbd_control_xfer_cb+0x36>
100069a6:	0022      	movs	r2, r4
100069a8:	2103      	movs	r1, #3
100069aa:	0030      	movs	r0, r6
100069ac:	4798      	blx	r3
100069ae:	2001      	movs	r0, #1
100069b0:	e7ee      	b.n	10006990 <usbd_control_xfer_cb+0x18>
100069b2:	2b7f      	cmp	r3, #127	; 0x7f
100069b4:	d806      	bhi.n	100069c4 <usbd_control_xfer_cb+0x4c>
100069b6:	68a0      	ldr	r0, [r4, #8]
100069b8:	2800      	cmp	r0, #0
100069ba:	d034      	beq.n	10006a26 <usbd_control_xfer_cb+0xae>
100069bc:	002a      	movs	r2, r5
100069be:	492a      	ldr	r1, [pc, #168]	; (10006a68 <usbd_control_xfer_cb+0xf0>)
100069c0:	f7fe f9b6 	bl	10004d30 <__wrap___aeabi_memcpy>
100069c4:	89e2      	ldrh	r2, [r4, #14]
100069c6:	68a1      	ldr	r1, [r4, #8]
100069c8:	1952      	adds	r2, r2, r5
100069ca:	88e3      	ldrh	r3, [r4, #6]
100069cc:	b292      	uxth	r2, r2
100069ce:	1949      	adds	r1, r1, r5
100069d0:	81e2      	strh	r2, [r4, #14]
100069d2:	60a1      	str	r1, [r4, #8]
100069d4:	4293      	cmp	r3, r2
100069d6:	d014      	beq.n	10006a02 <usbd_control_xfer_cb+0x8a>
100069d8:	2d3f      	cmp	r5, #63	; 0x3f
100069da:	d912      	bls.n	10006a02 <usbd_control_xfer_cb+0x8a>
100069dc:	89a3      	ldrh	r3, [r4, #12]
100069de:	1a98      	subs	r0, r3, r2
100069e0:	1c05      	adds	r5, r0, #0
100069e2:	b280      	uxth	r0, r0
100069e4:	2840      	cmp	r0, #64	; 0x40
100069e6:	d82a      	bhi.n	10006a3e <usbd_control_xfer_cb+0xc6>
100069e8:	7820      	ldrb	r0, [r4, #0]
100069ea:	b2ad      	uxth	r5, r5
100069ec:	287f      	cmp	r0, #127	; 0x7f
100069ee:	d828      	bhi.n	10006a42 <usbd_control_xfer_cb+0xca>
100069f0:	2100      	movs	r1, #0
100069f2:	429a      	cmp	r2, r3
100069f4:	d032      	beq.n	10006a5c <usbd_control_xfer_cb+0xe4>
100069f6:	4a1c      	ldr	r2, [pc, #112]	; (10006a68 <usbd_control_xfer_cb+0xf0>)
100069f8:	002b      	movs	r3, r5
100069fa:	0030      	movs	r0, r6
100069fc:	f7ff ff0c 	bl	10006818 <usbd_edpt_xfer>
10006a00:	e7c6      	b.n	10006990 <usbd_control_xfer_cb+0x18>
10006a02:	6923      	ldr	r3, [r4, #16]
10006a04:	2b00      	cmp	r3, #0
10006a06:	d005      	beq.n	10006a14 <usbd_control_xfer_cb+0x9c>
10006a08:	0022      	movs	r2, r4
10006a0a:	2102      	movs	r1, #2
10006a0c:	0030      	movs	r0, r6
10006a0e:	4798      	blx	r3
10006a10:	2800      	cmp	r0, #0
10006a12:	d00a      	beq.n	10006a2a <usbd_control_xfer_cb+0xb2>
10006a14:	2180      	movs	r1, #128	; 0x80
10006a16:	7823      	ldrb	r3, [r4, #0]
10006a18:	2200      	movs	r2, #0
10006a1a:	4399      	bics	r1, r3
10006a1c:	0030      	movs	r0, r6
10006a1e:	2300      	movs	r3, #0
10006a20:	f7ff fefa 	bl	10006818 <usbd_edpt_xfer>
10006a24:	e7b4      	b.n	10006990 <usbd_control_xfer_cb+0x18>
10006a26:	2000      	movs	r0, #0
10006a28:	e7b2      	b.n	10006990 <usbd_control_xfer_cb+0x18>
10006a2a:	2100      	movs	r1, #0
10006a2c:	0030      	movs	r0, r6
10006a2e:	f7ff f8eb 	bl	10005c08 <dcd_edpt_stall>
10006a32:	0030      	movs	r0, r6
10006a34:	2180      	movs	r1, #128	; 0x80
10006a36:	f7ff f8e7 	bl	10005c08 <dcd_edpt_stall>
10006a3a:	2001      	movs	r0, #1
10006a3c:	e7a8      	b.n	10006990 <usbd_control_xfer_cb+0x18>
10006a3e:	2540      	movs	r5, #64	; 0x40
10006a40:	e7d2      	b.n	100069e8 <usbd_control_xfer_cb+0x70>
10006a42:	429a      	cmp	r2, r3
10006a44:	d007      	beq.n	10006a56 <usbd_control_xfer_cb+0xde>
10006a46:	4c08      	ldr	r4, [pc, #32]	; (10006a68 <usbd_control_xfer_cb+0xf0>)
10006a48:	002a      	movs	r2, r5
10006a4a:	0020      	movs	r0, r4
10006a4c:	f7fe f970 	bl	10004d30 <__wrap___aeabi_memcpy>
10006a50:	2180      	movs	r1, #128	; 0x80
10006a52:	0022      	movs	r2, r4
10006a54:	e7d0      	b.n	100069f8 <usbd_control_xfer_cb+0x80>
10006a56:	2180      	movs	r1, #128	; 0x80
10006a58:	2200      	movs	r2, #0
10006a5a:	e7cd      	b.n	100069f8 <usbd_control_xfer_cb+0x80>
10006a5c:	2200      	movs	r2, #0
10006a5e:	e7cb      	b.n	100069f8 <usbd_control_xfer_cb+0x80>
10006a60:	20001e10 	.word	0x20001e10
10006a64:	10005ab9 	.word	0x10005ab9
10006a68:	20001e2c 	.word	0x20001e2c

10006a6c <tud_cdc_n_connected>:
10006a6c:	b510      	push	{r4, lr}
10006a6e:	0004      	movs	r4, r0
10006a70:	f7ff f944 	bl	10005cfc <tud_mounted>
10006a74:	2800      	cmp	r0, #0
10006a76:	d101      	bne.n	10006a7c <tud_cdc_n_connected+0x10>
10006a78:	2000      	movs	r0, #0
10006a7a:	bd10      	pop	{r4, pc}
10006a7c:	f7ff f946 	bl	10005d0c <tud_suspended>
10006a80:	2800      	cmp	r0, #0
10006a82:	d1f9      	bne.n	10006a78 <tud_cdc_n_connected+0xc>
10006a84:	22b2      	movs	r2, #178	; 0xb2
10006a86:	0092      	lsls	r2, r2, #2
10006a88:	4362      	muls	r2, r4
10006a8a:	4b03      	ldr	r3, [pc, #12]	; (10006a98 <tud_cdc_n_connected+0x2c>)
10006a8c:	3001      	adds	r0, #1
10006a8e:	189b      	adds	r3, r3, r2
10006a90:	791b      	ldrb	r3, [r3, #4]
10006a92:	4018      	ands	r0, r3
10006a94:	e7f1      	b.n	10006a7a <tud_cdc_n_connected+0xe>
10006a96:	46c0      	nop			; (mov r8, r8)
10006a98:	20001b48 	.word	0x20001b48

10006a9c <tud_cdc_n_available>:
10006a9c:	23b2      	movs	r3, #178	; 0xb2
10006a9e:	009b      	lsls	r3, r3, #2
10006aa0:	4343      	muls	r3, r0
10006aa2:	b510      	push	{r4, lr}
10006aa4:	4802      	ldr	r0, [pc, #8]	; (10006ab0 <tud_cdc_n_available+0x14>)
10006aa6:	1818      	adds	r0, r3, r0
10006aa8:	f000 fb50 	bl	1000714c <tu_fifo_count>
10006aac:	bd10      	pop	{r4, pc}
10006aae:	46c0      	nop			; (mov r8, r8)
10006ab0:	20001b58 	.word	0x20001b58

10006ab4 <tud_cdc_n_read>:
10006ab4:	b5f0      	push	{r4, r5, r6, r7, lr}
10006ab6:	25b2      	movs	r5, #178	; 0xb2
10006ab8:	00ad      	lsls	r5, r5, #2
10006aba:	4345      	muls	r5, r0
10006abc:	002c      	movs	r4, r5
10006abe:	46c6      	mov	lr, r8
10006ac0:	4f17      	ldr	r7, [pc, #92]	; (10006b20 <tud_cdc_n_read+0x6c>)
10006ac2:	3410      	adds	r4, #16
10006ac4:	19e4      	adds	r4, r4, r7
10006ac6:	b500      	push	{lr}
10006ac8:	0020      	movs	r0, r4
10006aca:	b292      	uxth	r2, r2
10006acc:	f000 fbc0 	bl	10007250 <tu_fifo_read_n>
10006ad0:	0006      	movs	r6, r0
10006ad2:	0020      	movs	r0, r4
10006ad4:	f000 fb58 	bl	10007188 <tu_fifo_remaining>
10006ad8:	283f      	cmp	r0, #63	; 0x3f
10006ada:	d803      	bhi.n	10006ae4 <tud_cdc_n_read+0x30>
10006adc:	0030      	movs	r0, r6
10006ade:	bc80      	pop	{r7}
10006ae0:	46b8      	mov	r8, r7
10006ae2:	bdf0      	pop	{r4, r5, r6, r7, pc}
10006ae4:	197b      	adds	r3, r7, r5
10006ae6:	2000      	movs	r0, #0
10006ae8:	78d9      	ldrb	r1, [r3, #3]
10006aea:	4698      	mov	r8, r3
10006aec:	f7ff fe6c 	bl	100067c8 <usbd_edpt_claim>
10006af0:	2800      	cmp	r0, #0
10006af2:	d0f3      	beq.n	10006adc <tud_cdc_n_read+0x28>
10006af4:	0020      	movs	r0, r4
10006af6:	f000 fb47 	bl	10007188 <tu_fifo_remaining>
10006afa:	283f      	cmp	r0, #63	; 0x3f
10006afc:	d90a      	bls.n	10006b14 <tud_cdc_n_read+0x60>
10006afe:	2392      	movs	r3, #146	; 0x92
10006b00:	009b      	lsls	r3, r3, #2
10006b02:	18ea      	adds	r2, r5, r3
10006b04:	4643      	mov	r3, r8
10006b06:	19d2      	adds	r2, r2, r7
10006b08:	78d9      	ldrb	r1, [r3, #3]
10006b0a:	2000      	movs	r0, #0
10006b0c:	2340      	movs	r3, #64	; 0x40
10006b0e:	f7ff fe83 	bl	10006818 <usbd_edpt_xfer>
10006b12:	e7e3      	b.n	10006adc <tud_cdc_n_read+0x28>
10006b14:	4643      	mov	r3, r8
10006b16:	2000      	movs	r0, #0
10006b18:	78d9      	ldrb	r1, [r3, #3]
10006b1a:	f7ff fe69 	bl	100067f0 <usbd_edpt_release>
10006b1e:	e7dd      	b.n	10006adc <tud_cdc_n_read+0x28>
10006b20:	20001b48 	.word	0x20001b48

10006b24 <tud_cdc_n_write_flush>:
10006b24:	b5f8      	push	{r3, r4, r5, r6, r7, lr}
10006b26:	0004      	movs	r4, r0
10006b28:	f7ff f8e8 	bl	10005cfc <tud_mounted>
10006b2c:	2800      	cmp	r0, #0
10006b2e:	d101      	bne.n	10006b34 <tud_cdc_n_write_flush+0x10>
10006b30:	2000      	movs	r0, #0
10006b32:	bdf8      	pop	{r3, r4, r5, r6, r7, pc}
10006b34:	f7ff f8ea 	bl	10005d0c <tud_suspended>
10006b38:	2800      	cmp	r0, #0
10006b3a:	d1f9      	bne.n	10006b30 <tud_cdc_n_write_flush+0xc>
10006b3c:	23b2      	movs	r3, #178	; 0xb2
10006b3e:	009b      	lsls	r3, r3, #2
10006b40:	435c      	muls	r4, r3
10006b42:	0025      	movs	r5, r4
10006b44:	4e14      	ldr	r6, [pc, #80]	; (10006b98 <tud_cdc_n_write_flush+0x74>)
10006b46:	3524      	adds	r5, #36	; 0x24
10006b48:	19ad      	adds	r5, r5, r6
10006b4a:	0028      	movs	r0, r5
10006b4c:	f000 fafe 	bl	1000714c <tu_fifo_count>
10006b50:	2800      	cmp	r0, #0
10006b52:	d0ed      	beq.n	10006b30 <tud_cdc_n_write_flush+0xc>
10006b54:	1937      	adds	r7, r6, r4
10006b56:	2000      	movs	r0, #0
10006b58:	78b9      	ldrb	r1, [r7, #2]
10006b5a:	f7ff fe35 	bl	100067c8 <usbd_edpt_claim>
10006b5e:	2800      	cmp	r0, #0
10006b60:	d0e6      	beq.n	10006b30 <tud_cdc_n_write_flush+0xc>
10006b62:	23a2      	movs	r3, #162	; 0xa2
10006b64:	009b      	lsls	r3, r3, #2
10006b66:	469c      	mov	ip, r3
10006b68:	4464      	add	r4, ip
10006b6a:	19a4      	adds	r4, r4, r6
10006b6c:	0021      	movs	r1, r4
10006b6e:	0028      	movs	r0, r5
10006b70:	2240      	movs	r2, #64	; 0x40
10006b72:	f000 fb6d 	bl	10007250 <tu_fifo_read_n>
10006b76:	78b9      	ldrb	r1, [r7, #2]
10006b78:	1e05      	subs	r5, r0, #0
10006b7a:	d008      	beq.n	10006b8e <tud_cdc_n_write_flush+0x6a>
10006b7c:	0003      	movs	r3, r0
10006b7e:	0022      	movs	r2, r4
10006b80:	2000      	movs	r0, #0
10006b82:	f7ff fe49 	bl	10006818 <usbd_edpt_xfer>
10006b86:	2800      	cmp	r0, #0
10006b88:	d0d2      	beq.n	10006b30 <tud_cdc_n_write_flush+0xc>
10006b8a:	0028      	movs	r0, r5
10006b8c:	e7d1      	b.n	10006b32 <tud_cdc_n_write_flush+0xe>
10006b8e:	2000      	movs	r0, #0
10006b90:	f7ff fe2e 	bl	100067f0 <usbd_edpt_release>
10006b94:	e7cc      	b.n	10006b30 <tud_cdc_n_write_flush+0xc>
10006b96:	46c0      	nop			; (mov r8, r8)
10006b98:	20001b48 	.word	0x20001b48

10006b9c <tud_cdc_n_write>:
10006b9c:	b570      	push	{r4, r5, r6, lr}
10006b9e:	24b2      	movs	r4, #178	; 0xb2
10006ba0:	00a4      	lsls	r4, r4, #2
10006ba2:	4344      	muls	r4, r0
10006ba4:	4b09      	ldr	r3, [pc, #36]	; (10006bcc <tud_cdc_n_write+0x30>)
10006ba6:	0005      	movs	r5, r0
10006ba8:	18e4      	adds	r4, r4, r3
10006baa:	0020      	movs	r0, r4
10006bac:	b292      	uxth	r2, r2
10006bae:	f000 fc07 	bl	100073c0 <tu_fifo_write_n>
10006bb2:	0006      	movs	r6, r0
10006bb4:	0020      	movs	r0, r4
10006bb6:	f000 fac9 	bl	1000714c <tu_fifo_count>
10006bba:	283f      	cmp	r0, #63	; 0x3f
10006bbc:	d801      	bhi.n	10006bc2 <tud_cdc_n_write+0x26>
10006bbe:	0030      	movs	r0, r6
10006bc0:	bd70      	pop	{r4, r5, r6, pc}
10006bc2:	0028      	movs	r0, r5
10006bc4:	f7ff ffae 	bl	10006b24 <tud_cdc_n_write_flush>
10006bc8:	e7f9      	b.n	10006bbe <tud_cdc_n_write+0x22>
10006bca:	46c0      	nop			; (mov r8, r8)
10006bcc:	20001b6c 	.word	0x20001b6c

10006bd0 <tud_cdc_n_write_available>:
10006bd0:	23b2      	movs	r3, #178	; 0xb2
10006bd2:	009b      	lsls	r3, r3, #2
10006bd4:	4343      	muls	r3, r0
10006bd6:	b510      	push	{r4, lr}
10006bd8:	4802      	ldr	r0, [pc, #8]	; (10006be4 <tud_cdc_n_write_available+0x14>)
10006bda:	1818      	adds	r0, r3, r0
10006bdc:	f000 fad4 	bl	10007188 <tu_fifo_remaining>
10006be0:	bd10      	pop	{r4, pc}
10006be2:	46c0      	nop			; (mov r8, r8)
10006be4:	20001b6c 	.word	0x20001b6c

10006be8 <cdcd_init>:
10006be8:	22b2      	movs	r2, #178	; 0xb2
10006bea:	b5f0      	push	{r4, r5, r6, r7, lr}
10006bec:	4c1b      	ldr	r4, [pc, #108]	; (10006c5c <cdcd_init+0x74>)
10006bee:	b083      	sub	sp, #12
10006bf0:	2100      	movs	r1, #0
10006bf2:	0020      	movs	r0, r4
10006bf4:	0092      	lsls	r2, r2, #2
10006bf6:	f7fe f895 	bl	10004d24 <__wrap_memset>
10006bfa:	23ff      	movs	r3, #255	; 0xff
10006bfc:	7163      	strb	r3, [r4, #5]
10006bfe:	4b18      	ldr	r3, [pc, #96]	; (10006c60 <cdcd_init+0x78>)
10006c00:	2680      	movs	r6, #128	; 0x80
10006c02:	2500      	movs	r5, #0
10006c04:	80e3      	strh	r3, [r4, #6]
10006c06:	2701      	movs	r7, #1
10006c08:	2308      	movs	r3, #8
10006c0a:	0021      	movs	r1, r4
10006c0c:	0020      	movs	r0, r4
10006c0e:	0076      	lsls	r6, r6, #1
10006c10:	7323      	strb	r3, [r4, #12]
10006c12:	0032      	movs	r2, r6
10006c14:	8127      	strh	r7, [r4, #8]
10006c16:	3138      	adds	r1, #56	; 0x38
10006c18:	9500      	str	r5, [sp, #0]
10006c1a:	3b07      	subs	r3, #7
10006c1c:	3010      	adds	r0, #16
10006c1e:	f000 fa5f 	bl	100070e0 <tu_fifo_config>
10006c22:	0021      	movs	r1, r4
10006c24:	0020      	movs	r0, r4
10006c26:	3139      	adds	r1, #57	; 0x39
10006c28:	0032      	movs	r2, r6
10006c2a:	31ff      	adds	r1, #255	; 0xff
10006c2c:	2301      	movs	r3, #1
10006c2e:	9700      	str	r7, [sp, #0]
10006c30:	3024      	adds	r0, #36	; 0x24
10006c32:	f000 fa55 	bl	100070e0 <tu_fifo_config>
10006c36:	238e      	movs	r3, #142	; 0x8e
10006c38:	009b      	lsls	r3, r3, #2
10006c3a:	18e6      	adds	r6, r4, r3
10006c3c:	0030      	movs	r0, r6
10006c3e:	f7fa f97f 	bl	10000f40 <mutex_init>
10006c42:	2390      	movs	r3, #144	; 0x90
10006c44:	009b      	lsls	r3, r3, #2
10006c46:	6226      	str	r6, [r4, #32]
10006c48:	18e6      	adds	r6, r4, r3
10006c4a:	0030      	movs	r0, r6
10006c4c:	61e5      	str	r5, [r4, #28]
10006c4e:	f7fa f977 	bl	10000f40 <mutex_init>
10006c52:	6326      	str	r6, [r4, #48]	; 0x30
10006c54:	6365      	str	r5, [r4, #52]	; 0x34
10006c56:	b003      	add	sp, #12
10006c58:	bdf0      	pop	{r4, r5, r6, r7, pc}
10006c5a:	46c0      	nop			; (mov r8, r8)
10006c5c:	20001b48 	.word	0x20001b48
10006c60:	ffffc200 	.word	0xffffc200

10006c64 <cdcd_reset>:
10006c64:	b510      	push	{r4, lr}
10006c66:	4c09      	ldr	r4, [pc, #36]	; (10006c8c <cdcd_reset+0x28>)
10006c68:	2205      	movs	r2, #5
10006c6a:	2100      	movs	r1, #0
10006c6c:	0020      	movs	r0, r4
10006c6e:	f7fe f859 	bl	10004d24 <__wrap_memset>
10006c72:	0020      	movs	r0, r4
10006c74:	3424      	adds	r4, #36	; 0x24
10006c76:	3010      	adds	r0, #16
10006c78:	f000 fc5a 	bl	10007530 <tu_fifo_clear>
10006c7c:	0020      	movs	r0, r4
10006c7e:	f000 fc57 	bl	10007530 <tu_fifo_clear>
10006c82:	2101      	movs	r1, #1
10006c84:	0020      	movs	r0, r4
10006c86:	f000 fc73 	bl	10007570 <tu_fifo_set_overwritable>
10006c8a:	bd10      	pop	{r4, pc}
10006c8c:	20001b48 	.word	0x20001b48

10006c90 <cdcd_open>:
10006c90:	b5f0      	push	{r4, r5, r6, r7, lr}
10006c92:	794b      	ldrb	r3, [r1, #5]
10006c94:	0006      	movs	r6, r0
10006c96:	b083      	sub	sp, #12
10006c98:	2b02      	cmp	r3, #2
10006c9a:	d102      	bne.n	10006ca2 <cdcd_open+0x12>
10006c9c:	798b      	ldrb	r3, [r1, #6]
10006c9e:	2b02      	cmp	r3, #2
10006ca0:	d003      	beq.n	10006caa <cdcd_open+0x1a>
10006ca2:	2500      	movs	r5, #0
10006ca4:	0028      	movs	r0, r5
10006ca6:	b003      	add	sp, #12
10006ca8:	bdf0      	pop	{r4, r5, r6, r7, pc}
10006caa:	4f2f      	ldr	r7, [pc, #188]	; (10006d68 <cdcd_open+0xd8>)
10006cac:	78bb      	ldrb	r3, [r7, #2]
10006cae:	2b00      	cmp	r3, #0
10006cb0:	d1f7      	bne.n	10006ca2 <cdcd_open+0x12>
10006cb2:	788b      	ldrb	r3, [r1, #2]
10006cb4:	2509      	movs	r5, #9
10006cb6:	703b      	strb	r3, [r7, #0]
10006cb8:	780c      	ldrb	r4, [r1, #0]
10006cba:	190c      	adds	r4, r1, r4
10006cbc:	7863      	ldrb	r3, [r4, #1]
10006cbe:	2b24      	cmp	r3, #36	; 0x24
10006cc0:	d10b      	bne.n	10006cda <cdcd_open+0x4a>
10006cc2:	2a08      	cmp	r2, #8
10006cc4:	d802      	bhi.n	10006ccc <cdcd_open+0x3c>
10006cc6:	e01f      	b.n	10006d08 <cdcd_open+0x78>
10006cc8:	42aa      	cmp	r2, r5
10006cca:	d31d      	bcc.n	10006d08 <cdcd_open+0x78>
10006ccc:	7823      	ldrb	r3, [r4, #0]
10006cce:	18e4      	adds	r4, r4, r3
10006cd0:	195d      	adds	r5, r3, r5
10006cd2:	7863      	ldrb	r3, [r4, #1]
10006cd4:	b2ad      	uxth	r5, r5
10006cd6:	2b24      	cmp	r3, #36	; 0x24
10006cd8:	d0f6      	beq.n	10006cc8 <cdcd_open+0x38>
10006cda:	2b05      	cmp	r3, #5
10006cdc:	d031      	beq.n	10006d42 <cdcd_open+0xb2>
10006cde:	2b04      	cmp	r3, #4
10006ce0:	d112      	bne.n	10006d08 <cdcd_open+0x78>
10006ce2:	7963      	ldrb	r3, [r4, #5]
10006ce4:	2b0a      	cmp	r3, #10
10006ce6:	d10f      	bne.n	10006d08 <cdcd_open+0x78>
10006ce8:	4b20      	ldr	r3, [pc, #128]	; (10006d6c <cdcd_open+0xdc>)
10006cea:	7827      	ldrb	r7, [r4, #0]
10006cec:	9301      	str	r3, [sp, #4]
10006cee:	3301      	adds	r3, #1
10006cf0:	9300      	str	r3, [sp, #0]
10006cf2:	2202      	movs	r2, #2
10006cf4:	2302      	movs	r3, #2
10006cf6:	0030      	movs	r0, r6
10006cf8:	19e1      	adds	r1, r4, r7
10006cfa:	f7ff fcd9 	bl	100066b0 <usbd_open_edpt_pair>
10006cfe:	2800      	cmp	r0, #0
10006d00:	d0cf      	beq.n	10006ca2 <cdcd_open+0x12>
10006d02:	350e      	adds	r5, #14
10006d04:	19ed      	adds	r5, r5, r7
10006d06:	b2ad      	uxth	r5, r5
10006d08:	4c19      	ldr	r4, [pc, #100]	; (10006d70 <cdcd_open+0xe0>)
10006d0a:	0020      	movs	r0, r4
10006d0c:	f000 fa3c 	bl	10007188 <tu_fifo_remaining>
10006d10:	283f      	cmp	r0, #63	; 0x3f
10006d12:	d9c7      	bls.n	10006ca4 <cdcd_open+0x14>
10006d14:	0026      	movs	r6, r4
10006d16:	3e10      	subs	r6, #16
10006d18:	2000      	movs	r0, #0
10006d1a:	78f1      	ldrb	r1, [r6, #3]
10006d1c:	f7ff fd54 	bl	100067c8 <usbd_edpt_claim>
10006d20:	2800      	cmp	r0, #0
10006d22:	d0bf      	beq.n	10006ca4 <cdcd_open+0x14>
10006d24:	0020      	movs	r0, r4
10006d26:	f000 fa2f 	bl	10007188 <tu_fifo_remaining>
10006d2a:	283f      	cmp	r0, #63	; 0x3f
10006d2c:	d917      	bls.n	10006d5e <cdcd_open+0xce>
10006d2e:	238e      	movs	r3, #142	; 0x8e
10006d30:	009b      	lsls	r3, r3, #2
10006d32:	18e2      	adds	r2, r4, r3
10006d34:	3bf9      	subs	r3, #249	; 0xf9
10006d36:	78f1      	ldrb	r1, [r6, #3]
10006d38:	3bff      	subs	r3, #255	; 0xff
10006d3a:	2000      	movs	r0, #0
10006d3c:	f7ff fd6c 	bl	10006818 <usbd_edpt_xfer>
10006d40:	e7b0      	b.n	10006ca4 <cdcd_open+0x14>
10006d42:	0021      	movs	r1, r4
10006d44:	0030      	movs	r0, r6
10006d46:	f7ff fd25 	bl	10006794 <usbd_edpt_open>
10006d4a:	2800      	cmp	r0, #0
10006d4c:	d0a9      	beq.n	10006ca2 <cdcd_open+0x12>
10006d4e:	78a3      	ldrb	r3, [r4, #2]
10006d50:	707b      	strb	r3, [r7, #1]
10006d52:	7823      	ldrb	r3, [r4, #0]
10006d54:	195d      	adds	r5, r3, r5
10006d56:	18e4      	adds	r4, r4, r3
10006d58:	7863      	ldrb	r3, [r4, #1]
10006d5a:	b2ad      	uxth	r5, r5
10006d5c:	e7bf      	b.n	10006cde <cdcd_open+0x4e>
10006d5e:	78f1      	ldrb	r1, [r6, #3]
10006d60:	2000      	movs	r0, #0
10006d62:	f7ff fd45 	bl	100067f0 <usbd_edpt_release>
10006d66:	e79d      	b.n	10006ca4 <cdcd_open+0x14>
10006d68:	20001b48 	.word	0x20001b48
10006d6c:	20001b4a 	.word	0x20001b4a
10006d70:	20001b58 	.word	0x20001b58

10006d74 <cdcd_control_xfer_cb>:
10006d74:	b5f8      	push	{r3, r4, r5, r6, r7, lr}
10006d76:	2360      	movs	r3, #96	; 0x60
10006d78:	0014      	movs	r4, r2
10006d7a:	7812      	ldrb	r2, [r2, #0]
10006d7c:	0005      	movs	r5, r0
10006d7e:	4013      	ands	r3, r2
10006d80:	2000      	movs	r0, #0
10006d82:	2b20      	cmp	r3, #32
10006d84:	d112      	bne.n	10006dac <cdcd_control_xfer_cb+0x38>
10006d86:	4a2f      	ldr	r2, [pc, #188]	; (10006e44 <cdcd_control_xfer_cb+0xd0>)
10006d88:	7963      	ldrb	r3, [r4, #5]
10006d8a:	7927      	ldrb	r7, [r4, #4]
10006d8c:	7816      	ldrb	r6, [r2, #0]
10006d8e:	021b      	lsls	r3, r3, #8
10006d90:	433b      	orrs	r3, r7
10006d92:	429e      	cmp	r6, r3
10006d94:	d10a      	bne.n	10006dac <cdcd_control_xfer_cb+0x38>
10006d96:	7863      	ldrb	r3, [r4, #1]
10006d98:	2b22      	cmp	r3, #34	; 0x22
10006d9a:	d027      	beq.n	10006dec <cdcd_control_xfer_cb+0x78>
10006d9c:	d807      	bhi.n	10006dae <cdcd_control_xfer_cb+0x3a>
10006d9e:	2b20      	cmp	r3, #32
10006da0:	d017      	beq.n	10006dd2 <cdcd_control_xfer_cb+0x5e>
10006da2:	2b21      	cmp	r3, #33	; 0x21
10006da4:	d102      	bne.n	10006dac <cdcd_control_xfer_cb+0x38>
10006da6:	2901      	cmp	r1, #1
10006da8:	d03d      	beq.n	10006e26 <cdcd_control_xfer_cb+0xb2>
10006daa:	2001      	movs	r0, #1
10006dac:	bdf8      	pop	{r3, r4, r5, r6, r7, pc}
10006dae:	2b23      	cmp	r3, #35	; 0x23
10006db0:	d1fc      	bne.n	10006dac <cdcd_control_xfer_cb+0x38>
10006db2:	2901      	cmp	r1, #1
10006db4:	d03f      	beq.n	10006e36 <cdcd_control_xfer_cb+0xc2>
10006db6:	2903      	cmp	r1, #3
10006db8:	d1f7      	bne.n	10006daa <cdcd_control_xfer_cb+0x36>
10006dba:	4b23      	ldr	r3, [pc, #140]	; (10006e48 <cdcd_control_xfer_cb+0xd4>)
10006dbc:	2b00      	cmp	r3, #0
10006dbe:	d0f4      	beq.n	10006daa <cdcd_control_xfer_cb+0x36>
10006dc0:	78e1      	ldrb	r1, [r4, #3]
10006dc2:	78a3      	ldrb	r3, [r4, #2]
10006dc4:	0209      	lsls	r1, r1, #8
10006dc6:	2000      	movs	r0, #0
10006dc8:	4319      	orrs	r1, r3
10006dca:	e000      	b.n	10006dce <cdcd_control_xfer_cb+0x5a>
10006dcc:	bf00      	nop
10006dce:	2001      	movs	r0, #1
10006dd0:	e7ec      	b.n	10006dac <cdcd_control_xfer_cb+0x38>
10006dd2:	2901      	cmp	r1, #1
10006dd4:	d027      	beq.n	10006e26 <cdcd_control_xfer_cb+0xb2>
10006dd6:	2903      	cmp	r1, #3
10006dd8:	d1e7      	bne.n	10006daa <cdcd_control_xfer_cb+0x36>
10006dda:	4b1c      	ldr	r3, [pc, #112]	; (10006e4c <cdcd_control_xfer_cb+0xd8>)
10006ddc:	2b00      	cmp	r3, #0
10006dde:	d0e4      	beq.n	10006daa <cdcd_control_xfer_cb+0x36>
10006de0:	2000      	movs	r0, #0
10006de2:	1d91      	adds	r1, r2, #6
10006de4:	f7fe fad0 	bl	10005388 <tud_cdc_line_coding_cb>
10006de8:	2001      	movs	r0, #1
10006dea:	e7df      	b.n	10006dac <cdcd_control_xfer_cb+0x38>
10006dec:	2901      	cmp	r1, #1
10006dee:	d022      	beq.n	10006e36 <cdcd_control_xfer_cb+0xc2>
10006df0:	2903      	cmp	r1, #3
10006df2:	d1da      	bne.n	10006daa <cdcd_control_xfer_cb+0x36>
10006df4:	2501      	movs	r5, #1
10006df6:	002e      	movs	r6, r5
10006df8:	78a3      	ldrb	r3, [r4, #2]
10006dfa:	78e4      	ldrb	r4, [r4, #3]
10006dfc:	3902      	subs	r1, #2
10006dfe:	0224      	lsls	r4, r4, #8
10006e00:	431c      	orrs	r4, r3
10006e02:	7114      	strb	r4, [r2, #4]
10006e04:	4026      	ands	r6, r4
10006e06:	3224      	adds	r2, #36	; 0x24
10006e08:	0010      	movs	r0, r2
10006e0a:	4071      	eors	r1, r6
10006e0c:	f000 fbb0 	bl	10007570 <tu_fifo_set_overwritable>
10006e10:	4b0f      	ldr	r3, [pc, #60]	; (10006e50 <cdcd_control_xfer_cb+0xdc>)
10006e12:	2b00      	cmp	r3, #0
10006e14:	d0c9      	beq.n	10006daa <cdcd_control_xfer_cb+0x36>
10006e16:	0862      	lsrs	r2, r4, #1
10006e18:	2000      	movs	r0, #0
10006e1a:	0031      	movs	r1, r6
10006e1c:	402a      	ands	r2, r5
10006e1e:	e000      	b.n	10006e22 <cdcd_control_xfer_cb+0xae>
10006e20:	bf00      	nop
10006e22:	2001      	movs	r0, #1
10006e24:	e7c2      	b.n	10006dac <cdcd_control_xfer_cb+0x38>
10006e26:	2307      	movs	r3, #7
10006e28:	0021      	movs	r1, r4
10006e2a:	0028      	movs	r0, r5
10006e2c:	4a09      	ldr	r2, [pc, #36]	; (10006e54 <cdcd_control_xfer_cb+0xe0>)
10006e2e:	f7ff fd2f 	bl	10006890 <tud_control_xfer>
10006e32:	2001      	movs	r0, #1
10006e34:	e7ba      	b.n	10006dac <cdcd_control_xfer_cb+0x38>
10006e36:	0021      	movs	r1, r4
10006e38:	0028      	movs	r0, r5
10006e3a:	f7ff fd13 	bl	10006864 <tud_control_status>
10006e3e:	2001      	movs	r0, #1
10006e40:	e7b4      	b.n	10006dac <cdcd_control_xfer_cb+0x38>
10006e42:	46c0      	nop			; (mov r8, r8)
10006e44:	20001b48 	.word	0x20001b48
10006e48:	00000000 	.word	0x00000000
10006e4c:	10005389 	.word	0x10005389
10006e50:	00000000 	.word	0x00000000
10006e54:	20001b4e 	.word	0x20001b4e

10006e58 <cdcd_xfer_cb>:
10006e58:	b5f8      	push	{r3, r4, r5, r6, r7, lr}
10006e5a:	4645      	mov	r5, r8
10006e5c:	4657      	mov	r7, sl
10006e5e:	46de      	mov	lr, fp
10006e60:	464e      	mov	r6, r9
10006e62:	b5e0      	push	{r5, r6, r7, lr}
10006e64:	4d46      	ldr	r5, [pc, #280]	; (10006f80 <cdcd_xfer_cb+0x128>)
10006e66:	001f      	movs	r7, r3
10006e68:	78ea      	ldrb	r2, [r5, #3]
10006e6a:	4680      	mov	r8, r0
10006e6c:	000c      	movs	r4, r1
10006e6e:	78ab      	ldrb	r3, [r5, #2]
10006e70:	428a      	cmp	r2, r1
10006e72:	d046      	beq.n	10006f02 <cdcd_xfer_cb+0xaa>
10006e74:	2000      	movs	r0, #0
10006e76:	428b      	cmp	r3, r1
10006e78:	d01a      	beq.n	10006eb0 <cdcd_xfer_cb+0x58>
10006e7a:	bcf0      	pop	{r4, r5, r6, r7}
10006e7c:	46bb      	mov	fp, r7
10006e7e:	46b2      	mov	sl, r6
10006e80:	46a9      	mov	r9, r5
10006e82:	46a0      	mov	r8, r4
10006e84:	bdf8      	pop	{r3, r4, r5, r6, r7, pc}
10006e86:	4b3f      	ldr	r3, [pc, #252]	; (10006f84 <cdcd_xfer_cb+0x12c>)
10006e88:	2b00      	cmp	r3, #0
10006e8a:	d004      	beq.n	10006e96 <cdcd_xfer_cb+0x3e>
10006e8c:	4648      	mov	r0, r9
10006e8e:	f000 f973 	bl	10007178 <tu_fifo_empty>
10006e92:	2800      	cmp	r0, #0
10006e94:	d06c      	beq.n	10006f70 <cdcd_xfer_cb+0x118>
10006e96:	4648      	mov	r0, r9
10006e98:	f000 f976 	bl	10007188 <tu_fifo_remaining>
10006e9c:	283f      	cmp	r0, #63	; 0x3f
10006e9e:	d907      	bls.n	10006eb0 <cdcd_xfer_cb+0x58>
10006ea0:	464e      	mov	r6, r9
10006ea2:	3e10      	subs	r6, #16
10006ea4:	2000      	movs	r0, #0
10006ea6:	78f1      	ldrb	r1, [r6, #3]
10006ea8:	f7ff fc8e 	bl	100067c8 <usbd_edpt_claim>
10006eac:	2800      	cmp	r0, #0
10006eae:	d151      	bne.n	10006f54 <cdcd_xfer_cb+0xfc>
10006eb0:	78ab      	ldrb	r3, [r5, #2]
10006eb2:	42a3      	cmp	r3, r4
10006eb4:	d001      	beq.n	10006eba <cdcd_xfer_cb+0x62>
10006eb6:	2001      	movs	r0, #1
10006eb8:	e7df      	b.n	10006e7a <cdcd_xfer_cb+0x22>
10006eba:	4b33      	ldr	r3, [pc, #204]	; (10006f88 <cdcd_xfer_cb+0x130>)
10006ebc:	2b00      	cmp	r3, #0
10006ebe:	d002      	beq.n	10006ec6 <cdcd_xfer_cb+0x6e>
10006ec0:	2000      	movs	r0, #0
10006ec2:	e000      	b.n	10006ec6 <cdcd_xfer_cb+0x6e>
10006ec4:	bf00      	nop
10006ec6:	2000      	movs	r0, #0
10006ec8:	f7ff fe2c 	bl	10006b24 <tud_cdc_n_write_flush>
10006ecc:	2800      	cmp	r0, #0
10006ece:	d1f2      	bne.n	10006eb6 <cdcd_xfer_cb+0x5e>
10006ed0:	4c2e      	ldr	r4, [pc, #184]	; (10006f8c <cdcd_xfer_cb+0x134>)
10006ed2:	0020      	movs	r0, r4
10006ed4:	f000 f93a 	bl	1000714c <tu_fifo_count>
10006ed8:	2800      	cmp	r0, #0
10006eda:	d1ec      	bne.n	10006eb6 <cdcd_xfer_cb+0x5e>
10006edc:	2f00      	cmp	r7, #0
10006ede:	d0ea      	beq.n	10006eb6 <cdcd_xfer_cb+0x5e>
10006ee0:	06bf      	lsls	r7, r7, #26
10006ee2:	d1e8      	bne.n	10006eb6 <cdcd_xfer_cb+0x5e>
10006ee4:	3c24      	subs	r4, #36	; 0x24
10006ee6:	4640      	mov	r0, r8
10006ee8:	78a1      	ldrb	r1, [r4, #2]
10006eea:	f7ff fc6d 	bl	100067c8 <usbd_edpt_claim>
10006eee:	2800      	cmp	r0, #0
10006ef0:	d0e1      	beq.n	10006eb6 <cdcd_xfer_cb+0x5e>
10006ef2:	2300      	movs	r3, #0
10006ef4:	2200      	movs	r2, #0
10006ef6:	4640      	mov	r0, r8
10006ef8:	78a1      	ldrb	r1, [r4, #2]
10006efa:	f7ff fc8d 	bl	10006818 <usbd_edpt_xfer>
10006efe:	2001      	movs	r0, #1
10006f00:	e7bb      	b.n	10006e7a <cdcd_xfer_cb+0x22>
10006f02:	2392      	movs	r3, #146	; 0x92
10006f04:	009b      	lsls	r3, r3, #2
10006f06:	18ee      	adds	r6, r5, r3
10006f08:	2310      	movs	r3, #16
10006f0a:	469b      	mov	fp, r3
10006f0c:	44ab      	add	fp, r5
10006f0e:	0031      	movs	r1, r6
10006f10:	4658      	mov	r0, fp
10006f12:	b2ba      	uxth	r2, r7
10006f14:	f000 fa54 	bl	100073c0 <tu_fifo_write_n>
10006f18:	4b1d      	ldr	r3, [pc, #116]	; (10006f90 <cdcd_xfer_cb+0x138>)
10006f1a:	46d9      	mov	r9, fp
10006f1c:	2b00      	cmp	r3, #0
10006f1e:	d0b2      	beq.n	10006e86 <cdcd_xfer_cb+0x2e>
10006f20:	796b      	ldrb	r3, [r5, #5]
10006f22:	2bff      	cmp	r3, #255	; 0xff
10006f24:	d0af      	beq.n	10006e86 <cdcd_xfer_cb+0x2e>
10006f26:	2f00      	cmp	r7, #0
10006f28:	d0ad      	beq.n	10006e86 <cdcd_xfer_cb+0x2e>
10006f2a:	19f2      	adds	r2, r6, r7
10006f2c:	4692      	mov	sl, r2
10006f2e:	e003      	b.n	10006f38 <cdcd_xfer_cb+0xe0>
10006f30:	3601      	adds	r6, #1
10006f32:	45b2      	cmp	sl, r6
10006f34:	d0a7      	beq.n	10006e86 <cdcd_xfer_cb+0x2e>
10006f36:	796b      	ldrb	r3, [r5, #5]
10006f38:	7832      	ldrb	r2, [r6, #0]
10006f3a:	429a      	cmp	r2, r3
10006f3c:	d1f8      	bne.n	10006f30 <cdcd_xfer_cb+0xd8>
10006f3e:	4648      	mov	r0, r9
10006f40:	f000 f91a 	bl	10007178 <tu_fifo_empty>
10006f44:	2800      	cmp	r0, #0
10006f46:	d1f3      	bne.n	10006f30 <cdcd_xfer_cb+0xd8>
10006f48:	464b      	mov	r3, r9
10006f4a:	3b10      	subs	r3, #16
10006f4c:	7959      	ldrb	r1, [r3, #5]
10006f4e:	e000      	b.n	10006f52 <cdcd_xfer_cb+0xfa>
10006f50:	bf00      	nop
10006f52:	e7ed      	b.n	10006f30 <cdcd_xfer_cb+0xd8>
10006f54:	4648      	mov	r0, r9
10006f56:	f000 f917 	bl	10007188 <tu_fifo_remaining>
10006f5a:	283f      	cmp	r0, #63	; 0x3f
10006f5c:	d90b      	bls.n	10006f76 <cdcd_xfer_cb+0x11e>
10006f5e:	228e      	movs	r2, #142	; 0x8e
10006f60:	0092      	lsls	r2, r2, #2
10006f62:	2340      	movs	r3, #64	; 0x40
10006f64:	78f1      	ldrb	r1, [r6, #3]
10006f66:	444a      	add	r2, r9
10006f68:	2000      	movs	r0, #0
10006f6a:	f7ff fc55 	bl	10006818 <usbd_edpt_xfer>
10006f6e:	e79f      	b.n	10006eb0 <cdcd_xfer_cb+0x58>
10006f70:	f7fe fb7e 	bl	10005670 <tud_cdc_rx_cb>
10006f74:	e78f      	b.n	10006e96 <cdcd_xfer_cb+0x3e>
10006f76:	78f1      	ldrb	r1, [r6, #3]
10006f78:	2000      	movs	r0, #0
10006f7a:	f7ff fc39 	bl	100067f0 <usbd_edpt_release>
10006f7e:	e797      	b.n	10006eb0 <cdcd_xfer_cb+0x58>
10006f80:	20001b48 	.word	0x20001b48
10006f84:	10005671 	.word	0x10005671
10006f88:	00000000 	.word	0x00000000
10006f8c:	20001b6c 	.word	0x20001b6c
10006f90:	00000000 	.word	0x00000000

10006f94 <tusb_init>:
10006f94:	b510      	push	{r4, lr}
10006f96:	2000      	movs	r0, #0
10006f98:	f7fe feca 	bl	10005d30 <tud_init>
10006f9c:	bd10      	pop	{r4, pc}
10006f9e:	46c0      	nop			; (mov r8, r8)

10006fa0 <tusb_inited>:
10006fa0:	b510      	push	{r4, lr}
10006fa2:	f7fe febb 	bl	10005d1c <tud_inited>
10006fa6:	bd10      	pop	{r4, pc}

10006fa8 <tu_edpt_claim>:
10006fa8:	7803      	ldrb	r3, [r0, #0]
10006faa:	b570      	push	{r4, r5, r6, lr}
10006fac:	07db      	lsls	r3, r3, #31
10006fae:	0004      	movs	r4, r0
10006fb0:	000e      	movs	r6, r1
10006fb2:	0fdd      	lsrs	r5, r3, #31
10006fb4:	2b00      	cmp	r3, #0
10006fb6:	d117      	bne.n	10006fe8 <tu_edpt_claim+0x40>
10006fb8:	7803      	ldrb	r3, [r0, #0]
10006fba:	075b      	lsls	r3, r3, #29
10006fbc:	d501      	bpl.n	10006fc2 <tu_edpt_claim+0x1a>
10006fbe:	0028      	movs	r0, r5
10006fc0:	bd70      	pop	{r4, r5, r6, pc}
10006fc2:	2101      	movs	r1, #1
10006fc4:	0030      	movs	r0, r6
10006fc6:	4249      	negs	r1, r1
10006fc8:	f004 fe3e 	bl	1000bc48 <__mutex_enter_timeout_ms_veneer>
10006fcc:	7823      	ldrb	r3, [r4, #0]
10006fce:	07db      	lsls	r3, r3, #31
10006fd0:	0fdd      	lsrs	r5, r3, #31
10006fd2:	2b00      	cmp	r3, #0
10006fd4:	d10a      	bne.n	10006fec <tu_edpt_claim+0x44>
10006fd6:	7823      	ldrb	r3, [r4, #0]
10006fd8:	075b      	lsls	r3, r3, #29
10006fda:	d408      	bmi.n	10006fee <tu_edpt_claim+0x46>
10006fdc:	2204      	movs	r2, #4
10006fde:	7823      	ldrb	r3, [r4, #0]
10006fe0:	2501      	movs	r5, #1
10006fe2:	4313      	orrs	r3, r2
10006fe4:	7023      	strb	r3, [r4, #0]
10006fe6:	e002      	b.n	10006fee <tu_edpt_claim+0x46>
10006fe8:	2500      	movs	r5, #0
10006fea:	e7e8      	b.n	10006fbe <tu_edpt_claim+0x16>
10006fec:	2500      	movs	r5, #0
10006fee:	0030      	movs	r0, r6
10006ff0:	f004 fdf2 	bl	1000bbd8 <__mutex_exit_veneer>
10006ff4:	e7e3      	b.n	10006fbe <tu_edpt_claim+0x16>
10006ff6:	46c0      	nop			; (mov r8, r8)

10006ff8 <tu_edpt_release>:
10006ff8:	b570      	push	{r4, r5, r6, lr}
10006ffa:	000c      	movs	r4, r1
10006ffc:	2101      	movs	r1, #1
10006ffe:	0006      	movs	r6, r0
10007000:	4249      	negs	r1, r1
10007002:	0020      	movs	r0, r4
10007004:	f004 fe20 	bl	1000bc48 <__mutex_enter_timeout_ms_veneer>
10007008:	7833      	ldrb	r3, [r6, #0]
1000700a:	075b      	lsls	r3, r3, #29
1000700c:	0fdd      	lsrs	r5, r3, #31
1000700e:	2b00      	cmp	r3, #0
10007010:	db04      	blt.n	1000701c <tu_edpt_release+0x24>
10007012:	0020      	movs	r0, r4
10007014:	f004 fde0 	bl	1000bbd8 <__mutex_exit_veneer>
10007018:	0028      	movs	r0, r5
1000701a:	bd70      	pop	{r4, r5, r6, pc}
1000701c:	7833      	ldrb	r3, [r6, #0]
1000701e:	07db      	lsls	r3, r3, #31
10007020:	d404      	bmi.n	1000702c <tu_edpt_release+0x34>
10007022:	2204      	movs	r2, #4
10007024:	7833      	ldrb	r3, [r6, #0]
10007026:	4393      	bics	r3, r2
10007028:	7033      	strb	r3, [r6, #0]
1000702a:	e7f2      	b.n	10007012 <tu_edpt_release+0x1a>
1000702c:	2500      	movs	r5, #0
1000702e:	e7f0      	b.n	10007012 <tu_edpt_release+0x1a>

10007030 <tu_edpt_validate>:
10007030:	7943      	ldrb	r3, [r0, #5]
10007032:	7902      	ldrb	r2, [r0, #4]
10007034:	021b      	lsls	r3, r3, #8
10007036:	4313      	orrs	r3, r2
10007038:	055b      	lsls	r3, r3, #21
1000703a:	0d5a      	lsrs	r2, r3, #21
1000703c:	78c3      	ldrb	r3, [r0, #3]
1000703e:	079b      	lsls	r3, r3, #30
10007040:	0f9b      	lsrs	r3, r3, #30
10007042:	2b02      	cmp	r3, #2
10007044:	d005      	beq.n	10007052 <tu_edpt_validate+0x22>
10007046:	2b03      	cmp	r3, #3
10007048:	d015      	beq.n	10007076 <tu_edpt_validate+0x46>
1000704a:	2000      	movs	r0, #0
1000704c:	2b01      	cmp	r3, #1
1000704e:	d008      	beq.n	10007062 <tu_edpt_validate+0x32>
10007050:	4770      	bx	lr
10007052:	2902      	cmp	r1, #2
10007054:	d01e      	beq.n	10007094 <tu_edpt_validate+0x64>
10007056:	2000      	movs	r0, #0
10007058:	2340      	movs	r3, #64	; 0x40
1000705a:	4293      	cmp	r3, r2
1000705c:	4140      	adcs	r0, r0
1000705e:	b2c0      	uxtb	r0, r0
10007060:	e7f6      	b.n	10007050 <tu_edpt_validate+0x20>
10007062:	3902      	subs	r1, #2
10007064:	424b      	negs	r3, r1
10007066:	4159      	adcs	r1, r3
10007068:	4b0d      	ldr	r3, [pc, #52]	; (100070a0 <tu_edpt_validate+0x70>)
1000706a:	469c      	mov	ip, r3
1000706c:	4461      	add	r1, ip
1000706e:	4291      	cmp	r1, r2
10007070:	4140      	adcs	r0, r0
10007072:	b2c0      	uxtb	r0, r0
10007074:	e7ec      	b.n	10007050 <tu_edpt_validate+0x20>
10007076:	3902      	subs	r1, #2
10007078:	1e4b      	subs	r3, r1, #1
1000707a:	4199      	sbcs	r1, r3
1000707c:	4b09      	ldr	r3, [pc, #36]	; (100070a4 <tu_edpt_validate+0x74>)
1000707e:	4249      	negs	r1, r1
10007080:	4019      	ands	r1, r3
10007082:	2380      	movs	r3, #128	; 0x80
10007084:	00db      	lsls	r3, r3, #3
10007086:	469c      	mov	ip, r3
10007088:	2000      	movs	r0, #0
1000708a:	4461      	add	r1, ip
1000708c:	4291      	cmp	r1, r2
1000708e:	4140      	adcs	r0, r0
10007090:	b2c0      	uxtb	r0, r0
10007092:	e7dd      	b.n	10007050 <tu_edpt_validate+0x20>
10007094:	4b04      	ldr	r3, [pc, #16]	; (100070a8 <tu_edpt_validate+0x78>)
10007096:	18d0      	adds	r0, r2, r3
10007098:	4243      	negs	r3, r0
1000709a:	4158      	adcs	r0, r3
1000709c:	b2c0      	uxtb	r0, r0
1000709e:	e7d7      	b.n	10007050 <tu_edpt_validate+0x20>
100070a0:	000003ff 	.word	0x000003ff
100070a4:	fffffc40 	.word	0xfffffc40
100070a8:	fffffe00 	.word	0xfffffe00

100070ac <tu_edpt_bind_driver>:
100070ac:	188a      	adds	r2, r1, r2
100070ae:	b570      	push	{r4, r5, r6, lr}
100070b0:	4291      	cmp	r1, r2
100070b2:	d207      	bcs.n	100070c4 <tu_edpt_bind_driver+0x18>
100070b4:	267f      	movs	r6, #127	; 0x7f
100070b6:	784c      	ldrb	r4, [r1, #1]
100070b8:	2c05      	cmp	r4, #5
100070ba:	d004      	beq.n	100070c6 <tu_edpt_bind_driver+0x1a>
100070bc:	780c      	ldrb	r4, [r1, #0]
100070be:	1909      	adds	r1, r1, r4
100070c0:	428a      	cmp	r2, r1
100070c2:	d8f8      	bhi.n	100070b6 <tu_edpt_bind_driver+0xa>
100070c4:	bd70      	pop	{r4, r5, r6, pc}
100070c6:	0034      	movs	r4, r6
100070c8:	788d      	ldrb	r5, [r1, #2]
100070ca:	402c      	ands	r4, r5
100070cc:	0064      	lsls	r4, r4, #1
100070ce:	1904      	adds	r4, r0, r4
100070d0:	09ed      	lsrs	r5, r5, #7
100070d2:	5563      	strb	r3, [r4, r5]
100070d4:	780c      	ldrb	r4, [r1, #0]
100070d6:	1909      	adds	r1, r1, r4
100070d8:	428a      	cmp	r2, r1
100070da:	d8ec      	bhi.n	100070b6 <tu_edpt_bind_driver+0xa>
100070dc:	e7f2      	b.n	100070c4 <tu_edpt_bind_driver+0x18>
100070de:	46c0      	nop			; (mov r8, r8)

100070e0 <tu_fifo_config>:
100070e0:	b5f0      	push	{r4, r5, r6, r7, lr}
100070e2:	46c6      	mov	lr, r8
100070e4:	b500      	push	{lr}
100070e6:	0004      	movs	r4, r0
100070e8:	a806      	add	r0, sp, #24
100070ea:	7805      	ldrb	r5, [r0, #0]
100070ec:	2080      	movs	r0, #128	; 0x80
100070ee:	4688      	mov	r8, r1
100070f0:	0017      	movs	r7, r2
100070f2:	001e      	movs	r6, r3
100070f4:	0200      	lsls	r0, r0, #8
100070f6:	4282      	cmp	r2, r0
100070f8:	d826      	bhi.n	10007148 <tu_fifo_config+0x68>
100070fa:	68e0      	ldr	r0, [r4, #12]
100070fc:	2800      	cmp	r0, #0
100070fe:	d003      	beq.n	10007108 <tu_fifo_config+0x28>
10007100:	2101      	movs	r1, #1
10007102:	4249      	negs	r1, r1
10007104:	f004 fda0 	bl	1000bc48 <__mutex_enter_timeout_ms_veneer>
10007108:	6920      	ldr	r0, [r4, #16]
1000710a:	2800      	cmp	r0, #0
1000710c:	d003      	beq.n	10007116 <tu_fifo_config+0x36>
1000710e:	2101      	movs	r1, #1
10007110:	4249      	negs	r1, r1
10007112:	f004 fd99 	bl	1000bc48 <__mutex_enter_timeout_ms_veneer>
10007116:	4643      	mov	r3, r8
10007118:	6023      	str	r3, [r4, #0]
1000711a:	0473      	lsls	r3, r6, #17
1000711c:	0c5b      	lsrs	r3, r3, #17
1000711e:	03ed      	lsls	r5, r5, #15
10007120:	431d      	orrs	r5, r3
10007122:	2300      	movs	r3, #0
10007124:	68e0      	ldr	r0, [r4, #12]
10007126:	8163      	strh	r3, [r4, #10]
10007128:	80a7      	strh	r7, [r4, #4]
1000712a:	80e5      	strh	r5, [r4, #6]
1000712c:	8123      	strh	r3, [r4, #8]
1000712e:	2800      	cmp	r0, #0
10007130:	d001      	beq.n	10007136 <tu_fifo_config+0x56>
10007132:	f004 fd51 	bl	1000bbd8 <__mutex_exit_veneer>
10007136:	6920      	ldr	r0, [r4, #16]
10007138:	2800      	cmp	r0, #0
1000713a:	d001      	beq.n	10007140 <tu_fifo_config+0x60>
1000713c:	f004 fd4c 	bl	1000bbd8 <__mutex_exit_veneer>
10007140:	2001      	movs	r0, #1
10007142:	bc80      	pop	{r7}
10007144:	46b8      	mov	r8, r7
10007146:	bdf0      	pop	{r4, r5, r6, r7, pc}
10007148:	2000      	movs	r0, #0
1000714a:	e7fa      	b.n	10007142 <tu_fifo_config+0x62>

1000714c <tu_fifo_count>:
1000714c:	b510      	push	{r4, lr}
1000714e:	8904      	ldrh	r4, [r0, #8]
10007150:	8941      	ldrh	r1, [r0, #10]
10007152:	8882      	ldrh	r2, [r0, #4]
10007154:	b2a3      	uxth	r3, r4
10007156:	b288      	uxth	r0, r1
10007158:	428c      	cmp	r4, r1
1000715a:	d307      	bcc.n	1000716c <tu_fifo_count+0x20>
1000715c:	1a1b      	subs	r3, r3, r0
1000715e:	b29b      	uxth	r3, r3
10007160:	1c10      	adds	r0, r2, #0
10007162:	429a      	cmp	r2, r3
10007164:	d900      	bls.n	10007168 <tu_fifo_count+0x1c>
10007166:	1c18      	adds	r0, r3, #0
10007168:	b280      	uxth	r0, r0
1000716a:	bd10      	pop	{r4, pc}
1000716c:	0051      	lsls	r1, r2, #1
1000716e:	1a09      	subs	r1, r1, r0
10007170:	185b      	adds	r3, r3, r1
10007172:	b29b      	uxth	r3, r3
10007174:	e7f4      	b.n	10007160 <tu_fifo_count+0x14>
10007176:	46c0      	nop			; (mov r8, r8)

10007178 <tu_fifo_empty>:
10007178:	8903      	ldrh	r3, [r0, #8]
1000717a:	8940      	ldrh	r0, [r0, #10]
1000717c:	1a18      	subs	r0, r3, r0
1000717e:	4243      	negs	r3, r0
10007180:	4158      	adcs	r0, r3
10007182:	b2c0      	uxtb	r0, r0
10007184:	4770      	bx	lr
10007186:	46c0      	nop			; (mov r8, r8)

10007188 <tu_fifo_remaining>:
10007188:	b510      	push	{r4, lr}
1000718a:	8904      	ldrh	r4, [r0, #8]
1000718c:	8941      	ldrh	r1, [r0, #10]
1000718e:	8882      	ldrh	r2, [r0, #4]
10007190:	b2a3      	uxth	r3, r4
10007192:	b288      	uxth	r0, r1
10007194:	428c      	cmp	r4, r1
10007196:	d307      	bcc.n	100071a8 <tu_fifo_remaining+0x20>
10007198:	1a1b      	subs	r3, r3, r0
1000719a:	b29b      	uxth	r3, r3
1000719c:	2000      	movs	r0, #0
1000719e:	429a      	cmp	r2, r3
100071a0:	d901      	bls.n	100071a6 <tu_fifo_remaining+0x1e>
100071a2:	1ad2      	subs	r2, r2, r3
100071a4:	b290      	uxth	r0, r2
100071a6:	bd10      	pop	{r4, pc}
100071a8:	0051      	lsls	r1, r2, #1
100071aa:	1a09      	subs	r1, r1, r0
100071ac:	185b      	adds	r3, r3, r1
100071ae:	b29b      	uxth	r3, r3
100071b0:	e7f4      	b.n	1000719c <tu_fifo_remaining+0x14>
100071b2:	46c0      	nop			; (mov r8, r8)

100071b4 <tu_fifo_read>:
100071b4:	b570      	push	{r4, r5, r6, lr}
100071b6:	0004      	movs	r4, r0
100071b8:	6900      	ldr	r0, [r0, #16]
100071ba:	000e      	movs	r6, r1
100071bc:	2800      	cmp	r0, #0
100071be:	d003      	beq.n	100071c8 <tu_fifo_read+0x14>
100071c0:	2101      	movs	r1, #1
100071c2:	4249      	negs	r1, r1
100071c4:	f004 fd40 	bl	1000bc48 <__mutex_enter_timeout_ms_veneer>
100071c8:	8925      	ldrh	r5, [r4, #8]
100071ca:	8960      	ldrh	r0, [r4, #10]
100071cc:	88a2      	ldrh	r2, [r4, #4]
100071ce:	b2a9      	uxth	r1, r5
100071d0:	b283      	uxth	r3, r0
100071d2:	4285      	cmp	r5, r0
100071d4:	d32b      	bcc.n	1000722e <tu_fifo_read+0x7a>
100071d6:	1acd      	subs	r5, r1, r3
100071d8:	b2ad      	uxth	r5, r5
100071da:	2d00      	cmp	r5, #0
100071dc:	d02d      	beq.n	1000723a <tu_fifo_read+0x86>
100071de:	42aa      	cmp	r2, r5
100071e0:	d208      	bcs.n	100071f4 <tu_fifo_read+0x40>
100071e2:	4291      	cmp	r1, r2
100071e4:	d32f      	bcc.n	10007246 <tu_fifo_read+0x92>
100071e6:	1a89      	subs	r1, r1, r2
100071e8:	b28b      	uxth	r3, r1
100071ea:	8163      	strh	r3, [r4, #10]
100071ec:	429a      	cmp	r2, r3
100071ee:	d803      	bhi.n	100071f8 <tu_fifo_read+0x44>
100071f0:	1a9b      	subs	r3, r3, r2
100071f2:	b29b      	uxth	r3, r3
100071f4:	429a      	cmp	r2, r3
100071f6:	d9fb      	bls.n	100071f0 <tu_fifo_read+0x3c>
100071f8:	88e2      	ldrh	r2, [r4, #6]
100071fa:	6821      	ldr	r1, [r4, #0]
100071fc:	0452      	lsls	r2, r2, #17
100071fe:	0c52      	lsrs	r2, r2, #17
10007200:	4353      	muls	r3, r2
10007202:	0030      	movs	r0, r6
10007204:	18c9      	adds	r1, r1, r3
10007206:	f7fd fd93 	bl	10004d30 <__wrap___aeabi_memcpy>
1000720a:	8963      	ldrh	r3, [r4, #10]
1000720c:	2501      	movs	r5, #1
1000720e:	1c59      	adds	r1, r3, #1
10007210:	b289      	uxth	r1, r1
10007212:	88a2      	ldrh	r2, [r4, #4]
10007214:	428b      	cmp	r3, r1
10007216:	d912      	bls.n	1000723e <tu_fifo_read+0x8a>
10007218:	0052      	lsls	r2, r2, #1
1000721a:	1a89      	subs	r1, r1, r2
1000721c:	b289      	uxth	r1, r1
1000721e:	6920      	ldr	r0, [r4, #16]
10007220:	8161      	strh	r1, [r4, #10]
10007222:	2800      	cmp	r0, #0
10007224:	d001      	beq.n	1000722a <tu_fifo_read+0x76>
10007226:	f004 fcd7 	bl	1000bbd8 <__mutex_exit_veneer>
1000722a:	0028      	movs	r0, r5
1000722c:	bd70      	pop	{r4, r5, r6, pc}
1000722e:	0055      	lsls	r5, r2, #1
10007230:	1aed      	subs	r5, r5, r3
10007232:	194d      	adds	r5, r1, r5
10007234:	b2ad      	uxth	r5, r5
10007236:	2d00      	cmp	r5, #0
10007238:	d1d1      	bne.n	100071de <tu_fifo_read+0x2a>
1000723a:	8961      	ldrh	r1, [r4, #10]
1000723c:	b289      	uxth	r1, r1
1000723e:	0052      	lsls	r2, r2, #1
10007240:	4291      	cmp	r1, r2
10007242:	dbec      	blt.n	1000721e <tu_fifo_read+0x6a>
10007244:	e7e9      	b.n	1000721a <tu_fifo_read+0x66>
10007246:	1889      	adds	r1, r1, r2
10007248:	b28b      	uxth	r3, r1
1000724a:	8163      	strh	r3, [r4, #10]
1000724c:	e7ce      	b.n	100071ec <tu_fifo_read+0x38>
1000724e:	46c0      	nop			; (mov r8, r8)

10007250 <tu_fifo_read_n>:
10007250:	b5f0      	push	{r4, r5, r6, r7, lr}
10007252:	4646      	mov	r6, r8
10007254:	464f      	mov	r7, r9
10007256:	46d6      	mov	lr, sl
10007258:	b5c0      	push	{r6, r7, lr}
1000725a:	0006      	movs	r6, r0
1000725c:	6900      	ldr	r0, [r0, #16]
1000725e:	4689      	mov	r9, r1
10007260:	4690      	mov	r8, r2
10007262:	2800      	cmp	r0, #0
10007264:	d003      	beq.n	1000726e <tu_fifo_read_n+0x1e>
10007266:	2101      	movs	r1, #1
10007268:	4249      	negs	r1, r1
1000726a:	f004 fced 	bl	1000bc48 <__mutex_enter_timeout_ms_veneer>
1000726e:	8931      	ldrh	r1, [r6, #8]
10007270:	8972      	ldrh	r2, [r6, #10]
10007272:	88b5      	ldrh	r5, [r6, #4]
10007274:	b28b      	uxth	r3, r1
10007276:	b294      	uxth	r4, r2
10007278:	4291      	cmp	r1, r2
1000727a:	d354      	bcc.n	10007326 <tu_fifo_read_n+0xd6>
1000727c:	1b1f      	subs	r7, r3, r4
1000727e:	b2bf      	uxth	r7, r7
10007280:	2f00      	cmp	r7, #0
10007282:	d04a      	beq.n	1000731a <tu_fifo_read_n+0xca>
10007284:	42bd      	cmp	r5, r7
10007286:	d205      	bcs.n	10007294 <tu_fifo_read_n+0x44>
10007288:	42ab      	cmp	r3, r5
1000728a:	d251      	bcs.n	10007330 <tu_fifo_read_n+0xe0>
1000728c:	195b      	adds	r3, r3, r5
1000728e:	b29c      	uxth	r4, r3
10007290:	002f      	movs	r7, r5
10007292:	8174      	strh	r4, [r6, #10]
10007294:	4643      	mov	r3, r8
10007296:	45b8      	cmp	r8, r7
10007298:	d83d      	bhi.n	10007316 <tu_fifo_read_n+0xc6>
1000729a:	b29f      	uxth	r7, r3
1000729c:	42a5      	cmp	r5, r4
1000729e:	d803      	bhi.n	100072a8 <tu_fifo_read_n+0x58>
100072a0:	1b64      	subs	r4, r4, r5
100072a2:	b2a4      	uxth	r4, r4
100072a4:	42a5      	cmp	r5, r4
100072a6:	d9fb      	bls.n	100072a0 <tu_fifo_read_n+0x50>
100072a8:	88f2      	ldrh	r2, [r6, #6]
100072aa:	6831      	ldr	r1, [r6, #0]
100072ac:	0452      	lsls	r2, r2, #17
100072ae:	0c52      	lsrs	r2, r2, #17
100072b0:	4690      	mov	r8, r2
100072b2:	4362      	muls	r2, r4
100072b4:	1b2b      	subs	r3, r5, r4
100072b6:	b29b      	uxth	r3, r3
100072b8:	1889      	adds	r1, r1, r2
100072ba:	4642      	mov	r2, r8
100072bc:	429f      	cmp	r7, r3
100072be:	d925      	bls.n	1000730c <tu_fifo_read_n+0xbc>
100072c0:	4353      	muls	r3, r2
100072c2:	b29b      	uxth	r3, r3
100072c4:	001a      	movs	r2, r3
100072c6:	4648      	mov	r0, r9
100072c8:	469a      	mov	sl, r3
100072ca:	f7fd fd31 	bl	10004d30 <__wrap___aeabi_memcpy>
100072ce:	4643      	mov	r3, r8
100072d0:	4648      	mov	r0, r9
100072d2:	1b7d      	subs	r5, r7, r5
100072d4:	1964      	adds	r4, r4, r5
100072d6:	435c      	muls	r4, r3
100072d8:	6831      	ldr	r1, [r6, #0]
100072da:	4450      	add	r0, sl
100072dc:	b2a2      	uxth	r2, r4
100072de:	f7fd fd27 	bl	10004d30 <__wrap___aeabi_memcpy>
100072e2:	8971      	ldrh	r1, [r6, #10]
100072e4:	88b5      	ldrh	r5, [r6, #4]
100072e6:	19cb      	adds	r3, r1, r7
100072e8:	b29b      	uxth	r3, r3
100072ea:	006a      	lsls	r2, r5, #1
100072ec:	4299      	cmp	r1, r3
100072ee:	d916      	bls.n	1000731e <tu_fifo_read_n+0xce>
100072f0:	1a9b      	subs	r3, r3, r2
100072f2:	b29b      	uxth	r3, r3
100072f4:	6930      	ldr	r0, [r6, #16]
100072f6:	8173      	strh	r3, [r6, #10]
100072f8:	2800      	cmp	r0, #0
100072fa:	d001      	beq.n	10007300 <tu_fifo_read_n+0xb0>
100072fc:	f004 fc6c 	bl	1000bbd8 <__mutex_exit_veneer>
10007300:	0038      	movs	r0, r7
10007302:	bce0      	pop	{r5, r6, r7}
10007304:	46ba      	mov	sl, r7
10007306:	46b1      	mov	r9, r6
10007308:	46a8      	mov	r8, r5
1000730a:	bdf0      	pop	{r4, r5, r6, r7, pc}
1000730c:	4648      	mov	r0, r9
1000730e:	437a      	muls	r2, r7
10007310:	f7fd fd0e 	bl	10004d30 <__wrap___aeabi_memcpy>
10007314:	e7e5      	b.n	100072e2 <tu_fifo_read_n+0x92>
10007316:	1c3b      	adds	r3, r7, #0
10007318:	e7bf      	b.n	1000729a <tu_fifo_read_n+0x4a>
1000731a:	8973      	ldrh	r3, [r6, #10]
1000731c:	b29b      	uxth	r3, r3
1000731e:	006a      	lsls	r2, r5, #1
10007320:	4293      	cmp	r3, r2
10007322:	dbe7      	blt.n	100072f4 <tu_fifo_read_n+0xa4>
10007324:	e7e4      	b.n	100072f0 <tu_fifo_read_n+0xa0>
10007326:	006f      	lsls	r7, r5, #1
10007328:	1b3f      	subs	r7, r7, r4
1000732a:	19df      	adds	r7, r3, r7
1000732c:	b2bf      	uxth	r7, r7
1000732e:	e7a7      	b.n	10007280 <tu_fifo_read_n+0x30>
10007330:	1b5b      	subs	r3, r3, r5
10007332:	b29c      	uxth	r4, r3
10007334:	e7ac      	b.n	10007290 <tu_fifo_read_n+0x40>
10007336:	46c0      	nop			; (mov r8, r8)

10007338 <tu_fifo_write>:
10007338:	b5f8      	push	{r3, r4, r5, r6, r7, lr}
1000733a:	0004      	movs	r4, r0
1000733c:	68c0      	ldr	r0, [r0, #12]
1000733e:	000e      	movs	r6, r1
10007340:	2800      	cmp	r0, #0
10007342:	d003      	beq.n	1000734c <tu_fifo_write+0x14>
10007344:	2101      	movs	r1, #1
10007346:	4249      	negs	r1, r1
10007348:	f004 fc7e 	bl	1000bc48 <__mutex_enter_timeout_ms_veneer>
1000734c:	8925      	ldrh	r5, [r4, #8]
1000734e:	8920      	ldrh	r0, [r4, #8]
10007350:	8961      	ldrh	r1, [r4, #10]
10007352:	88a2      	ldrh	r2, [r4, #4]
10007354:	b2ad      	uxth	r5, r5
10007356:	b283      	uxth	r3, r0
10007358:	b28f      	uxth	r7, r1
1000735a:	4288      	cmp	r0, r1
1000735c:	d328      	bcc.n	100073b0 <tu_fifo_write+0x78>
1000735e:	1bdb      	subs	r3, r3, r7
10007360:	b29b      	uxth	r3, r3
10007362:	429a      	cmp	r2, r3
10007364:	d809      	bhi.n	1000737a <tu_fifo_write+0x42>
10007366:	79e7      	ldrb	r7, [r4, #7]
10007368:	09ff      	lsrs	r7, r7, #7
1000736a:	d106      	bne.n	1000737a <tu_fifo_write+0x42>
1000736c:	68e0      	ldr	r0, [r4, #12]
1000736e:	2800      	cmp	r0, #0
10007370:	d001      	beq.n	10007376 <tu_fifo_write+0x3e>
10007372:	f004 fc31 	bl	1000bbd8 <__mutex_exit_veneer>
10007376:	0038      	movs	r0, r7
10007378:	bdf8      	pop	{r3, r4, r5, r6, r7, pc}
1000737a:	002b      	movs	r3, r5
1000737c:	4295      	cmp	r5, r2
1000737e:	d303      	bcc.n	10007388 <tu_fifo_write+0x50>
10007380:	1a9b      	subs	r3, r3, r2
10007382:	b29b      	uxth	r3, r3
10007384:	4293      	cmp	r3, r2
10007386:	d2fb      	bcs.n	10007380 <tu_fifo_write+0x48>
10007388:	88e2      	ldrh	r2, [r4, #6]
1000738a:	6820      	ldr	r0, [r4, #0]
1000738c:	0452      	lsls	r2, r2, #17
1000738e:	0c52      	lsrs	r2, r2, #17
10007390:	4353      	muls	r3, r2
10007392:	0031      	movs	r1, r6
10007394:	18c0      	adds	r0, r0, r3
10007396:	f7fd fccb 	bl	10004d30 <__wrap___aeabi_memcpy>
1000739a:	88a2      	ldrh	r2, [r4, #4]
1000739c:	1c6b      	adds	r3, r5, #1
1000739e:	b29b      	uxth	r3, r3
100073a0:	0052      	lsls	r2, r2, #1
100073a2:	429d      	cmp	r5, r3
100073a4:	d909      	bls.n	100073ba <tu_fifo_write+0x82>
100073a6:	1a9b      	subs	r3, r3, r2
100073a8:	b29b      	uxth	r3, r3
100073aa:	2701      	movs	r7, #1
100073ac:	8123      	strh	r3, [r4, #8]
100073ae:	e7dd      	b.n	1000736c <tu_fifo_write+0x34>
100073b0:	0051      	lsls	r1, r2, #1
100073b2:	1bc9      	subs	r1, r1, r7
100073b4:	185b      	adds	r3, r3, r1
100073b6:	b29b      	uxth	r3, r3
100073b8:	e7d3      	b.n	10007362 <tu_fifo_write+0x2a>
100073ba:	4293      	cmp	r3, r2
100073bc:	dbf5      	blt.n	100073aa <tu_fifo_write+0x72>
100073be:	e7f2      	b.n	100073a6 <tu_fifo_write+0x6e>

100073c0 <tu_fifo_write_n>:
100073c0:	b5f0      	push	{r4, r5, r6, r7, lr}
100073c2:	4645      	mov	r5, r8
100073c4:	46de      	mov	lr, fp
100073c6:	4657      	mov	r7, sl
100073c8:	464e      	mov	r6, r9
100073ca:	b5e0      	push	{r5, r6, r7, lr}
100073cc:	4688      	mov	r8, r1
100073ce:	0005      	movs	r5, r0
100073d0:	0014      	movs	r4, r2
100073d2:	b083      	sub	sp, #12
100073d4:	2a00      	cmp	r2, #0
100073d6:	d06f      	beq.n	100074b8 <tu_fifo_write_n+0xf8>
100073d8:	68c0      	ldr	r0, [r0, #12]
100073da:	2800      	cmp	r0, #0
100073dc:	d003      	beq.n	100073e6 <tu_fifo_write_n+0x26>
100073de:	2101      	movs	r1, #1
100073e0:	4249      	negs	r1, r1
100073e2:	f004 fc31 	bl	1000bc48 <__mutex_enter_timeout_ms_veneer>
100073e6:	892e      	ldrh	r6, [r5, #8]
100073e8:	79eb      	ldrb	r3, [r5, #7]
100073ea:	896a      	ldrh	r2, [r5, #10]
100073ec:	b2b6      	uxth	r6, r6
100073ee:	b292      	uxth	r2, r2
100073f0:	09db      	lsrs	r3, r3, #7
100073f2:	d140      	bne.n	10007476 <tu_fifo_write_n+0xb6>
100073f4:	88ab      	ldrh	r3, [r5, #4]
100073f6:	4296      	cmp	r6, r2
100073f8:	d267      	bcs.n	100074ca <tu_fifo_write_n+0x10a>
100073fa:	0059      	lsls	r1, r3, #1
100073fc:	1a8a      	subs	r2, r1, r2
100073fe:	18b2      	adds	r2, r6, r2
10007400:	b292      	uxth	r2, r2
10007402:	2700      	movs	r7, #0
10007404:	4293      	cmp	r3, r2
10007406:	d930      	bls.n	1000746a <tu_fifo_write_n+0xaa>
10007408:	1a9a      	subs	r2, r3, r2
1000740a:	1c17      	adds	r7, r2, #0
1000740c:	b292      	uxth	r2, r2
1000740e:	42a2      	cmp	r2, r4
10007410:	d900      	bls.n	10007414 <tu_fifo_write_n+0x54>
10007412:	1c27      	adds	r7, r4, #0
10007414:	88ea      	ldrh	r2, [r5, #6]
10007416:	b2bf      	uxth	r7, r7
10007418:	0452      	lsls	r2, r2, #17
1000741a:	0c52      	lsrs	r2, r2, #17
1000741c:	4691      	mov	r9, r2
1000741e:	19f2      	adds	r2, r6, r7
10007420:	b292      	uxth	r2, r2
10007422:	4692      	mov	sl, r2
10007424:	1afa      	subs	r2, r7, r3
10007426:	b292      	uxth	r2, r2
10007428:	4693      	mov	fp, r2
1000742a:	0034      	movs	r4, r6
1000742c:	42b3      	cmp	r3, r6
1000742e:	d803      	bhi.n	10007438 <tu_fifo_write_n+0x78>
10007430:	1ae4      	subs	r4, r4, r3
10007432:	b2a4      	uxth	r4, r4
10007434:	429c      	cmp	r4, r3
10007436:	d2fb      	bcs.n	10007430 <tu_fifo_write_n+0x70>
10007438:	464a      	mov	r2, r9
1000743a:	4362      	muls	r2, r4
1000743c:	6828      	ldr	r0, [r5, #0]
1000743e:	1b1b      	subs	r3, r3, r4
10007440:	b29b      	uxth	r3, r3
10007442:	1880      	adds	r0, r0, r2
10007444:	464a      	mov	r2, r9
10007446:	42bb      	cmp	r3, r7
10007448:	d353      	bcc.n	100074f2 <tu_fifo_write_n+0x132>
1000744a:	4641      	mov	r1, r8
1000744c:	437a      	muls	r2, r7
1000744e:	f7fd fc6f 	bl	10004d30 <__wrap___aeabi_memcpy>
10007452:	88ab      	ldrh	r3, [r5, #4]
10007454:	005b      	lsls	r3, r3, #1
10007456:	45b2      	cmp	sl, r6
10007458:	d301      	bcc.n	1000745e <tu_fifo_write_n+0x9e>
1000745a:	459a      	cmp	sl, r3
1000745c:	db03      	blt.n	10007466 <tu_fifo_write_n+0xa6>
1000745e:	4652      	mov	r2, sl
10007460:	1ad3      	subs	r3, r2, r3
10007462:	b29b      	uxth	r3, r3
10007464:	469a      	mov	sl, r3
10007466:	4653      	mov	r3, sl
10007468:	812b      	strh	r3, [r5, #8]
1000746a:	68e8      	ldr	r0, [r5, #12]
1000746c:	2800      	cmp	r0, #0
1000746e:	d024      	beq.n	100074ba <tu_fifo_write_n+0xfa>
10007470:	f004 fbb2 	bl	1000bbd8 <__mutex_exit_veneer>
10007474:	e021      	b.n	100074ba <tu_fifo_write_n+0xfa>
10007476:	88af      	ldrh	r7, [r5, #4]
10007478:	42bc      	cmp	r4, r7
1000747a:	d229      	bcs.n	100074d0 <tu_fifo_write_n+0x110>
1000747c:	4296      	cmp	r6, r2
1000747e:	d34a      	bcc.n	10007516 <tu_fifo_write_n+0x156>
10007480:	1ab3      	subs	r3, r6, r2
10007482:	b29b      	uxth	r3, r3
10007484:	0079      	lsls	r1, r7, #1
10007486:	191b      	adds	r3, r3, r4
10007488:	428b      	cmp	r3, r1
1000748a:	db08      	blt.n	1000749e <tu_fifo_write_n+0xde>
1000748c:	19d3      	adds	r3, r2, r7
1000748e:	b29b      	uxth	r3, r3
10007490:	1b1e      	subs	r6, r3, r4
10007492:	b2b6      	uxth	r6, r6
10007494:	469a      	mov	sl, r3
10007496:	42b2      	cmp	r2, r6
10007498:	d942      	bls.n	10007520 <tu_fifo_write_n+0x160>
1000749a:	1a76      	subs	r6, r6, r1
1000749c:	b2b6      	uxth	r6, r6
1000749e:	88eb      	ldrh	r3, [r5, #6]
100074a0:	045b      	lsls	r3, r3, #17
100074a2:	0c5b      	lsrs	r3, r3, #17
100074a4:	4699      	mov	r9, r3
100074a6:	19a3      	adds	r3, r4, r6
100074a8:	b29b      	uxth	r3, r3
100074aa:	469a      	mov	sl, r3
100074ac:	1be3      	subs	r3, r4, r7
100074ae:	b29b      	uxth	r3, r3
100074b0:	469b      	mov	fp, r3
100074b2:	003b      	movs	r3, r7
100074b4:	0027      	movs	r7, r4
100074b6:	e7b8      	b.n	1000742a <tu_fifo_write_n+0x6a>
100074b8:	2700      	movs	r7, #0
100074ba:	0038      	movs	r0, r7
100074bc:	b003      	add	sp, #12
100074be:	bcf0      	pop	{r4, r5, r6, r7}
100074c0:	46bb      	mov	fp, r7
100074c2:	46b2      	mov	sl, r6
100074c4:	46a9      	mov	r9, r5
100074c6:	46a0      	mov	r8, r4
100074c8:	bdf0      	pop	{r4, r5, r6, r7, pc}
100074ca:	1ab2      	subs	r2, r6, r2
100074cc:	b292      	uxth	r2, r2
100074ce:	e798      	b.n	10007402 <tu_fifo_write_n+0x42>
100074d0:	2f00      	cmp	r7, #0
100074d2:	d0ca      	beq.n	1000746a <tu_fifo_write_n+0xaa>
100074d4:	88eb      	ldrh	r3, [r5, #6]
100074d6:	1be4      	subs	r4, r4, r7
100074d8:	045b      	lsls	r3, r3, #17
100074da:	0c5b      	lsrs	r3, r3, #17
100074dc:	435c      	muls	r4, r3
100074de:	4699      	mov	r9, r3
100074e0:	0016      	movs	r6, r2
100074e2:	19d3      	adds	r3, r2, r7
100074e4:	2200      	movs	r2, #0
100074e6:	b29b      	uxth	r3, r3
100074e8:	469a      	mov	sl, r3
100074ea:	4693      	mov	fp, r2
100074ec:	003b      	movs	r3, r7
100074ee:	44a0      	add	r8, r4
100074f0:	e79b      	b.n	1000742a <tu_fifo_write_n+0x6a>
100074f2:	4353      	muls	r3, r2
100074f4:	b299      	uxth	r1, r3
100074f6:	000a      	movs	r2, r1
100074f8:	9101      	str	r1, [sp, #4]
100074fa:	445c      	add	r4, fp
100074fc:	4641      	mov	r1, r8
100074fe:	f7fd fc17 	bl	10004d30 <__wrap___aeabi_memcpy>
10007502:	0022      	movs	r2, r4
10007504:	464b      	mov	r3, r9
10007506:	435a      	muls	r2, r3
10007508:	9901      	ldr	r1, [sp, #4]
1000750a:	6828      	ldr	r0, [r5, #0]
1000750c:	b292      	uxth	r2, r2
1000750e:	4441      	add	r1, r8
10007510:	f7fd fc0e 	bl	10004d30 <__wrap___aeabi_memcpy>
10007514:	e79d      	b.n	10007452 <tu_fifo_write_n+0x92>
10007516:	0079      	lsls	r1, r7, #1
10007518:	1a8b      	subs	r3, r1, r2
1000751a:	18f3      	adds	r3, r6, r3
1000751c:	b29b      	uxth	r3, r3
1000751e:	e7b2      	b.n	10007486 <tu_fifo_write_n+0xc6>
10007520:	42b1      	cmp	r1, r6
10007522:	ddba      	ble.n	1000749a <tu_fifo_write_n+0xda>
10007524:	88eb      	ldrh	r3, [r5, #6]
10007526:	045b      	lsls	r3, r3, #17
10007528:	0c5b      	lsrs	r3, r3, #17
1000752a:	4699      	mov	r9, r3
1000752c:	e7be      	b.n	100074ac <tu_fifo_write_n+0xec>
1000752e:	46c0      	nop			; (mov r8, r8)

10007530 <tu_fifo_clear>:
10007530:	b510      	push	{r4, lr}
10007532:	0004      	movs	r4, r0
10007534:	68c0      	ldr	r0, [r0, #12]
10007536:	2800      	cmp	r0, #0
10007538:	d003      	beq.n	10007542 <tu_fifo_clear+0x12>
1000753a:	2101      	movs	r1, #1
1000753c:	4249      	negs	r1, r1
1000753e:	f004 fb83 	bl	1000bc48 <__mutex_enter_timeout_ms_veneer>
10007542:	6920      	ldr	r0, [r4, #16]
10007544:	2800      	cmp	r0, #0
10007546:	d003      	beq.n	10007550 <tu_fifo_clear+0x20>
10007548:	2101      	movs	r1, #1
1000754a:	4249      	negs	r1, r1
1000754c:	f004 fb7c 	bl	1000bc48 <__mutex_enter_timeout_ms_veneer>
10007550:	2300      	movs	r3, #0
10007552:	68e0      	ldr	r0, [r4, #12]
10007554:	8163      	strh	r3, [r4, #10]
10007556:	8123      	strh	r3, [r4, #8]
10007558:	2800      	cmp	r0, #0
1000755a:	d001      	beq.n	10007560 <tu_fifo_clear+0x30>
1000755c:	f004 fb3c 	bl	1000bbd8 <__mutex_exit_veneer>
10007560:	6920      	ldr	r0, [r4, #16]
10007562:	2800      	cmp	r0, #0
10007564:	d001      	beq.n	1000756a <tu_fifo_clear+0x3a>
10007566:	f004 fb37 	bl	1000bbd8 <__mutex_exit_veneer>
1000756a:	2001      	movs	r0, #1
1000756c:	bd10      	pop	{r4, pc}
1000756e:	46c0      	nop			; (mov r8, r8)

10007570 <tu_fifo_set_overwritable>:
10007570:	b570      	push	{r4, r5, r6, lr}
10007572:	0004      	movs	r4, r0
10007574:	68c0      	ldr	r0, [r0, #12]
10007576:	000d      	movs	r5, r1
10007578:	2800      	cmp	r0, #0
1000757a:	d003      	beq.n	10007584 <tu_fifo_set_overwritable+0x14>
1000757c:	2101      	movs	r1, #1
1000757e:	4249      	negs	r1, r1
10007580:	f004 fb62 	bl	1000bc48 <__mutex_enter_timeout_ms_veneer>
10007584:	6920      	ldr	r0, [r4, #16]
10007586:	2800      	cmp	r0, #0
10007588:	d003      	beq.n	10007592 <tu_fifo_set_overwritable+0x22>
1000758a:	2101      	movs	r1, #1
1000758c:	4249      	negs	r1, r1
1000758e:	f004 fb5b 	bl	1000bc48 <__mutex_enter_timeout_ms_veneer>
10007592:	217f      	movs	r1, #127	; 0x7f
10007594:	79e3      	ldrb	r3, [r4, #7]
10007596:	01ed      	lsls	r5, r5, #7
10007598:	4019      	ands	r1, r3
1000759a:	68e0      	ldr	r0, [r4, #12]
1000759c:	4329      	orrs	r1, r5
1000759e:	71e1      	strb	r1, [r4, #7]
100075a0:	2800      	cmp	r0, #0
100075a2:	d001      	beq.n	100075a8 <tu_fifo_set_overwritable+0x38>
100075a4:	f004 fb18 	bl	1000bbd8 <__mutex_exit_veneer>
100075a8:	6920      	ldr	r0, [r4, #16]
100075aa:	2800      	cmp	r0, #0
100075ac:	d001      	beq.n	100075b2 <tu_fifo_set_overwritable+0x42>
100075ae:	f004 fb13 	bl	1000bbd8 <__mutex_exit_veneer>
100075b2:	2001      	movs	r0, #1
100075b4:	bd70      	pop	{r4, r5, r6, pc}
100075b6:	46c0      	nop			; (mov r8, r8)

100075b8 <spi_init>:
100075b8:	b5f0      	push	{r4, r5, r6, r7, lr}
100075ba:	464e      	mov	r6, r9
100075bc:	4681      	mov	r9, r0
100075be:	4b4e      	ldr	r3, [pc, #312]	; (100076f8 <spi_init+0x140>)
100075c0:	4645      	mov	r5, r8
100075c2:	444b      	add	r3, r9
100075c4:	425a      	negs	r2, r3
100075c6:	4153      	adcs	r3, r2
100075c8:	2280      	movs	r2, #128	; 0x80
100075ca:	46de      	mov	lr, fp
100075cc:	4657      	mov	r7, sl
100075ce:	0292      	lsls	r2, r2, #10
100075d0:	4694      	mov	ip, r2
100075d2:	425b      	negs	r3, r3
100075d4:	b5e0      	push	{r5, r6, r7, lr}
100075d6:	0c1b      	lsrs	r3, r3, #16
100075d8:	4a48      	ldr	r2, [pc, #288]	; (100076fc <spi_init+0x144>)
100075da:	041b      	lsls	r3, r3, #16
100075dc:	4463      	add	r3, ip
100075de:	6013      	str	r3, [r2, #0]
100075e0:	4a47      	ldr	r2, [pc, #284]	; (10007700 <spi_init+0x148>)
100075e2:	000d      	movs	r5, r1
100075e4:	4947      	ldr	r1, [pc, #284]	; (10007704 <spi_init+0x14c>)
100075e6:	b083      	sub	sp, #12
100075e8:	6013      	str	r3, [r2, #0]
100075ea:	0018      	movs	r0, r3
100075ec:	688a      	ldr	r2, [r1, #8]
100075ee:	4390      	bics	r0, r2
100075f0:	d1fb      	bne.n	100075ea <spi_init+0x32>
100075f2:	2006      	movs	r0, #6
100075f4:	f7fa fe66 	bl	100022c4 <clock_get_hz>
100075f8:	464b      	mov	r3, r9
100075fa:	685a      	ldr	r2, [r3, #4]
100075fc:	2302      	movs	r3, #2
100075fe:	401a      	ands	r2, r3
10007600:	9201      	str	r2, [sp, #4]
10007602:	2204      	movs	r2, #4
10007604:	444a      	add	r2, r9
10007606:	4693      	mov	fp, r2
10007608:	22c0      	movs	r2, #192	; 0xc0
1000760a:	4659      	mov	r1, fp
1000760c:	0192      	lsls	r2, r2, #6
1000760e:	4311      	orrs	r1, r2
10007610:	600b      	str	r3, [r1, #0]
10007612:	468a      	mov	sl, r1
10007614:	2180      	movs	r1, #128	; 0x80
10007616:	4680      	mov	r8, r0
10007618:	0049      	lsls	r1, r1, #1
1000761a:	468c      	mov	ip, r1
1000761c:	4641      	mov	r1, r8
1000761e:	2002      	movs	r0, #2
10007620:	46a8      	mov	r8, r5
10007622:	0def      	lsrs	r7, r5, #23
10007624:	026e      	lsls	r6, r5, #9
10007626:	0dab      	lsrs	r3, r5, #22
10007628:	02aa      	lsls	r2, r5, #10
1000762a:	9100      	str	r1, [sp, #0]
1000762c:	e004      	b.n	10007638 <spi_init+0x80>
1000762e:	9c00      	ldr	r4, [sp, #0]
10007630:	42a5      	cmp	r5, r4
10007632:	d85e      	bhi.n	100076f2 <spi_init+0x13a>
10007634:	4560      	cmp	r0, ip
10007636:	d053      	beq.n	100076e0 <spi_init+0x128>
10007638:	0001      	movs	r1, r0
1000763a:	0015      	movs	r5, r2
1000763c:	001c      	movs	r4, r3
1000763e:	3002      	adds	r0, #2
10007640:	1992      	adds	r2, r2, r6
10007642:	417b      	adcs	r3, r7
10007644:	2c00      	cmp	r4, #0
10007646:	d0f2      	beq.n	1000762e <spi_init+0x76>
10007648:	9b00      	ldr	r3, [sp, #0]
1000764a:	4645      	mov	r5, r8
1000764c:	4698      	mov	r8, r3
1000764e:	465b      	mov	r3, fp
10007650:	2480      	movs	r4, #128	; 0x80
10007652:	46ab      	mov	fp, r5
10007654:	000d      	movs	r5, r1
10007656:	020e      	lsls	r6, r1, #8
10007658:	1a76      	subs	r6, r6, r1
1000765a:	0064      	lsls	r4, r4, #1
1000765c:	9300      	str	r3, [sp, #0]
1000765e:	0027      	movs	r7, r4
10007660:	3c01      	subs	r4, #1
10007662:	2c00      	cmp	r4, #0
10007664:	d040      	beq.n	100076e8 <spi_init+0x130>
10007666:	0031      	movs	r1, r6
10007668:	4640      	mov	r0, r8
1000766a:	f7fc fb37 	bl	10003cdc <__wrap___aeabi_uidiv>
1000766e:	1b76      	subs	r6, r6, r5
10007670:	4583      	cmp	fp, r0
10007672:	d2f4      	bcs.n	1000765e <spi_init+0xa6>
10007674:	9b00      	ldr	r3, [sp, #0]
10007676:	0029      	movs	r1, r5
10007678:	469b      	mov	fp, r3
1000767a:	436f      	muls	r7, r5
1000767c:	0224      	lsls	r4, r4, #8
1000767e:	464b      	mov	r3, r9
10007680:	6119      	str	r1, [r3, #16]
10007682:	681b      	ldr	r3, [r3, #0]
10007684:	464a      	mov	r2, r9
10007686:	405c      	eors	r4, r3
10007688:	23ff      	movs	r3, #255	; 0xff
1000768a:	021b      	lsls	r3, r3, #8
1000768c:	401c      	ands	r4, r3
1000768e:	2380      	movs	r3, #128	; 0x80
10007690:	015b      	lsls	r3, r3, #5
10007692:	4313      	orrs	r3, r2
10007694:	2280      	movs	r2, #128	; 0x80
10007696:	4659      	mov	r1, fp
10007698:	9801      	ldr	r0, [sp, #4]
1000769a:	0192      	lsls	r2, r2, #6
1000769c:	4311      	orrs	r1, r2
1000769e:	601c      	str	r4, [r3, #0]
100076a0:	6008      	str	r0, [r1, #0]
100076a2:	4648      	mov	r0, r9
100076a4:	4655      	mov	r5, sl
100076a6:	6844      	ldr	r4, [r0, #4]
100076a8:	2002      	movs	r0, #2
100076aa:	6028      	str	r0, [r5, #0]
100076ac:	464d      	mov	r5, r9
100076ae:	682e      	ldr	r6, [r5, #0]
100076b0:	2507      	movs	r5, #7
100076b2:	406e      	eors	r6, r5
100076b4:	35c8      	adds	r5, #200	; 0xc8
100076b6:	4035      	ands	r5, r6
100076b8:	601d      	str	r5, [r3, #0]
100076ba:	464b      	mov	r3, r9
100076bc:	3324      	adds	r3, #36	; 0x24
100076be:	431a      	orrs	r2, r3
100076c0:	2303      	movs	r3, #3
100076c2:	4004      	ands	r4, r0
100076c4:	600c      	str	r4, [r1, #0]
100076c6:	6013      	str	r3, [r2, #0]
100076c8:	6008      	str	r0, [r1, #0]
100076ca:	0039      	movs	r1, r7
100076cc:	4640      	mov	r0, r8
100076ce:	f7fc fb05 	bl	10003cdc <__wrap___aeabi_uidiv>
100076d2:	b003      	add	sp, #12
100076d4:	bcf0      	pop	{r4, r5, r6, r7}
100076d6:	46bb      	mov	fp, r7
100076d8:	46b2      	mov	sl, r6
100076da:	46a9      	mov	r9, r5
100076dc:	46a0      	mov	r8, r4
100076de:	bdf0      	pop	{r4, r5, r6, r7, pc}
100076e0:	4645      	mov	r5, r8
100076e2:	0001      	movs	r1, r0
100076e4:	46a0      	mov	r8, r4
100076e6:	e7b2      	b.n	1000764e <spi_init+0x96>
100076e8:	9b00      	ldr	r3, [sp, #0]
100076ea:	0029      	movs	r1, r5
100076ec:	469b      	mov	fp, r3
100076ee:	002f      	movs	r7, r5
100076f0:	e7c5      	b.n	1000767e <spi_init+0xc6>
100076f2:	4645      	mov	r5, r8
100076f4:	46a0      	mov	r8, r4
100076f6:	e7aa      	b.n	1000764e <spi_init+0x96>
100076f8:	bffc4000 	.word	0xbffc4000
100076fc:	4000e000 	.word	0x4000e000
10007700:	4000f000 	.word	0x4000f000
10007704:	4000c000 	.word	0x4000c000

10007708 <i2c_set_baudrate>:
10007708:	b5f8      	push	{r3, r4, r5, r6, r7, lr}
1000770a:	46de      	mov	lr, fp
1000770c:	4657      	mov	r7, sl
1000770e:	464e      	mov	r6, r9
10007710:	4645      	mov	r5, r8
10007712:	4683      	mov	fp, r0
10007714:	b5e0      	push	{r5, r6, r7, lr}
10007716:	2005      	movs	r0, #5
10007718:	000c      	movs	r4, r1
1000771a:	f7fa fdd3 	bl	100022c4 <clock_get_hz>
1000771e:	0006      	movs	r6, r0
10007720:	0860      	lsrs	r0, r4, #1
10007722:	0021      	movs	r1, r4
10007724:	1980      	adds	r0, r0, r6
10007726:	f7fc fad9 	bl	10003cdc <__wrap___aeabi_uidiv>
1000772a:	0043      	lsls	r3, r0, #1
1000772c:	4698      	mov	r8, r3
1000772e:	4480      	add	r8, r0
10007730:	0007      	movs	r7, r0
10007732:	2105      	movs	r1, #5
10007734:	4640      	mov	r0, r8
10007736:	f7fc fad1 	bl	10003cdc <__wrap___aeabi_uidiv>
1000773a:	1a3b      	subs	r3, r7, r0
1000773c:	469a      	mov	sl, r3
1000773e:	4b20      	ldr	r3, [pc, #128]	; (100077c0 <i2c_set_baudrate+0xb8>)
10007740:	4681      	mov	r9, r0
10007742:	0070      	lsls	r0, r6, #1
10007744:	1980      	adds	r0, r0, r6
10007746:	429c      	cmp	r4, r3
10007748:	d834      	bhi.n	100077b4 <i2c_set_baudrate+0xac>
1000774a:	491e      	ldr	r1, [pc, #120]	; (100077c4 <i2c_set_baudrate+0xbc>)
1000774c:	f7fc fac6 	bl	10003cdc <__wrap___aeabi_uidiv>
10007750:	1c45      	adds	r5, r0, #1
10007752:	465b      	mov	r3, fp
10007754:	681c      	ldr	r4, [r3, #0]
10007756:	2300      	movs	r3, #0
10007758:	2204      	movs	r2, #4
1000775a:	66e3      	str	r3, [r4, #108]	; 0x6c
1000775c:	6823      	ldr	r3, [r4, #0]
1000775e:	2001      	movs	r0, #1
10007760:	4053      	eors	r3, r2
10007762:	3202      	adds	r2, #2
10007764:	401a      	ands	r2, r3
10007766:	2380      	movs	r3, #128	; 0x80
10007768:	015b      	lsls	r3, r3, #5
1000776a:	4323      	orrs	r3, r4
1000776c:	601a      	str	r2, [r3, #0]
1000776e:	4653      	mov	r3, sl
10007770:	61e3      	str	r3, [r4, #28]
10007772:	464b      	mov	r3, r9
10007774:	6223      	str	r3, [r4, #32]
10007776:	4643      	mov	r3, r8
10007778:	2b4f      	cmp	r3, #79	; 0x4f
1000777a:	d903      	bls.n	10007784 <i2c_set_baudrate+0x7c>
1000777c:	2150      	movs	r1, #80	; 0x50
1000777e:	4640      	mov	r0, r8
10007780:	f7fc faac 	bl	10003cdc <__wrap___aeabi_uidiv>
10007784:	23a0      	movs	r3, #160	; 0xa0
10007786:	50e0      	str	r0, [r4, r3]
10007788:	6fe3      	ldr	r3, [r4, #124]	; 0x7c
1000778a:	0022      	movs	r2, r4
1000778c:	405d      	eors	r5, r3
1000778e:	2380      	movs	r3, #128	; 0x80
10007790:	327c      	adds	r2, #124	; 0x7c
10007792:	042d      	lsls	r5, r5, #16
10007794:	015b      	lsls	r3, r3, #5
10007796:	4313      	orrs	r3, r2
10007798:	0c2d      	lsrs	r5, r5, #16
1000779a:	601d      	str	r5, [r3, #0]
1000779c:	2301      	movs	r3, #1
1000779e:	0039      	movs	r1, r7
100077a0:	0030      	movs	r0, r6
100077a2:	66e3      	str	r3, [r4, #108]	; 0x6c
100077a4:	f7fc fa9a 	bl	10003cdc <__wrap___aeabi_uidiv>
100077a8:	bcf0      	pop	{r4, r5, r6, r7}
100077aa:	46bb      	mov	fp, r7
100077ac:	46b2      	mov	sl, r6
100077ae:	46a9      	mov	r9, r5
100077b0:	46a0      	mov	r8, r4
100077b2:	bdf8      	pop	{r3, r4, r5, r6, r7, pc}
100077b4:	4904      	ldr	r1, [pc, #16]	; (100077c8 <i2c_set_baudrate+0xc0>)
100077b6:	f7fc fa91 	bl	10003cdc <__wrap___aeabi_uidiv>
100077ba:	1c45      	adds	r5, r0, #1
100077bc:	e7c9      	b.n	10007752 <i2c_set_baudrate+0x4a>
100077be:	46c0      	nop			; (mov r8, r8)
100077c0:	000f423f 	.word	0x000f423f
100077c4:	00989680 	.word	0x00989680
100077c8:	017d7840 	.word	0x017d7840

100077cc <i2c_init>:
100077cc:	4a10      	ldr	r2, [pc, #64]	; (10007810 <i2c_init+0x44>)
100077ce:	b570      	push	{r4, r5, r6, lr}
100077d0:	1a82      	subs	r2, r0, r2
100077d2:	4253      	negs	r3, r2
100077d4:	415a      	adcs	r2, r3
100077d6:	2307      	movs	r3, #7
100077d8:	4252      	negs	r2, r2
100077da:	439a      	bics	r2, r3
100077dc:	4b0d      	ldr	r3, [pc, #52]	; (10007814 <i2c_init+0x48>)
100077de:	3210      	adds	r2, #16
100077e0:	601a      	str	r2, [r3, #0]
100077e2:	4b0d      	ldr	r3, [pc, #52]	; (10007818 <i2c_init+0x4c>)
100077e4:	4c0d      	ldr	r4, [pc, #52]	; (1000781c <i2c_init+0x50>)
100077e6:	601a      	str	r2, [r3, #0]
100077e8:	0015      	movs	r5, r2
100077ea:	68a3      	ldr	r3, [r4, #8]
100077ec:	439d      	bics	r5, r3
100077ee:	1e2b      	subs	r3, r5, #0
100077f0:	d1fa      	bne.n	100077e8 <i2c_init+0x1c>
100077f2:	2466      	movs	r4, #102	; 0x66
100077f4:	6802      	ldr	r2, [r0, #0]
100077f6:	34ff      	adds	r4, #255	; 0xff
100077f8:	7105      	strb	r5, [r0, #4]
100077fa:	66d5      	str	r5, [r2, #108]	; 0x6c
100077fc:	6014      	str	r4, [r2, #0]
100077fe:	3c63      	subs	r4, #99	; 0x63
10007800:	3388      	adds	r3, #136	; 0x88
10007802:	3cff      	subs	r4, #255	; 0xff
10007804:	63d5      	str	r5, [r2, #60]	; 0x3c
10007806:	6395      	str	r5, [r2, #56]	; 0x38
10007808:	50d4      	str	r4, [r2, r3]
1000780a:	f7ff ff7d 	bl	10007708 <i2c_set_baudrate>
1000780e:	bd70      	pop	{r4, r5, r6, pc}
10007810:	20000f30 	.word	0x20000f30
10007814:	4000e000 	.word	0x4000e000
10007818:	4000f000 	.word	0x4000f000
1000781c:	4000c000 	.word	0x4000c000

10007820 <i2c_write_blocking>:
10007820:	b5f0      	push	{r4, r5, r6, r7, lr}
10007822:	4657      	mov	r7, sl
10007824:	464e      	mov	r6, r9
10007826:	46de      	mov	lr, fp
10007828:	4645      	mov	r5, r8
1000782a:	4684      	mov	ip, r0
1000782c:	b5e0      	push	{r5, r6, r7, lr}
1000782e:	b083      	sub	sp, #12
10007830:	001f      	movs	r7, r3
10007832:	ab0c      	add	r3, sp, #48	; 0x30
10007834:	7818      	ldrb	r0, [r3, #0]
10007836:	4663      	mov	r3, ip
10007838:	4691      	mov	r9, r2
1000783a:	2200      	movs	r2, #0
1000783c:	681b      	ldr	r3, [r3, #0]
1000783e:	9001      	str	r0, [sp, #4]
10007840:	66da      	str	r2, [r3, #108]	; 0x6c
10007842:	3201      	adds	r2, #1
10007844:	6059      	str	r1, [r3, #4]
10007846:	66da      	str	r2, [r3, #108]	; 0x6c
10007848:	2f00      	cmp	r7, #0
1000784a:	dd4f      	ble.n	100078ec <i2c_write_blocking+0xcc>
1000784c:	1e7a      	subs	r2, r7, #1
1000784e:	4690      	mov	r8, r2
10007850:	4662      	mov	r2, ip
10007852:	7912      	ldrb	r2, [r2, #4]
10007854:	2601      	movs	r6, #1
10007856:	0292      	lsls	r2, r2, #10
10007858:	2480      	movs	r4, #128	; 0x80
1000785a:	4693      	mov	fp, r2
1000785c:	003a      	movs	r2, r7
1000785e:	4046      	eors	r6, r0
10007860:	0276      	lsls	r6, r6, #9
10007862:	2580      	movs	r5, #128	; 0x80
10007864:	0037      	movs	r7, r6
10007866:	2000      	movs	r0, #0
10007868:	4646      	mov	r6, r8
1000786a:	2110      	movs	r1, #16
1000786c:	46a2      	mov	sl, r4
1000786e:	4690      	mov	r8, r2
10007870:	00ad      	lsls	r5, r5, #2
10007872:	1a34      	subs	r4, r6, r0
10007874:	4262      	negs	r2, r4
10007876:	4154      	adcs	r4, r2
10007878:	464a      	mov	r2, r9
1000787a:	4264      	negs	r4, r4
1000787c:	403c      	ands	r4, r7
1000787e:	9400      	str	r4, [sp, #0]
10007880:	465c      	mov	r4, fp
10007882:	5c12      	ldrb	r2, [r2, r0]
10007884:	4322      	orrs	r2, r4
10007886:	9c00      	ldr	r4, [sp, #0]
10007888:	4322      	orrs	r2, r4
1000788a:	611a      	str	r2, [r3, #16]
1000788c:	6b5a      	ldr	r2, [r3, #52]	; 0x34
1000788e:	4211      	tst	r1, r2
10007890:	d0fc      	beq.n	1000788c <i2c_write_blocking+0x6c>
10007892:	4652      	mov	r2, sl
10007894:	589c      	ldr	r4, [r3, r2]
10007896:	2c00      	cmp	r4, #0
10007898:	d110      	bne.n	100078bc <i2c_write_blocking+0x9c>
1000789a:	4286      	cmp	r6, r0
1000789c:	d021      	beq.n	100078e2 <i2c_write_blocking+0xc2>
1000789e:	2200      	movs	r2, #0
100078a0:	3001      	adds	r0, #1
100078a2:	4693      	mov	fp, r2
100078a4:	4580      	cmp	r8, r0
100078a6:	d1e4      	bne.n	10007872 <i2c_write_blocking+0x52>
100078a8:	4663      	mov	r3, ip
100078aa:	9a01      	ldr	r2, [sp, #4]
100078ac:	711a      	strb	r2, [r3, #4]
100078ae:	b003      	add	sp, #12
100078b0:	bcf0      	pop	{r4, r5, r6, r7}
100078b2:	46bb      	mov	fp, r7
100078b4:	46b2      	mov	sl, r6
100078b6:	46a9      	mov	r9, r5
100078b8:	46a0      	mov	r8, r4
100078ba:	bdf0      	pop	{r4, r5, r6, r7, pc}
100078bc:	6d5a      	ldr	r2, [r3, #84]	; 0x54
100078be:	2201      	movs	r2, #1
100078c0:	4693      	mov	fp, r2
100078c2:	6b5a      	ldr	r2, [r3, #52]	; 0x34
100078c4:	422a      	tst	r2, r5
100078c6:	d0fc      	beq.n	100078c2 <i2c_write_blocking+0xa2>
100078c8:	6e1a      	ldr	r2, [r3, #96]	; 0x60
100078ca:	465a      	mov	r2, fp
100078cc:	2a00      	cmp	r2, #0
100078ce:	d0e6      	beq.n	1000789e <i2c_write_blocking+0x7e>
100078d0:	2c00      	cmp	r4, #0
100078d2:	d003      	beq.n	100078dc <i2c_write_blocking+0xbc>
100078d4:	07e3      	lsls	r3, r4, #31
100078d6:	d401      	bmi.n	100078dc <i2c_write_blocking+0xbc>
100078d8:	0724      	lsls	r4, r4, #28
100078da:	d4e5      	bmi.n	100078a8 <i2c_write_blocking+0x88>
100078dc:	2002      	movs	r0, #2
100078de:	4240      	negs	r0, r0
100078e0:	e7e2      	b.n	100078a8 <i2c_write_blocking+0x88>
100078e2:	9a01      	ldr	r2, [sp, #4]
100078e4:	2a00      	cmp	r2, #0
100078e6:	d1da      	bne.n	1000789e <i2c_write_blocking+0x7e>
100078e8:	4693      	mov	fp, r2
100078ea:	e7ea      	b.n	100078c2 <i2c_write_blocking+0xa2>
100078ec:	2000      	movs	r0, #0
100078ee:	e7db      	b.n	100078a8 <i2c_write_blocking+0x88>

100078f0 <i2c_read_blocking>:
100078f0:	b5f0      	push	{r4, r5, r6, r7, lr}
100078f2:	46de      	mov	lr, fp
100078f4:	464e      	mov	r6, r9
100078f6:	4645      	mov	r5, r8
100078f8:	4657      	mov	r7, sl
100078fa:	b5e0      	push	{r5, r6, r7, lr}
100078fc:	0006      	movs	r6, r0
100078fe:	a809      	add	r0, sp, #36	; 0x24
10007900:	7800      	ldrb	r0, [r0, #0]
10007902:	6834      	ldr	r4, [r6, #0]
10007904:	4680      	mov	r8, r0
10007906:	2000      	movs	r0, #0
10007908:	66e0      	str	r0, [r4, #108]	; 0x6c
1000790a:	6061      	str	r1, [r4, #4]
1000790c:	2101      	movs	r1, #1
1000790e:	4693      	mov	fp, r2
10007910:	66e1      	str	r1, [r4, #108]	; 0x6c
10007912:	2b00      	cmp	r3, #0
10007914:	dd32      	ble.n	1000797c <i2c_read_blocking+0x8c>
10007916:	2280      	movs	r2, #128	; 0x80
10007918:	1e59      	subs	r1, r3, #1
1000791a:	0052      	lsls	r2, r2, #1
1000791c:	468c      	mov	ip, r1
1000791e:	4692      	mov	sl, r2
10007920:	2580      	movs	r5, #128	; 0x80
10007922:	6f61      	ldr	r1, [r4, #116]	; 0x74
10007924:	2910      	cmp	r1, #16
10007926:	d0fc      	beq.n	10007922 <i2c_read_blocking+0x32>
10007928:	2100      	movs	r1, #0
1000792a:	2800      	cmp	r0, #0
1000792c:	d101      	bne.n	10007932 <i2c_read_blocking+0x42>
1000792e:	7931      	ldrb	r1, [r6, #4]
10007930:	0289      	lsls	r1, r1, #10
10007932:	4560      	cmp	r0, ip
10007934:	d01c      	beq.n	10007970 <i2c_read_blocking+0x80>
10007936:	4652      	mov	r2, sl
10007938:	4311      	orrs	r1, r2
1000793a:	6121      	str	r1, [r4, #16]
1000793c:	e002      	b.n	10007944 <i2c_read_blocking+0x54>
1000793e:	6fa1      	ldr	r1, [r4, #120]	; 0x78
10007940:	2900      	cmp	r1, #0
10007942:	d10d      	bne.n	10007960 <i2c_read_blocking+0x70>
10007944:	5961      	ldr	r1, [r4, r5]
10007946:	6d61      	ldr	r1, [r4, #84]	; 0x54
10007948:	2900      	cmp	r1, #0
1000794a:	d0f8      	beq.n	1000793e <i2c_read_blocking+0x4e>
1000794c:	2002      	movs	r0, #2
1000794e:	4240      	negs	r0, r0
10007950:	4643      	mov	r3, r8
10007952:	7133      	strb	r3, [r6, #4]
10007954:	bcf0      	pop	{r4, r5, r6, r7}
10007956:	46bb      	mov	fp, r7
10007958:	46b2      	mov	sl, r6
1000795a:	46a9      	mov	r9, r5
1000795c:	46a0      	mov	r8, r4
1000795e:	bdf0      	pop	{r4, r5, r6, r7, pc}
10007960:	465a      	mov	r2, fp
10007962:	6921      	ldr	r1, [r4, #16]
10007964:	5411      	strb	r1, [r2, r0]
10007966:	3001      	adds	r0, #1
10007968:	4283      	cmp	r3, r0
1000796a:	d0f1      	beq.n	10007950 <i2c_read_blocking+0x60>
1000796c:	6834      	ldr	r4, [r6, #0]
1000796e:	e7d8      	b.n	10007922 <i2c_read_blocking+0x32>
10007970:	4642      	mov	r2, r8
10007972:	2701      	movs	r7, #1
10007974:	4057      	eors	r7, r2
10007976:	027a      	lsls	r2, r7, #9
10007978:	4311      	orrs	r1, r2
1000797a:	e7dc      	b.n	10007936 <i2c_read_blocking+0x46>
1000797c:	2000      	movs	r0, #0
1000797e:	e7e7      	b.n	10007950 <i2c_read_blocking+0x60>

10007980 <adc_init>:
10007980:	2301      	movs	r3, #1
10007982:	2101      	movs	r1, #1
10007984:	4a08      	ldr	r2, [pc, #32]	; (100079a8 <adc_init+0x28>)
10007986:	6013      	str	r3, [r2, #0]
10007988:	4a08      	ldr	r2, [pc, #32]	; (100079ac <adc_init+0x2c>)
1000798a:	6013      	str	r3, [r2, #0]
1000798c:	4a08      	ldr	r2, [pc, #32]	; (100079b0 <adc_init+0x30>)
1000798e:	0008      	movs	r0, r1
10007990:	6893      	ldr	r3, [r2, #8]
10007992:	4398      	bics	r0, r3
10007994:	d1fb      	bne.n	1000798e <adc_init+0xe>
10007996:	4a07      	ldr	r2, [pc, #28]	; (100079b4 <adc_init+0x34>)
10007998:	6011      	str	r1, [r2, #0]
1000799a:	2180      	movs	r1, #128	; 0x80
1000799c:	0049      	lsls	r1, r1, #1
1000799e:	6813      	ldr	r3, [r2, #0]
100079a0:	420b      	tst	r3, r1
100079a2:	d0fc      	beq.n	1000799e <adc_init+0x1e>
100079a4:	4770      	bx	lr
100079a6:	46c0      	nop			; (mov r8, r8)
100079a8:	4000e000 	.word	0x4000e000
100079ac:	4000f000 	.word	0x4000f000
100079b0:	4000c000 	.word	0x4000c000
100079b4:	4004c000 	.word	0x4004c000

100079b8 <pio_irq_func>:
100079b8:	2101      	movs	r1, #1
100079ba:	b5f0      	push	{r4, r5, r6, r7, lr}
100079bc:	46ce      	mov	lr, r9
100079be:	4647      	mov	r7, r8
100079c0:	4e17      	ldr	r6, [pc, #92]	; (10007a20 <pio_irq_func+0x68>)
100079c2:	4d18      	ldr	r5, [pc, #96]	; (10007a24 <pio_irq_func+0x6c>)
100079c4:	6833      	ldr	r3, [r6, #0]
100079c6:	b580      	push	{r7, lr}
100079c8:	3308      	adds	r3, #8
100079ca:	4099      	lsls	r1, r3
100079cc:	682a      	ldr	r2, [r5, #0]
100079ce:	b083      	sub	sp, #12
100079d0:	6850      	ldr	r0, [r2, #4]
100079d2:	4201      	tst	r1, r0
100079d4:	d11b      	bne.n	10007a0e <pio_irq_func+0x56>
100079d6:	4668      	mov	r0, sp
100079d8:	1dc4      	adds	r4, r0, #7
100079da:	2001      	movs	r0, #1
100079dc:	4680      	mov	r8, r0
100079de:	4812      	ldr	r0, [pc, #72]	; (10007a28 <pio_irq_func+0x70>)
100079e0:	4f12      	ldr	r7, [pc, #72]	; (10007a2c <pio_irq_func+0x74>)
100079e2:	4681      	mov	r9, r0
100079e4:	009b      	lsls	r3, r3, #2
100079e6:	18d0      	adds	r0, r2, r3
100079e8:	6853      	ldr	r3, [r2, #4]
100079ea:	4219      	tst	r1, r3
100079ec:	d1fc      	bne.n	100079e8 <pio_irq_func+0x30>
100079ee:	78c3      	ldrb	r3, [r0, #3]
100079f0:	0021      	movs	r1, r4
100079f2:	0038      	movs	r0, r7
100079f4:	7023      	strb	r3, [r4, #0]
100079f6:	f7fa f9cd 	bl	10001d94 <queue_try_add>
100079fa:	2800      	cmp	r0, #0
100079fc:	d00c      	beq.n	10007a18 <pio_irq_func+0x60>
100079fe:	4641      	mov	r1, r8
10007a00:	6833      	ldr	r3, [r6, #0]
10007a02:	682a      	ldr	r2, [r5, #0]
10007a04:	3308      	adds	r3, #8
10007a06:	4099      	lsls	r1, r3
10007a08:	6850      	ldr	r0, [r2, #4]
10007a0a:	4201      	tst	r1, r0
10007a0c:	d0ea      	beq.n	100079e4 <pio_irq_func+0x2c>
10007a0e:	b003      	add	sp, #12
10007a10:	bcc0      	pop	{r6, r7}
10007a12:	46b9      	mov	r9, r7
10007a14:	46b0      	mov	r8, r6
10007a16:	bdf0      	pop	{r4, r5, r6, r7, pc}
10007a18:	4648      	mov	r0, r9
10007a1a:	f7fd fb5d 	bl	100050d8 <__wrap_printf>
10007a1e:	e7ee      	b.n	100079fe <pio_irq_func+0x46>
10007a20:	200025a8 	.word	0x200025a8
10007a24:	20002580 	.word	0x20002580
10007a28:	1000c22c 	.word	0x1000c22c
10007a2c:	20002150 	.word	0x20002150

10007a30 <GPS_init>:
10007a30:	b5f0      	push	{r4, r5, r6, r7, lr}
10007a32:	46d6      	mov	lr, sl
10007a34:	4646      	mov	r6, r8
10007a36:	464f      	mov	r7, r9
10007a38:	b5c0      	push	{r6, r7, lr}
10007a3a:	b08a      	sub	sp, #40	; 0x28
10007a3c:	f7f8 ff16 	bl	1000086c <next_striped_spin_lock_num>
10007a40:	2280      	movs	r2, #128	; 0x80
10007a42:	4c7b      	ldr	r4, [pc, #492]	; (10007c30 <GPS_init+0x200>)
10007a44:	0003      	movs	r3, r0
10007a46:	2101      	movs	r1, #1
10007a48:	0020      	movs	r0, r4
10007a4a:	0052      	lsls	r2, r2, #1
10007a4c:	f7fa f990 	bl	10001d70 <queue_init_with_spinlock>
10007a50:	4c78      	ldr	r4, [pc, #480]	; (10007c34 <GPS_init+0x204>)
10007a52:	4e79      	ldr	r6, [pc, #484]	; (10007c38 <GPS_init+0x208>)
10007a54:	4879      	ldr	r0, [pc, #484]	; (10007c3c <GPS_init+0x20c>)
10007a56:	0021      	movs	r1, r4
10007a58:	6030      	str	r0, [r6, #0]
10007a5a:	f7f8 fd1f 	bl	1000049c <pio_can_add_program>
10007a5e:	2800      	cmp	r0, #0
10007a60:	d107      	bne.n	10007a72 <GPS_init+0x42>
10007a62:	4877      	ldr	r0, [pc, #476]	; (10007c40 <GPS_init+0x210>)
10007a64:	0021      	movs	r1, r4
10007a66:	6030      	str	r0, [r6, #0]
10007a68:	f7f8 fd18 	bl	1000049c <pio_can_add_program>
10007a6c:	2800      	cmp	r0, #0
10007a6e:	d100      	bne.n	10007a72 <GPS_init+0x42>
10007a70:	e0d4      	b.n	10007c1c <GPS_init+0x1ec>
10007a72:	0021      	movs	r1, r4
10007a74:	6830      	ldr	r0, [r6, #0]
10007a76:	f7f8 fd45 	bl	10000504 <pio_add_program>
10007a7a:	4c72      	ldr	r4, [pc, #456]	; (10007c44 <GPS_init+0x214>)
10007a7c:	2100      	movs	r1, #0
10007a7e:	6020      	str	r0, [r4, #0]
10007a80:	6830      	ldr	r0, [r6, #0]
10007a82:	f7f8 fced 	bl	10000460 <pio_claim_unused_sm>
10007a86:	6833      	ldr	r3, [r6, #0]
10007a88:	4d6f      	ldr	r5, [pc, #444]	; (10007c48 <GPS_init+0x218>)
10007a8a:	4698      	mov	r8, r3
10007a8c:	6823      	ldr	r3, [r4, #0]
10007a8e:	2400      	movs	r4, #0
10007a90:	b247      	sxtb	r7, r0
10007a92:	4699      	mov	r9, r3
10007a94:	2212      	movs	r2, #18
10007a96:	2301      	movs	r3, #1
10007a98:	0039      	movs	r1, r7
10007a9a:	4640      	mov	r0, r8
10007a9c:	602f      	str	r7, [r5, #0]
10007a9e:	9400      	str	r4, [sp, #0]
10007aa0:	f7f8 fda8 	bl	100005f4 <pio_sm_set_consecutive_pindirs>
10007aa4:	4969      	ldr	r1, [pc, #420]	; (10007c4c <GPS_init+0x21c>)
10007aa6:	2012      	movs	r0, #18
10007aa8:	4441      	add	r1, r8
10007aaa:	1e4b      	subs	r3, r1, #1
10007aac:	4199      	sbcs	r1, r3
10007aae:	3106      	adds	r1, #6
10007ab0:	f7f8 fefa 	bl	100008a8 <gpio_set_function>
10007ab4:	2200      	movs	r2, #0
10007ab6:	2101      	movs	r1, #1
10007ab8:	2012      	movs	r0, #18
10007aba:	f7f8 ff0d 	bl	100008d8 <gpio_set_pulls>
10007abe:	2280      	movs	r2, #128	; 0x80
10007ac0:	23f8      	movs	r3, #248	; 0xf8
10007ac2:	0252      	lsls	r2, r2, #9
10007ac4:	025b      	lsls	r3, r3, #9
10007ac6:	9202      	str	r2, [sp, #8]
10007ac8:	9303      	str	r3, [sp, #12]
10007aca:	23c0      	movs	r3, #192	; 0xc0
10007acc:	2210      	movs	r2, #16
10007ace:	031b      	lsls	r3, r3, #12
10007ad0:	9405      	str	r4, [sp, #20]
10007ad2:	a902      	add	r1, sp, #8
10007ad4:	464c      	mov	r4, r9
10007ad6:	a806      	add	r0, sp, #24
10007ad8:	9304      	str	r3, [sp, #16]
10007ada:	f7fd f929 	bl	10004d30 <__wrap___aeabi_memcpy>
10007ade:	464b      	mov	r3, r9
10007ae0:	3408      	adds	r4, #8
10007ae2:	01db      	lsls	r3, r3, #7
10007ae4:	0324      	lsls	r4, r4, #12
10007ae6:	2210      	movs	r2, #16
10007ae8:	431c      	orrs	r4, r3
10007aea:	a906      	add	r1, sp, #24
10007aec:	a802      	add	r0, sp, #8
10007aee:	9407      	str	r4, [sp, #28]
10007af0:	f7fd f91e 	bl	10004d30 <__wrap___aeabi_memcpy>
10007af4:	2390      	movs	r3, #144	; 0x90
10007af6:	031b      	lsls	r3, r3, #12
10007af8:	9305      	str	r3, [sp, #20]
10007afa:	4b55      	ldr	r3, [pc, #340]	; (10007c50 <GPS_init+0x220>)
10007afc:	2005      	movs	r0, #5
10007afe:	401c      	ands	r4, r3
10007b00:	2390      	movs	r3, #144	; 0x90
10007b02:	055b      	lsls	r3, r3, #21
10007b04:	4323      	orrs	r3, r4
10007b06:	9303      	str	r3, [sp, #12]
10007b08:	4b52      	ldr	r3, [pc, #328]	; (10007c54 <GPS_init+0x224>)
10007b0a:	9304      	str	r3, [sp, #16]
10007b0c:	f7fa fbda 	bl	100022c4 <clock_get_hz>
10007b10:	f7fc ff74 	bl	100049fc <__wrap___aeabi_ui2f>
10007b14:	4950      	ldr	r1, [pc, #320]	; (10007c58 <GPS_init+0x228>)
10007b16:	f7fc ff56 	bl	100049c6 <__wrap___aeabi_fdiv>
10007b1a:	4682      	mov	sl, r0
10007b1c:	f7fc ff96 	bl	10004a4c <__wrap___aeabi_f2uiz>
10007b20:	b284      	uxth	r4, r0
10007b22:	2300      	movs	r3, #0
10007b24:	2c00      	cmp	r4, #0
10007b26:	d15c      	bne.n	10007be2 <GPS_init+0x1b2>
10007b28:	0424      	lsls	r4, r4, #16
10007b2a:	464a      	mov	r2, r9
10007b2c:	431c      	orrs	r4, r3
10007b2e:	0039      	movs	r1, r7
10007b30:	ab02      	add	r3, sp, #8
10007b32:	4640      	mov	r0, r8
10007b34:	9402      	str	r4, [sp, #8]
10007b36:	f7f8 fdb1 	bl	1000069c <pio_sm_init>
10007b3a:	4643      	mov	r3, r8
10007b3c:	681a      	ldr	r2, [r3, #0]
10007b3e:	2301      	movs	r3, #1
10007b40:	40bb      	lsls	r3, r7
10007b42:	4313      	orrs	r3, r2
10007b44:	4642      	mov	r2, r8
10007b46:	6013      	str	r3, [r2, #0]
10007b48:	4b3d      	ldr	r3, [pc, #244]	; (10007c40 <GPS_init+0x210>)
10007b4a:	6832      	ldr	r2, [r6, #0]
10007b4c:	429a      	cmp	r2, r3
10007b4e:	d062      	beq.n	10007c16 <GPS_init+0x1e6>
10007b50:	2009      	movs	r0, #9
10007b52:	2309      	movs	r3, #9
10007b54:	4c41      	ldr	r4, [pc, #260]	; (10007c5c <GPS_init+0x22c>)
10007b56:	7023      	strb	r3, [r4, #0]
10007b58:	f7f8 ff64 	bl	10000a24 <irq_get_exclusive_handler>
10007b5c:	2800      	cmp	r0, #0
10007b5e:	d007      	beq.n	10007b70 <GPS_init+0x140>
10007b60:	7820      	ldrb	r0, [r4, #0]
10007b62:	3001      	adds	r0, #1
10007b64:	b240      	sxtb	r0, r0
10007b66:	7020      	strb	r0, [r4, #0]
10007b68:	f7f8 ff5c 	bl	10000a24 <irq_get_exclusive_handler>
10007b6c:	2800      	cmp	r0, #0
10007b6e:	d15c      	bne.n	10007c2a <GPS_init+0x1fa>
10007b70:	2000      	movs	r0, #0
10007b72:	2280      	movs	r2, #128	; 0x80
10007b74:	5620      	ldrsb	r0, [r4, r0]
10007b76:	493a      	ldr	r1, [pc, #232]	; (10007c60 <GPS_init+0x230>)
10007b78:	f7f8 ff7c 	bl	10000a74 <irq_add_shared_handler>
10007b7c:	2000      	movs	r0, #0
10007b7e:	2101      	movs	r1, #1
10007b80:	5620      	ldrsb	r0, [r4, r0]
10007b82:	f7f8 feed 	bl	10000960 <irq_set_enabled>
10007b86:	6831      	ldr	r1, [r6, #0]
10007b88:	4b30      	ldr	r3, [pc, #192]	; (10007c4c <GPS_init+0x21c>)
10007b8a:	2000      	movs	r0, #0
10007b8c:	18cb      	adds	r3, r1, r3
10007b8e:	425a      	negs	r2, r3
10007b90:	4153      	adcs	r3, r2
10007b92:	2201      	movs	r2, #1
10007b94:	425b      	negs	r3, r3
10007b96:	5620      	ldrsb	r0, [r4, r0]
10007b98:	4393      	bics	r3, r2
10007b9a:	3309      	adds	r3, #9
10007b9c:	682c      	ldr	r4, [r5, #0]
10007b9e:	4298      	cmp	r0, r3
10007ba0:	d12f      	bne.n	10007c02 <GPS_init+0x1d2>
10007ba2:	23ff      	movs	r3, #255	; 0xff
10007ba4:	4023      	ands	r3, r4
10007ba6:	409a      	lsls	r2, r3
10007ba8:	2380      	movs	r3, #128	; 0x80
10007baa:	312d      	adds	r1, #45	; 0x2d
10007bac:	31ff      	adds	r1, #255	; 0xff
10007bae:	019b      	lsls	r3, r3, #6
10007bb0:	430b      	orrs	r3, r1
10007bb2:	601a      	str	r2, [r3, #0]
10007bb4:	2080      	movs	r0, #128	; 0x80
10007bb6:	00c0      	lsls	r0, r0, #3
10007bb8:	f7fd f888 	bl	10004ccc <__wrap_malloc>
10007bbc:	4b29      	ldr	r3, [pc, #164]	; (10007c64 <GPS_init+0x234>)
10007bbe:	6018      	str	r0, [r3, #0]
10007bc0:	2050      	movs	r0, #80	; 0x50
10007bc2:	f7fd f883 	bl	10004ccc <__wrap_malloc>
10007bc6:	2200      	movs	r2, #0
10007bc8:	4b27      	ldr	r3, [pc, #156]	; (10007c68 <GPS_init+0x238>)
10007bca:	6018      	str	r0, [r3, #0]
10007bcc:	4b27      	ldr	r3, [pc, #156]	; (10007c6c <GPS_init+0x23c>)
10007bce:	801a      	strh	r2, [r3, #0]
10007bd0:	4b27      	ldr	r3, [pc, #156]	; (10007c70 <GPS_init+0x240>)
10007bd2:	3201      	adds	r2, #1
10007bd4:	701a      	strb	r2, [r3, #0]
10007bd6:	b00a      	add	sp, #40	; 0x28
10007bd8:	bce0      	pop	{r5, r6, r7}
10007bda:	46ba      	mov	sl, r7
10007bdc:	46b1      	mov	r9, r6
10007bde:	46a8      	mov	r8, r5
10007be0:	bdf0      	pop	{r4, r5, r6, r7, pc}
10007be2:	0020      	movs	r0, r4
10007be4:	f7fc ff0a 	bl	100049fc <__wrap___aeabi_ui2f>
10007be8:	1c01      	adds	r1, r0, #0
10007bea:	4650      	mov	r0, sl
10007bec:	f7fc fee5 	bl	100049ba <__wrap___aeabi_fsub>
10007bf0:	2187      	movs	r1, #135	; 0x87
10007bf2:	05c9      	lsls	r1, r1, #23
10007bf4:	f7fc fefb 	bl	100049ee <__wrap___aeabi_fmul>
10007bf8:	f7fc ff28 	bl	10004a4c <__wrap___aeabi_f2uiz>
10007bfc:	b2c3      	uxtb	r3, r0
10007bfe:	021b      	lsls	r3, r3, #8
10007c00:	e792      	b.n	10007b28 <GPS_init+0xf8>
10007c02:	23ff      	movs	r3, #255	; 0xff
10007c04:	4023      	ands	r3, r4
10007c06:	409a      	lsls	r2, r3
10007c08:	2380      	movs	r3, #128	; 0x80
10007c0a:	3139      	adds	r1, #57	; 0x39
10007c0c:	31ff      	adds	r1, #255	; 0xff
10007c0e:	019b      	lsls	r3, r3, #6
10007c10:	4319      	orrs	r1, r3
10007c12:	600a      	str	r2, [r1, #0]
10007c14:	e7ce      	b.n	10007bb4 <GPS_init+0x184>
10007c16:	2007      	movs	r0, #7
10007c18:	2307      	movs	r3, #7
10007c1a:	e79b      	b.n	10007b54 <GPS_init+0x124>
10007c1c:	2201      	movs	r2, #1
10007c1e:	4b09      	ldr	r3, [pc, #36]	; (10007c44 <GPS_init+0x214>)
10007c20:	4252      	negs	r2, r2
10007c22:	4814      	ldr	r0, [pc, #80]	; (10007c74 <GPS_init+0x244>)
10007c24:	601a      	str	r2, [r3, #0]
10007c26:	f7fa fca5 	bl	10002574 <panic>
10007c2a:	4813      	ldr	r0, [pc, #76]	; (10007c78 <GPS_init+0x248>)
10007c2c:	f7fa fca2 	bl	10002574 <panic>
10007c30:	20002150 	.word	0x20002150
10007c34:	1000c28c 	.word	0x1000c28c
10007c38:	20002580 	.word	0x20002580
10007c3c:	50300000 	.word	0x50300000
10007c40:	50200000 	.word	0x50200000
10007c44:	20002574 	.word	0x20002574
10007c48:	200025a8 	.word	0x200025a8
10007c4c:	afe00000 	.word	0xafe00000
10007c50:	e0ffffff 	.word	0xe0ffffff
10007c54:	800c0000 	.word	0x800c0000
10007c58:	47960000 	.word	0x47960000
10007c5c:	200025f3 	.word	0x200025f3
10007c60:	100079b9 	.word	0x100079b9
10007c64:	200020dc 	.word	0x200020dc
10007c68:	200025c4 	.word	0x200025c4
10007c6c:	200025e2 	.word	0x200025e2
10007c70:	200025f4 	.word	0x200025f4
10007c74:	1000c238 	.word	0x1000c238
10007c78:	1000c24c 	.word	0x1000c24c

10007c7c <GPS_handle_parse>:
10007c7c:	b5f0      	push	{r4, r5, r6, r7, lr}
10007c7e:	4645      	mov	r5, r8
10007c80:	4657      	mov	r7, sl
10007c82:	464e      	mov	r6, r9
10007c84:	46de      	mov	lr, fp
10007c86:	b5e0      	push	{r5, r6, r7, lr}
10007c88:	4ba2      	ldr	r3, [pc, #648]	; (10007f14 <GPS_handle_parse+0x298>)
10007c8a:	b09f      	sub	sp, #124	; 0x7c
10007c8c:	2600      	movs	r6, #0
10007c8e:	2700      	movs	r7, #0
10007c90:	4698      	mov	r8, r3
10007c92:	4ca1      	ldr	r4, [pc, #644]	; (10007f18 <GPS_handle_parse+0x29c>)
10007c94:	ad0a      	add	r5, sp, #40	; 0x28
10007c96:	e00a      	b.n	10007cae <GPS_handle_parse+0x32>
10007c98:	0029      	movs	r1, r5
10007c9a:	0020      	movs	r0, r4
10007c9c:	f7fa f8b2 	bl	10001e04 <queue_try_remove>
10007ca0:	2800      	cmp	r0, #0
10007ca2:	d01c      	beq.n	10007cde <GPS_handle_parse+0x62>
10007ca4:	4643      	mov	r3, r8
10007ca6:	782a      	ldrb	r2, [r5, #0]
10007ca8:	681b      	ldr	r3, [r3, #0]
10007caa:	559a      	strb	r2, [r3, r6]
10007cac:	3601      	adds	r6, #1
10007cae:	6822      	ldr	r2, [r4, #0]
10007cb0:	f3ef 8110 	mrs	r1, PRIMASK
10007cb4:	b672      	cpsid	i
10007cb6:	6813      	ldr	r3, [r2, #0]
10007cb8:	2b00      	cmp	r3, #0
10007cba:	d0fc      	beq.n	10007cb6 <GPS_handle_parse+0x3a>
10007cbc:	f3bf 8f5f 	dmb	sy
10007cc0:	8923      	ldrh	r3, [r4, #8]
10007cc2:	8962      	ldrh	r2, [r4, #10]
10007cc4:	1a9b      	subs	r3, r3, r2
10007cc6:	d502      	bpl.n	10007cce <GPS_handle_parse+0x52>
10007cc8:	89e2      	ldrh	r2, [r4, #14]
10007cca:	3201      	adds	r2, #1
10007ccc:	189b      	adds	r3, r3, r2
10007cce:	6822      	ldr	r2, [r4, #0]
10007cd0:	f3bf 8f5f 	dmb	sy
10007cd4:	6017      	str	r7, [r2, #0]
10007cd6:	f381 8810 	msr	PRIMASK, r1
10007cda:	2b00      	cmp	r3, #0
10007cdc:	d1dc      	bne.n	10007c98 <GPS_handle_parse+0x1c>
10007cde:	b2b3      	uxth	r3, r6
10007ce0:	469a      	mov	sl, r3
10007ce2:	2b00      	cmp	r3, #0
10007ce4:	d02d      	beq.n	10007d42 <GPS_handle_parse+0xc6>
10007ce6:	2102      	movs	r1, #2
10007ce8:	4f8c      	ldr	r7, [pc, #560]	; (10007f1c <GPS_handle_parse+0x2a0>)
10007cea:	4e8a      	ldr	r6, [pc, #552]	; (10007f14 <GPS_handle_parse+0x298>)
10007cec:	468b      	mov	fp, r1
10007cee:	4d8c      	ldr	r5, [pc, #560]	; (10007f20 <GPS_handle_parse+0x2a4>)
10007cf0:	498c      	ldr	r1, [pc, #560]	; (10007f24 <GPS_handle_parse+0x2a8>)
10007cf2:	46b9      	mov	r9, r7
10007cf4:	783a      	ldrb	r2, [r7, #0]
10007cf6:	2400      	movs	r4, #0
10007cf8:	0037      	movs	r7, r6
10007cfa:	4688      	mov	r8, r1
10007cfc:	4656      	mov	r6, sl
10007cfe:	882b      	ldrh	r3, [r5, #0]
10007d00:	e012      	b.n	10007d28 <GPS_handle_parse+0xac>
10007d02:	2a02      	cmp	r2, #2
10007d04:	d024      	beq.n	10007d50 <GPS_handle_parse+0xd4>
10007d06:	2b4e      	cmp	r3, #78	; 0x4e
10007d08:	d808      	bhi.n	10007d1c <GPS_handle_parse+0xa0>
10007d0a:	4642      	mov	r2, r8
10007d0c:	6812      	ldr	r2, [r2, #0]
10007d0e:	54d1      	strb	r1, [r2, r3]
10007d10:	464a      	mov	r2, r9
10007d12:	882b      	ldrh	r3, [r5, #0]
10007d14:	7812      	ldrb	r2, [r2, #0]
10007d16:	3301      	adds	r3, #1
10007d18:	b29b      	uxth	r3, r3
10007d1a:	802b      	strh	r3, [r5, #0]
10007d1c:	2a04      	cmp	r2, #4
10007d1e:	d020      	beq.n	10007d62 <GPS_handle_parse+0xe6>
10007d20:	3401      	adds	r4, #1
10007d22:	b2a1      	uxth	r1, r4
10007d24:	428e      	cmp	r6, r1
10007d26:	d90c      	bls.n	10007d42 <GPS_handle_parse+0xc6>
10007d28:	6839      	ldr	r1, [r7, #0]
10007d2a:	5d09      	ldrb	r1, [r1, r4]
10007d2c:	2a01      	cmp	r2, #1
10007d2e:	d1e8      	bne.n	10007d02 <GPS_handle_parse+0x86>
10007d30:	2924      	cmp	r1, #36	; 0x24
10007d32:	d100      	bne.n	10007d36 <GPS_handle_parse+0xba>
10007d34:	e0d7      	b.n	10007ee6 <GPS_handle_parse+0x26a>
10007d36:	2b4e      	cmp	r3, #78	; 0x4e
10007d38:	d9e7      	bls.n	10007d0a <GPS_handle_parse+0x8e>
10007d3a:	3401      	adds	r4, #1
10007d3c:	b2a1      	uxth	r1, r4
10007d3e:	428e      	cmp	r6, r1
10007d40:	d8f2      	bhi.n	10007d28 <GPS_handle_parse+0xac>
10007d42:	b01f      	add	sp, #124	; 0x7c
10007d44:	bcf0      	pop	{r4, r5, r6, r7}
10007d46:	46bb      	mov	fp, r7
10007d48:	46b2      	mov	sl, r6
10007d4a:	46a9      	mov	r9, r5
10007d4c:	46a0      	mov	r8, r4
10007d4e:	bdf0      	pop	{r4, r5, r6, r7, pc}
10007d50:	290a      	cmp	r1, #10
10007d52:	d003      	beq.n	10007d5c <GPS_handle_parse+0xe0>
10007d54:	2202      	movs	r2, #2
10007d56:	2b4e      	cmp	r3, #78	; 0x4e
10007d58:	d8e2      	bhi.n	10007d20 <GPS_handle_parse+0xa4>
10007d5a:	e7d6      	b.n	10007d0a <GPS_handle_parse+0x8e>
10007d5c:	4649      	mov	r1, r9
10007d5e:	3202      	adds	r2, #2
10007d60:	700a      	strb	r2, [r1, #0]
10007d62:	4642      	mov	r2, r8
10007d64:	2100      	movs	r1, #0
10007d66:	6812      	ldr	r2, [r2, #0]
10007d68:	54d1      	strb	r1, [r2, r3]
10007d6a:	4643      	mov	r3, r8
10007d6c:	681b      	ldr	r3, [r3, #0]
10007d6e:	0018      	movs	r0, r3
10007d70:	469a      	mov	sl, r3
10007d72:	f000 fd7b 	bl	1000886c <minmea_sentence_id>
10007d76:	2802      	cmp	r0, #2
10007d78:	d100      	bne.n	10007d7c <GPS_handle_parse+0x100>
10007d7a:	e0b8      	b.n	10007eee <GPS_handle_parse+0x272>
10007d7c:	2807      	cmp	r0, #7
10007d7e:	d000      	beq.n	10007d82 <GPS_handle_parse+0x106>
10007d80:	e0a9      	b.n	10007ed6 <GPS_handle_parse+0x25a>
10007d82:	4651      	mov	r1, sl
10007d84:	a80a      	add	r0, sp, #40	; 0x28
10007d86:	f000 fdeb 	bl	10008960 <minmea_parse_rmc>
10007d8a:	2800      	cmp	r0, #0
10007d8c:	d100      	bne.n	10007d90 <GPS_handle_parse+0x114>
10007d8e:	e0a2      	b.n	10007ed6 <GPS_handle_parse+0x25a>
10007d90:	9b10      	ldr	r3, [sp, #64]	; 0x40
10007d92:	469a      	mov	sl, r3
10007d94:	2b00      	cmp	r3, #0
10007d96:	d100      	bne.n	10007d9a <GPS_handle_parse+0x11e>
10007d98:	e0b5      	b.n	10007f06 <GPS_handle_parse+0x28a>
10007d9a:	4b63      	ldr	r3, [pc, #396]	; (10007f28 <GPS_handle_parse+0x2ac>)
10007d9c:	4a63      	ldr	r2, [pc, #396]	; (10007f2c <GPS_handle_parse+0x2b0>)
10007d9e:	4453      	add	r3, sl
10007da0:	4293      	cmp	r3, r2
10007da2:	d900      	bls.n	10007da6 <GPS_handle_parse+0x12a>
10007da4:	e0af      	b.n	10007f06 <GPS_handle_parse+0x28a>
10007da6:	4653      	mov	r3, sl
10007da8:	2164      	movs	r1, #100	; 0x64
10007daa:	980f      	ldr	r0, [sp, #60]	; 0x3c
10007dac:	4359      	muls	r1, r3
10007dae:	f7fb ff6d 	bl	10003c8c <__wrap___aeabi_idiv>
10007db2:	9004      	str	r0, [sp, #16]
10007db4:	0008      	movs	r0, r1
10007db6:	f7fc fe27 	bl	10004a08 <__wrap___aeabi_i2f>
10007dba:	4653      	mov	r3, sl
10007dbc:	9002      	str	r0, [sp, #8]
10007dbe:	0118      	lsls	r0, r3, #4
10007dc0:	1ac0      	subs	r0, r0, r3
10007dc2:	0080      	lsls	r0, r0, #2
10007dc4:	f7fc fe20 	bl	10004a08 <__wrap___aeabi_i2f>
10007dc8:	1c01      	adds	r1, r0, #0
10007dca:	9802      	ldr	r0, [sp, #8]
10007dcc:	f7fc fdfb 	bl	100049c6 <__wrap___aeabi_fdiv>
10007dd0:	4682      	mov	sl, r0
10007dd2:	9804      	ldr	r0, [sp, #16]
10007dd4:	f7fc fe18 	bl	10004a08 <__wrap___aeabi_i2f>
10007dd8:	1c01      	adds	r1, r0, #0
10007dda:	4650      	mov	r0, sl
10007ddc:	f7fc fdf0 	bl	100049c0 <__wrap___aeabi_fadd>
10007de0:	9004      	str	r0, [sp, #16]
10007de2:	9b12      	ldr	r3, [sp, #72]	; 0x48
10007de4:	469a      	mov	sl, r3
10007de6:	2b00      	cmp	r3, #0
10007de8:	d100      	bne.n	10007dec <GPS_handle_parse+0x170>
10007dea:	e08f      	b.n	10007f0c <GPS_handle_parse+0x290>
10007dec:	4b4e      	ldr	r3, [pc, #312]	; (10007f28 <GPS_handle_parse+0x2ac>)
10007dee:	4a4f      	ldr	r2, [pc, #316]	; (10007f2c <GPS_handle_parse+0x2b0>)
10007df0:	4453      	add	r3, sl
10007df2:	4293      	cmp	r3, r2
10007df4:	d900      	bls.n	10007df8 <GPS_handle_parse+0x17c>
10007df6:	e089      	b.n	10007f0c <GPS_handle_parse+0x290>
10007df8:	4653      	mov	r3, sl
10007dfa:	2164      	movs	r1, #100	; 0x64
10007dfc:	9811      	ldr	r0, [sp, #68]	; 0x44
10007dfe:	4359      	muls	r1, r3
10007e00:	f7fb ff44 	bl	10003c8c <__wrap___aeabi_idiv>
10007e04:	9002      	str	r0, [sp, #8]
10007e06:	0008      	movs	r0, r1
10007e08:	f7fc fdfe 	bl	10004a08 <__wrap___aeabi_i2f>
10007e0c:	4653      	mov	r3, sl
10007e0e:	9005      	str	r0, [sp, #20]
10007e10:	0118      	lsls	r0, r3, #4
10007e12:	1ac0      	subs	r0, r0, r3
10007e14:	0080      	lsls	r0, r0, #2
10007e16:	f7fc fdf7 	bl	10004a08 <__wrap___aeabi_i2f>
10007e1a:	1c01      	adds	r1, r0, #0
10007e1c:	9805      	ldr	r0, [sp, #20]
10007e1e:	f7fc fdd2 	bl	100049c6 <__wrap___aeabi_fdiv>
10007e22:	4682      	mov	sl, r0
10007e24:	9802      	ldr	r0, [sp, #8]
10007e26:	f7fc fdef 	bl	10004a08 <__wrap___aeabi_i2f>
10007e2a:	1c01      	adds	r1, r0, #0
10007e2c:	4650      	mov	r0, sl
10007e2e:	f7fc fdc7 	bl	100049c0 <__wrap___aeabi_fadd>
10007e32:	4682      	mov	sl, r0
10007e34:	2228      	movs	r2, #40	; 0x28
10007e36:	ab04      	add	r3, sp, #16
10007e38:	189b      	adds	r3, r3, r2
10007e3a:	781b      	ldrb	r3, [r3, #0]
10007e3c:	2b00      	cmp	r3, #0
10007e3e:	d04a      	beq.n	10007ed6 <GPS_handle_parse+0x25a>
10007e40:	9804      	ldr	r0, [sp, #16]
10007e42:	f7fc fe0f 	bl	10004a64 <__wrap___aeabi_f2d>
10007e46:	9002      	str	r0, [sp, #8]
10007e48:	9103      	str	r1, [sp, #12]
10007e4a:	4650      	mov	r0, sl
10007e4c:	f7fc fe0a 	bl	10004a64 <__wrap___aeabi_f2d>
10007e50:	9a02      	ldr	r2, [sp, #8]
10007e52:	9b03      	ldr	r3, [sp, #12]
10007e54:	9000      	str	r0, [sp, #0]
10007e56:	9101      	str	r1, [sp, #4]
10007e58:	4835      	ldr	r0, [pc, #212]	; (10007f30 <GPS_handle_parse+0x2b4>)
10007e5a:	f7fd f93d 	bl	100050d8 <__wrap_printf>
10007e5e:	2000      	movs	r0, #0
10007e60:	9904      	ldr	r1, [sp, #16]
10007e62:	f000 f915 	bl	10008090 <INFORMATION_set>
10007e66:	4651      	mov	r1, sl
10007e68:	2001      	movs	r0, #1
10007e6a:	f000 f911 	bl	10008090 <INFORMATION_set>
10007e6e:	9b0a      	ldr	r3, [sp, #40]	; 0x28
10007e70:	9a0b      	ldr	r2, [sp, #44]	; 0x2c
10007e72:	469a      	mov	sl, r3
10007e74:	9b0c      	ldr	r3, [sp, #48]	; 0x30
10007e76:	4651      	mov	r1, sl
10007e78:	482e      	ldr	r0, [pc, #184]	; (10007f34 <GPS_handle_parse+0x2b8>)
10007e7a:	9302      	str	r3, [sp, #8]
10007e7c:	9204      	str	r2, [sp, #16]
10007e7e:	f7fd f92b 	bl	100050d8 <__wrap_printf>
10007e82:	4650      	mov	r0, sl
10007e84:	f7fc fdc0 	bl	10004a08 <__wrap___aeabi_i2f>
10007e88:	1c01      	adds	r1, r0, #0
10007e8a:	2007      	movs	r0, #7
10007e8c:	f000 f900 	bl	10008090 <INFORMATION_set>
10007e90:	9804      	ldr	r0, [sp, #16]
10007e92:	f7fc fdb9 	bl	10004a08 <__wrap___aeabi_i2f>
10007e96:	1c01      	adds	r1, r0, #0
10007e98:	2008      	movs	r0, #8
10007e9a:	f000 f8f9 	bl	10008090 <INFORMATION_set>
10007e9e:	9802      	ldr	r0, [sp, #8]
10007ea0:	f7fc fdb2 	bl	10004a08 <__wrap___aeabi_i2f>
10007ea4:	1c01      	adds	r1, r0, #0
10007ea6:	2009      	movs	r0, #9
10007ea8:	f000 f8f2 	bl	10008090 <INFORMATION_set>
10007eac:	9809      	ldr	r0, [sp, #36]	; 0x24
10007eae:	f7fc fdab 	bl	10004a08 <__wrap___aeabi_i2f>
10007eb2:	1c01      	adds	r1, r0, #0
10007eb4:	2004      	movs	r0, #4
10007eb6:	f000 f8eb 	bl	10008090 <INFORMATION_set>
10007eba:	9808      	ldr	r0, [sp, #32]
10007ebc:	f7fc fda4 	bl	10004a08 <__wrap___aeabi_i2f>
10007ec0:	1c01      	adds	r1, r0, #0
10007ec2:	2005      	movs	r0, #5
10007ec4:	f000 f8e4 	bl	10008090 <INFORMATION_set>
10007ec8:	9807      	ldr	r0, [sp, #28]
10007eca:	f7fc fd9d 	bl	10004a08 <__wrap___aeabi_i2f>
10007ece:	1c01      	adds	r1, r0, #0
10007ed0:	2006      	movs	r0, #6
10007ed2:	f000 f8dd 	bl	10008090 <INFORMATION_set>
10007ed6:	2300      	movs	r3, #0
10007ed8:	464a      	mov	r2, r9
10007eda:	802b      	strh	r3, [r5, #0]
10007edc:	3301      	adds	r3, #1
10007ede:	7013      	strb	r3, [r2, #0]
10007ee0:	2300      	movs	r3, #0
10007ee2:	2201      	movs	r2, #1
10007ee4:	e71c      	b.n	10007d20 <GPS_handle_parse+0xa4>
10007ee6:	464a      	mov	r2, r9
10007ee8:	4658      	mov	r0, fp
10007eea:	7010      	strb	r0, [r2, #0]
10007eec:	e732      	b.n	10007d54 <GPS_handle_parse+0xd8>
10007eee:	4651      	mov	r1, sl
10007ef0:	a80a      	add	r0, sp, #40	; 0x28
10007ef2:	f000 fd7d 	bl	100089f0 <minmea_parse_gga>
10007ef6:	2300      	movs	r3, #0
10007ef8:	464a      	mov	r2, r9
10007efa:	802b      	strh	r3, [r5, #0]
10007efc:	3301      	adds	r3, #1
10007efe:	7013      	strb	r3, [r2, #0]
10007f00:	2300      	movs	r3, #0
10007f02:	2201      	movs	r2, #1
10007f04:	e70c      	b.n	10007d20 <GPS_handle_parse+0xa4>
10007f06:	4b0c      	ldr	r3, [pc, #48]	; (10007f38 <GPS_handle_parse+0x2bc>)
10007f08:	9304      	str	r3, [sp, #16]
10007f0a:	e76a      	b.n	10007de2 <GPS_handle_parse+0x166>
10007f0c:	4b0a      	ldr	r3, [pc, #40]	; (10007f38 <GPS_handle_parse+0x2bc>)
10007f0e:	469a      	mov	sl, r3
10007f10:	e790      	b.n	10007e34 <GPS_handle_parse+0x1b8>
10007f12:	46c0      	nop			; (mov r8, r8)
10007f14:	200020dc 	.word	0x200020dc
10007f18:	20002150 	.word	0x20002150
10007f1c:	200025f4 	.word	0x200025f4
10007f20:	200025e2 	.word	0x200025e2
10007f24:	200025c4 	.word	0x200025c4
10007f28:	0147ae14 	.word	0x0147ae14
10007f2c:	028f5c28 	.word	0x028f5c28
10007f30:	1000c260 	.word	0x1000c260
10007f34:	1000c270 	.word	0x1000c270
10007f38:	7fc00000 	.word	0x7fc00000

10007f3c <BUTTONS_get_events>:
10007f3c:	b5f0      	push	{r4, r5, r6, r7, lr}
10007f3e:	b083      	sub	sp, #12
10007f40:	466a      	mov	r2, sp
10007f42:	2300      	movs	r3, #0
10007f44:	1dd0      	adds	r0, r2, #7
10007f46:	71d3      	strb	r3, [r2, #7]
10007f48:	f000 f8f0 	bl	1000812c <MCP23008_read_gpio>
10007f4c:	2001      	movs	r0, #1
10007f4e:	466b      	mov	r3, sp
10007f50:	0005      	movs	r5, r0
10007f52:	79d9      	ldrb	r1, [r3, #7]
10007f54:	400d      	ands	r5, r1
10007f56:	104b      	asrs	r3, r1, #1
10007f58:	108a      	asrs	r2, r1, #2
10007f5a:	46ac      	mov	ip, r5
10007f5c:	4003      	ands	r3, r0
10007f5e:	4002      	ands	r2, r0
10007f60:	4208      	tst	r0, r1
10007f62:	d11a      	bne.n	10007f9a <BUTTONS_get_events+0x5e>
10007f64:	4c0e      	ldr	r4, [pc, #56]	; (10007fa0 <BUTTONS_get_events+0x64>)
10007f66:	7820      	ldrb	r0, [r4, #0]
10007f68:	1e41      	subs	r1, r0, #1
10007f6a:	4188      	sbcs	r0, r1
10007f6c:	b2c0      	uxtb	r0, r0
10007f6e:	4e0d      	ldr	r6, [pc, #52]	; (10007fa4 <BUTTONS_get_events+0x68>)
10007f70:	2b00      	cmp	r3, #0
10007f72:	d104      	bne.n	10007f7e <BUTTONS_get_events+0x42>
10007f74:	7831      	ldrb	r1, [r6, #0]
10007f76:	1e4f      	subs	r7, r1, #1
10007f78:	41b9      	sbcs	r1, r7
10007f7a:	0049      	lsls	r1, r1, #1
10007f7c:	4308      	orrs	r0, r1
10007f7e:	4f0a      	ldr	r7, [pc, #40]	; (10007fa8 <BUTTONS_get_events+0x6c>)
10007f80:	2a00      	cmp	r2, #0
10007f82:	d104      	bne.n	10007f8e <BUTTONS_get_events+0x52>
10007f84:	7839      	ldrb	r1, [r7, #0]
10007f86:	1e4d      	subs	r5, r1, #1
10007f88:	41a9      	sbcs	r1, r5
10007f8a:	0089      	lsls	r1, r1, #2
10007f8c:	4308      	orrs	r0, r1
10007f8e:	7033      	strb	r3, [r6, #0]
10007f90:	4663      	mov	r3, ip
10007f92:	703a      	strb	r2, [r7, #0]
10007f94:	7023      	strb	r3, [r4, #0]
10007f96:	b003      	add	sp, #12
10007f98:	bdf0      	pop	{r4, r5, r6, r7, pc}
10007f9a:	2000      	movs	r0, #0
10007f9c:	4c00      	ldr	r4, [pc, #0]	; (10007fa0 <BUTTONS_get_events+0x64>)
10007f9e:	e7e6      	b.n	10007f6e <BUTTONS_get_events+0x32>
10007fa0:	200025ef 	.word	0x200025ef
10007fa4:	200025ee 	.word	0x200025ee
10007fa8:	200025f0 	.word	0x200025f0

10007fac <COLORS_get_565_from_888>:
10007fac:	0889      	lsrs	r1, r1, #2
10007fae:	0149      	lsls	r1, r1, #5
10007fb0:	08d2      	lsrs	r2, r2, #3
10007fb2:	08c0      	lsrs	r0, r0, #3
10007fb4:	430a      	orrs	r2, r1
10007fb6:	02c0      	lsls	r0, r0, #11
10007fb8:	4310      	orrs	r0, r2
10007fba:	4770      	bx	lr

10007fbc <EXT_I2C_init>:
10007fbc:	b510      	push	{r4, lr}
10007fbe:	490b      	ldr	r1, [pc, #44]	; (10007fec <EXT_I2C_init+0x30>)
10007fc0:	480b      	ldr	r0, [pc, #44]	; (10007ff0 <EXT_I2C_init+0x34>)
10007fc2:	f7ff fc03 	bl	100077cc <i2c_init>
10007fc6:	2103      	movs	r1, #3
10007fc8:	2010      	movs	r0, #16
10007fca:	f7f8 fc6d 	bl	100008a8 <gpio_set_function>
10007fce:	2103      	movs	r1, #3
10007fd0:	2011      	movs	r0, #17
10007fd2:	f7f8 fc69 	bl	100008a8 <gpio_set_function>
10007fd6:	2200      	movs	r2, #0
10007fd8:	2101      	movs	r1, #1
10007fda:	2011      	movs	r0, #17
10007fdc:	f7f8 fc7c 	bl	100008d8 <gpio_set_pulls>
10007fe0:	2200      	movs	r2, #0
10007fe2:	2101      	movs	r1, #1
10007fe4:	2010      	movs	r0, #16
10007fe6:	f7f8 fc77 	bl	100008d8 <gpio_set_pulls>
10007fea:	bd10      	pop	{r4, pc}
10007fec:	000186a0 	.word	0x000186a0
10007ff0:	20000f30 	.word	0x20000f30

10007ff4 <EXT_I2C_write>:
10007ff4:	b510      	push	{r4, lr}
10007ff6:	b084      	sub	sp, #16
10007ff8:	466b      	mov	r3, sp
10007ffa:	7319      	strb	r1, [r3, #12]
10007ffc:	735a      	strb	r2, [r3, #13]
10007ffe:	2300      	movs	r3, #0
10008000:	4c04      	ldr	r4, [pc, #16]	; (10008014 <EXT_I2C_write+0x20>)
10008002:	0001      	movs	r1, r0
10008004:	9300      	str	r3, [sp, #0]
10008006:	0020      	movs	r0, r4
10008008:	3302      	adds	r3, #2
1000800a:	aa03      	add	r2, sp, #12
1000800c:	f7ff fc08 	bl	10007820 <i2c_write_blocking>
10008010:	b004      	add	sp, #16
10008012:	bd10      	pop	{r4, pc}
10008014:	20000f30 	.word	0x20000f30

10008018 <EXT_I2C_read>:
10008018:	220f      	movs	r2, #15
1000801a:	2301      	movs	r3, #1
1000801c:	b570      	push	{r4, r5, r6, lr}
1000801e:	4c0d      	ldr	r4, [pc, #52]	; (10008054 <EXT_I2C_read+0x3c>)
10008020:	b086      	sub	sp, #24
10008022:	446a      	add	r2, sp
10008024:	7011      	strb	r1, [r2, #0]
10008026:	0005      	movs	r5, r0
10008028:	0001      	movs	r1, r0
1000802a:	9300      	str	r3, [sp, #0]
1000802c:	0020      	movs	r0, r4
1000802e:	2617      	movs	r6, #23
10008030:	f7ff fbf6 	bl	10007820 <i2c_write_blocking>
10008034:	2300      	movs	r3, #0
10008036:	446e      	add	r6, sp
10008038:	0032      	movs	r2, r6
1000803a:	0029      	movs	r1, r5
1000803c:	9300      	str	r3, [sp, #0]
1000803e:	0020      	movs	r0, r4
10008040:	3301      	adds	r3, #1
10008042:	f7ff fc55 	bl	100078f0 <i2c_read_blocking>
10008046:	2001      	movs	r0, #1
10008048:	f002 ff46 	bl	1000aed8 <DEV_Delay_ms>
1000804c:	7830      	ldrb	r0, [r6, #0]
1000804e:	b006      	add	sp, #24
10008050:	bd70      	pop	{r4, r5, r6, pc}
10008052:	46c0      	nop			; (mov r8, r8)
10008054:	20000f30 	.word	0x20000f30

10008058 <EXT_I2C_read_multi>:
10008058:	b5f0      	push	{r4, r5, r6, r7, lr}
1000805a:	0017      	movs	r7, r2
1000805c:	220f      	movs	r2, #15
1000805e:	001e      	movs	r6, r3
10008060:	2301      	movs	r3, #1
10008062:	b085      	sub	sp, #20
10008064:	4c09      	ldr	r4, [pc, #36]	; (1000808c <EXT_I2C_read_multi+0x34>)
10008066:	446a      	add	r2, sp
10008068:	7011      	strb	r1, [r2, #0]
1000806a:	0005      	movs	r5, r0
1000806c:	0001      	movs	r1, r0
1000806e:	9300      	str	r3, [sp, #0]
10008070:	0020      	movs	r0, r4
10008072:	f7ff fbd5 	bl	10007820 <i2c_write_blocking>
10008076:	2300      	movs	r3, #0
10008078:	0032      	movs	r2, r6
1000807a:	9300      	str	r3, [sp, #0]
1000807c:	0029      	movs	r1, r5
1000807e:	003b      	movs	r3, r7
10008080:	0020      	movs	r0, r4
10008082:	f7ff fc35 	bl	100078f0 <i2c_read_blocking>
10008086:	b005      	add	sp, #20
10008088:	bdf0      	pop	{r4, r5, r6, r7, pc}
1000808a:	46c0      	nop			; (mov r8, r8)
1000808c:	20000f30 	.word	0x20000f30

10008090 <INFORMATION_set>:
10008090:	4b01      	ldr	r3, [pc, #4]	; (10008098 <INFORMATION_set+0x8>)
10008092:	0080      	lsls	r0, r0, #2
10008094:	5019      	str	r1, [r3, r0]
10008096:	4770      	bx	lr
10008098:	200020a0 	.word	0x200020a0

1000809c <INFORMATION_get>:
1000809c:	4b01      	ldr	r3, [pc, #4]	; (100080a4 <INFORMATION_get+0x8>)
1000809e:	0080      	lsls	r0, r0, #2
100080a0:	58c0      	ldr	r0, [r0, r3]
100080a2:	4770      	bx	lr
100080a4:	200020a0 	.word	0x200020a0

100080a8 <MCP23008_init>:
100080a8:	b530      	push	{r4, r5, lr}
100080aa:	b085      	sub	sp, #20
100080ac:	ad01      	add	r5, sp, #4
100080ae:	002a      	movs	r2, r5
100080b0:	2400      	movs	r4, #0
100080b2:	4b08      	ldr	r3, [pc, #32]	; (100080d4 <MCP23008_init+0x2c>)
100080b4:	cb03      	ldmia	r3!, {r0, r1}
100080b6:	c203      	stmia	r2!, {r0, r1}
100080b8:	881b      	ldrh	r3, [r3, #0]
100080ba:	8013      	strh	r3, [r2, #0]
100080bc:	0021      	movs	r1, r4
100080be:	3401      	adds	r4, #1
100080c0:	782a      	ldrb	r2, [r5, #0]
100080c2:	2020      	movs	r0, #32
100080c4:	b2e4      	uxtb	r4, r4
100080c6:	f7ff ff95 	bl	10007ff4 <EXT_I2C_write>
100080ca:	3501      	adds	r5, #1
100080cc:	2c0a      	cmp	r4, #10
100080ce:	d1f5      	bne.n	100080bc <MCP23008_init+0x14>
100080d0:	b005      	add	sp, #20
100080d2:	bd30      	pop	{r4, r5, pc}
100080d4:	1000c2a8 	.word	0x1000c2a8

100080d8 <MCP23008_set_dir>:
100080d8:	b510      	push	{r4, lr}
100080da:	4b05      	ldr	r3, [pc, #20]	; (100080f0 <MCP23008_set_dir+0x18>)
100080dc:	0002      	movs	r2, r0
100080de:	7819      	ldrb	r1, [r3, #0]
100080e0:	4281      	cmp	r1, r0
100080e2:	d004      	beq.n	100080ee <MCP23008_set_dir+0x16>
100080e4:	7018      	strb	r0, [r3, #0]
100080e6:	2100      	movs	r1, #0
100080e8:	2020      	movs	r0, #32
100080ea:	f7ff ff83 	bl	10007ff4 <EXT_I2C_write>
100080ee:	bd10      	pop	{r4, pc}
100080f0:	200025e4 	.word	0x200025e4

100080f4 <MCP23008_set_pullups>:
100080f4:	b510      	push	{r4, lr}
100080f6:	4b05      	ldr	r3, [pc, #20]	; (1000810c <MCP23008_set_pullups+0x18>)
100080f8:	0002      	movs	r2, r0
100080fa:	7819      	ldrb	r1, [r3, #0]
100080fc:	4281      	cmp	r1, r0
100080fe:	d004      	beq.n	1000810a <MCP23008_set_pullups+0x16>
10008100:	7018      	strb	r0, [r3, #0]
10008102:	2106      	movs	r1, #6
10008104:	2020      	movs	r0, #32
10008106:	f7ff ff75 	bl	10007ff4 <EXT_I2C_write>
1000810a:	bd10      	pop	{r4, pc}
1000810c:	200025e5 	.word	0x200025e5

10008110 <MCP23008_set_state>:
10008110:	b510      	push	{r4, lr}
10008112:	4b05      	ldr	r3, [pc, #20]	; (10008128 <MCP23008_set_state+0x18>)
10008114:	0002      	movs	r2, r0
10008116:	7819      	ldrb	r1, [r3, #0]
10008118:	4281      	cmp	r1, r0
1000811a:	d004      	beq.n	10008126 <MCP23008_set_state+0x16>
1000811c:	7018      	strb	r0, [r3, #0]
1000811e:	2109      	movs	r1, #9
10008120:	2020      	movs	r0, #32
10008122:	f7ff ff67 	bl	10007ff4 <EXT_I2C_write>
10008126:	bd10      	pop	{r4, pc}
10008128:	200025e6 	.word	0x200025e6

1000812c <MCP23008_read_gpio>:
1000812c:	b510      	push	{r4, lr}
1000812e:	2109      	movs	r1, #9
10008130:	0004      	movs	r4, r0
10008132:	2020      	movs	r0, #32
10008134:	f7ff ff70 	bl	10008018 <EXT_I2C_read>
10008138:	7020      	strb	r0, [r4, #0]
1000813a:	bd10      	pop	{r4, pc}

1000813c <minmea_check>:
1000813c:	b570      	push	{r4, r5, r6, lr}
1000813e:	7803      	ldrb	r3, [r0, #0]
10008140:	0002      	movs	r2, r0
10008142:	2000      	movs	r0, #0
10008144:	2b24      	cmp	r3, #36	; 0x24
10008146:	d140      	bne.n	100081ca <minmea_check+0x8e>
10008148:	1c53      	adds	r3, r2, #1
1000814a:	7852      	ldrb	r2, [r2, #1]
1000814c:	2400      	movs	r4, #0
1000814e:	2a00      	cmp	r2, #0
10008150:	d031      	beq.n	100081b6 <minmea_check+0x7a>
10008152:	2568      	movs	r5, #104	; 0x68
10008154:	4e23      	ldr	r6, [pc, #140]	; (100081e4 <minmea_check+0xa8>)
10008156:	e007      	b.n	10008168 <minmea_check+0x2c>
10008158:	5cb0      	ldrb	r0, [r6, r2]
1000815a:	43a8      	bics	r0, r5
1000815c:	d02b      	beq.n	100081b6 <minmea_check+0x7a>
1000815e:	3301      	adds	r3, #1
10008160:	4054      	eors	r4, r2
10008162:	781a      	ldrb	r2, [r3, #0]
10008164:	2a00      	cmp	r2, #0
10008166:	d026      	beq.n	100081b6 <minmea_check+0x7a>
10008168:	2a2a      	cmp	r2, #42	; 0x2a
1000816a:	d1f5      	bne.n	10008158 <minmea_check+0x1c>
1000816c:	785a      	ldrb	r2, [r3, #1]
1000816e:	0011      	movs	r1, r2
10008170:	3930      	subs	r1, #48	; 0x30
10008172:	b2c8      	uxtb	r0, r1
10008174:	2809      	cmp	r0, #9
10008176:	d92d      	bls.n	100081d4 <minmea_check+0x98>
10008178:	0011      	movs	r1, r2
1000817a:	3941      	subs	r1, #65	; 0x41
1000817c:	2905      	cmp	r1, #5
1000817e:	d92d      	bls.n	100081dc <minmea_check+0xa0>
10008180:	0011      	movs	r1, r2
10008182:	3961      	subs	r1, #97	; 0x61
10008184:	2905      	cmp	r1, #5
10008186:	d823      	bhi.n	100081d0 <minmea_check+0x94>
10008188:	3a57      	subs	r2, #87	; 0x57
1000818a:	7899      	ldrb	r1, [r3, #2]
1000818c:	0008      	movs	r0, r1
1000818e:	3830      	subs	r0, #48	; 0x30
10008190:	b2c5      	uxtb	r5, r0
10008192:	2d09      	cmp	r5, #9
10008194:	d920      	bls.n	100081d8 <minmea_check+0x9c>
10008196:	0008      	movs	r0, r1
10008198:	3841      	subs	r0, #65	; 0x41
1000819a:	2805      	cmp	r0, #5
1000819c:	d920      	bls.n	100081e0 <minmea_check+0xa4>
1000819e:	0008      	movs	r0, r1
100081a0:	3861      	subs	r0, #97	; 0x61
100081a2:	2805      	cmp	r0, #5
100081a4:	d814      	bhi.n	100081d0 <minmea_check+0x94>
100081a6:	3957      	subs	r1, #87	; 0x57
100081a8:	0112      	lsls	r2, r2, #4
100081aa:	2000      	movs	r0, #0
100081ac:	430a      	orrs	r2, r1
100081ae:	4294      	cmp	r4, r2
100081b0:	d10b      	bne.n	100081ca <minmea_check+0x8e>
100081b2:	3303      	adds	r3, #3
100081b4:	e001      	b.n	100081ba <minmea_check+0x7e>
100081b6:	2900      	cmp	r1, #0
100081b8:	d10a      	bne.n	100081d0 <minmea_check+0x94>
100081ba:	7818      	ldrb	r0, [r3, #0]
100081bc:	280d      	cmp	r0, #13
100081be:	d005      	beq.n	100081cc <minmea_check+0x90>
100081c0:	280a      	cmp	r0, #10
100081c2:	d003      	beq.n	100081cc <minmea_check+0x90>
100081c4:	4243      	negs	r3, r0
100081c6:	4158      	adcs	r0, r3
100081c8:	b2c0      	uxtb	r0, r0
100081ca:	bd70      	pop	{r4, r5, r6, pc}
100081cc:	3301      	adds	r3, #1
100081ce:	e7f4      	b.n	100081ba <minmea_check+0x7e>
100081d0:	2000      	movs	r0, #0
100081d2:	e7fa      	b.n	100081ca <minmea_check+0x8e>
100081d4:	000a      	movs	r2, r1
100081d6:	e7d8      	b.n	1000818a <minmea_check+0x4e>
100081d8:	0001      	movs	r1, r0
100081da:	e7e5      	b.n	100081a8 <minmea_check+0x6c>
100081dc:	3a37      	subs	r2, #55	; 0x37
100081de:	e7d4      	b.n	1000818a <minmea_check+0x4e>
100081e0:	3937      	subs	r1, #55	; 0x37
100081e2:	e7e1      	b.n	100081a8 <minmea_check+0x6c>
100081e4:	1000c991 	.word	0x1000c991

100081e8 <minmea_scan>:
100081e8:	b40e      	push	{r1, r2, r3}
100081ea:	b5f0      	push	{r4, r5, r6, r7, lr}
100081ec:	464e      	mov	r6, r9
100081ee:	46de      	mov	lr, fp
100081f0:	4657      	mov	r7, sl
100081f2:	4645      	mov	r5, r8
100081f4:	b5e0      	push	{r5, r6, r7, lr}
100081f6:	b086      	sub	sp, #24
100081f8:	0006      	movs	r6, r0
100081fa:	9c0f      	ldr	r4, [sp, #60]	; 0x3c
100081fc:	2000      	movs	r0, #0
100081fe:	2e00      	cmp	r6, #0
10008200:	d109      	bne.n	10008216 <minmea_scan+0x2e>
10008202:	b006      	add	sp, #24
10008204:	bcf0      	pop	{r4, r5, r6, r7}
10008206:	46bb      	mov	fp, r7
10008208:	46b2      	mov	sl, r6
1000820a:	46a9      	mov	r9, r5
1000820c:	46a0      	mov	r8, r4
1000820e:	bcf0      	pop	{r4, r5, r6, r7}
10008210:	bc08      	pop	{r3}
10008212:	b003      	add	sp, #12
10008214:	4718      	bx	r3
10008216:	ab10      	add	r3, sp, #64	; 0x40
10008218:	9304      	str	r3, [sp, #16]
1000821a:	7823      	ldrb	r3, [r4, #0]
1000821c:	2b00      	cmp	r3, #0
1000821e:	d021      	beq.n	10008264 <minmea_scan+0x7c>
10008220:	2200      	movs	r2, #0
10008222:	4692      	mov	sl, r2
10008224:	4aa8      	ldr	r2, [pc, #672]	; (100084c8 <minmea_scan+0x2e0>)
10008226:	0037      	movs	r7, r6
10008228:	4691      	mov	r9, r2
1000822a:	3401      	adds	r4, #1
1000822c:	2b3b      	cmp	r3, #59	; 0x3b
1000822e:	d014      	beq.n	1000825a <minmea_scan+0x72>
10008230:	2e00      	cmp	r6, #0
10008232:	d007      	beq.n	10008244 <minmea_scan+0x5c>
10008234:	3b44      	subs	r3, #68	; 0x44
10008236:	b2db      	uxtb	r3, r3
10008238:	2b30      	cmp	r3, #48	; 0x30
1000823a:	d827      	bhi.n	1000828c <minmea_scan+0xa4>
1000823c:	464a      	mov	r2, r9
1000823e:	009b      	lsls	r3, r3, #2
10008240:	58d3      	ldr	r3, [r2, r3]
10008242:	469f      	mov	pc, r3
10008244:	4652      	mov	r2, sl
10008246:	2a00      	cmp	r2, #0
10008248:	d020      	beq.n	1000828c <minmea_scan+0xa4>
1000824a:	3b44      	subs	r3, #68	; 0x44
1000824c:	b2db      	uxtb	r3, r3
1000824e:	2b2f      	cmp	r3, #47	; 0x2f
10008250:	d81c      	bhi.n	1000828c <minmea_scan+0xa4>
10008252:	4a9e      	ldr	r2, [pc, #632]	; (100084cc <minmea_scan+0x2e4>)
10008254:	009b      	lsls	r3, r3, #2
10008256:	58d3      	ldr	r3, [r2, r3]
10008258:	469f      	mov	pc, r3
1000825a:	2301      	movs	r3, #1
1000825c:	469a      	mov	sl, r3
1000825e:	7823      	ldrb	r3, [r4, #0]
10008260:	2b00      	cmp	r3, #0
10008262:	d1e2      	bne.n	1000822a <minmea_scan+0x42>
10008264:	2001      	movs	r0, #1
10008266:	e7cc      	b.n	10008202 <minmea_scan+0x1a>
10008268:	220a      	movs	r2, #10
1000826a:	a905      	add	r1, sp, #20
1000826c:	0030      	movs	r0, r6
1000826e:	f003 fb5b 	bl	1000b928 <strtol>
10008272:	2168      	movs	r1, #104	; 0x68
10008274:	9b05      	ldr	r3, [sp, #20]
10008276:	4d96      	ldr	r5, [pc, #600]	; (100084d0 <minmea_scan+0x2e8>)
10008278:	781a      	ldrb	r2, [r3, #0]
1000827a:	5cab      	ldrb	r3, [r5, r2]
1000827c:	438b      	bics	r3, r1
1000827e:	d100      	bne.n	10008282 <minmea_scan+0x9a>
10008280:	e219      	b.n	100086b6 <minmea_scan+0x4ce>
10008282:	23fd      	movs	r3, #253	; 0xfd
10008284:	3a2a      	subs	r2, #42	; 0x2a
10008286:	421a      	tst	r2, r3
10008288:	d100      	bne.n	1000828c <minmea_scan+0xa4>
1000828a:	e214      	b.n	100086b6 <minmea_scan+0x4ce>
1000828c:	2000      	movs	r0, #0
1000828e:	e7b8      	b.n	10008202 <minmea_scan+0x1a>
10008290:	7833      	ldrb	r3, [r6, #0]
10008292:	2b24      	cmp	r3, #36	; 0x24
10008294:	d1fa      	bne.n	1000828c <minmea_scan+0xa4>
10008296:	1c73      	adds	r3, r6, #1
10008298:	4698      	mov	r8, r3
1000829a:	2368      	movs	r3, #104	; 0x68
1000829c:	7872      	ldrb	r2, [r6, #1]
1000829e:	4d8c      	ldr	r5, [pc, #560]	; (100084d0 <minmea_scan+0x2e8>)
100082a0:	5ca8      	ldrb	r0, [r5, r2]
100082a2:	4398      	bics	r0, r3
100082a4:	d0f2      	beq.n	1000828c <minmea_scan+0xa4>
100082a6:	2002      	movs	r0, #2
100082a8:	3a2a      	subs	r2, #42	; 0x2a
100082aa:	4382      	bics	r2, r0
100082ac:	b2d2      	uxtb	r2, r2
100082ae:	2a00      	cmp	r2, #0
100082b0:	d0ec      	beq.n	1000828c <minmea_scan+0xa4>
100082b2:	78b2      	ldrb	r2, [r6, #2]
100082b4:	5ca9      	ldrb	r1, [r5, r2]
100082b6:	4399      	bics	r1, r3
100082b8:	d0e8      	beq.n	1000828c <minmea_scan+0xa4>
100082ba:	3a2a      	subs	r2, #42	; 0x2a
100082bc:	4382      	bics	r2, r0
100082be:	b2d2      	uxtb	r2, r2
100082c0:	2a00      	cmp	r2, #0
100082c2:	d0e3      	beq.n	1000828c <minmea_scan+0xa4>
100082c4:	78f2      	ldrb	r2, [r6, #3]
100082c6:	5ca9      	ldrb	r1, [r5, r2]
100082c8:	4399      	bics	r1, r3
100082ca:	d0df      	beq.n	1000828c <minmea_scan+0xa4>
100082cc:	3a2a      	subs	r2, #42	; 0x2a
100082ce:	4382      	bics	r2, r0
100082d0:	b2d2      	uxtb	r2, r2
100082d2:	2a00      	cmp	r2, #0
100082d4:	d0da      	beq.n	1000828c <minmea_scan+0xa4>
100082d6:	7932      	ldrb	r2, [r6, #4]
100082d8:	5ca9      	ldrb	r1, [r5, r2]
100082da:	4399      	bics	r1, r3
100082dc:	d0d6      	beq.n	1000828c <minmea_scan+0xa4>
100082de:	3a2a      	subs	r2, #42	; 0x2a
100082e0:	4382      	bics	r2, r0
100082e2:	b2d2      	uxtb	r2, r2
100082e4:	2a00      	cmp	r2, #0
100082e6:	d0d1      	beq.n	1000828c <minmea_scan+0xa4>
100082e8:	7970      	ldrb	r0, [r6, #5]
100082ea:	5c2a      	ldrb	r2, [r5, r0]
100082ec:	439a      	bics	r2, r3
100082ee:	d0cd      	beq.n	1000828c <minmea_scan+0xa4>
100082f0:	382a      	subs	r0, #42	; 0x2a
100082f2:	3395      	adds	r3, #149	; 0x95
100082f4:	4218      	tst	r0, r3
100082f6:	d0c9      	beq.n	1000828c <minmea_scan+0xa4>
100082f8:	9b04      	ldr	r3, [sp, #16]
100082fa:	4641      	mov	r1, r8
100082fc:	681e      	ldr	r6, [r3, #0]
100082fe:	1d1a      	adds	r2, r3, #4
10008300:	9204      	str	r2, [sp, #16]
10008302:	0030      	movs	r0, r6
10008304:	2205      	movs	r2, #5
10008306:	f7fc fd13 	bl	10004d30 <__wrap___aeabi_memcpy>
1000830a:	2300      	movs	r3, #0
1000830c:	7173      	strb	r3, [r6, #5]
1000830e:	2168      	movs	r1, #104	; 0x68
10008310:	783b      	ldrb	r3, [r7, #0]
10008312:	5cea      	ldrb	r2, [r5, r3]
10008314:	438a      	bics	r2, r1
10008316:	d009      	beq.n	1000832c <minmea_scan+0x144>
10008318:	2b2c      	cmp	r3, #44	; 0x2c
1000831a:	d00b      	beq.n	10008334 <minmea_scan+0x14c>
1000831c:	2b2a      	cmp	r3, #42	; 0x2a
1000831e:	d007      	beq.n	10008330 <minmea_scan+0x148>
10008320:	2168      	movs	r1, #104	; 0x68
10008322:	787b      	ldrb	r3, [r7, #1]
10008324:	3701      	adds	r7, #1
10008326:	5cea      	ldrb	r2, [r5, r3]
10008328:	438a      	bics	r2, r1
1000832a:	d1f5      	bne.n	10008318 <minmea_scan+0x130>
1000832c:	2b2c      	cmp	r3, #44	; 0x2c
1000832e:	d001      	beq.n	10008334 <minmea_scan+0x14c>
10008330:	2600      	movs	r6, #0
10008332:	e794      	b.n	1000825e <minmea_scan+0x76>
10008334:	3701      	adds	r7, #1
10008336:	003e      	movs	r6, r7
10008338:	e791      	b.n	1000825e <minmea_scan+0x76>
1000833a:	2168      	movs	r1, #104	; 0x68
1000833c:	7832      	ldrb	r2, [r6, #0]
1000833e:	4d64      	ldr	r5, [pc, #400]	; (100084d0 <minmea_scan+0x2e8>)
10008340:	5cab      	ldrb	r3, [r5, r2]
10008342:	438b      	bics	r3, r1
10008344:	d100      	bne.n	10008348 <minmea_scan+0x160>
10008346:	e125      	b.n	10008594 <minmea_scan+0x3ac>
10008348:	0013      	movs	r3, r2
1000834a:	3195      	adds	r1, #149	; 0x95
1000834c:	3b2a      	subs	r3, #42	; 0x2a
1000834e:	420b      	tst	r3, r1
10008350:	d100      	bne.n	10008354 <minmea_scan+0x16c>
10008352:	e11f      	b.n	10008594 <minmea_scan+0x3ac>
10008354:	2a53      	cmp	r2, #83	; 0x53
10008356:	d100      	bne.n	1000835a <minmea_scan+0x172>
10008358:	e23a      	b.n	100087d0 <minmea_scan+0x5e8>
1000835a:	d900      	bls.n	1000835e <minmea_scan+0x176>
1000835c:	e1fc      	b.n	10008758 <minmea_scan+0x570>
1000835e:	2a45      	cmp	r2, #69	; 0x45
10008360:	d001      	beq.n	10008366 <minmea_scan+0x17e>
10008362:	2a4e      	cmp	r2, #78	; 0x4e
10008364:	d192      	bne.n	1000828c <minmea_scan+0xa4>
10008366:	2201      	movs	r2, #1
10008368:	e115      	b.n	10008596 <minmea_scan+0x3ae>
1000836a:	9b04      	ldr	r3, [sp, #16]
1000836c:	4d58      	ldr	r5, [pc, #352]	; (100084d0 <minmea_scan+0x2e8>)
1000836e:	1d1a      	adds	r2, r3, #4
10008370:	681b      	ldr	r3, [r3, #0]
10008372:	9204      	str	r2, [sp, #16]
10008374:	4698      	mov	r8, r3
10008376:	7833      	ldrb	r3, [r6, #0]
10008378:	2168      	movs	r1, #104	; 0x68
1000837a:	5cea      	ldrb	r2, [r5, r3]
1000837c:	0010      	movs	r0, r2
1000837e:	4388      	bics	r0, r1
10008380:	d100      	bne.n	10008384 <minmea_scan+0x19c>
10008382:	e10e      	b.n	100085a2 <minmea_scan+0x3ba>
10008384:	0019      	movs	r1, r3
10008386:	20fd      	movs	r0, #253	; 0xfd
10008388:	392a      	subs	r1, #42	; 0x2a
1000838a:	4201      	tst	r1, r0
1000838c:	d100      	bne.n	10008390 <minmea_scan+0x1a8>
1000838e:	e108      	b.n	100085a2 <minmea_scan+0x3ba>
10008390:	2104      	movs	r1, #4
10008392:	4211      	tst	r1, r2
10008394:	d100      	bne.n	10008398 <minmea_scan+0x1b0>
10008396:	e779      	b.n	1000828c <minmea_scan+0xa4>
10008398:	7872      	ldrb	r2, [r6, #1]
1000839a:	9200      	str	r2, [sp, #0]
1000839c:	5caa      	ldrb	r2, [r5, r2]
1000839e:	4211      	tst	r1, r2
100083a0:	d100      	bne.n	100083a4 <minmea_scan+0x1bc>
100083a2:	e773      	b.n	1000828c <minmea_scan+0xa4>
100083a4:	78b2      	ldrb	r2, [r6, #2]
100083a6:	5ca8      	ldrb	r0, [r5, r2]
100083a8:	4201      	tst	r1, r0
100083aa:	d100      	bne.n	100083ae <minmea_scan+0x1c6>
100083ac:	e76e      	b.n	1000828c <minmea_scan+0xa4>
100083ae:	78f0      	ldrb	r0, [r6, #3]
100083b0:	4683      	mov	fp, r0
100083b2:	5c28      	ldrb	r0, [r5, r0]
100083b4:	4201      	tst	r1, r0
100083b6:	d100      	bne.n	100083ba <minmea_scan+0x1d2>
100083b8:	e768      	b.n	1000828c <minmea_scan+0xa4>
100083ba:	7930      	ldrb	r0, [r6, #4]
100083bc:	4684      	mov	ip, r0
100083be:	5c28      	ldrb	r0, [r5, r0]
100083c0:	4201      	tst	r1, r0
100083c2:	d100      	bne.n	100083c6 <minmea_scan+0x1de>
100083c4:	e762      	b.n	1000828c <minmea_scan+0xa4>
100083c6:	7970      	ldrb	r0, [r6, #5]
100083c8:	5c29      	ldrb	r1, [r5, r0]
100083ca:	9001      	str	r0, [sp, #4]
100083cc:	0008      	movs	r0, r1
100083ce:	2104      	movs	r1, #4
100083d0:	4201      	tst	r1, r0
100083d2:	d100      	bne.n	100083d6 <minmea_scan+0x1ee>
100083d4:	e75a      	b.n	1000828c <minmea_scan+0xa4>
100083d6:	a902      	add	r1, sp, #8
100083d8:	700b      	strb	r3, [r1, #0]
100083da:	000b      	movs	r3, r1
100083dc:	9900      	ldr	r1, [sp, #0]
100083de:	a802      	add	r0, sp, #8
100083e0:	7059      	strb	r1, [r3, #1]
100083e2:	2300      	movs	r3, #0
100083e4:	a902      	add	r1, sp, #8
100083e6:	708b      	strb	r3, [r1, #2]
100083e8:	710a      	strb	r2, [r1, #4]
100083ea:	000a      	movs	r2, r1
100083ec:	4659      	mov	r1, fp
100083ee:	7151      	strb	r1, [r2, #5]
100083f0:	4661      	mov	r1, ip
100083f2:	7311      	strb	r1, [r2, #12]
100083f4:	9901      	ldr	r1, [sp, #4]
100083f6:	7193      	strb	r3, [r2, #6]
100083f8:	7393      	strb	r3, [r2, #14]
100083fa:	7351      	strb	r1, [r2, #13]
100083fc:	220a      	movs	r2, #10
100083fe:	2100      	movs	r1, #0
10008400:	f003 fa92 	bl	1000b928 <strtol>
10008404:	220a      	movs	r2, #10
10008406:	2100      	movs	r1, #0
10008408:	4683      	mov	fp, r0
1000840a:	a803      	add	r0, sp, #12
1000840c:	f003 fa8c 	bl	1000b928 <strtol>
10008410:	220a      	movs	r2, #10
10008412:	9000      	str	r0, [sp, #0]
10008414:	2100      	movs	r1, #0
10008416:	a805      	add	r0, sp, #20
10008418:	f003 fa86 	bl	1000b928 <strtol>
1000841c:	79b2      	ldrb	r2, [r6, #6]
1000841e:	2300      	movs	r3, #0
10008420:	2a2e      	cmp	r2, #46	; 0x2e
10008422:	d000      	beq.n	10008426 <minmea_scan+0x23e>
10008424:	e0c2      	b.n	100085ac <minmea_scan+0x3c4>
10008426:	2104      	movs	r1, #4
10008428:	79f3      	ldrb	r3, [r6, #7]
1000842a:	5cea      	ldrb	r2, [r5, r3]
1000842c:	4211      	tst	r1, r2
1000842e:	d100      	bne.n	10008432 <minmea_scan+0x24a>
10008430:	e200      	b.n	10008834 <minmea_scan+0x64c>
10008432:	7a32      	ldrb	r2, [r6, #8]
10008434:	3b30      	subs	r3, #48	; 0x30
10008436:	5ca9      	ldrb	r1, [r5, r2]
10008438:	9301      	str	r3, [sp, #4]
1000843a:	468c      	mov	ip, r1
1000843c:	2104      	movs	r1, #4
1000843e:	4663      	mov	r3, ip
10008440:	4219      	tst	r1, r3
10008442:	d100      	bne.n	10008446 <minmea_scan+0x25e>
10008444:	e1f2      	b.n	1000882c <minmea_scan+0x644>
10008446:	9b01      	ldr	r3, [sp, #4]
10008448:	3a30      	subs	r2, #48	; 0x30
1000844a:	009b      	lsls	r3, r3, #2
1000844c:	469c      	mov	ip, r3
1000844e:	9b01      	ldr	r3, [sp, #4]
10008450:	4463      	add	r3, ip
10008452:	005b      	lsls	r3, r3, #1
10008454:	18d3      	adds	r3, r2, r3
10008456:	7a72      	ldrb	r2, [r6, #9]
10008458:	9301      	str	r3, [sp, #4]
1000845a:	5cab      	ldrb	r3, [r5, r2]
1000845c:	4219      	tst	r1, r3
1000845e:	d100      	bne.n	10008462 <minmea_scan+0x27a>
10008460:	e1f9      	b.n	10008856 <minmea_scan+0x66e>
10008462:	9b01      	ldr	r3, [sp, #4]
10008464:	3a30      	subs	r2, #48	; 0x30
10008466:	009b      	lsls	r3, r3, #2
10008468:	469c      	mov	ip, r3
1000846a:	9b01      	ldr	r3, [sp, #4]
1000846c:	4463      	add	r3, ip
1000846e:	005b      	lsls	r3, r3, #1
10008470:	18d3      	adds	r3, r2, r3
10008472:	7ab2      	ldrb	r2, [r6, #10]
10008474:	9301      	str	r3, [sp, #4]
10008476:	5cab      	ldrb	r3, [r5, r2]
10008478:	4219      	tst	r1, r3
1000847a:	d100      	bne.n	1000847e <minmea_scan+0x296>
1000847c:	e1e6      	b.n	1000884c <minmea_scan+0x664>
1000847e:	9b01      	ldr	r3, [sp, #4]
10008480:	3a30      	subs	r2, #48	; 0x30
10008482:	009b      	lsls	r3, r3, #2
10008484:	469c      	mov	ip, r3
10008486:	9b01      	ldr	r3, [sp, #4]
10008488:	4463      	add	r3, ip
1000848a:	005b      	lsls	r3, r3, #1
1000848c:	18d3      	adds	r3, r2, r3
1000848e:	7af2      	ldrb	r2, [r6, #11]
10008490:	9301      	str	r3, [sp, #4]
10008492:	5cab      	ldrb	r3, [r5, r2]
10008494:	4219      	tst	r1, r3
10008496:	d100      	bne.n	1000849a <minmea_scan+0x2b2>
10008498:	e1d4      	b.n	10008844 <minmea_scan+0x65c>
1000849a:	9b01      	ldr	r3, [sp, #4]
1000849c:	3a30      	subs	r2, #48	; 0x30
1000849e:	009b      	lsls	r3, r3, #2
100084a0:	469c      	mov	ip, r3
100084a2:	9b01      	ldr	r3, [sp, #4]
100084a4:	4463      	add	r3, ip
100084a6:	005b      	lsls	r3, r3, #1
100084a8:	18d3      	adds	r3, r2, r3
100084aa:	7b32      	ldrb	r2, [r6, #12]
100084ac:	9301      	str	r3, [sp, #4]
100084ae:	5cae      	ldrb	r6, [r5, r2]
100084b0:	4231      	tst	r1, r6
100084b2:	d100      	bne.n	100084b6 <minmea_scan+0x2ce>
100084b4:	e1c3      	b.n	1000883e <minmea_scan+0x656>
100084b6:	0099      	lsls	r1, r3, #2
100084b8:	18cb      	adds	r3, r1, r3
100084ba:	3a30      	subs	r2, #48	; 0x30
100084bc:	005b      	lsls	r3, r3, #1
100084be:	18d3      	adds	r3, r2, r3
100084c0:	2201      	movs	r2, #1
100084c2:	9301      	str	r3, [sp, #4]
100084c4:	4353      	muls	r3, r2
100084c6:	e071      	b.n	100085ac <minmea_scan+0x3c4>
100084c8:	1000c2b4 	.word	0x1000c2b4
100084cc:	1000c378 	.word	0x1000c378
100084d0:	1000c991 	.word	0x1000c991
100084d4:	9b04      	ldr	r3, [sp, #16]
100084d6:	4dcd      	ldr	r5, [pc, #820]	; (1000880c <minmea_scan+0x624>)
100084d8:	1d1a      	adds	r2, r3, #4
100084da:	681b      	ldr	r3, [r3, #0]
100084dc:	9204      	str	r2, [sp, #16]
100084de:	4698      	mov	r8, r3
100084e0:	7833      	ldrb	r3, [r6, #0]
100084e2:	2268      	movs	r2, #104	; 0x68
100084e4:	5ce9      	ldrb	r1, [r5, r3]
100084e6:	0008      	movs	r0, r1
100084e8:	4390      	bics	r0, r2
100084ea:	d049      	beq.n	10008580 <minmea_scan+0x398>
100084ec:	001a      	movs	r2, r3
100084ee:	20fd      	movs	r0, #253	; 0xfd
100084f0:	3a2a      	subs	r2, #42	; 0x2a
100084f2:	4202      	tst	r2, r0
100084f4:	d044      	beq.n	10008580 <minmea_scan+0x398>
100084f6:	2204      	movs	r2, #4
100084f8:	420a      	tst	r2, r1
100084fa:	d100      	bne.n	100084fe <minmea_scan+0x316>
100084fc:	e6c6      	b.n	1000828c <minmea_scan+0xa4>
100084fe:	7871      	ldrb	r1, [r6, #1]
10008500:	468b      	mov	fp, r1
10008502:	5c69      	ldrb	r1, [r5, r1]
10008504:	420a      	tst	r2, r1
10008506:	d100      	bne.n	1000850a <minmea_scan+0x322>
10008508:	e6c0      	b.n	1000828c <minmea_scan+0xa4>
1000850a:	78b1      	ldrb	r1, [r6, #2]
1000850c:	5c68      	ldrb	r0, [r5, r1]
1000850e:	9100      	str	r1, [sp, #0]
10008510:	4202      	tst	r2, r0
10008512:	d100      	bne.n	10008516 <minmea_scan+0x32e>
10008514:	e6ba      	b.n	1000828c <minmea_scan+0xa4>
10008516:	78f0      	ldrb	r0, [r6, #3]
10008518:	9001      	str	r0, [sp, #4]
1000851a:	5c28      	ldrb	r0, [r5, r0]
1000851c:	4202      	tst	r2, r0
1000851e:	d100      	bne.n	10008522 <minmea_scan+0x33a>
10008520:	e6b4      	b.n	1000828c <minmea_scan+0xa4>
10008522:	7930      	ldrb	r0, [r6, #4]
10008524:	5c29      	ldrb	r1, [r5, r0]
10008526:	420a      	tst	r2, r1
10008528:	d100      	bne.n	1000852c <minmea_scan+0x344>
1000852a:	e6af      	b.n	1000828c <minmea_scan+0xa4>
1000852c:	7971      	ldrb	r1, [r6, #5]
1000852e:	5c6e      	ldrb	r6, [r5, r1]
10008530:	468c      	mov	ip, r1
10008532:	4232      	tst	r2, r6
10008534:	d100      	bne.n	10008538 <minmea_scan+0x350>
10008536:	e6a9      	b.n	1000828c <minmea_scan+0xa4>
10008538:	a902      	add	r1, sp, #8
1000853a:	700b      	strb	r3, [r1, #0]
1000853c:	000b      	movs	r3, r1
1000853e:	4659      	mov	r1, fp
10008540:	7059      	strb	r1, [r3, #1]
10008542:	2300      	movs	r3, #0
10008544:	9a00      	ldr	r2, [sp, #0]
10008546:	a902      	add	r1, sp, #8
10008548:	710a      	strb	r2, [r1, #4]
1000854a:	9a01      	ldr	r2, [sp, #4]
1000854c:	7308      	strb	r0, [r1, #12]
1000854e:	708b      	strb	r3, [r1, #2]
10008550:	718b      	strb	r3, [r1, #6]
10008552:	714a      	strb	r2, [r1, #5]
10008554:	000a      	movs	r2, r1
10008556:	4661      	mov	r1, ip
10008558:	7393      	strb	r3, [r2, #14]
1000855a:	7351      	strb	r1, [r2, #13]
1000855c:	a802      	add	r0, sp, #8
1000855e:	220a      	movs	r2, #10
10008560:	2100      	movs	r1, #0
10008562:	f003 f9e1 	bl	1000b928 <strtol>
10008566:	220a      	movs	r2, #10
10008568:	0006      	movs	r6, r0
1000856a:	2100      	movs	r1, #0
1000856c:	a803      	add	r0, sp, #12
1000856e:	f003 f9db 	bl	1000b928 <strtol>
10008572:	220a      	movs	r2, #10
10008574:	4683      	mov	fp, r0
10008576:	2100      	movs	r1, #0
10008578:	a805      	add	r0, sp, #20
1000857a:	f003 f9d5 	bl	1000b928 <strtol>
1000857e:	e003      	b.n	10008588 <minmea_scan+0x3a0>
10008580:	2001      	movs	r0, #1
10008582:	4240      	negs	r0, r0
10008584:	4683      	mov	fp, r0
10008586:	0006      	movs	r6, r0
10008588:	4643      	mov	r3, r8
1000858a:	465a      	mov	r2, fp
1000858c:	601e      	str	r6, [r3, #0]
1000858e:	605a      	str	r2, [r3, #4]
10008590:	6098      	str	r0, [r3, #8]
10008592:	e6bc      	b.n	1000830e <minmea_scan+0x126>
10008594:	2200      	movs	r2, #0
10008596:	9b04      	ldr	r3, [sp, #16]
10008598:	1d19      	adds	r1, r3, #4
1000859a:	681b      	ldr	r3, [r3, #0]
1000859c:	9104      	str	r1, [sp, #16]
1000859e:	601a      	str	r2, [r3, #0]
100085a0:	e6b5      	b.n	1000830e <minmea_scan+0x126>
100085a2:	2301      	movs	r3, #1
100085a4:	425b      	negs	r3, r3
100085a6:	0018      	movs	r0, r3
100085a8:	469b      	mov	fp, r3
100085aa:	9300      	str	r3, [sp, #0]
100085ac:	4642      	mov	r2, r8
100085ae:	4659      	mov	r1, fp
100085b0:	6011      	str	r1, [r2, #0]
100085b2:	9900      	ldr	r1, [sp, #0]
100085b4:	6090      	str	r0, [r2, #8]
100085b6:	6051      	str	r1, [r2, #4]
100085b8:	60d3      	str	r3, [r2, #12]
100085ba:	e6a8      	b.n	1000830e <minmea_scan+0x126>
100085bc:	2168      	movs	r1, #104	; 0x68
100085be:	7832      	ldrb	r2, [r6, #0]
100085c0:	4d92      	ldr	r5, [pc, #584]	; (1000880c <minmea_scan+0x624>)
100085c2:	5cab      	ldrb	r3, [r5, r2]
100085c4:	438b      	bics	r3, r1
100085c6:	d008      	beq.n	100085da <minmea_scan+0x3f2>
100085c8:	2a2c      	cmp	r2, #44	; 0x2c
100085ca:	d100      	bne.n	100085ce <minmea_scan+0x3e6>
100085cc:	e087      	b.n	100086de <minmea_scan+0x4f6>
100085ce:	0013      	movs	r3, r2
100085d0:	3b2a      	subs	r3, #42	; 0x2a
100085d2:	1e59      	subs	r1, r3, #1
100085d4:	418b      	sbcs	r3, r1
100085d6:	425b      	negs	r3, r3
100085d8:	4013      	ands	r3, r2
100085da:	9a04      	ldr	r2, [sp, #16]
100085dc:	1d11      	adds	r1, r2, #4
100085de:	6812      	ldr	r2, [r2, #0]
100085e0:	9104      	str	r1, [sp, #16]
100085e2:	7013      	strb	r3, [r2, #0]
100085e4:	e693      	b.n	1000830e <minmea_scan+0x126>
100085e6:	2068      	movs	r0, #104	; 0x68
100085e8:	9b04      	ldr	r3, [sp, #16]
100085ea:	7831      	ldrb	r1, [r6, #0]
100085ec:	4d87      	ldr	r5, [pc, #540]	; (1000880c <minmea_scan+0x624>)
100085ee:	1d1a      	adds	r2, r3, #4
100085f0:	9204      	str	r2, [sp, #16]
100085f2:	5c6a      	ldrb	r2, [r5, r1]
100085f4:	681b      	ldr	r3, [r3, #0]
100085f6:	4382      	bics	r2, r0
100085f8:	d015      	beq.n	10008626 <minmea_scan+0x43e>
100085fa:	001a      	movs	r2, r3
100085fc:	2302      	movs	r3, #2
100085fe:	469b      	mov	fp, r3
10008600:	0013      	movs	r3, r2
10008602:	000a      	movs	r2, r1
10008604:	4658      	mov	r0, fp
10008606:	3a2a      	subs	r2, #42	; 0x2a
10008608:	4382      	bics	r2, r0
1000860a:	b2d2      	uxtb	r2, r2
1000860c:	2a00      	cmp	r2, #0
1000860e:	d00a      	beq.n	10008626 <minmea_scan+0x43e>
10008610:	7019      	strb	r1, [r3, #0]
10008612:	7871      	ldrb	r1, [r6, #1]
10008614:	1c5a      	adds	r2, r3, #1
10008616:	5c6b      	ldrb	r3, [r5, r1]
10008618:	3601      	adds	r6, #1
1000861a:	4698      	mov	r8, r3
1000861c:	2368      	movs	r3, #104	; 0x68
1000861e:	4640      	mov	r0, r8
10008620:	4398      	bics	r0, r3
10008622:	d1ed      	bne.n	10008600 <minmea_scan+0x418>
10008624:	0013      	movs	r3, r2
10008626:	2200      	movs	r2, #0
10008628:	701a      	strb	r2, [r3, #0]
1000862a:	e670      	b.n	1000830e <minmea_scan+0x126>
1000862c:	7833      	ldrb	r3, [r6, #0]
1000862e:	4d77      	ldr	r5, [pc, #476]	; (1000880c <minmea_scan+0x624>)
10008630:	2268      	movs	r2, #104	; 0x68
10008632:	5ce9      	ldrb	r1, [r5, r3]
10008634:	0008      	movs	r0, r1
10008636:	4390      	bics	r0, r2
10008638:	d043      	beq.n	100086c2 <minmea_scan+0x4da>
1000863a:	2200      	movs	r2, #0
1000863c:	4693      	mov	fp, r2
1000863e:	3a01      	subs	r2, #1
10008640:	4690      	mov	r8, r2
10008642:	2200      	movs	r2, #0
10008644:	9200      	str	r2, [sp, #0]
10008646:	001a      	movs	r2, r3
10008648:	2002      	movs	r0, #2
1000864a:	3a2a      	subs	r2, #42	; 0x2a
1000864c:	4382      	bics	r2, r0
1000864e:	b2d2      	uxtb	r2, r2
10008650:	2a00      	cmp	r2, #0
10008652:	d021      	beq.n	10008698 <minmea_scan+0x4b0>
10008654:	2b2b      	cmp	r3, #43	; 0x2b
10008656:	d100      	bne.n	1000865a <minmea_scan+0x472>
10008658:	e0a0      	b.n	1000879c <minmea_scan+0x5b4>
1000865a:	2b2d      	cmp	r3, #45	; 0x2d
1000865c:	d100      	bne.n	10008660 <minmea_scan+0x478>
1000865e:	e0aa      	b.n	100087b6 <minmea_scan+0x5ce>
10008660:	0749      	lsls	r1, r1, #29
10008662:	d500      	bpl.n	10008666 <minmea_scan+0x47e>
10008664:	e080      	b.n	10008768 <minmea_scan+0x580>
10008666:	2b2e      	cmp	r3, #46	; 0x2e
10008668:	d100      	bne.n	1000866c <minmea_scan+0x484>
1000866a:	e0b4      	b.n	100087d6 <minmea_scan+0x5ee>
1000866c:	2b20      	cmp	r3, #32
1000866e:	d000      	beq.n	10008672 <minmea_scan+0x48a>
10008670:	e60c      	b.n	1000828c <minmea_scan+0xa4>
10008672:	465a      	mov	r2, fp
10008674:	9b00      	ldr	r3, [sp, #0]
10008676:	4313      	orrs	r3, r2
10008678:	9300      	str	r3, [sp, #0]
1000867a:	d000      	beq.n	1000867e <minmea_scan+0x496>
1000867c:	e606      	b.n	1000828c <minmea_scan+0xa4>
1000867e:	4643      	mov	r3, r8
10008680:	3301      	adds	r3, #1
10008682:	d000      	beq.n	10008686 <minmea_scan+0x49e>
10008684:	e602      	b.n	1000828c <minmea_scan+0xa4>
10008686:	2300      	movs	r3, #0
10008688:	469b      	mov	fp, r3
1000868a:	7873      	ldrb	r3, [r6, #1]
1000868c:	2268      	movs	r2, #104	; 0x68
1000868e:	5ce9      	ldrb	r1, [r5, r3]
10008690:	3601      	adds	r6, #1
10008692:	0008      	movs	r0, r1
10008694:	4390      	bics	r0, r2
10008696:	d1d6      	bne.n	10008646 <minmea_scan+0x45e>
10008698:	9b00      	ldr	r3, [sp, #0]
1000869a:	2b00      	cmp	r3, #0
1000869c:	d14e      	bne.n	1000873c <minmea_scan+0x554>
1000869e:	465b      	mov	r3, fp
100086a0:	2b00      	cmp	r3, #0
100086a2:	d146      	bne.n	10008732 <minmea_scan+0x54a>
100086a4:	4643      	mov	r3, r8
100086a6:	3301      	adds	r3, #1
100086a8:	d100      	bne.n	100086ac <minmea_scan+0x4c4>
100086aa:	e0b3      	b.n	10008814 <minmea_scan+0x62c>
100086ac:	2301      	movs	r3, #1
100086ae:	469b      	mov	fp, r3
100086b0:	e00a      	b.n	100086c8 <minmea_scan+0x4e0>
100086b2:	2000      	movs	r0, #0
100086b4:	4d55      	ldr	r5, [pc, #340]	; (1000880c <minmea_scan+0x624>)
100086b6:	9b04      	ldr	r3, [sp, #16]
100086b8:	1d1a      	adds	r2, r3, #4
100086ba:	681b      	ldr	r3, [r3, #0]
100086bc:	9204      	str	r2, [sp, #16]
100086be:	6018      	str	r0, [r3, #0]
100086c0:	e625      	b.n	1000830e <minmea_scan+0x126>
100086c2:	2300      	movs	r3, #0
100086c4:	469b      	mov	fp, r3
100086c6:	4698      	mov	r8, r3
100086c8:	9b04      	ldr	r3, [sp, #16]
100086ca:	1d1a      	adds	r2, r3, #4
100086cc:	9204      	str	r2, [sp, #16]
100086ce:	4642      	mov	r2, r8
100086d0:	681b      	ldr	r3, [r3, #0]
100086d2:	601a      	str	r2, [r3, #0]
100086d4:	465a      	mov	r2, fp
100086d6:	605a      	str	r2, [r3, #4]
100086d8:	e619      	b.n	1000830e <minmea_scan+0x126>
100086da:	4d4c      	ldr	r5, [pc, #304]	; (1000880c <minmea_scan+0x624>)
100086dc:	e617      	b.n	1000830e <minmea_scan+0x126>
100086de:	2300      	movs	r3, #0
100086e0:	e77b      	b.n	100085da <minmea_scan+0x3f2>
100086e2:	2001      	movs	r0, #1
100086e4:	9b04      	ldr	r3, [sp, #16]
100086e6:	4240      	negs	r0, r0
100086e8:	1d1a      	adds	r2, r3, #4
100086ea:	681b      	ldr	r3, [r3, #0]
100086ec:	4683      	mov	fp, r0
100086ee:	4698      	mov	r8, r3
100086f0:	0006      	movs	r6, r0
100086f2:	4d46      	ldr	r5, [pc, #280]	; (1000880c <minmea_scan+0x624>)
100086f4:	9204      	str	r2, [sp, #16]
100086f6:	e747      	b.n	10008588 <minmea_scan+0x3a0>
100086f8:	2300      	movs	r3, #0
100086fa:	4d44      	ldr	r5, [pc, #272]	; (1000880c <minmea_scan+0x624>)
100086fc:	e76d      	b.n	100085da <minmea_scan+0x3f2>
100086fe:	2200      	movs	r2, #0
10008700:	4d42      	ldr	r5, [pc, #264]	; (1000880c <minmea_scan+0x624>)
10008702:	e748      	b.n	10008596 <minmea_scan+0x3ae>
10008704:	2300      	movs	r3, #0
10008706:	4d41      	ldr	r5, [pc, #260]	; (1000880c <minmea_scan+0x624>)
10008708:	469b      	mov	fp, r3
1000870a:	4698      	mov	r8, r3
1000870c:	e7dc      	b.n	100086c8 <minmea_scan+0x4e0>
1000870e:	9b04      	ldr	r3, [sp, #16]
10008710:	4d3e      	ldr	r5, [pc, #248]	; (1000880c <minmea_scan+0x624>)
10008712:	1d1a      	adds	r2, r3, #4
10008714:	681b      	ldr	r3, [r3, #0]
10008716:	9204      	str	r2, [sp, #16]
10008718:	4698      	mov	r8, r3
1000871a:	2301      	movs	r3, #1
1000871c:	425b      	negs	r3, r3
1000871e:	0018      	movs	r0, r3
10008720:	469b      	mov	fp, r3
10008722:	9300      	str	r3, [sp, #0]
10008724:	e742      	b.n	100085ac <minmea_scan+0x3c4>
10008726:	9b04      	ldr	r3, [sp, #16]
10008728:	4d38      	ldr	r5, [pc, #224]	; (1000880c <minmea_scan+0x624>)
1000872a:	1d1a      	adds	r2, r3, #4
1000872c:	9204      	str	r2, [sp, #16]
1000872e:	681b      	ldr	r3, [r3, #0]
10008730:	e779      	b.n	10008626 <minmea_scan+0x43e>
10008732:	4643      	mov	r3, r8
10008734:	3301      	adds	r3, #1
10008736:	d1c7      	bne.n	100086c8 <minmea_scan+0x4e0>
10008738:	2000      	movs	r0, #0
1000873a:	e562      	b.n	10008202 <minmea_scan+0x1a>
1000873c:	4643      	mov	r3, r8
1000873e:	3301      	adds	r3, #1
10008740:	d100      	bne.n	10008744 <minmea_scan+0x55c>
10008742:	e5a3      	b.n	1000828c <minmea_scan+0xa4>
10008744:	465b      	mov	r3, fp
10008746:	2b00      	cmp	r3, #0
10008748:	d101      	bne.n	1000874e <minmea_scan+0x566>
1000874a:	2301      	movs	r3, #1
1000874c:	469b      	mov	fp, r3
1000874e:	4642      	mov	r2, r8
10008750:	9b00      	ldr	r3, [sp, #0]
10008752:	4353      	muls	r3, r2
10008754:	4698      	mov	r8, r3
10008756:	e7b7      	b.n	100086c8 <minmea_scan+0x4e0>
10008758:	2a57      	cmp	r2, #87	; 0x57
1000875a:	d000      	beq.n	1000875e <minmea_scan+0x576>
1000875c:	e596      	b.n	1000828c <minmea_scan+0xa4>
1000875e:	3a58      	subs	r2, #88	; 0x58
10008760:	e719      	b.n	10008596 <minmea_scan+0x3ae>
10008762:	0749      	lsls	r1, r1, #29
10008764:	d400      	bmi.n	10008768 <minmea_scan+0x580>
10008766:	e591      	b.n	1000828c <minmea_scan+0xa4>
10008768:	3b30      	subs	r3, #48	; 0x30
1000876a:	9301      	str	r3, [sp, #4]
1000876c:	4643      	mov	r3, r8
1000876e:	3301      	adds	r3, #1
10008770:	d038      	beq.n	100087e4 <minmea_scan+0x5fc>
10008772:	4827      	ldr	r0, [pc, #156]	; (10008810 <minmea_scan+0x628>)
10008774:	9b01      	ldr	r3, [sp, #4]
10008776:	210a      	movs	r1, #10
10008778:	1ac0      	subs	r0, r0, r3
1000877a:	f7fb fa87 	bl	10003c8c <__wrap___aeabi_idiv>
1000877e:	4540      	cmp	r0, r8
10008780:	db4b      	blt.n	1000881a <minmea_scan+0x632>
10008782:	4641      	mov	r1, r8
10008784:	9a01      	ldr	r2, [sp, #4]
10008786:	008b      	lsls	r3, r1, #2
10008788:	4443      	add	r3, r8
1000878a:	4690      	mov	r8, r2
1000878c:	005b      	lsls	r3, r3, #1
1000878e:	4498      	add	r8, r3
10008790:	465b      	mov	r3, fp
10008792:	009b      	lsls	r3, r3, #2
10008794:	445b      	add	r3, fp
10008796:	005b      	lsls	r3, r3, #1
10008798:	469b      	mov	fp, r3
1000879a:	e776      	b.n	1000868a <minmea_scan+0x4a2>
1000879c:	9a00      	ldr	r2, [sp, #0]
1000879e:	2a00      	cmp	r2, #0
100087a0:	d1df      	bne.n	10008762 <minmea_scan+0x57a>
100087a2:	4643      	mov	r3, r8
100087a4:	3301      	adds	r3, #1
100087a6:	d020      	beq.n	100087ea <minmea_scan+0x602>
100087a8:	0749      	lsls	r1, r1, #29
100087aa:	d400      	bmi.n	100087ae <minmea_scan+0x5c6>
100087ac:	e56e      	b.n	1000828c <minmea_scan+0xa4>
100087ae:	2305      	movs	r3, #5
100087b0:	425b      	negs	r3, r3
100087b2:	9301      	str	r3, [sp, #4]
100087b4:	e7dd      	b.n	10008772 <minmea_scan+0x58a>
100087b6:	9a00      	ldr	r2, [sp, #0]
100087b8:	2a00      	cmp	r2, #0
100087ba:	d1d2      	bne.n	10008762 <minmea_scan+0x57a>
100087bc:	4643      	mov	r3, r8
100087be:	3301      	adds	r3, #1
100087c0:	d021      	beq.n	10008806 <minmea_scan+0x61e>
100087c2:	0749      	lsls	r1, r1, #29
100087c4:	d400      	bmi.n	100087c8 <minmea_scan+0x5e0>
100087c6:	e561      	b.n	1000828c <minmea_scan+0xa4>
100087c8:	2303      	movs	r3, #3
100087ca:	425b      	negs	r3, r3
100087cc:	9301      	str	r3, [sp, #4]
100087ce:	e7d0      	b.n	10008772 <minmea_scan+0x58a>
100087d0:	2201      	movs	r2, #1
100087d2:	4252      	negs	r2, r2
100087d4:	e6df      	b.n	10008596 <minmea_scan+0x3ae>
100087d6:	465b      	mov	r3, fp
100087d8:	2b00      	cmp	r3, #0
100087da:	d000      	beq.n	100087de <minmea_scan+0x5f6>
100087dc:	e556      	b.n	1000828c <minmea_scan+0xa4>
100087de:	2301      	movs	r3, #1
100087e0:	469b      	mov	fp, r3
100087e2:	e752      	b.n	1000868a <minmea_scan+0x4a2>
100087e4:	9b01      	ldr	r3, [sp, #4]
100087e6:	4698      	mov	r8, r3
100087e8:	e7d2      	b.n	10008790 <minmea_scan+0x5a8>
100087ea:	2301      	movs	r3, #1
100087ec:	9300      	str	r3, [sp, #0]
100087ee:	7873      	ldrb	r3, [r6, #1]
100087f0:	2268      	movs	r2, #104	; 0x68
100087f2:	5ce9      	ldrb	r1, [r5, r3]
100087f4:	3601      	adds	r6, #1
100087f6:	0008      	movs	r0, r1
100087f8:	4390      	bics	r0, r2
100087fa:	d100      	bne.n	100087fe <minmea_scan+0x616>
100087fc:	e546      	b.n	1000828c <minmea_scan+0xa4>
100087fe:	2201      	movs	r2, #1
10008800:	4252      	negs	r2, r2
10008802:	4690      	mov	r8, r2
10008804:	e71f      	b.n	10008646 <minmea_scan+0x45e>
10008806:	4643      	mov	r3, r8
10008808:	9300      	str	r3, [sp, #0]
1000880a:	e7f0      	b.n	100087ee <minmea_scan+0x606>
1000880c:	1000c991 	.word	0x1000c991
10008810:	7fffffff 	.word	0x7fffffff
10008814:	2300      	movs	r3, #0
10008816:	4698      	mov	r8, r3
10008818:	e756      	b.n	100086c8 <minmea_scan+0x4e0>
1000881a:	465b      	mov	r3, fp
1000881c:	2b00      	cmp	r3, #0
1000881e:	d100      	bne.n	10008822 <minmea_scan+0x63a>
10008820:	e534      	b.n	1000828c <minmea_scan+0xa4>
10008822:	9b00      	ldr	r3, [sp, #0]
10008824:	2b00      	cmp	r3, #0
10008826:	d100      	bne.n	1000882a <minmea_scan+0x642>
10008828:	e74e      	b.n	100086c8 <minmea_scan+0x4e0>
1000882a:	e790      	b.n	1000874e <minmea_scan+0x566>
1000882c:	4a0c      	ldr	r2, [pc, #48]	; (10008860 <minmea_scan+0x678>)
1000882e:	9b01      	ldr	r3, [sp, #4]
10008830:	4353      	muls	r3, r2
10008832:	e6bb      	b.n	100085ac <minmea_scan+0x3c4>
10008834:	2300      	movs	r3, #0
10008836:	4a0b      	ldr	r2, [pc, #44]	; (10008864 <minmea_scan+0x67c>)
10008838:	9301      	str	r3, [sp, #4]
1000883a:	4353      	muls	r3, r2
1000883c:	e6b6      	b.n	100085ac <minmea_scan+0x3c4>
1000883e:	220a      	movs	r2, #10
10008840:	4353      	muls	r3, r2
10008842:	e6b3      	b.n	100085ac <minmea_scan+0x3c4>
10008844:	2264      	movs	r2, #100	; 0x64
10008846:	9b01      	ldr	r3, [sp, #4]
10008848:	4353      	muls	r3, r2
1000884a:	e6af      	b.n	100085ac <minmea_scan+0x3c4>
1000884c:	22fa      	movs	r2, #250	; 0xfa
1000884e:	9b01      	ldr	r3, [sp, #4]
10008850:	0092      	lsls	r2, r2, #2
10008852:	4353      	muls	r3, r2
10008854:	e6aa      	b.n	100085ac <minmea_scan+0x3c4>
10008856:	4a04      	ldr	r2, [pc, #16]	; (10008868 <minmea_scan+0x680>)
10008858:	9b01      	ldr	r3, [sp, #4]
1000885a:	4353      	muls	r3, r2
1000885c:	e6a6      	b.n	100085ac <minmea_scan+0x3c4>
1000885e:	46c0      	nop			; (mov r8, r8)
10008860:	000186a0 	.word	0x000186a0
10008864:	000f4240 	.word	0x000f4240
10008868:	00002710 	.word	0x00002710

1000886c <minmea_sentence_id>:
1000886c:	b510      	push	{r4, lr}
1000886e:	b082      	sub	sp, #8
10008870:	0004      	movs	r4, r0
10008872:	f7ff fc63 	bl	1000813c <minmea_check>
10008876:	2800      	cmp	r0, #0
10008878:	d05a      	beq.n	10008930 <minmea_sentence_id+0xc4>
1000887a:	466a      	mov	r2, sp
1000887c:	0020      	movs	r0, r4
1000887e:	492e      	ldr	r1, [pc, #184]	; (10008938 <minmea_sentence_id+0xcc>)
10008880:	f7ff fcb2 	bl	100081e8 <minmea_scan>
10008884:	2800      	cmp	r0, #0
10008886:	d053      	beq.n	10008930 <minmea_sentence_id+0xc4>
10008888:	466b      	mov	r3, sp
1000888a:	492c      	ldr	r1, [pc, #176]	; (1000893c <minmea_sentence_id+0xd0>)
1000888c:	1c98      	adds	r0, r3, #2
1000888e:	f002 ff13 	bl	1000b6b8 <strcmp>
10008892:	2800      	cmp	r0, #0
10008894:	d03b      	beq.n	1000890e <minmea_sentence_id+0xa2>
10008896:	466b      	mov	r3, sp
10008898:	4929      	ldr	r1, [pc, #164]	; (10008940 <minmea_sentence_id+0xd4>)
1000889a:	1c98      	adds	r0, r3, #2
1000889c:	f002 ff0c 	bl	1000b6b8 <strcmp>
100088a0:	2800      	cmp	r0, #0
100088a2:	d03b      	beq.n	1000891c <minmea_sentence_id+0xb0>
100088a4:	466b      	mov	r3, sp
100088a6:	4927      	ldr	r1, [pc, #156]	; (10008944 <minmea_sentence_id+0xd8>)
100088a8:	1c98      	adds	r0, r3, #2
100088aa:	f002 ff05 	bl	1000b6b8 <strcmp>
100088ae:	2800      	cmp	r0, #0
100088b0:	d030      	beq.n	10008914 <minmea_sentence_id+0xa8>
100088b2:	466b      	mov	r3, sp
100088b4:	4924      	ldr	r1, [pc, #144]	; (10008948 <minmea_sentence_id+0xdc>)
100088b6:	1c98      	adds	r0, r3, #2
100088b8:	f002 fefe 	bl	1000b6b8 <strcmp>
100088bc:	2800      	cmp	r0, #0
100088be:	d02f      	beq.n	10008920 <minmea_sentence_id+0xb4>
100088c0:	466b      	mov	r3, sp
100088c2:	4922      	ldr	r1, [pc, #136]	; (1000894c <minmea_sentence_id+0xe0>)
100088c4:	1c98      	adds	r0, r3, #2
100088c6:	f002 fef7 	bl	1000b6b8 <strcmp>
100088ca:	2800      	cmp	r0, #0
100088cc:	d02a      	beq.n	10008924 <minmea_sentence_id+0xb8>
100088ce:	466b      	mov	r3, sp
100088d0:	491f      	ldr	r1, [pc, #124]	; (10008950 <minmea_sentence_id+0xe4>)
100088d2:	1c98      	adds	r0, r3, #2
100088d4:	f002 fef0 	bl	1000b6b8 <strcmp>
100088d8:	2800      	cmp	r0, #0
100088da:	d01d      	beq.n	10008918 <minmea_sentence_id+0xac>
100088dc:	466b      	mov	r3, sp
100088de:	491d      	ldr	r1, [pc, #116]	; (10008954 <minmea_sentence_id+0xe8>)
100088e0:	1c98      	adds	r0, r3, #2
100088e2:	f002 fee9 	bl	1000b6b8 <strcmp>
100088e6:	2800      	cmp	r0, #0
100088e8:	d01e      	beq.n	10008928 <minmea_sentence_id+0xbc>
100088ea:	466b      	mov	r3, sp
100088ec:	491a      	ldr	r1, [pc, #104]	; (10008958 <minmea_sentence_id+0xec>)
100088ee:	1c98      	adds	r0, r3, #2
100088f0:	f002 fee2 	bl	1000b6b8 <strcmp>
100088f4:	2800      	cmp	r0, #0
100088f6:	d019      	beq.n	1000892c <minmea_sentence_id+0xc0>
100088f8:	466b      	mov	r3, sp
100088fa:	4918      	ldr	r1, [pc, #96]	; (1000895c <minmea_sentence_id+0xf0>)
100088fc:	1c98      	adds	r0, r3, #2
100088fe:	f002 fedb 	bl	1000b6b8 <strcmp>
10008902:	4243      	negs	r3, r0
10008904:	4158      	adcs	r0, r3
10008906:	4243      	negs	r3, r0
10008908:	2009      	movs	r0, #9
1000890a:	4018      	ands	r0, r3
1000890c:	e000      	b.n	10008910 <minmea_sentence_id+0xa4>
1000890e:	2001      	movs	r0, #1
10008910:	b002      	add	sp, #8
10008912:	bd10      	pop	{r4, pc}
10008914:	2003      	movs	r0, #3
10008916:	e7fb      	b.n	10008910 <minmea_sentence_id+0xa4>
10008918:	2006      	movs	r0, #6
1000891a:	e7f9      	b.n	10008910 <minmea_sentence_id+0xa4>
1000891c:	2002      	movs	r0, #2
1000891e:	e7f7      	b.n	10008910 <minmea_sentence_id+0xa4>
10008920:	2004      	movs	r0, #4
10008922:	e7f5      	b.n	10008910 <minmea_sentence_id+0xa4>
10008924:	2005      	movs	r0, #5
10008926:	e7f3      	b.n	10008910 <minmea_sentence_id+0xa4>
10008928:	2007      	movs	r0, #7
1000892a:	e7f1      	b.n	10008910 <minmea_sentence_id+0xa4>
1000892c:	2008      	movs	r0, #8
1000892e:	e7ef      	b.n	10008910 <minmea_sentence_id+0xa4>
10008930:	2001      	movs	r0, #1
10008932:	4240      	negs	r0, r0
10008934:	e7ec      	b.n	10008910 <minmea_sentence_id+0xa4>
10008936:	46c0      	nop			; (mov r8, r8)
10008938:	1000c0a4 	.word	0x1000c0a4
1000893c:	1000c438 	.word	0x1000c438
10008940:	1000c43c 	.word	0x1000c43c
10008944:	1000c440 	.word	0x1000c440
10008948:	1000c444 	.word	0x1000c444
1000894c:	1000c448 	.word	0x1000c448
10008950:	1000c44c 	.word	0x1000c44c
10008954:	1000c450 	.word	0x1000c450
10008958:	1000c454 	.word	0x1000c454
1000895c:	1000c458 	.word	0x1000c458

10008960 <minmea_parse_rmc>:
10008960:	b530      	push	{r4, r5, lr}
10008962:	0004      	movs	r4, r0
10008964:	b091      	sub	sp, #68	; 0x44
10008966:	ab0d      	add	r3, sp, #52	; 0x34
10008968:	9309      	str	r3, [sp, #36]	; 0x24
1000896a:	0023      	movs	r3, r4
1000896c:	3340      	adds	r3, #64	; 0x40
1000896e:	9308      	str	r3, [sp, #32]
10008970:	3b0c      	subs	r3, #12
10008972:	9307      	str	r3, [sp, #28]
10008974:	3b08      	subs	r3, #8
10008976:	9306      	str	r3, [sp, #24]
10008978:	3b08      	subs	r3, #8
1000897a:	9305      	str	r3, [sp, #20]
1000897c:	ab0c      	add	r3, sp, #48	; 0x30
1000897e:	9304      	str	r3, [sp, #16]
10008980:	0023      	movs	r3, r4
10008982:	331c      	adds	r3, #28
10008984:	9303      	str	r3, [sp, #12]
10008986:	ab0b      	add	r3, sp, #44	; 0x2c
10008988:	9302      	str	r3, [sp, #8]
1000898a:	0023      	movs	r3, r4
1000898c:	3314      	adds	r3, #20
1000898e:	9301      	str	r3, [sp, #4]
10008990:	232b      	movs	r3, #43	; 0x2b
10008992:	446b      	add	r3, sp
10008994:	0008      	movs	r0, r1
10008996:	9300      	str	r3, [sp, #0]
10008998:	4913      	ldr	r1, [pc, #76]	; (100089e8 <minmea_parse_rmc+0x88>)
1000899a:	0023      	movs	r3, r4
1000899c:	aa0e      	add	r2, sp, #56	; 0x38
1000899e:	f7ff fc23 	bl	100081e8 <minmea_scan>
100089a2:	1e05      	subs	r5, r0, #0
100089a4:	d01a      	beq.n	100089dc <minmea_parse_rmc+0x7c>
100089a6:	203a      	movs	r0, #58	; 0x3a
100089a8:	4910      	ldr	r1, [pc, #64]	; (100089ec <minmea_parse_rmc+0x8c>)
100089aa:	4468      	add	r0, sp
100089ac:	f002 fe84 	bl	1000b6b8 <strcmp>
100089b0:	2800      	cmp	r0, #0
100089b2:	d116      	bne.n	100089e2 <minmea_parse_rmc+0x82>
100089b4:	222b      	movs	r2, #43	; 0x2b
100089b6:	466b      	mov	r3, sp
100089b8:	189b      	adds	r3, r3, r2
100089ba:	781b      	ldrb	r3, [r3, #0]
100089bc:	3b41      	subs	r3, #65	; 0x41
100089be:	425a      	negs	r2, r3
100089c0:	4153      	adcs	r3, r2
100089c2:	6962      	ldr	r2, [r4, #20]
100089c4:	7423      	strb	r3, [r4, #16]
100089c6:	9b0b      	ldr	r3, [sp, #44]	; 0x2c
100089c8:	4353      	muls	r3, r2
100089ca:	69e2      	ldr	r2, [r4, #28]
100089cc:	6163      	str	r3, [r4, #20]
100089ce:	9b0c      	ldr	r3, [sp, #48]	; 0x30
100089d0:	4353      	muls	r3, r2
100089d2:	6c22      	ldr	r2, [r4, #64]	; 0x40
100089d4:	61e3      	str	r3, [r4, #28]
100089d6:	9b0d      	ldr	r3, [sp, #52]	; 0x34
100089d8:	4353      	muls	r3, r2
100089da:	6423      	str	r3, [r4, #64]	; 0x40
100089dc:	0028      	movs	r0, r5
100089de:	b011      	add	sp, #68	; 0x44
100089e0:	bd30      	pop	{r4, r5, pc}
100089e2:	2500      	movs	r5, #0
100089e4:	e7fa      	b.n	100089dc <minmea_parse_rmc+0x7c>
100089e6:	46c0      	nop			; (mov r8, r8)
100089e8:	1000c45c 	.word	0x1000c45c
100089ec:	1000c450 	.word	0x1000c450

100089f0 <minmea_parse_gga>:
100089f0:	b530      	push	{r4, r5, lr}
100089f2:	0004      	movs	r4, r0
100089f4:	0023      	movs	r3, r4
100089f6:	b091      	sub	sp, #68	; 0x44
100089f8:	3348      	adds	r3, #72	; 0x48
100089fa:	930b      	str	r3, [sp, #44]	; 0x2c
100089fc:	3b04      	subs	r3, #4
100089fe:	930a      	str	r3, [sp, #40]	; 0x28
10008a00:	3b08      	subs	r3, #8
10008a02:	9309      	str	r3, [sp, #36]	; 0x24
10008a04:	3b04      	subs	r3, #4
10008a06:	9308      	str	r3, [sp, #32]
10008a08:	3b08      	subs	r3, #8
10008a0a:	9307      	str	r3, [sp, #28]
10008a0c:	3b08      	subs	r3, #8
10008a0e:	9306      	str	r3, [sp, #24]
10008a10:	3b04      	subs	r3, #4
10008a12:	9305      	str	r3, [sp, #20]
10008a14:	3b04      	subs	r3, #4
10008a16:	9304      	str	r3, [sp, #16]
10008a18:	ab0d      	add	r3, sp, #52	; 0x34
10008a1a:	9303      	str	r3, [sp, #12]
10008a1c:	0023      	movs	r3, r4
10008a1e:	3318      	adds	r3, #24
10008a20:	9302      	str	r3, [sp, #8]
10008a22:	ab0c      	add	r3, sp, #48	; 0x30
10008a24:	9301      	str	r3, [sp, #4]
10008a26:	0023      	movs	r3, r4
10008a28:	3310      	adds	r3, #16
10008a2a:	0008      	movs	r0, r1
10008a2c:	9300      	str	r3, [sp, #0]
10008a2e:	490d      	ldr	r1, [pc, #52]	; (10008a64 <minmea_parse_gga+0x74>)
10008a30:	0023      	movs	r3, r4
10008a32:	aa0e      	add	r2, sp, #56	; 0x38
10008a34:	f7ff fbd8 	bl	100081e8 <minmea_scan>
10008a38:	1e05      	subs	r5, r0, #0
10008a3a:	d00e      	beq.n	10008a5a <minmea_parse_gga+0x6a>
10008a3c:	203a      	movs	r0, #58	; 0x3a
10008a3e:	490a      	ldr	r1, [pc, #40]	; (10008a68 <minmea_parse_gga+0x78>)
10008a40:	4468      	add	r0, sp
10008a42:	f002 fe39 	bl	1000b6b8 <strcmp>
10008a46:	2800      	cmp	r0, #0
10008a48:	d10a      	bne.n	10008a60 <minmea_parse_gga+0x70>
10008a4a:	6922      	ldr	r2, [r4, #16]
10008a4c:	9b0c      	ldr	r3, [sp, #48]	; 0x30
10008a4e:	4353      	muls	r3, r2
10008a50:	69a2      	ldr	r2, [r4, #24]
10008a52:	6123      	str	r3, [r4, #16]
10008a54:	9b0d      	ldr	r3, [sp, #52]	; 0x34
10008a56:	4353      	muls	r3, r2
10008a58:	61a3      	str	r3, [r4, #24]
10008a5a:	0028      	movs	r0, r5
10008a5c:	b011      	add	sp, #68	; 0x44
10008a5e:	bd30      	pop	{r4, r5, pc}
10008a60:	2500      	movs	r5, #0
10008a62:	e7fa      	b.n	10008a5a <minmea_parse_gga+0x6a>
10008a64:	1000c46c 	.word	0x1000c46c
10008a68:	1000c43c 	.word	0x1000c43c

10008a6c <RTC_init>:
10008a6c:	4770      	bx	lr
10008a6e:	46c0      	nop			; (mov r8, r8)

10008a70 <RTC_get_time>:
10008a70:	b5f0      	push	{r4, r5, r6, r7, lr}
10008a72:	b083      	sub	sp, #12
10008a74:	ac01      	add	r4, sp, #4
10008a76:	0007      	movs	r7, r0
10008a78:	000e      	movs	r6, r1
10008a7a:	0015      	movs	r5, r2
10008a7c:	0023      	movs	r3, r4
10008a7e:	2203      	movs	r2, #3
10008a80:	2100      	movs	r1, #0
10008a82:	2068      	movs	r0, #104	; 0x68
10008a84:	f7ff fae8 	bl	10008058 <EXT_I2C_read_multi>
10008a88:	78a2      	ldrb	r2, [r4, #2]
10008a8a:	0653      	lsls	r3, r2, #25
10008a8c:	d523      	bpl.n	10008ad6 <RTC_get_time+0x66>
10008a8e:	2101      	movs	r1, #1
10008a90:	200c      	movs	r0, #12
10008a92:	7963      	ldrb	r3, [r4, #5]
10008a94:	115b      	asrs	r3, r3, #5
10008a96:	400b      	ands	r3, r1
10008a98:	4343      	muls	r3, r0
10008a9a:	1110      	asrs	r0, r2, #4
10008a9c:	4001      	ands	r1, r0
10008a9e:	0088      	lsls	r0, r1, #2
10008aa0:	1809      	adds	r1, r1, r0
10008aa2:	0049      	lsls	r1, r1, #1
10008aa4:	185b      	adds	r3, r3, r1
10008aa6:	210f      	movs	r1, #15
10008aa8:	400a      	ands	r2, r1
10008aaa:	189b      	adds	r3, r3, r2
10008aac:	b2db      	uxtb	r3, r3
10008aae:	703b      	strb	r3, [r7, #0]
10008ab0:	7861      	ldrb	r1, [r4, #1]
10008ab2:	090b      	lsrs	r3, r1, #4
10008ab4:	009a      	lsls	r2, r3, #2
10008ab6:	189b      	adds	r3, r3, r2
10008ab8:	220f      	movs	r2, #15
10008aba:	005b      	lsls	r3, r3, #1
10008abc:	4011      	ands	r1, r2
10008abe:	185b      	adds	r3, r3, r1
10008ac0:	7821      	ldrb	r1, [r4, #0]
10008ac2:	7033      	strb	r3, [r6, #0]
10008ac4:	090b      	lsrs	r3, r1, #4
10008ac6:	0098      	lsls	r0, r3, #2
10008ac8:	181b      	adds	r3, r3, r0
10008aca:	400a      	ands	r2, r1
10008acc:	005b      	lsls	r3, r3, #1
10008ace:	189b      	adds	r3, r3, r2
10008ad0:	702b      	strb	r3, [r5, #0]
10008ad2:	b003      	add	sp, #12
10008ad4:	bdf0      	pop	{r4, r5, r6, r7, pc}
10008ad6:	0693      	lsls	r3, r2, #26
10008ad8:	0f9b      	lsrs	r3, r3, #30
10008ada:	0099      	lsls	r1, r3, #2
10008adc:	185b      	adds	r3, r3, r1
10008ade:	210f      	movs	r1, #15
10008ae0:	005b      	lsls	r3, r3, #1
10008ae2:	400a      	ands	r2, r1
10008ae4:	189b      	adds	r3, r3, r2
10008ae6:	b2db      	uxtb	r3, r3
10008ae8:	e7e1      	b.n	10008aae <RTC_get_time+0x3e>
10008aea:	46c0      	nop			; (mov r8, r8)

10008aec <SCREENS_debug>:
10008aec:	b510      	push	{r4, lr}
10008aee:	22e9      	movs	r2, #233	; 0xe9
10008af0:	2100      	movs	r1, #0
10008af2:	20c8      	movs	r0, #200	; 0xc8
10008af4:	f7ff fa5a 	bl	10007fac <COLORS_get_565_from_888>
10008af8:	f001 fef0 	bl	1000a8dc <Paint_Clear>
10008afc:	bd10      	pop	{r4, pc}
10008afe:	46c0      	nop			; (mov r8, r8)

10008b00 <SCREENS_draw_watch>:
10008b00:	b5f0      	push	{r4, r5, r6, r7, lr}
10008b02:	46de      	mov	lr, fp
10008b04:	4657      	mov	r7, sl
10008b06:	464e      	mov	r6, r9
10008b08:	4645      	mov	r5, r8
10008b0a:	b5e0      	push	{r5, r6, r7, lr}
10008b0c:	b091      	sub	sp, #68	; 0x44
10008b0e:	ab0a      	add	r3, sp, #40	; 0x28
10008b10:	469c      	mov	ip, r3
10008b12:	2312      	movs	r3, #18
10008b14:	4463      	add	r3, ip
10008b16:	0019      	movs	r1, r3
10008b18:	2613      	movs	r6, #19
10008b1a:	2311      	movs	r3, #17
10008b1c:	4466      	add	r6, ip
10008b1e:	4463      	add	r3, ip
10008b20:	0032      	movs	r2, r6
10008b22:	0018      	movs	r0, r3
10008b24:	f7ff ffa4 	bl	10008a70 <RTC_get_time>
10008b28:	4ba6      	ldr	r3, [pc, #664]	; (10008dc4 <SCREENS_draw_watch+0x2c4>)
10008b2a:	2200      	movs	r2, #0
10008b2c:	2100      	movs	r1, #0
10008b2e:	2000      	movs	r0, #0
10008b30:	881c      	ldrh	r4, [r3, #0]
10008b32:	885d      	ldrh	r5, [r3, #2]
10008b34:	f7ff fa3a 	bl	10007fac <COLORS_get_565_from_888>
10008b38:	f001 fed0 	bl	1000a8dc <Paint_Clear>
10008b3c:	23ff      	movs	r3, #255	; 0xff
10008b3e:	001a      	movs	r2, r3
10008b40:	086d      	lsrs	r5, r5, #1
10008b42:	402b      	ands	r3, r5
10008b44:	0864      	lsrs	r4, r4, #1
10008b46:	469a      	mov	sl, r3
10008b48:	4022      	ands	r2, r4
10008b4a:	2300      	movs	r3, #0
10008b4c:	4691      	mov	r9, r2
10008b4e:	469b      	mov	fp, r3
10008b50:	9301      	str	r3, [sp, #4]
10008b52:	3a05      	subs	r2, #5
10008b54:	3302      	adds	r3, #2
10008b56:	b292      	uxth	r2, r2
10008b58:	4698      	mov	r8, r3
10008b5a:	4651      	mov	r1, sl
10008b5c:	4648      	mov	r0, r9
10008b5e:	9300      	str	r3, [sp, #0]
10008b60:	4b99      	ldr	r3, [pc, #612]	; (10008dc8 <SCREENS_draw_watch+0x2c8>)
10008b62:	f001 ff39 	bl	1000a9d8 <Paint_DrawCircle>
10008b66:	7830      	ldrb	r0, [r6, #0]
10008b68:	f7fb ff48 	bl	100049fc <__wrap___aeabi_ui2f>
10008b6c:	4997      	ldr	r1, [pc, #604]	; (10008dcc <SCREENS_draw_watch+0x2cc>)
10008b6e:	f7fb ff2a 	bl	100049c6 <__wrap___aeabi_fdiv>
10008b72:	1c01      	adds	r1, r0, #0
10008b74:	f7fb ff24 	bl	100049c0 <__wrap___aeabi_fadd>
10008b78:	f7fb ff74 	bl	10004a64 <__wrap___aeabi_f2d>
10008b7c:	4a94      	ldr	r2, [pc, #592]	; (10008dd0 <SCREENS_draw_watch+0x2d0>)
10008b7e:	4b95      	ldr	r3, [pc, #596]	; (10008dd4 <SCREENS_draw_watch+0x2d4>)
10008b80:	f7fb fb17 	bl	100041b2 <__wrap___aeabi_dmul>
10008b84:	f7fb fbc6 	bl	10004314 <__wrap___aeabi_d2f>
10008b88:	b2e4      	uxtb	r4, r4
10008b8a:	1c07      	adds	r7, r0, #0
10008b8c:	f7fb ff86 	bl	10004a9c <__wrap_sinf>
10008b90:	0023      	movs	r3, r4
10008b92:	3b09      	subs	r3, #9
10008b94:	9004      	str	r0, [sp, #16]
10008b96:	0018      	movs	r0, r3
10008b98:	f7fb ff36 	bl	10004a08 <__wrap___aeabi_i2f>
10008b9c:	1c06      	adds	r6, r0, #0
10008b9e:	1c38      	adds	r0, r7, #0
10008ba0:	f7fb ff6a 	bl	10004a78 <__wrap_cosf>
10008ba4:	2200      	movs	r2, #0
10008ba6:	2100      	movs	r1, #0
10008ba8:	9006      	str	r0, [sp, #24]
10008baa:	20ff      	movs	r0, #255	; 0xff
10008bac:	f7ff f9fe 	bl	10007fac <COLORS_get_565_from_888>
10008bb0:	b2ed      	uxtb	r5, r5
10008bb2:	9008      	str	r0, [sp, #32]
10008bb4:	0028      	movs	r0, r5
10008bb6:	f7fb ff27 	bl	10004a08 <__wrap___aeabi_i2f>
10008bba:	9906      	ldr	r1, [sp, #24]
10008bbc:	1c07      	adds	r7, r0, #0
10008bbe:	1c30      	adds	r0, r6, #0
10008bc0:	f7fb ff15 	bl	100049ee <__wrap___aeabi_fmul>
10008bc4:	1c01      	adds	r1, r0, #0
10008bc6:	1c38      	adds	r0, r7, #0
10008bc8:	f7fb fef7 	bl	100049ba <__wrap___aeabi_fsub>
10008bcc:	f7fb ff3e 	bl	10004a4c <__wrap___aeabi_f2uiz>
10008bd0:	b2c7      	uxtb	r7, r0
10008bd2:	0020      	movs	r0, r4
10008bd4:	f7fb ff18 	bl	10004a08 <__wrap___aeabi_i2f>
10008bd8:	1c31      	adds	r1, r6, #0
10008bda:	9006      	str	r0, [sp, #24]
10008bdc:	9804      	ldr	r0, [sp, #16]
10008bde:	f7fb ff06 	bl	100049ee <__wrap___aeabi_fmul>
10008be2:	1c01      	adds	r1, r0, #0
10008be4:	9806      	ldr	r0, [sp, #24]
10008be6:	f7fb feeb 	bl	100049c0 <__wrap___aeabi_fadd>
10008bea:	f7fb ff2f 	bl	10004a4c <__wrap___aeabi_f2uiz>
10008bee:	465b      	mov	r3, fp
10008bf0:	9302      	str	r3, [sp, #8]
10008bf2:	4643      	mov	r3, r8
10008bf4:	9301      	str	r3, [sp, #4]
10008bf6:	9b08      	ldr	r3, [sp, #32]
10008bf8:	b2c2      	uxtb	r2, r0
10008bfa:	4651      	mov	r1, sl
10008bfc:	4648      	mov	r0, r9
10008bfe:	9300      	str	r3, [sp, #0]
10008c00:	003b      	movs	r3, r7
10008c02:	f001 fecb 	bl	1000a99c <Paint_DrawLine>
10008c06:	0020      	movs	r0, r4
10008c08:	f7fb fb3c 	bl	10004284 <__wrap___aeabi_i2d>
10008c0c:	ab0a      	add	r3, sp, #40	; 0x28
10008c0e:	0006      	movs	r6, r0
10008c10:	7c98      	ldrb	r0, [r3, #18]
10008c12:	000f      	movs	r7, r1
10008c14:	f7fb fef2 	bl	100049fc <__wrap___aeabi_ui2f>
10008c18:	496c      	ldr	r1, [pc, #432]	; (10008dcc <SCREENS_draw_watch+0x2cc>)
10008c1a:	f7fb fed4 	bl	100049c6 <__wrap___aeabi_fdiv>
10008c1e:	1c01      	adds	r1, r0, #0
10008c20:	f7fb fece 	bl	100049c0 <__wrap___aeabi_fadd>
10008c24:	f7fb ff1e 	bl	10004a64 <__wrap___aeabi_f2d>
10008c28:	4a69      	ldr	r2, [pc, #420]	; (10008dd0 <SCREENS_draw_watch+0x2d0>)
10008c2a:	4b6a      	ldr	r3, [pc, #424]	; (10008dd4 <SCREENS_draw_watch+0x2d4>)
10008c2c:	f7fb fac1 	bl	100041b2 <__wrap___aeabi_dmul>
10008c30:	f7fb fb70 	bl	10004314 <__wrap___aeabi_d2f>
10008c34:	1c04      	adds	r4, r0, #0
10008c36:	f7fb ff31 	bl	10004a9c <__wrap_sinf>
10008c3a:	0039      	movs	r1, r7
10008c3c:	4a66      	ldr	r2, [pc, #408]	; (10008dd8 <SCREENS_draw_watch+0x2d8>)
10008c3e:	4b67      	ldr	r3, [pc, #412]	; (10008ddc <SCREENS_draw_watch+0x2dc>)
10008c40:	9008      	str	r0, [sp, #32]
10008c42:	0030      	movs	r0, r6
10008c44:	9604      	str	r6, [sp, #16]
10008c46:	9705      	str	r7, [sp, #20]
10008c48:	f7fb fab3 	bl	100041b2 <__wrap___aeabi_dmul>
10008c4c:	4b64      	ldr	r3, [pc, #400]	; (10008de0 <SCREENS_draw_watch+0x2e0>)
10008c4e:	2200      	movs	r2, #0
10008c50:	f7fb fa7f 	bl	10004152 <__wrap___aeabi_dsub>
10008c54:	0006      	movs	r6, r0
10008c56:	0028      	movs	r0, r5
10008c58:	000f      	movs	r7, r1
10008c5a:	f7fb fb13 	bl	10004284 <__wrap___aeabi_i2d>
10008c5e:	9006      	str	r0, [sp, #24]
10008c60:	9107      	str	r1, [sp, #28]
10008c62:	1c20      	adds	r0, r4, #0
10008c64:	f7fb ff08 	bl	10004a78 <__wrap_cosf>
10008c68:	2200      	movs	r2, #0
10008c6a:	1c04      	adds	r4, r0, #0
10008c6c:	21ff      	movs	r1, #255	; 0xff
10008c6e:	20ff      	movs	r0, #255	; 0xff
10008c70:	f7ff f99c 	bl	10007fac <COLORS_get_565_from_888>
10008c74:	0005      	movs	r5, r0
10008c76:	1c20      	adds	r0, r4, #0
10008c78:	f7fb fef4 	bl	10004a64 <__wrap___aeabi_f2d>
10008c7c:	0032      	movs	r2, r6
10008c7e:	003b      	movs	r3, r7
10008c80:	f7fb fa97 	bl	100041b2 <__wrap___aeabi_dmul>
10008c84:	0002      	movs	r2, r0
10008c86:	000b      	movs	r3, r1
10008c88:	9806      	ldr	r0, [sp, #24]
10008c8a:	9907      	ldr	r1, [sp, #28]
10008c8c:	f7fb fa61 	bl	10004152 <__wrap___aeabi_dsub>
10008c90:	f7fb fb34 	bl	100042fc <__wrap___aeabi_d2uiz>
10008c94:	b2c4      	uxtb	r4, r0
10008c96:	9808      	ldr	r0, [sp, #32]
10008c98:	f7fb fee4 	bl	10004a64 <__wrap___aeabi_f2d>
10008c9c:	0032      	movs	r2, r6
10008c9e:	003b      	movs	r3, r7
10008ca0:	f7fb fa87 	bl	100041b2 <__wrap___aeabi_dmul>
10008ca4:	9e04      	ldr	r6, [sp, #16]
10008ca6:	9f05      	ldr	r7, [sp, #20]
10008ca8:	0032      	movs	r2, r6
10008caa:	003b      	movs	r3, r7
10008cac:	f7fb fa5a 	bl	10004164 <__wrap___aeabi_dadd>
10008cb0:	f7fb fb24 	bl	100042fc <__wrap___aeabi_d2uiz>
10008cb4:	465b      	mov	r3, fp
10008cb6:	9302      	str	r3, [sp, #8]
10008cb8:	4643      	mov	r3, r8
10008cba:	b2c2      	uxtb	r2, r0
10008cbc:	4651      	mov	r1, sl
10008cbe:	4648      	mov	r0, r9
10008cc0:	9301      	str	r3, [sp, #4]
10008cc2:	9500      	str	r5, [sp, #0]
10008cc4:	0023      	movs	r3, r4
10008cc6:	f001 fe69 	bl	1000a99c <Paint_DrawLine>
10008cca:	ab0a      	add	r3, sp, #40	; 0x28
10008ccc:	7c58      	ldrb	r0, [r3, #17]
10008cce:	f7fb fe95 	bl	100049fc <__wrap___aeabi_ui2f>
10008cd2:	4944      	ldr	r1, [pc, #272]	; (10008de4 <SCREENS_draw_watch+0x2e4>)
10008cd4:	f7fb fe77 	bl	100049c6 <__wrap___aeabi_fdiv>
10008cd8:	1c01      	adds	r1, r0, #0
10008cda:	f7fb fe71 	bl	100049c0 <__wrap___aeabi_fadd>
10008cde:	f7fb fec1 	bl	10004a64 <__wrap___aeabi_f2d>
10008ce2:	4a3b      	ldr	r2, [pc, #236]	; (10008dd0 <SCREENS_draw_watch+0x2d0>)
10008ce4:	4b3b      	ldr	r3, [pc, #236]	; (10008dd4 <SCREENS_draw_watch+0x2d4>)
10008ce6:	f7fb fa64 	bl	100041b2 <__wrap___aeabi_dmul>
10008cea:	f7fb fb13 	bl	10004314 <__wrap___aeabi_d2f>
10008cee:	1c04      	adds	r4, r0, #0
10008cf0:	f7fb fed4 	bl	10004a9c <__wrap_sinf>
10008cf4:	2200      	movs	r2, #0
10008cf6:	1c05      	adds	r5, r0, #0
10008cf8:	0039      	movs	r1, r7
10008cfa:	0030      	movs	r0, r6
10008cfc:	4b3a      	ldr	r3, [pc, #232]	; (10008de8 <SCREENS_draw_watch+0x2e8>)
10008cfe:	9604      	str	r6, [sp, #16]
10008d00:	9705      	str	r7, [sp, #20]
10008d02:	f7fb fa56 	bl	100041b2 <__wrap___aeabi_dmul>
10008d06:	4b36      	ldr	r3, [pc, #216]	; (10008de0 <SCREENS_draw_watch+0x2e0>)
10008d08:	2200      	movs	r2, #0
10008d0a:	f7fb fa22 	bl	10004152 <__wrap___aeabi_dsub>
10008d0e:	0006      	movs	r6, r0
10008d10:	1c20      	adds	r0, r4, #0
10008d12:	000f      	movs	r7, r1
10008d14:	f7fb feb0 	bl	10004a78 <__wrap_cosf>
10008d18:	2200      	movs	r2, #0
10008d1a:	1c04      	adds	r4, r0, #0
10008d1c:	21ff      	movs	r1, #255	; 0xff
10008d1e:	2000      	movs	r0, #0
10008d20:	f7ff f944 	bl	10007fac <COLORS_get_565_from_888>
10008d24:	9008      	str	r0, [sp, #32]
10008d26:	1c20      	adds	r0, r4, #0
10008d28:	f7fb fe9c 	bl	10004a64 <__wrap___aeabi_f2d>
10008d2c:	0032      	movs	r2, r6
10008d2e:	003b      	movs	r3, r7
10008d30:	f7fb fa3f 	bl	100041b2 <__wrap___aeabi_dmul>
10008d34:	0002      	movs	r2, r0
10008d36:	000b      	movs	r3, r1
10008d38:	9806      	ldr	r0, [sp, #24]
10008d3a:	9907      	ldr	r1, [sp, #28]
10008d3c:	f7fb fa09 	bl	10004152 <__wrap___aeabi_dsub>
10008d40:	f7fb fadc 	bl	100042fc <__wrap___aeabi_d2uiz>
10008d44:	b2c4      	uxtb	r4, r0
10008d46:	1c28      	adds	r0, r5, #0
10008d48:	f7fb fe8c 	bl	10004a64 <__wrap___aeabi_f2d>
10008d4c:	0032      	movs	r2, r6
10008d4e:	003b      	movs	r3, r7
10008d50:	f7fb fa2f 	bl	100041b2 <__wrap___aeabi_dmul>
10008d54:	9e04      	ldr	r6, [sp, #16]
10008d56:	9f05      	ldr	r7, [sp, #20]
10008d58:	0032      	movs	r2, r6
10008d5a:	003b      	movs	r3, r7
10008d5c:	f7fb fa02 	bl	10004164 <__wrap___aeabi_dadd>
10008d60:	f7fb facc 	bl	100042fc <__wrap___aeabi_d2uiz>
10008d64:	465b      	mov	r3, fp
10008d66:	9302      	str	r3, [sp, #8]
10008d68:	4643      	mov	r3, r8
10008d6a:	9301      	str	r3, [sp, #4]
10008d6c:	9b08      	ldr	r3, [sp, #32]
10008d6e:	b2c2      	uxtb	r2, r0
10008d70:	4651      	mov	r1, sl
10008d72:	4648      	mov	r0, r9
10008d74:	9300      	str	r3, [sp, #0]
10008d76:	0023      	movs	r3, r4
10008d78:	f001 fe10 	bl	1000a99c <Paint_DrawLine>
10008d7c:	0030      	movs	r0, r6
10008d7e:	4a1b      	ldr	r2, [pc, #108]	; (10008dec <SCREENS_draw_watch+0x2ec>)
10008d80:	4b1b      	ldr	r3, [pc, #108]	; (10008df0 <SCREENS_draw_watch+0x2f0>)
10008d82:	0039      	movs	r1, r7
10008d84:	f7fb fa15 	bl	100041b2 <__wrap___aeabi_dmul>
10008d88:	2200      	movs	r2, #0
10008d8a:	4b15      	ldr	r3, [pc, #84]	; (10008de0 <SCREENS_draw_watch+0x2e0>)
10008d8c:	f7fb f9e1 	bl	10004152 <__wrap___aeabi_dsub>
10008d90:	4a18      	ldr	r2, [pc, #96]	; (10008df4 <SCREENS_draw_watch+0x2f4>)
10008d92:	9008      	str	r0, [sp, #32]
10008d94:	9109      	str	r1, [sp, #36]	; 0x24
10008d96:	4b18      	ldr	r3, [pc, #96]	; (10008df8 <SCREENS_draw_watch+0x2f8>)
10008d98:	0030      	movs	r0, r6
10008d9a:	0039      	movs	r1, r7
10008d9c:	f7fb fa09 	bl	100041b2 <__wrap___aeabi_dmul>
10008da0:	4b0f      	ldr	r3, [pc, #60]	; (10008de0 <SCREENS_draw_watch+0x2e0>)
10008da2:	2200      	movs	r2, #0
10008da4:	f7fb f9d5 	bl	10004152 <__wrap___aeabi_dsub>
10008da8:	2301      	movs	r3, #1
10008daa:	26fe      	movs	r6, #254	; 0xfe
10008dac:	469b      	mov	fp, r3
10008dae:	4b13      	ldr	r3, [pc, #76]	; (10008dfc <SCREENS_draw_watch+0x2fc>)
10008db0:	05b6      	lsls	r6, r6, #22
10008db2:	930c      	str	r3, [sp, #48]	; 0x30
10008db4:	4b12      	ldr	r3, [pc, #72]	; (10008e00 <SCREENS_draw_watch+0x300>)
10008db6:	2500      	movs	r5, #0
10008db8:	900a      	str	r0, [sp, #40]	; 0x28
10008dba:	910b      	str	r1, [sp, #44]	; 0x2c
10008dbc:	930d      	str	r3, [sp, #52]	; 0x34
10008dbe:	1c34      	adds	r4, r6, #0
10008dc0:	e039      	b.n	10008e36 <SCREENS_draw_watch+0x336>
10008dc2:	46c0      	nop			; (mov r8, r8)
10008dc4:	20001b24 	.word	0x20001b24
10008dc8:	0000ffff 	.word	0x0000ffff
10008dcc:	42700000 	.word	0x42700000
10008dd0:	54442d18 	.word	0x54442d18
10008dd4:	400921fb 	.word	0x400921fb
10008dd8:	9999999a 	.word	0x9999999a
10008ddc:	3fe99999 	.word	0x3fe99999
10008de0:	40220000 	.word	0x40220000
10008de4:	41400000 	.word	0x41400000
10008de8:	3fe00000 	.word	0x3fe00000
10008dec:	cccccccd 	.word	0xcccccccd
10008df0:	3feccccc 	.word	0x3feccccc
10008df4:	851eb852 	.word	0x851eb852
10008df8:	3ff051eb 	.word	0x3ff051eb
10008dfc:	1000c47c 	.word	0x1000c47c
10008e00:	20000f38 	.word	0x20000f38
10008e04:	4648      	mov	r0, r9
10008e06:	f7fb fdf9 	bl	100049fc <__wrap___aeabi_ui2f>
10008e0a:	4965      	ldr	r1, [pc, #404]	; (10008fa0 <SCREENS_draw_watch+0x4a0>)
10008e0c:	f7fb fddb 	bl	100049c6 <__wrap___aeabi_fdiv>
10008e10:	1c01      	adds	r1, r0, #0
10008e12:	f7fb fdd5 	bl	100049c0 <__wrap___aeabi_fadd>
10008e16:	f7fb fe25 	bl	10004a64 <__wrap___aeabi_f2d>
10008e1a:	4a62      	ldr	r2, [pc, #392]	; (10008fa4 <SCREENS_draw_watch+0x4a4>)
10008e1c:	4b62      	ldr	r3, [pc, #392]	; (10008fa8 <SCREENS_draw_watch+0x4a8>)
10008e1e:	f7fb f9c8 	bl	100041b2 <__wrap___aeabi_dmul>
10008e22:	f7fb fa77 	bl	10004314 <__wrap___aeabi_d2f>
10008e26:	1c04      	adds	r4, r0, #0
10008e28:	f7fb fe38 	bl	10004a9c <__wrap_sinf>
10008e2c:	1c05      	adds	r5, r0, #0
10008e2e:	1c20      	adds	r0, r4, #0
10008e30:	f7fb fe22 	bl	10004a78 <__wrap_cosf>
10008e34:	1c04      	adds	r4, r0, #0
10008e36:	1c28      	adds	r0, r5, #0
10008e38:	f7fb fe14 	bl	10004a64 <__wrap___aeabi_f2d>
10008e3c:	0006      	movs	r6, r0
10008e3e:	1c20      	adds	r0, r4, #0
10008e40:	000f      	movs	r7, r1
10008e42:	f7fb fe0f 	bl	10004a64 <__wrap___aeabi_f2d>
10008e46:	9a0a      	ldr	r2, [sp, #40]	; 0x28
10008e48:	9b0b      	ldr	r3, [sp, #44]	; 0x2c
10008e4a:	0004      	movs	r4, r0
10008e4c:	000d      	movs	r5, r1
10008e4e:	f7fb f9b0 	bl	100041b2 <__wrap___aeabi_dmul>
10008e52:	0002      	movs	r2, r0
10008e54:	000b      	movs	r3, r1
10008e56:	9806      	ldr	r0, [sp, #24]
10008e58:	9907      	ldr	r1, [sp, #28]
10008e5a:	f7fb f97a 	bl	10004152 <__wrap___aeabi_dsub>
10008e5e:	f7fb fa4d 	bl	100042fc <__wrap___aeabi_d2uiz>
10008e62:	b2c3      	uxtb	r3, r0
10008e64:	4699      	mov	r9, r3
10008e66:	9a0a      	ldr	r2, [sp, #40]	; 0x28
10008e68:	9b0b      	ldr	r3, [sp, #44]	; 0x2c
10008e6a:	0030      	movs	r0, r6
10008e6c:	0039      	movs	r1, r7
10008e6e:	f7fb f9a0 	bl	100041b2 <__wrap___aeabi_dmul>
10008e72:	9a04      	ldr	r2, [sp, #16]
10008e74:	9b05      	ldr	r3, [sp, #20]
10008e76:	f7fb f975 	bl	10004164 <__wrap___aeabi_dadd>
10008e7a:	f7fb fa3f 	bl	100042fc <__wrap___aeabi_d2uiz>
10008e7e:	b2c3      	uxtb	r3, r0
10008e80:	4698      	mov	r8, r3
10008e82:	9808      	ldr	r0, [sp, #32]
10008e84:	9909      	ldr	r1, [sp, #36]	; 0x24
10008e86:	0022      	movs	r2, r4
10008e88:	002b      	movs	r3, r5
10008e8a:	f7fb f992 	bl	100041b2 <__wrap___aeabi_dmul>
10008e8e:	0002      	movs	r2, r0
10008e90:	000b      	movs	r3, r1
10008e92:	9806      	ldr	r0, [sp, #24]
10008e94:	9907      	ldr	r1, [sp, #28]
10008e96:	f7fb f95c 	bl	10004152 <__wrap___aeabi_dsub>
10008e9a:	f7fb fa2f 	bl	100042fc <__wrap___aeabi_d2uiz>
10008e9e:	9a08      	ldr	r2, [sp, #32]
10008ea0:	9b09      	ldr	r3, [sp, #36]	; 0x24
10008ea2:	b2c4      	uxtb	r4, r0
10008ea4:	0039      	movs	r1, r7
10008ea6:	0030      	movs	r0, r6
10008ea8:	f7fb f983 	bl	100041b2 <__wrap___aeabi_dmul>
10008eac:	9a04      	ldr	r2, [sp, #16]
10008eae:	9b05      	ldr	r3, [sp, #20]
10008eb0:	f7fb f958 	bl	10004164 <__wrap___aeabi_dadd>
10008eb4:	f7fb fa22 	bl	100042fc <__wrap___aeabi_d2uiz>
10008eb8:	2300      	movs	r3, #0
10008eba:	4e3c      	ldr	r6, [pc, #240]	; (10008fac <SCREENS_draw_watch+0x4ac>)
10008ebc:	469a      	mov	sl, r3
10008ebe:	9302      	str	r3, [sp, #8]
10008ec0:	3301      	adds	r3, #1
10008ec2:	4642      	mov	r2, r8
10008ec4:	0021      	movs	r1, r4
10008ec6:	b2c0      	uxtb	r0, r0
10008ec8:	9301      	str	r3, [sp, #4]
10008eca:	9600      	str	r6, [sp, #0]
10008ecc:	464b      	mov	r3, r9
10008ece:	f001 fd65 	bl	1000a99c <Paint_DrawLine>
10008ed2:	465b      	mov	r3, fp
10008ed4:	b2db      	uxtb	r3, r3
10008ed6:	4699      	mov	r9, r3
10008ed8:	ab0f      	add	r3, sp, #60	; 0x3c
10008eda:	465a      	mov	r2, fp
10008edc:	0018      	movs	r0, r3
10008ede:	990c      	ldr	r1, [sp, #48]	; 0x30
10008ee0:	f7fa fe5c 	bl	10003b9c <__wrap_sprintf>
10008ee4:	4658      	mov	r0, fp
10008ee6:	f7fb fd8f 	bl	10004a08 <__wrap___aeabi_i2f>
10008eea:	492d      	ldr	r1, [pc, #180]	; (10008fa0 <SCREENS_draw_watch+0x4a0>)
10008eec:	f7fb fd6b 	bl	100049c6 <__wrap___aeabi_fdiv>
10008ef0:	492f      	ldr	r1, [pc, #188]	; (10008fb0 <SCREENS_draw_watch+0x4b0>)
10008ef2:	f7fb fd65 	bl	100049c0 <__wrap___aeabi_fadd>
10008ef6:	1c01      	adds	r1, r0, #0
10008ef8:	f7fb fd62 	bl	100049c0 <__wrap___aeabi_fadd>
10008efc:	f7fb fdb2 	bl	10004a64 <__wrap___aeabi_f2d>
10008f00:	4a28      	ldr	r2, [pc, #160]	; (10008fa4 <SCREENS_draw_watch+0x4a4>)
10008f02:	4b29      	ldr	r3, [pc, #164]	; (10008fa8 <SCREENS_draw_watch+0x4a8>)
10008f04:	f7fb f955 	bl	100041b2 <__wrap___aeabi_dmul>
10008f08:	f7fb fa04 	bl	10004314 <__wrap___aeabi_d2f>
10008f0c:	1c07      	adds	r7, r0, #0
10008f0e:	f7fb fdc5 	bl	10004a9c <__wrap_sinf>
10008f12:	4a28      	ldr	r2, [pc, #160]	; (10008fb4 <SCREENS_draw_watch+0x4b4>)
10008f14:	4b28      	ldr	r3, [pc, #160]	; (10008fb8 <SCREENS_draw_watch+0x4b8>)
10008f16:	4680      	mov	r8, r0
10008f18:	9804      	ldr	r0, [sp, #16]
10008f1a:	9905      	ldr	r1, [sp, #20]
10008f1c:	f7fb f949 	bl	100041b2 <__wrap___aeabi_dmul>
10008f20:	000d      	movs	r5, r1
10008f22:	0004      	movs	r4, r0
10008f24:	1c38      	adds	r0, r7, #0
10008f26:	f7fb fda7 	bl	10004a78 <__wrap_cosf>
10008f2a:	f7fb fd9b 	bl	10004a64 <__wrap___aeabi_f2d>
10008f2e:	0022      	movs	r2, r4
10008f30:	002b      	movs	r3, r5
10008f32:	f7fb f93e 	bl	100041b2 <__wrap___aeabi_dmul>
10008f36:	0002      	movs	r2, r0
10008f38:	000b      	movs	r3, r1
10008f3a:	9806      	ldr	r0, [sp, #24]
10008f3c:	9907      	ldr	r1, [sp, #28]
10008f3e:	f7fb f908 	bl	10004152 <__wrap___aeabi_dsub>
10008f42:	2200      	movs	r2, #0
10008f44:	4b1d      	ldr	r3, [pc, #116]	; (10008fbc <SCREENS_draw_watch+0x4bc>)
10008f46:	f7fb f904 	bl	10004152 <__wrap___aeabi_dsub>
10008f4a:	f7fb f9d7 	bl	100042fc <__wrap___aeabi_d2uiz>
10008f4e:	b2c7      	uxtb	r7, r0
10008f50:	4640      	mov	r0, r8
10008f52:	f7fb fd87 	bl	10004a64 <__wrap___aeabi_f2d>
10008f56:	0022      	movs	r2, r4
10008f58:	002b      	movs	r3, r5
10008f5a:	f7fb f92a 	bl	100041b2 <__wrap___aeabi_dmul>
10008f5e:	9a04      	ldr	r2, [sp, #16]
10008f60:	9b05      	ldr	r3, [sp, #20]
10008f62:	f7fb f8ff 	bl	10004164 <__wrap___aeabi_dadd>
10008f66:	2200      	movs	r2, #0
10008f68:	4b15      	ldr	r3, [pc, #84]	; (10008fc0 <SCREENS_draw_watch+0x4c0>)
10008f6a:	f7fb f8f2 	bl	10004152 <__wrap___aeabi_dsub>
10008f6e:	f7fb f9c5 	bl	100042fc <__wrap___aeabi_d2uiz>
10008f72:	4653      	mov	r3, sl
10008f74:	0039      	movs	r1, r7
10008f76:	9301      	str	r3, [sp, #4]
10008f78:	b2c0      	uxtb	r0, r0
10008f7a:	9b0d      	ldr	r3, [sp, #52]	; 0x34
10008f7c:	9600      	str	r6, [sp, #0]
10008f7e:	aa0f      	add	r2, sp, #60	; 0x3c
10008f80:	f001 ff56 	bl	1000ae30 <Paint_DrawString_EN>
10008f84:	2301      	movs	r3, #1
10008f86:	469c      	mov	ip, r3
10008f88:	44e3      	add	fp, ip
10008f8a:	465b      	mov	r3, fp
10008f8c:	2b0d      	cmp	r3, #13
10008f8e:	d000      	beq.n	10008f92 <SCREENS_draw_watch+0x492>
10008f90:	e738      	b.n	10008e04 <SCREENS_draw_watch+0x304>
10008f92:	b011      	add	sp, #68	; 0x44
10008f94:	bcf0      	pop	{r4, r5, r6, r7}
10008f96:	46bb      	mov	fp, r7
10008f98:	46b2      	mov	sl, r6
10008f9a:	46a9      	mov	r9, r5
10008f9c:	46a0      	mov	r8, r4
10008f9e:	bdf0      	pop	{r4, r5, r6, r7, pc}
10008fa0:	41400000 	.word	0x41400000
10008fa4:	54442d18 	.word	0x54442d18
10008fa8:	400921fb 	.word	0x400921fb
10008fac:	0000ffff 	.word	0x0000ffff
10008fb0:	3c23d70a 	.word	0x3c23d70a
10008fb4:	c28f5c29 	.word	0xc28f5c29
10008fb8:	3fec28f5 	.word	0x3fec28f5
10008fbc:	40140000 	.word	0x40140000
10008fc0:	40080000 	.word	0x40080000

10008fc4 <SCREENS_draw_Paulina_is_super>:
10008fc4:	2100      	movs	r1, #0
10008fc6:	b500      	push	{lr}
10008fc8:	b083      	sub	sp, #12
10008fca:	9101      	str	r1, [sp, #4]
10008fcc:	4904      	ldr	r1, [pc, #16]	; (10008fe0 <SCREENS_draw_Paulina_is_super+0x1c>)
10008fce:	2028      	movs	r0, #40	; 0x28
10008fd0:	9100      	str	r1, [sp, #0]
10008fd2:	4b04      	ldr	r3, [pc, #16]	; (10008fe4 <SCREENS_draw_Paulina_is_super+0x20>)
10008fd4:	2164      	movs	r1, #100	; 0x64
10008fd6:	4a04      	ldr	r2, [pc, #16]	; (10008fe8 <SCREENS_draw_Paulina_is_super+0x24>)
10008fd8:	f001 ff2a 	bl	1000ae30 <Paint_DrawString_EN>
10008fdc:	b003      	add	sp, #12
10008fde:	bd00      	pop	{pc}
10008fe0:	0000ffff 	.word	0x0000ffff
10008fe4:	20000f38 	.word	0x20000f38
10008fe8:	1000c480 	.word	0x1000c480

10008fec <SCREENS_draw_gps_data>:
10008fec:	b5f0      	push	{r4, r5, r6, r7, lr}
10008fee:	2000      	movs	r0, #0
10008ff0:	b0cf      	sub	sp, #316	; 0x13c
10008ff2:	f7ff f853 	bl	1000809c <INFORMATION_get>
10008ff6:	1c04      	adds	r4, r0, #0
10008ff8:	2001      	movs	r0, #1
10008ffa:	f7ff f84f 	bl	1000809c <INFORMATION_get>
10008ffe:	1c05      	adds	r5, r0, #0
10009000:	2007      	movs	r0, #7
10009002:	f7ff f84b 	bl	1000809c <INFORMATION_get>
10009006:	2008      	movs	r0, #8
10009008:	f7ff f848 	bl	1000809c <INFORMATION_get>
1000900c:	2009      	movs	r0, #9
1000900e:	f7ff f845 	bl	1000809c <INFORMATION_get>
10009012:	2200      	movs	r2, #0
10009014:	2100      	movs	r1, #0
10009016:	2000      	movs	r0, #0
10009018:	f7fe ffc8 	bl	10007fac <COLORS_get_565_from_888>
1000901c:	f001 fc5e 	bl	1000a8dc <Paint_Clear>
10009020:	1c20      	adds	r0, r4, #0
10009022:	f7fb fd1f 	bl	10004a64 <__wrap___aeabi_f2d>
10009026:	0006      	movs	r6, r0
10009028:	1c28      	adds	r0, r5, #0
1000902a:	000f      	movs	r7, r1
1000902c:	f7fb fd1a 	bl	10004a64 <__wrap___aeabi_f2d>
10009030:	4c0a      	ldr	r4, [pc, #40]	; (1000905c <SCREENS_draw_gps_data+0x70>)
10009032:	9000      	str	r0, [sp, #0]
10009034:	9101      	str	r1, [sp, #4]
10009036:	0032      	movs	r2, r6
10009038:	003b      	movs	r3, r7
1000903a:	0021      	movs	r1, r4
1000903c:	a803      	add	r0, sp, #12
1000903e:	f7fa fdad 	bl	10003b9c <__wrap_sprintf>
10009042:	2200      	movs	r2, #0
10009044:	9201      	str	r2, [sp, #4]
10009046:	4a06      	ldr	r2, [pc, #24]	; (10009060 <SCREENS_draw_gps_data+0x74>)
10009048:	2164      	movs	r1, #100	; 0x64
1000904a:	9200      	str	r2, [sp, #0]
1000904c:	2028      	movs	r0, #40	; 0x28
1000904e:	4b05      	ldr	r3, [pc, #20]	; (10009064 <SCREENS_draw_gps_data+0x78>)
10009050:	aa03      	add	r2, sp, #12
10009052:	f001 feed 	bl	1000ae30 <Paint_DrawString_EN>
10009056:	b04f      	add	sp, #316	; 0x13c
10009058:	bdf0      	pop	{r4, r5, r6, r7, pc}
1000905a:	46c0      	nop			; (mov r8, r8)
1000905c:	1000c494 	.word	0x1000c494
10009060:	0000ffff 	.word	0x0000ffff
10009064:	20000f38 	.word	0x20000f38

10009068 <LCD_1IN28_Init>:
10009068:	b510      	push	{r4, lr}
1000906a:	0004      	movs	r4, r0
1000906c:	2101      	movs	r1, #1
1000906e:	200d      	movs	r0, #13
10009070:	f001 ff36 	bl	1000aee0 <DEV_Digital_Write>
10009074:	2064      	movs	r0, #100	; 0x64
10009076:	f001 ff2f 	bl	1000aed8 <DEV_Delay_ms>
1000907a:	2100      	movs	r1, #0
1000907c:	200d      	movs	r0, #13
1000907e:	f001 ff2f 	bl	1000aee0 <DEV_Digital_Write>
10009082:	2064      	movs	r0, #100	; 0x64
10009084:	f001 ff28 	bl	1000aed8 <DEV_Delay_ms>
10009088:	2101      	movs	r1, #1
1000908a:	200d      	movs	r0, #13
1000908c:	f001 ff28 	bl	1000aee0 <DEV_Digital_Write>
10009090:	2100      	movs	r1, #0
10009092:	2009      	movs	r0, #9
10009094:	f001 ff24 	bl	1000aee0 <DEV_Digital_Write>
10009098:	2064      	movs	r0, #100	; 0x64
1000909a:	f001 ff1d 	bl	1000aed8 <DEV_Delay_ms>
1000909e:	4bfe      	ldr	r3, [pc, #1016]	; (10009498 <LCD_1IN28_Init+0x430>)
100090a0:	2100      	movs	r1, #0
100090a2:	711c      	strb	r4, [r3, #4]
100090a4:	1e62      	subs	r2, r4, #1
100090a6:	4194      	sbcs	r4, r2
100090a8:	225f      	movs	r2, #95	; 0x5f
100090aa:	4264      	negs	r4, r4
100090ac:	4394      	bics	r4, r2
100090ae:	4afb      	ldr	r2, [pc, #1004]	; (1000949c <LCD_1IN28_Init+0x434>)
100090b0:	2008      	movs	r0, #8
100090b2:	601a      	str	r2, [r3, #0]
100090b4:	f001 ff14 	bl	1000aee0 <DEV_Digital_Write>
100090b8:	2136      	movs	r1, #54	; 0x36
100090ba:	48f9      	ldr	r0, [pc, #996]	; (100094a0 <LCD_1IN28_Init+0x438>)
100090bc:	f001 ff1a 	bl	1000aef4 <DEV_SPI_WriteByte>
100090c0:	34c8      	adds	r4, #200	; 0xc8
100090c2:	2101      	movs	r1, #1
100090c4:	2008      	movs	r0, #8
100090c6:	f001 ff0b 	bl	1000aee0 <DEV_Digital_Write>
100090ca:	0021      	movs	r1, r4
100090cc:	48f4      	ldr	r0, [pc, #976]	; (100094a0 <LCD_1IN28_Init+0x438>)
100090ce:	f001 ff11 	bl	1000aef4 <DEV_SPI_WriteByte>
100090d2:	2100      	movs	r1, #0
100090d4:	2008      	movs	r0, #8
100090d6:	f001 ff03 	bl	1000aee0 <DEV_Digital_Write>
100090da:	21ef      	movs	r1, #239	; 0xef
100090dc:	48f0      	ldr	r0, [pc, #960]	; (100094a0 <LCD_1IN28_Init+0x438>)
100090de:	f001 ff09 	bl	1000aef4 <DEV_SPI_WriteByte>
100090e2:	2100      	movs	r1, #0
100090e4:	2008      	movs	r0, #8
100090e6:	f001 fefb 	bl	1000aee0 <DEV_Digital_Write>
100090ea:	21eb      	movs	r1, #235	; 0xeb
100090ec:	48ec      	ldr	r0, [pc, #944]	; (100094a0 <LCD_1IN28_Init+0x438>)
100090ee:	f001 ff01 	bl	1000aef4 <DEV_SPI_WriteByte>
100090f2:	2101      	movs	r1, #1
100090f4:	2008      	movs	r0, #8
100090f6:	f001 fef3 	bl	1000aee0 <DEV_Digital_Write>
100090fa:	2114      	movs	r1, #20
100090fc:	48e8      	ldr	r0, [pc, #928]	; (100094a0 <LCD_1IN28_Init+0x438>)
100090fe:	f001 fef9 	bl	1000aef4 <DEV_SPI_WriteByte>
10009102:	2100      	movs	r1, #0
10009104:	2008      	movs	r0, #8
10009106:	f001 feeb 	bl	1000aee0 <DEV_Digital_Write>
1000910a:	21fe      	movs	r1, #254	; 0xfe
1000910c:	48e4      	ldr	r0, [pc, #912]	; (100094a0 <LCD_1IN28_Init+0x438>)
1000910e:	f001 fef1 	bl	1000aef4 <DEV_SPI_WriteByte>
10009112:	2100      	movs	r1, #0
10009114:	2008      	movs	r0, #8
10009116:	f001 fee3 	bl	1000aee0 <DEV_Digital_Write>
1000911a:	21ef      	movs	r1, #239	; 0xef
1000911c:	48e0      	ldr	r0, [pc, #896]	; (100094a0 <LCD_1IN28_Init+0x438>)
1000911e:	f001 fee9 	bl	1000aef4 <DEV_SPI_WriteByte>
10009122:	2100      	movs	r1, #0
10009124:	2008      	movs	r0, #8
10009126:	f001 fedb 	bl	1000aee0 <DEV_Digital_Write>
1000912a:	21eb      	movs	r1, #235	; 0xeb
1000912c:	48dc      	ldr	r0, [pc, #880]	; (100094a0 <LCD_1IN28_Init+0x438>)
1000912e:	f001 fee1 	bl	1000aef4 <DEV_SPI_WriteByte>
10009132:	2101      	movs	r1, #1
10009134:	2008      	movs	r0, #8
10009136:	f001 fed3 	bl	1000aee0 <DEV_Digital_Write>
1000913a:	2114      	movs	r1, #20
1000913c:	48d8      	ldr	r0, [pc, #864]	; (100094a0 <LCD_1IN28_Init+0x438>)
1000913e:	f001 fed9 	bl	1000aef4 <DEV_SPI_WriteByte>
10009142:	2100      	movs	r1, #0
10009144:	2008      	movs	r0, #8
10009146:	f001 fecb 	bl	1000aee0 <DEV_Digital_Write>
1000914a:	2184      	movs	r1, #132	; 0x84
1000914c:	48d4      	ldr	r0, [pc, #848]	; (100094a0 <LCD_1IN28_Init+0x438>)
1000914e:	f001 fed1 	bl	1000aef4 <DEV_SPI_WriteByte>
10009152:	2101      	movs	r1, #1
10009154:	2008      	movs	r0, #8
10009156:	f001 fec3 	bl	1000aee0 <DEV_Digital_Write>
1000915a:	2140      	movs	r1, #64	; 0x40
1000915c:	48d0      	ldr	r0, [pc, #832]	; (100094a0 <LCD_1IN28_Init+0x438>)
1000915e:	f001 fec9 	bl	1000aef4 <DEV_SPI_WriteByte>
10009162:	2100      	movs	r1, #0
10009164:	2008      	movs	r0, #8
10009166:	f001 febb 	bl	1000aee0 <DEV_Digital_Write>
1000916a:	2185      	movs	r1, #133	; 0x85
1000916c:	48cc      	ldr	r0, [pc, #816]	; (100094a0 <LCD_1IN28_Init+0x438>)
1000916e:	f001 fec1 	bl	1000aef4 <DEV_SPI_WriteByte>
10009172:	2101      	movs	r1, #1
10009174:	2008      	movs	r0, #8
10009176:	f001 feb3 	bl	1000aee0 <DEV_Digital_Write>
1000917a:	21ff      	movs	r1, #255	; 0xff
1000917c:	48c8      	ldr	r0, [pc, #800]	; (100094a0 <LCD_1IN28_Init+0x438>)
1000917e:	f001 feb9 	bl	1000aef4 <DEV_SPI_WriteByte>
10009182:	2100      	movs	r1, #0
10009184:	2008      	movs	r0, #8
10009186:	f001 feab 	bl	1000aee0 <DEV_Digital_Write>
1000918a:	2186      	movs	r1, #134	; 0x86
1000918c:	48c4      	ldr	r0, [pc, #784]	; (100094a0 <LCD_1IN28_Init+0x438>)
1000918e:	f001 feb1 	bl	1000aef4 <DEV_SPI_WriteByte>
10009192:	2101      	movs	r1, #1
10009194:	2008      	movs	r0, #8
10009196:	f001 fea3 	bl	1000aee0 <DEV_Digital_Write>
1000919a:	21ff      	movs	r1, #255	; 0xff
1000919c:	48c0      	ldr	r0, [pc, #768]	; (100094a0 <LCD_1IN28_Init+0x438>)
1000919e:	f001 fea9 	bl	1000aef4 <DEV_SPI_WriteByte>
100091a2:	2100      	movs	r1, #0
100091a4:	2008      	movs	r0, #8
100091a6:	f001 fe9b 	bl	1000aee0 <DEV_Digital_Write>
100091aa:	2187      	movs	r1, #135	; 0x87
100091ac:	48bc      	ldr	r0, [pc, #752]	; (100094a0 <LCD_1IN28_Init+0x438>)
100091ae:	f001 fea1 	bl	1000aef4 <DEV_SPI_WriteByte>
100091b2:	2101      	movs	r1, #1
100091b4:	2008      	movs	r0, #8
100091b6:	f001 fe93 	bl	1000aee0 <DEV_Digital_Write>
100091ba:	21ff      	movs	r1, #255	; 0xff
100091bc:	48b8      	ldr	r0, [pc, #736]	; (100094a0 <LCD_1IN28_Init+0x438>)
100091be:	f001 fe99 	bl	1000aef4 <DEV_SPI_WriteByte>
100091c2:	2100      	movs	r1, #0
100091c4:	2008      	movs	r0, #8
100091c6:	f001 fe8b 	bl	1000aee0 <DEV_Digital_Write>
100091ca:	2188      	movs	r1, #136	; 0x88
100091cc:	48b4      	ldr	r0, [pc, #720]	; (100094a0 <LCD_1IN28_Init+0x438>)
100091ce:	f001 fe91 	bl	1000aef4 <DEV_SPI_WriteByte>
100091d2:	2101      	movs	r1, #1
100091d4:	2008      	movs	r0, #8
100091d6:	f001 fe83 	bl	1000aee0 <DEV_Digital_Write>
100091da:	210a      	movs	r1, #10
100091dc:	48b0      	ldr	r0, [pc, #704]	; (100094a0 <LCD_1IN28_Init+0x438>)
100091de:	f001 fe89 	bl	1000aef4 <DEV_SPI_WriteByte>
100091e2:	2100      	movs	r1, #0
100091e4:	2008      	movs	r0, #8
100091e6:	f001 fe7b 	bl	1000aee0 <DEV_Digital_Write>
100091ea:	2189      	movs	r1, #137	; 0x89
100091ec:	48ac      	ldr	r0, [pc, #688]	; (100094a0 <LCD_1IN28_Init+0x438>)
100091ee:	f001 fe81 	bl	1000aef4 <DEV_SPI_WriteByte>
100091f2:	2101      	movs	r1, #1
100091f4:	2008      	movs	r0, #8
100091f6:	f001 fe73 	bl	1000aee0 <DEV_Digital_Write>
100091fa:	2121      	movs	r1, #33	; 0x21
100091fc:	48a8      	ldr	r0, [pc, #672]	; (100094a0 <LCD_1IN28_Init+0x438>)
100091fe:	f001 fe79 	bl	1000aef4 <DEV_SPI_WriteByte>
10009202:	2100      	movs	r1, #0
10009204:	2008      	movs	r0, #8
10009206:	f001 fe6b 	bl	1000aee0 <DEV_Digital_Write>
1000920a:	218a      	movs	r1, #138	; 0x8a
1000920c:	48a4      	ldr	r0, [pc, #656]	; (100094a0 <LCD_1IN28_Init+0x438>)
1000920e:	f001 fe71 	bl	1000aef4 <DEV_SPI_WriteByte>
10009212:	2101      	movs	r1, #1
10009214:	2008      	movs	r0, #8
10009216:	f001 fe63 	bl	1000aee0 <DEV_Digital_Write>
1000921a:	2100      	movs	r1, #0
1000921c:	48a0      	ldr	r0, [pc, #640]	; (100094a0 <LCD_1IN28_Init+0x438>)
1000921e:	f001 fe69 	bl	1000aef4 <DEV_SPI_WriteByte>
10009222:	2100      	movs	r1, #0
10009224:	2008      	movs	r0, #8
10009226:	f001 fe5b 	bl	1000aee0 <DEV_Digital_Write>
1000922a:	218b      	movs	r1, #139	; 0x8b
1000922c:	489c      	ldr	r0, [pc, #624]	; (100094a0 <LCD_1IN28_Init+0x438>)
1000922e:	f001 fe61 	bl	1000aef4 <DEV_SPI_WriteByte>
10009232:	2101      	movs	r1, #1
10009234:	2008      	movs	r0, #8
10009236:	f001 fe53 	bl	1000aee0 <DEV_Digital_Write>
1000923a:	2180      	movs	r1, #128	; 0x80
1000923c:	4898      	ldr	r0, [pc, #608]	; (100094a0 <LCD_1IN28_Init+0x438>)
1000923e:	f001 fe59 	bl	1000aef4 <DEV_SPI_WriteByte>
10009242:	2100      	movs	r1, #0
10009244:	2008      	movs	r0, #8
10009246:	f001 fe4b 	bl	1000aee0 <DEV_Digital_Write>
1000924a:	218c      	movs	r1, #140	; 0x8c
1000924c:	4894      	ldr	r0, [pc, #592]	; (100094a0 <LCD_1IN28_Init+0x438>)
1000924e:	f001 fe51 	bl	1000aef4 <DEV_SPI_WriteByte>
10009252:	2101      	movs	r1, #1
10009254:	2008      	movs	r0, #8
10009256:	f001 fe43 	bl	1000aee0 <DEV_Digital_Write>
1000925a:	2101      	movs	r1, #1
1000925c:	4890      	ldr	r0, [pc, #576]	; (100094a0 <LCD_1IN28_Init+0x438>)
1000925e:	f001 fe49 	bl	1000aef4 <DEV_SPI_WriteByte>
10009262:	2100      	movs	r1, #0
10009264:	2008      	movs	r0, #8
10009266:	f001 fe3b 	bl	1000aee0 <DEV_Digital_Write>
1000926a:	218d      	movs	r1, #141	; 0x8d
1000926c:	488c      	ldr	r0, [pc, #560]	; (100094a0 <LCD_1IN28_Init+0x438>)
1000926e:	f001 fe41 	bl	1000aef4 <DEV_SPI_WriteByte>
10009272:	2101      	movs	r1, #1
10009274:	2008      	movs	r0, #8
10009276:	f001 fe33 	bl	1000aee0 <DEV_Digital_Write>
1000927a:	2101      	movs	r1, #1
1000927c:	4888      	ldr	r0, [pc, #544]	; (100094a0 <LCD_1IN28_Init+0x438>)
1000927e:	f001 fe39 	bl	1000aef4 <DEV_SPI_WriteByte>
10009282:	2100      	movs	r1, #0
10009284:	2008      	movs	r0, #8
10009286:	f001 fe2b 	bl	1000aee0 <DEV_Digital_Write>
1000928a:	218e      	movs	r1, #142	; 0x8e
1000928c:	4884      	ldr	r0, [pc, #528]	; (100094a0 <LCD_1IN28_Init+0x438>)
1000928e:	f001 fe31 	bl	1000aef4 <DEV_SPI_WriteByte>
10009292:	2101      	movs	r1, #1
10009294:	2008      	movs	r0, #8
10009296:	f001 fe23 	bl	1000aee0 <DEV_Digital_Write>
1000929a:	21ff      	movs	r1, #255	; 0xff
1000929c:	4880      	ldr	r0, [pc, #512]	; (100094a0 <LCD_1IN28_Init+0x438>)
1000929e:	f001 fe29 	bl	1000aef4 <DEV_SPI_WriteByte>
100092a2:	2100      	movs	r1, #0
100092a4:	2008      	movs	r0, #8
100092a6:	f001 fe1b 	bl	1000aee0 <DEV_Digital_Write>
100092aa:	218f      	movs	r1, #143	; 0x8f
100092ac:	487c      	ldr	r0, [pc, #496]	; (100094a0 <LCD_1IN28_Init+0x438>)
100092ae:	f001 fe21 	bl	1000aef4 <DEV_SPI_WriteByte>
100092b2:	2101      	movs	r1, #1
100092b4:	2008      	movs	r0, #8
100092b6:	f001 fe13 	bl	1000aee0 <DEV_Digital_Write>
100092ba:	21ff      	movs	r1, #255	; 0xff
100092bc:	4878      	ldr	r0, [pc, #480]	; (100094a0 <LCD_1IN28_Init+0x438>)
100092be:	f001 fe19 	bl	1000aef4 <DEV_SPI_WriteByte>
100092c2:	2100      	movs	r1, #0
100092c4:	2008      	movs	r0, #8
100092c6:	f001 fe0b 	bl	1000aee0 <DEV_Digital_Write>
100092ca:	21b6      	movs	r1, #182	; 0xb6
100092cc:	4874      	ldr	r0, [pc, #464]	; (100094a0 <LCD_1IN28_Init+0x438>)
100092ce:	f001 fe11 	bl	1000aef4 <DEV_SPI_WriteByte>
100092d2:	2101      	movs	r1, #1
100092d4:	2008      	movs	r0, #8
100092d6:	f001 fe03 	bl	1000aee0 <DEV_Digital_Write>
100092da:	2100      	movs	r1, #0
100092dc:	4870      	ldr	r0, [pc, #448]	; (100094a0 <LCD_1IN28_Init+0x438>)
100092de:	f001 fe09 	bl	1000aef4 <DEV_SPI_WriteByte>
100092e2:	2101      	movs	r1, #1
100092e4:	2008      	movs	r0, #8
100092e6:	f001 fdfb 	bl	1000aee0 <DEV_Digital_Write>
100092ea:	2120      	movs	r1, #32
100092ec:	486c      	ldr	r0, [pc, #432]	; (100094a0 <LCD_1IN28_Init+0x438>)
100092ee:	f001 fe01 	bl	1000aef4 <DEV_SPI_WriteByte>
100092f2:	2100      	movs	r1, #0
100092f4:	2008      	movs	r0, #8
100092f6:	f001 fdf3 	bl	1000aee0 <DEV_Digital_Write>
100092fa:	2136      	movs	r1, #54	; 0x36
100092fc:	4868      	ldr	r0, [pc, #416]	; (100094a0 <LCD_1IN28_Init+0x438>)
100092fe:	f001 fdf9 	bl	1000aef4 <DEV_SPI_WriteByte>
10009302:	2101      	movs	r1, #1
10009304:	2008      	movs	r0, #8
10009306:	f001 fdeb 	bl	1000aee0 <DEV_Digital_Write>
1000930a:	2108      	movs	r1, #8
1000930c:	4864      	ldr	r0, [pc, #400]	; (100094a0 <LCD_1IN28_Init+0x438>)
1000930e:	f001 fdf1 	bl	1000aef4 <DEV_SPI_WriteByte>
10009312:	2100      	movs	r1, #0
10009314:	2008      	movs	r0, #8
10009316:	f001 fde3 	bl	1000aee0 <DEV_Digital_Write>
1000931a:	213a      	movs	r1, #58	; 0x3a
1000931c:	4860      	ldr	r0, [pc, #384]	; (100094a0 <LCD_1IN28_Init+0x438>)
1000931e:	f001 fde9 	bl	1000aef4 <DEV_SPI_WriteByte>
10009322:	2101      	movs	r1, #1
10009324:	2008      	movs	r0, #8
10009326:	f001 fddb 	bl	1000aee0 <DEV_Digital_Write>
1000932a:	2105      	movs	r1, #5
1000932c:	485c      	ldr	r0, [pc, #368]	; (100094a0 <LCD_1IN28_Init+0x438>)
1000932e:	f001 fde1 	bl	1000aef4 <DEV_SPI_WriteByte>
10009332:	2100      	movs	r1, #0
10009334:	2008      	movs	r0, #8
10009336:	f001 fdd3 	bl	1000aee0 <DEV_Digital_Write>
1000933a:	2190      	movs	r1, #144	; 0x90
1000933c:	4858      	ldr	r0, [pc, #352]	; (100094a0 <LCD_1IN28_Init+0x438>)
1000933e:	f001 fdd9 	bl	1000aef4 <DEV_SPI_WriteByte>
10009342:	2101      	movs	r1, #1
10009344:	2008      	movs	r0, #8
10009346:	f001 fdcb 	bl	1000aee0 <DEV_Digital_Write>
1000934a:	2108      	movs	r1, #8
1000934c:	4854      	ldr	r0, [pc, #336]	; (100094a0 <LCD_1IN28_Init+0x438>)
1000934e:	f001 fdd1 	bl	1000aef4 <DEV_SPI_WriteByte>
10009352:	2101      	movs	r1, #1
10009354:	2008      	movs	r0, #8
10009356:	f001 fdc3 	bl	1000aee0 <DEV_Digital_Write>
1000935a:	2108      	movs	r1, #8
1000935c:	4850      	ldr	r0, [pc, #320]	; (100094a0 <LCD_1IN28_Init+0x438>)
1000935e:	f001 fdc9 	bl	1000aef4 <DEV_SPI_WriteByte>
10009362:	2101      	movs	r1, #1
10009364:	2008      	movs	r0, #8
10009366:	f001 fdbb 	bl	1000aee0 <DEV_Digital_Write>
1000936a:	2108      	movs	r1, #8
1000936c:	484c      	ldr	r0, [pc, #304]	; (100094a0 <LCD_1IN28_Init+0x438>)
1000936e:	f001 fdc1 	bl	1000aef4 <DEV_SPI_WriteByte>
10009372:	2101      	movs	r1, #1
10009374:	2008      	movs	r0, #8
10009376:	f001 fdb3 	bl	1000aee0 <DEV_Digital_Write>
1000937a:	2108      	movs	r1, #8
1000937c:	4848      	ldr	r0, [pc, #288]	; (100094a0 <LCD_1IN28_Init+0x438>)
1000937e:	f001 fdb9 	bl	1000aef4 <DEV_SPI_WriteByte>
10009382:	2100      	movs	r1, #0
10009384:	2008      	movs	r0, #8
10009386:	f001 fdab 	bl	1000aee0 <DEV_Digital_Write>
1000938a:	21bd      	movs	r1, #189	; 0xbd
1000938c:	4844      	ldr	r0, [pc, #272]	; (100094a0 <LCD_1IN28_Init+0x438>)
1000938e:	f001 fdb1 	bl	1000aef4 <DEV_SPI_WriteByte>
10009392:	2101      	movs	r1, #1
10009394:	2008      	movs	r0, #8
10009396:	f001 fda3 	bl	1000aee0 <DEV_Digital_Write>
1000939a:	2106      	movs	r1, #6
1000939c:	4840      	ldr	r0, [pc, #256]	; (100094a0 <LCD_1IN28_Init+0x438>)
1000939e:	f001 fda9 	bl	1000aef4 <DEV_SPI_WriteByte>
100093a2:	2100      	movs	r1, #0
100093a4:	2008      	movs	r0, #8
100093a6:	f001 fd9b 	bl	1000aee0 <DEV_Digital_Write>
100093aa:	21bc      	movs	r1, #188	; 0xbc
100093ac:	483c      	ldr	r0, [pc, #240]	; (100094a0 <LCD_1IN28_Init+0x438>)
100093ae:	f001 fda1 	bl	1000aef4 <DEV_SPI_WriteByte>
100093b2:	2101      	movs	r1, #1
100093b4:	2008      	movs	r0, #8
100093b6:	f001 fd93 	bl	1000aee0 <DEV_Digital_Write>
100093ba:	2100      	movs	r1, #0
100093bc:	4838      	ldr	r0, [pc, #224]	; (100094a0 <LCD_1IN28_Init+0x438>)
100093be:	f001 fd99 	bl	1000aef4 <DEV_SPI_WriteByte>
100093c2:	2100      	movs	r1, #0
100093c4:	2008      	movs	r0, #8
100093c6:	f001 fd8b 	bl	1000aee0 <DEV_Digital_Write>
100093ca:	21ff      	movs	r1, #255	; 0xff
100093cc:	4834      	ldr	r0, [pc, #208]	; (100094a0 <LCD_1IN28_Init+0x438>)
100093ce:	f001 fd91 	bl	1000aef4 <DEV_SPI_WriteByte>
100093d2:	2101      	movs	r1, #1
100093d4:	2008      	movs	r0, #8
100093d6:	f001 fd83 	bl	1000aee0 <DEV_Digital_Write>
100093da:	2160      	movs	r1, #96	; 0x60
100093dc:	4830      	ldr	r0, [pc, #192]	; (100094a0 <LCD_1IN28_Init+0x438>)
100093de:	f001 fd89 	bl	1000aef4 <DEV_SPI_WriteByte>
100093e2:	2101      	movs	r1, #1
100093e4:	2008      	movs	r0, #8
100093e6:	f001 fd7b 	bl	1000aee0 <DEV_Digital_Write>
100093ea:	2101      	movs	r1, #1
100093ec:	482c      	ldr	r0, [pc, #176]	; (100094a0 <LCD_1IN28_Init+0x438>)
100093ee:	f001 fd81 	bl	1000aef4 <DEV_SPI_WriteByte>
100093f2:	2101      	movs	r1, #1
100093f4:	2008      	movs	r0, #8
100093f6:	f001 fd73 	bl	1000aee0 <DEV_Digital_Write>
100093fa:	2104      	movs	r1, #4
100093fc:	4828      	ldr	r0, [pc, #160]	; (100094a0 <LCD_1IN28_Init+0x438>)
100093fe:	f001 fd79 	bl	1000aef4 <DEV_SPI_WriteByte>
10009402:	2100      	movs	r1, #0
10009404:	2008      	movs	r0, #8
10009406:	f001 fd6b 	bl	1000aee0 <DEV_Digital_Write>
1000940a:	21c3      	movs	r1, #195	; 0xc3
1000940c:	4824      	ldr	r0, [pc, #144]	; (100094a0 <LCD_1IN28_Init+0x438>)
1000940e:	f001 fd71 	bl	1000aef4 <DEV_SPI_WriteByte>
10009412:	2101      	movs	r1, #1
10009414:	2008      	movs	r0, #8
10009416:	f001 fd63 	bl	1000aee0 <DEV_Digital_Write>
1000941a:	2113      	movs	r1, #19
1000941c:	4820      	ldr	r0, [pc, #128]	; (100094a0 <LCD_1IN28_Init+0x438>)
1000941e:	f001 fd69 	bl	1000aef4 <DEV_SPI_WriteByte>
10009422:	2100      	movs	r1, #0
10009424:	2008      	movs	r0, #8
10009426:	f001 fd5b 	bl	1000aee0 <DEV_Digital_Write>
1000942a:	21c4      	movs	r1, #196	; 0xc4
1000942c:	481c      	ldr	r0, [pc, #112]	; (100094a0 <LCD_1IN28_Init+0x438>)
1000942e:	f001 fd61 	bl	1000aef4 <DEV_SPI_WriteByte>
10009432:	2101      	movs	r1, #1
10009434:	2008      	movs	r0, #8
10009436:	f001 fd53 	bl	1000aee0 <DEV_Digital_Write>
1000943a:	2113      	movs	r1, #19
1000943c:	4818      	ldr	r0, [pc, #96]	; (100094a0 <LCD_1IN28_Init+0x438>)
1000943e:	f001 fd59 	bl	1000aef4 <DEV_SPI_WriteByte>
10009442:	2100      	movs	r1, #0
10009444:	2008      	movs	r0, #8
10009446:	f001 fd4b 	bl	1000aee0 <DEV_Digital_Write>
1000944a:	21c9      	movs	r1, #201	; 0xc9
1000944c:	4814      	ldr	r0, [pc, #80]	; (100094a0 <LCD_1IN28_Init+0x438>)
1000944e:	f001 fd51 	bl	1000aef4 <DEV_SPI_WriteByte>
10009452:	2101      	movs	r1, #1
10009454:	2008      	movs	r0, #8
10009456:	f001 fd43 	bl	1000aee0 <DEV_Digital_Write>
1000945a:	2122      	movs	r1, #34	; 0x22
1000945c:	4810      	ldr	r0, [pc, #64]	; (100094a0 <LCD_1IN28_Init+0x438>)
1000945e:	f001 fd49 	bl	1000aef4 <DEV_SPI_WriteByte>
10009462:	2100      	movs	r1, #0
10009464:	2008      	movs	r0, #8
10009466:	f001 fd3b 	bl	1000aee0 <DEV_Digital_Write>
1000946a:	21be      	movs	r1, #190	; 0xbe
1000946c:	480c      	ldr	r0, [pc, #48]	; (100094a0 <LCD_1IN28_Init+0x438>)
1000946e:	f001 fd41 	bl	1000aef4 <DEV_SPI_WriteByte>
10009472:	2101      	movs	r1, #1
10009474:	2008      	movs	r0, #8
10009476:	f001 fd33 	bl	1000aee0 <DEV_Digital_Write>
1000947a:	2111      	movs	r1, #17
1000947c:	4808      	ldr	r0, [pc, #32]	; (100094a0 <LCD_1IN28_Init+0x438>)
1000947e:	f001 fd39 	bl	1000aef4 <DEV_SPI_WriteByte>
10009482:	2100      	movs	r1, #0
10009484:	2008      	movs	r0, #8
10009486:	f001 fd2b 	bl	1000aee0 <DEV_Digital_Write>
1000948a:	21e1      	movs	r1, #225	; 0xe1
1000948c:	4804      	ldr	r0, [pc, #16]	; (100094a0 <LCD_1IN28_Init+0x438>)
1000948e:	f001 fd31 	bl	1000aef4 <DEV_SPI_WriteByte>
10009492:	2101      	movs	r1, #1
10009494:	2008      	movs	r0, #8
10009496:	e005      	b.n	100094a4 <LCD_1IN28_Init+0x43c>
10009498:	20001b24 	.word	0x20001b24
1000949c:	00f000f0 	.word	0x00f000f0
100094a0:	40040000 	.word	0x40040000
100094a4:	f001 fd1c 	bl	1000aee0 <DEV_Digital_Write>
100094a8:	2110      	movs	r1, #16
100094aa:	48fe      	ldr	r0, [pc, #1016]	; (100098a4 <LCD_1IN28_Init+0x83c>)
100094ac:	f001 fd22 	bl	1000aef4 <DEV_SPI_WriteByte>
100094b0:	2101      	movs	r1, #1
100094b2:	2008      	movs	r0, #8
100094b4:	f001 fd14 	bl	1000aee0 <DEV_Digital_Write>
100094b8:	210e      	movs	r1, #14
100094ba:	48fa      	ldr	r0, [pc, #1000]	; (100098a4 <LCD_1IN28_Init+0x83c>)
100094bc:	f001 fd1a 	bl	1000aef4 <DEV_SPI_WriteByte>
100094c0:	2100      	movs	r1, #0
100094c2:	2008      	movs	r0, #8
100094c4:	f001 fd0c 	bl	1000aee0 <DEV_Digital_Write>
100094c8:	21df      	movs	r1, #223	; 0xdf
100094ca:	48f6      	ldr	r0, [pc, #984]	; (100098a4 <LCD_1IN28_Init+0x83c>)
100094cc:	f001 fd12 	bl	1000aef4 <DEV_SPI_WriteByte>
100094d0:	2101      	movs	r1, #1
100094d2:	2008      	movs	r0, #8
100094d4:	f001 fd04 	bl	1000aee0 <DEV_Digital_Write>
100094d8:	2121      	movs	r1, #33	; 0x21
100094da:	48f2      	ldr	r0, [pc, #968]	; (100098a4 <LCD_1IN28_Init+0x83c>)
100094dc:	f001 fd0a 	bl	1000aef4 <DEV_SPI_WriteByte>
100094e0:	2101      	movs	r1, #1
100094e2:	2008      	movs	r0, #8
100094e4:	f001 fcfc 	bl	1000aee0 <DEV_Digital_Write>
100094e8:	210c      	movs	r1, #12
100094ea:	48ee      	ldr	r0, [pc, #952]	; (100098a4 <LCD_1IN28_Init+0x83c>)
100094ec:	f001 fd02 	bl	1000aef4 <DEV_SPI_WriteByte>
100094f0:	2101      	movs	r1, #1
100094f2:	2008      	movs	r0, #8
100094f4:	f001 fcf4 	bl	1000aee0 <DEV_Digital_Write>
100094f8:	2102      	movs	r1, #2
100094fa:	48ea      	ldr	r0, [pc, #936]	; (100098a4 <LCD_1IN28_Init+0x83c>)
100094fc:	f001 fcfa 	bl	1000aef4 <DEV_SPI_WriteByte>
10009500:	2100      	movs	r1, #0
10009502:	2008      	movs	r0, #8
10009504:	f001 fcec 	bl	1000aee0 <DEV_Digital_Write>
10009508:	21f0      	movs	r1, #240	; 0xf0
1000950a:	48e6      	ldr	r0, [pc, #920]	; (100098a4 <LCD_1IN28_Init+0x83c>)
1000950c:	f001 fcf2 	bl	1000aef4 <DEV_SPI_WriteByte>
10009510:	2101      	movs	r1, #1
10009512:	2008      	movs	r0, #8
10009514:	f001 fce4 	bl	1000aee0 <DEV_Digital_Write>
10009518:	2145      	movs	r1, #69	; 0x45
1000951a:	48e2      	ldr	r0, [pc, #904]	; (100098a4 <LCD_1IN28_Init+0x83c>)
1000951c:	f001 fcea 	bl	1000aef4 <DEV_SPI_WriteByte>
10009520:	2101      	movs	r1, #1
10009522:	2008      	movs	r0, #8
10009524:	f001 fcdc 	bl	1000aee0 <DEV_Digital_Write>
10009528:	2109      	movs	r1, #9
1000952a:	48de      	ldr	r0, [pc, #888]	; (100098a4 <LCD_1IN28_Init+0x83c>)
1000952c:	f001 fce2 	bl	1000aef4 <DEV_SPI_WriteByte>
10009530:	2101      	movs	r1, #1
10009532:	2008      	movs	r0, #8
10009534:	f001 fcd4 	bl	1000aee0 <DEV_Digital_Write>
10009538:	2108      	movs	r1, #8
1000953a:	48da      	ldr	r0, [pc, #872]	; (100098a4 <LCD_1IN28_Init+0x83c>)
1000953c:	f001 fcda 	bl	1000aef4 <DEV_SPI_WriteByte>
10009540:	2101      	movs	r1, #1
10009542:	2008      	movs	r0, #8
10009544:	f001 fccc 	bl	1000aee0 <DEV_Digital_Write>
10009548:	2108      	movs	r1, #8
1000954a:	48d6      	ldr	r0, [pc, #856]	; (100098a4 <LCD_1IN28_Init+0x83c>)
1000954c:	f001 fcd2 	bl	1000aef4 <DEV_SPI_WriteByte>
10009550:	2101      	movs	r1, #1
10009552:	2008      	movs	r0, #8
10009554:	f001 fcc4 	bl	1000aee0 <DEV_Digital_Write>
10009558:	2126      	movs	r1, #38	; 0x26
1000955a:	48d2      	ldr	r0, [pc, #840]	; (100098a4 <LCD_1IN28_Init+0x83c>)
1000955c:	f001 fcca 	bl	1000aef4 <DEV_SPI_WriteByte>
10009560:	2101      	movs	r1, #1
10009562:	2008      	movs	r0, #8
10009564:	f001 fcbc 	bl	1000aee0 <DEV_Digital_Write>
10009568:	212a      	movs	r1, #42	; 0x2a
1000956a:	48ce      	ldr	r0, [pc, #824]	; (100098a4 <LCD_1IN28_Init+0x83c>)
1000956c:	f001 fcc2 	bl	1000aef4 <DEV_SPI_WriteByte>
10009570:	2100      	movs	r1, #0
10009572:	2008      	movs	r0, #8
10009574:	f001 fcb4 	bl	1000aee0 <DEV_Digital_Write>
10009578:	21f1      	movs	r1, #241	; 0xf1
1000957a:	48ca      	ldr	r0, [pc, #808]	; (100098a4 <LCD_1IN28_Init+0x83c>)
1000957c:	f001 fcba 	bl	1000aef4 <DEV_SPI_WriteByte>
10009580:	2101      	movs	r1, #1
10009582:	2008      	movs	r0, #8
10009584:	f001 fcac 	bl	1000aee0 <DEV_Digital_Write>
10009588:	2143      	movs	r1, #67	; 0x43
1000958a:	48c6      	ldr	r0, [pc, #792]	; (100098a4 <LCD_1IN28_Init+0x83c>)
1000958c:	f001 fcb2 	bl	1000aef4 <DEV_SPI_WriteByte>
10009590:	2101      	movs	r1, #1
10009592:	2008      	movs	r0, #8
10009594:	f001 fca4 	bl	1000aee0 <DEV_Digital_Write>
10009598:	2170      	movs	r1, #112	; 0x70
1000959a:	48c2      	ldr	r0, [pc, #776]	; (100098a4 <LCD_1IN28_Init+0x83c>)
1000959c:	f001 fcaa 	bl	1000aef4 <DEV_SPI_WriteByte>
100095a0:	2101      	movs	r1, #1
100095a2:	2008      	movs	r0, #8
100095a4:	f001 fc9c 	bl	1000aee0 <DEV_Digital_Write>
100095a8:	2172      	movs	r1, #114	; 0x72
100095aa:	48be      	ldr	r0, [pc, #760]	; (100098a4 <LCD_1IN28_Init+0x83c>)
100095ac:	f001 fca2 	bl	1000aef4 <DEV_SPI_WriteByte>
100095b0:	2101      	movs	r1, #1
100095b2:	2008      	movs	r0, #8
100095b4:	f001 fc94 	bl	1000aee0 <DEV_Digital_Write>
100095b8:	2136      	movs	r1, #54	; 0x36
100095ba:	48ba      	ldr	r0, [pc, #744]	; (100098a4 <LCD_1IN28_Init+0x83c>)
100095bc:	f001 fc9a 	bl	1000aef4 <DEV_SPI_WriteByte>
100095c0:	2101      	movs	r1, #1
100095c2:	2008      	movs	r0, #8
100095c4:	f001 fc8c 	bl	1000aee0 <DEV_Digital_Write>
100095c8:	2137      	movs	r1, #55	; 0x37
100095ca:	48b6      	ldr	r0, [pc, #728]	; (100098a4 <LCD_1IN28_Init+0x83c>)
100095cc:	f001 fc92 	bl	1000aef4 <DEV_SPI_WriteByte>
100095d0:	2101      	movs	r1, #1
100095d2:	2008      	movs	r0, #8
100095d4:	f001 fc84 	bl	1000aee0 <DEV_Digital_Write>
100095d8:	216f      	movs	r1, #111	; 0x6f
100095da:	48b2      	ldr	r0, [pc, #712]	; (100098a4 <LCD_1IN28_Init+0x83c>)
100095dc:	f001 fc8a 	bl	1000aef4 <DEV_SPI_WriteByte>
100095e0:	2100      	movs	r1, #0
100095e2:	2008      	movs	r0, #8
100095e4:	f001 fc7c 	bl	1000aee0 <DEV_Digital_Write>
100095e8:	21f2      	movs	r1, #242	; 0xf2
100095ea:	48ae      	ldr	r0, [pc, #696]	; (100098a4 <LCD_1IN28_Init+0x83c>)
100095ec:	f001 fc82 	bl	1000aef4 <DEV_SPI_WriteByte>
100095f0:	2101      	movs	r1, #1
100095f2:	2008      	movs	r0, #8
100095f4:	f001 fc74 	bl	1000aee0 <DEV_Digital_Write>
100095f8:	2145      	movs	r1, #69	; 0x45
100095fa:	48aa      	ldr	r0, [pc, #680]	; (100098a4 <LCD_1IN28_Init+0x83c>)
100095fc:	f001 fc7a 	bl	1000aef4 <DEV_SPI_WriteByte>
10009600:	2101      	movs	r1, #1
10009602:	2008      	movs	r0, #8
10009604:	f001 fc6c 	bl	1000aee0 <DEV_Digital_Write>
10009608:	2109      	movs	r1, #9
1000960a:	48a6      	ldr	r0, [pc, #664]	; (100098a4 <LCD_1IN28_Init+0x83c>)
1000960c:	f001 fc72 	bl	1000aef4 <DEV_SPI_WriteByte>
10009610:	2101      	movs	r1, #1
10009612:	2008      	movs	r0, #8
10009614:	f001 fc64 	bl	1000aee0 <DEV_Digital_Write>
10009618:	2108      	movs	r1, #8
1000961a:	48a2      	ldr	r0, [pc, #648]	; (100098a4 <LCD_1IN28_Init+0x83c>)
1000961c:	f001 fc6a 	bl	1000aef4 <DEV_SPI_WriteByte>
10009620:	2101      	movs	r1, #1
10009622:	2008      	movs	r0, #8
10009624:	f001 fc5c 	bl	1000aee0 <DEV_Digital_Write>
10009628:	2108      	movs	r1, #8
1000962a:	489e      	ldr	r0, [pc, #632]	; (100098a4 <LCD_1IN28_Init+0x83c>)
1000962c:	f001 fc62 	bl	1000aef4 <DEV_SPI_WriteByte>
10009630:	2101      	movs	r1, #1
10009632:	2008      	movs	r0, #8
10009634:	f001 fc54 	bl	1000aee0 <DEV_Digital_Write>
10009638:	2126      	movs	r1, #38	; 0x26
1000963a:	489a      	ldr	r0, [pc, #616]	; (100098a4 <LCD_1IN28_Init+0x83c>)
1000963c:	f001 fc5a 	bl	1000aef4 <DEV_SPI_WriteByte>
10009640:	2101      	movs	r1, #1
10009642:	2008      	movs	r0, #8
10009644:	f001 fc4c 	bl	1000aee0 <DEV_Digital_Write>
10009648:	212a      	movs	r1, #42	; 0x2a
1000964a:	4896      	ldr	r0, [pc, #600]	; (100098a4 <LCD_1IN28_Init+0x83c>)
1000964c:	f001 fc52 	bl	1000aef4 <DEV_SPI_WriteByte>
10009650:	2100      	movs	r1, #0
10009652:	2008      	movs	r0, #8
10009654:	f001 fc44 	bl	1000aee0 <DEV_Digital_Write>
10009658:	21f3      	movs	r1, #243	; 0xf3
1000965a:	4892      	ldr	r0, [pc, #584]	; (100098a4 <LCD_1IN28_Init+0x83c>)
1000965c:	f001 fc4a 	bl	1000aef4 <DEV_SPI_WriteByte>
10009660:	2101      	movs	r1, #1
10009662:	2008      	movs	r0, #8
10009664:	f001 fc3c 	bl	1000aee0 <DEV_Digital_Write>
10009668:	2143      	movs	r1, #67	; 0x43
1000966a:	488e      	ldr	r0, [pc, #568]	; (100098a4 <LCD_1IN28_Init+0x83c>)
1000966c:	f001 fc42 	bl	1000aef4 <DEV_SPI_WriteByte>
10009670:	2101      	movs	r1, #1
10009672:	2008      	movs	r0, #8
10009674:	f001 fc34 	bl	1000aee0 <DEV_Digital_Write>
10009678:	2170      	movs	r1, #112	; 0x70
1000967a:	488a      	ldr	r0, [pc, #552]	; (100098a4 <LCD_1IN28_Init+0x83c>)
1000967c:	f001 fc3a 	bl	1000aef4 <DEV_SPI_WriteByte>
10009680:	2101      	movs	r1, #1
10009682:	2008      	movs	r0, #8
10009684:	f001 fc2c 	bl	1000aee0 <DEV_Digital_Write>
10009688:	2172      	movs	r1, #114	; 0x72
1000968a:	4886      	ldr	r0, [pc, #536]	; (100098a4 <LCD_1IN28_Init+0x83c>)
1000968c:	f001 fc32 	bl	1000aef4 <DEV_SPI_WriteByte>
10009690:	2101      	movs	r1, #1
10009692:	2008      	movs	r0, #8
10009694:	f001 fc24 	bl	1000aee0 <DEV_Digital_Write>
10009698:	2136      	movs	r1, #54	; 0x36
1000969a:	4882      	ldr	r0, [pc, #520]	; (100098a4 <LCD_1IN28_Init+0x83c>)
1000969c:	f001 fc2a 	bl	1000aef4 <DEV_SPI_WriteByte>
100096a0:	2101      	movs	r1, #1
100096a2:	2008      	movs	r0, #8
100096a4:	f001 fc1c 	bl	1000aee0 <DEV_Digital_Write>
100096a8:	2137      	movs	r1, #55	; 0x37
100096aa:	487e      	ldr	r0, [pc, #504]	; (100098a4 <LCD_1IN28_Init+0x83c>)
100096ac:	f001 fc22 	bl	1000aef4 <DEV_SPI_WriteByte>
100096b0:	2101      	movs	r1, #1
100096b2:	2008      	movs	r0, #8
100096b4:	f001 fc14 	bl	1000aee0 <DEV_Digital_Write>
100096b8:	216f      	movs	r1, #111	; 0x6f
100096ba:	487a      	ldr	r0, [pc, #488]	; (100098a4 <LCD_1IN28_Init+0x83c>)
100096bc:	f001 fc1a 	bl	1000aef4 <DEV_SPI_WriteByte>
100096c0:	2100      	movs	r1, #0
100096c2:	2008      	movs	r0, #8
100096c4:	f001 fc0c 	bl	1000aee0 <DEV_Digital_Write>
100096c8:	21ed      	movs	r1, #237	; 0xed
100096ca:	4876      	ldr	r0, [pc, #472]	; (100098a4 <LCD_1IN28_Init+0x83c>)
100096cc:	f001 fc12 	bl	1000aef4 <DEV_SPI_WriteByte>
100096d0:	2101      	movs	r1, #1
100096d2:	2008      	movs	r0, #8
100096d4:	f001 fc04 	bl	1000aee0 <DEV_Digital_Write>
100096d8:	211b      	movs	r1, #27
100096da:	4872      	ldr	r0, [pc, #456]	; (100098a4 <LCD_1IN28_Init+0x83c>)
100096dc:	f001 fc0a 	bl	1000aef4 <DEV_SPI_WriteByte>
100096e0:	2101      	movs	r1, #1
100096e2:	2008      	movs	r0, #8
100096e4:	f001 fbfc 	bl	1000aee0 <DEV_Digital_Write>
100096e8:	210b      	movs	r1, #11
100096ea:	486e      	ldr	r0, [pc, #440]	; (100098a4 <LCD_1IN28_Init+0x83c>)
100096ec:	f001 fc02 	bl	1000aef4 <DEV_SPI_WriteByte>
100096f0:	2100      	movs	r1, #0
100096f2:	2008      	movs	r0, #8
100096f4:	f001 fbf4 	bl	1000aee0 <DEV_Digital_Write>
100096f8:	21ae      	movs	r1, #174	; 0xae
100096fa:	486a      	ldr	r0, [pc, #424]	; (100098a4 <LCD_1IN28_Init+0x83c>)
100096fc:	f001 fbfa 	bl	1000aef4 <DEV_SPI_WriteByte>
10009700:	2101      	movs	r1, #1
10009702:	2008      	movs	r0, #8
10009704:	f001 fbec 	bl	1000aee0 <DEV_Digital_Write>
10009708:	2177      	movs	r1, #119	; 0x77
1000970a:	4866      	ldr	r0, [pc, #408]	; (100098a4 <LCD_1IN28_Init+0x83c>)
1000970c:	f001 fbf2 	bl	1000aef4 <DEV_SPI_WriteByte>
10009710:	2100      	movs	r1, #0
10009712:	2008      	movs	r0, #8
10009714:	f001 fbe4 	bl	1000aee0 <DEV_Digital_Write>
10009718:	21cd      	movs	r1, #205	; 0xcd
1000971a:	4862      	ldr	r0, [pc, #392]	; (100098a4 <LCD_1IN28_Init+0x83c>)
1000971c:	f001 fbea 	bl	1000aef4 <DEV_SPI_WriteByte>
10009720:	2101      	movs	r1, #1
10009722:	2008      	movs	r0, #8
10009724:	f001 fbdc 	bl	1000aee0 <DEV_Digital_Write>
10009728:	2163      	movs	r1, #99	; 0x63
1000972a:	485e      	ldr	r0, [pc, #376]	; (100098a4 <LCD_1IN28_Init+0x83c>)
1000972c:	f001 fbe2 	bl	1000aef4 <DEV_SPI_WriteByte>
10009730:	2100      	movs	r1, #0
10009732:	2008      	movs	r0, #8
10009734:	f001 fbd4 	bl	1000aee0 <DEV_Digital_Write>
10009738:	2170      	movs	r1, #112	; 0x70
1000973a:	485a      	ldr	r0, [pc, #360]	; (100098a4 <LCD_1IN28_Init+0x83c>)
1000973c:	f001 fbda 	bl	1000aef4 <DEV_SPI_WriteByte>
10009740:	2101      	movs	r1, #1
10009742:	2008      	movs	r0, #8
10009744:	f001 fbcc 	bl	1000aee0 <DEV_Digital_Write>
10009748:	2107      	movs	r1, #7
1000974a:	4856      	ldr	r0, [pc, #344]	; (100098a4 <LCD_1IN28_Init+0x83c>)
1000974c:	f001 fbd2 	bl	1000aef4 <DEV_SPI_WriteByte>
10009750:	2101      	movs	r1, #1
10009752:	2008      	movs	r0, #8
10009754:	f001 fbc4 	bl	1000aee0 <DEV_Digital_Write>
10009758:	2107      	movs	r1, #7
1000975a:	4852      	ldr	r0, [pc, #328]	; (100098a4 <LCD_1IN28_Init+0x83c>)
1000975c:	f001 fbca 	bl	1000aef4 <DEV_SPI_WriteByte>
10009760:	2101      	movs	r1, #1
10009762:	2008      	movs	r0, #8
10009764:	f001 fbbc 	bl	1000aee0 <DEV_Digital_Write>
10009768:	2104      	movs	r1, #4
1000976a:	484e      	ldr	r0, [pc, #312]	; (100098a4 <LCD_1IN28_Init+0x83c>)
1000976c:	f001 fbc2 	bl	1000aef4 <DEV_SPI_WriteByte>
10009770:	2101      	movs	r1, #1
10009772:	2008      	movs	r0, #8
10009774:	f001 fbb4 	bl	1000aee0 <DEV_Digital_Write>
10009778:	210e      	movs	r1, #14
1000977a:	484a      	ldr	r0, [pc, #296]	; (100098a4 <LCD_1IN28_Init+0x83c>)
1000977c:	f001 fbba 	bl	1000aef4 <DEV_SPI_WriteByte>
10009780:	2101      	movs	r1, #1
10009782:	2008      	movs	r0, #8
10009784:	f001 fbac 	bl	1000aee0 <DEV_Digital_Write>
10009788:	210f      	movs	r1, #15
1000978a:	4846      	ldr	r0, [pc, #280]	; (100098a4 <LCD_1IN28_Init+0x83c>)
1000978c:	f001 fbb2 	bl	1000aef4 <DEV_SPI_WriteByte>
10009790:	2101      	movs	r1, #1
10009792:	2008      	movs	r0, #8
10009794:	f001 fba4 	bl	1000aee0 <DEV_Digital_Write>
10009798:	2109      	movs	r1, #9
1000979a:	4842      	ldr	r0, [pc, #264]	; (100098a4 <LCD_1IN28_Init+0x83c>)
1000979c:	f001 fbaa 	bl	1000aef4 <DEV_SPI_WriteByte>
100097a0:	2101      	movs	r1, #1
100097a2:	2008      	movs	r0, #8
100097a4:	f001 fb9c 	bl	1000aee0 <DEV_Digital_Write>
100097a8:	2107      	movs	r1, #7
100097aa:	483e      	ldr	r0, [pc, #248]	; (100098a4 <LCD_1IN28_Init+0x83c>)
100097ac:	f001 fba2 	bl	1000aef4 <DEV_SPI_WriteByte>
100097b0:	2101      	movs	r1, #1
100097b2:	2008      	movs	r0, #8
100097b4:	f001 fb94 	bl	1000aee0 <DEV_Digital_Write>
100097b8:	2108      	movs	r1, #8
100097ba:	483a      	ldr	r0, [pc, #232]	; (100098a4 <LCD_1IN28_Init+0x83c>)
100097bc:	f001 fb9a 	bl	1000aef4 <DEV_SPI_WriteByte>
100097c0:	2101      	movs	r1, #1
100097c2:	2008      	movs	r0, #8
100097c4:	f001 fb8c 	bl	1000aee0 <DEV_Digital_Write>
100097c8:	2103      	movs	r1, #3
100097ca:	4836      	ldr	r0, [pc, #216]	; (100098a4 <LCD_1IN28_Init+0x83c>)
100097cc:	f001 fb92 	bl	1000aef4 <DEV_SPI_WriteByte>
100097d0:	2100      	movs	r1, #0
100097d2:	2008      	movs	r0, #8
100097d4:	f001 fb84 	bl	1000aee0 <DEV_Digital_Write>
100097d8:	21e8      	movs	r1, #232	; 0xe8
100097da:	4832      	ldr	r0, [pc, #200]	; (100098a4 <LCD_1IN28_Init+0x83c>)
100097dc:	f001 fb8a 	bl	1000aef4 <DEV_SPI_WriteByte>
100097e0:	2101      	movs	r1, #1
100097e2:	2008      	movs	r0, #8
100097e4:	f001 fb7c 	bl	1000aee0 <DEV_Digital_Write>
100097e8:	2134      	movs	r1, #52	; 0x34
100097ea:	482e      	ldr	r0, [pc, #184]	; (100098a4 <LCD_1IN28_Init+0x83c>)
100097ec:	f001 fb82 	bl	1000aef4 <DEV_SPI_WriteByte>
100097f0:	2100      	movs	r1, #0
100097f2:	2008      	movs	r0, #8
100097f4:	f001 fb74 	bl	1000aee0 <DEV_Digital_Write>
100097f8:	2162      	movs	r1, #98	; 0x62
100097fa:	482a      	ldr	r0, [pc, #168]	; (100098a4 <LCD_1IN28_Init+0x83c>)
100097fc:	f001 fb7a 	bl	1000aef4 <DEV_SPI_WriteByte>
10009800:	2101      	movs	r1, #1
10009802:	2008      	movs	r0, #8
10009804:	f001 fb6c 	bl	1000aee0 <DEV_Digital_Write>
10009808:	2118      	movs	r1, #24
1000980a:	4826      	ldr	r0, [pc, #152]	; (100098a4 <LCD_1IN28_Init+0x83c>)
1000980c:	f001 fb72 	bl	1000aef4 <DEV_SPI_WriteByte>
10009810:	2101      	movs	r1, #1
10009812:	2008      	movs	r0, #8
10009814:	f001 fb64 	bl	1000aee0 <DEV_Digital_Write>
10009818:	210d      	movs	r1, #13
1000981a:	4822      	ldr	r0, [pc, #136]	; (100098a4 <LCD_1IN28_Init+0x83c>)
1000981c:	f001 fb6a 	bl	1000aef4 <DEV_SPI_WriteByte>
10009820:	2101      	movs	r1, #1
10009822:	2008      	movs	r0, #8
10009824:	f001 fb5c 	bl	1000aee0 <DEV_Digital_Write>
10009828:	2171      	movs	r1, #113	; 0x71
1000982a:	481e      	ldr	r0, [pc, #120]	; (100098a4 <LCD_1IN28_Init+0x83c>)
1000982c:	f001 fb62 	bl	1000aef4 <DEV_SPI_WriteByte>
10009830:	2101      	movs	r1, #1
10009832:	2008      	movs	r0, #8
10009834:	f001 fb54 	bl	1000aee0 <DEV_Digital_Write>
10009838:	21ed      	movs	r1, #237	; 0xed
1000983a:	481a      	ldr	r0, [pc, #104]	; (100098a4 <LCD_1IN28_Init+0x83c>)
1000983c:	f001 fb5a 	bl	1000aef4 <DEV_SPI_WriteByte>
10009840:	2101      	movs	r1, #1
10009842:	2008      	movs	r0, #8
10009844:	f001 fb4c 	bl	1000aee0 <DEV_Digital_Write>
10009848:	2170      	movs	r1, #112	; 0x70
1000984a:	4816      	ldr	r0, [pc, #88]	; (100098a4 <LCD_1IN28_Init+0x83c>)
1000984c:	f001 fb52 	bl	1000aef4 <DEV_SPI_WriteByte>
10009850:	2101      	movs	r1, #1
10009852:	2008      	movs	r0, #8
10009854:	f001 fb44 	bl	1000aee0 <DEV_Digital_Write>
10009858:	2170      	movs	r1, #112	; 0x70
1000985a:	4812      	ldr	r0, [pc, #72]	; (100098a4 <LCD_1IN28_Init+0x83c>)
1000985c:	f001 fb4a 	bl	1000aef4 <DEV_SPI_WriteByte>
10009860:	2101      	movs	r1, #1
10009862:	2008      	movs	r0, #8
10009864:	f001 fb3c 	bl	1000aee0 <DEV_Digital_Write>
10009868:	2118      	movs	r1, #24
1000986a:	480e      	ldr	r0, [pc, #56]	; (100098a4 <LCD_1IN28_Init+0x83c>)
1000986c:	f001 fb42 	bl	1000aef4 <DEV_SPI_WriteByte>
10009870:	2101      	movs	r1, #1
10009872:	2008      	movs	r0, #8
10009874:	f001 fb34 	bl	1000aee0 <DEV_Digital_Write>
10009878:	210f      	movs	r1, #15
1000987a:	480a      	ldr	r0, [pc, #40]	; (100098a4 <LCD_1IN28_Init+0x83c>)
1000987c:	f001 fb3a 	bl	1000aef4 <DEV_SPI_WriteByte>
10009880:	2101      	movs	r1, #1
10009882:	2008      	movs	r0, #8
10009884:	f001 fb2c 	bl	1000aee0 <DEV_Digital_Write>
10009888:	2171      	movs	r1, #113	; 0x71
1000988a:	4806      	ldr	r0, [pc, #24]	; (100098a4 <LCD_1IN28_Init+0x83c>)
1000988c:	f001 fb32 	bl	1000aef4 <DEV_SPI_WriteByte>
10009890:	2101      	movs	r1, #1
10009892:	2008      	movs	r0, #8
10009894:	f001 fb24 	bl	1000aee0 <DEV_Digital_Write>
10009898:	21ef      	movs	r1, #239	; 0xef
1000989a:	4802      	ldr	r0, [pc, #8]	; (100098a4 <LCD_1IN28_Init+0x83c>)
1000989c:	f001 fb2a 	bl	1000aef4 <DEV_SPI_WriteByte>
100098a0:	2101      	movs	r1, #1
100098a2:	e001      	b.n	100098a8 <LCD_1IN28_Init+0x840>
100098a4:	40040000 	.word	0x40040000
100098a8:	2008      	movs	r0, #8
100098aa:	f001 fb19 	bl	1000aee0 <DEV_Digital_Write>
100098ae:	2170      	movs	r1, #112	; 0x70
100098b0:	48f0      	ldr	r0, [pc, #960]	; (10009c74 <LCD_1IN28_Init+0xc0c>)
100098b2:	f001 fb1f 	bl	1000aef4 <DEV_SPI_WriteByte>
100098b6:	2101      	movs	r1, #1
100098b8:	2008      	movs	r0, #8
100098ba:	f001 fb11 	bl	1000aee0 <DEV_Digital_Write>
100098be:	2170      	movs	r1, #112	; 0x70
100098c0:	48ec      	ldr	r0, [pc, #944]	; (10009c74 <LCD_1IN28_Init+0xc0c>)
100098c2:	f001 fb17 	bl	1000aef4 <DEV_SPI_WriteByte>
100098c6:	2100      	movs	r1, #0
100098c8:	2008      	movs	r0, #8
100098ca:	f001 fb09 	bl	1000aee0 <DEV_Digital_Write>
100098ce:	2163      	movs	r1, #99	; 0x63
100098d0:	48e8      	ldr	r0, [pc, #928]	; (10009c74 <LCD_1IN28_Init+0xc0c>)
100098d2:	f001 fb0f 	bl	1000aef4 <DEV_SPI_WriteByte>
100098d6:	2101      	movs	r1, #1
100098d8:	2008      	movs	r0, #8
100098da:	f001 fb01 	bl	1000aee0 <DEV_Digital_Write>
100098de:	2118      	movs	r1, #24
100098e0:	48e4      	ldr	r0, [pc, #912]	; (10009c74 <LCD_1IN28_Init+0xc0c>)
100098e2:	f001 fb07 	bl	1000aef4 <DEV_SPI_WriteByte>
100098e6:	2101      	movs	r1, #1
100098e8:	2008      	movs	r0, #8
100098ea:	f001 faf9 	bl	1000aee0 <DEV_Digital_Write>
100098ee:	2111      	movs	r1, #17
100098f0:	48e0      	ldr	r0, [pc, #896]	; (10009c74 <LCD_1IN28_Init+0xc0c>)
100098f2:	f001 faff 	bl	1000aef4 <DEV_SPI_WriteByte>
100098f6:	2101      	movs	r1, #1
100098f8:	2008      	movs	r0, #8
100098fa:	f001 faf1 	bl	1000aee0 <DEV_Digital_Write>
100098fe:	2171      	movs	r1, #113	; 0x71
10009900:	48dc      	ldr	r0, [pc, #880]	; (10009c74 <LCD_1IN28_Init+0xc0c>)
10009902:	f001 faf7 	bl	1000aef4 <DEV_SPI_WriteByte>
10009906:	2101      	movs	r1, #1
10009908:	2008      	movs	r0, #8
1000990a:	f001 fae9 	bl	1000aee0 <DEV_Digital_Write>
1000990e:	21f1      	movs	r1, #241	; 0xf1
10009910:	48d8      	ldr	r0, [pc, #864]	; (10009c74 <LCD_1IN28_Init+0xc0c>)
10009912:	f001 faef 	bl	1000aef4 <DEV_SPI_WriteByte>
10009916:	2101      	movs	r1, #1
10009918:	2008      	movs	r0, #8
1000991a:	f001 fae1 	bl	1000aee0 <DEV_Digital_Write>
1000991e:	2170      	movs	r1, #112	; 0x70
10009920:	48d4      	ldr	r0, [pc, #848]	; (10009c74 <LCD_1IN28_Init+0xc0c>)
10009922:	f001 fae7 	bl	1000aef4 <DEV_SPI_WriteByte>
10009926:	2101      	movs	r1, #1
10009928:	2008      	movs	r0, #8
1000992a:	f001 fad9 	bl	1000aee0 <DEV_Digital_Write>
1000992e:	2170      	movs	r1, #112	; 0x70
10009930:	48d0      	ldr	r0, [pc, #832]	; (10009c74 <LCD_1IN28_Init+0xc0c>)
10009932:	f001 fadf 	bl	1000aef4 <DEV_SPI_WriteByte>
10009936:	2101      	movs	r1, #1
10009938:	2008      	movs	r0, #8
1000993a:	f001 fad1 	bl	1000aee0 <DEV_Digital_Write>
1000993e:	2118      	movs	r1, #24
10009940:	48cc      	ldr	r0, [pc, #816]	; (10009c74 <LCD_1IN28_Init+0xc0c>)
10009942:	f001 fad7 	bl	1000aef4 <DEV_SPI_WriteByte>
10009946:	2101      	movs	r1, #1
10009948:	2008      	movs	r0, #8
1000994a:	f001 fac9 	bl	1000aee0 <DEV_Digital_Write>
1000994e:	2113      	movs	r1, #19
10009950:	48c8      	ldr	r0, [pc, #800]	; (10009c74 <LCD_1IN28_Init+0xc0c>)
10009952:	f001 facf 	bl	1000aef4 <DEV_SPI_WriteByte>
10009956:	2101      	movs	r1, #1
10009958:	2008      	movs	r0, #8
1000995a:	f001 fac1 	bl	1000aee0 <DEV_Digital_Write>
1000995e:	2171      	movs	r1, #113	; 0x71
10009960:	48c4      	ldr	r0, [pc, #784]	; (10009c74 <LCD_1IN28_Init+0xc0c>)
10009962:	f001 fac7 	bl	1000aef4 <DEV_SPI_WriteByte>
10009966:	2101      	movs	r1, #1
10009968:	2008      	movs	r0, #8
1000996a:	f001 fab9 	bl	1000aee0 <DEV_Digital_Write>
1000996e:	21f3      	movs	r1, #243	; 0xf3
10009970:	48c0      	ldr	r0, [pc, #768]	; (10009c74 <LCD_1IN28_Init+0xc0c>)
10009972:	f001 fabf 	bl	1000aef4 <DEV_SPI_WriteByte>
10009976:	2101      	movs	r1, #1
10009978:	2008      	movs	r0, #8
1000997a:	f001 fab1 	bl	1000aee0 <DEV_Digital_Write>
1000997e:	2170      	movs	r1, #112	; 0x70
10009980:	48bc      	ldr	r0, [pc, #752]	; (10009c74 <LCD_1IN28_Init+0xc0c>)
10009982:	f001 fab7 	bl	1000aef4 <DEV_SPI_WriteByte>
10009986:	2101      	movs	r1, #1
10009988:	2008      	movs	r0, #8
1000998a:	f001 faa9 	bl	1000aee0 <DEV_Digital_Write>
1000998e:	2170      	movs	r1, #112	; 0x70
10009990:	48b8      	ldr	r0, [pc, #736]	; (10009c74 <LCD_1IN28_Init+0xc0c>)
10009992:	f001 faaf 	bl	1000aef4 <DEV_SPI_WriteByte>
10009996:	2100      	movs	r1, #0
10009998:	2008      	movs	r0, #8
1000999a:	f001 faa1 	bl	1000aee0 <DEV_Digital_Write>
1000999e:	2164      	movs	r1, #100	; 0x64
100099a0:	48b4      	ldr	r0, [pc, #720]	; (10009c74 <LCD_1IN28_Init+0xc0c>)
100099a2:	f001 faa7 	bl	1000aef4 <DEV_SPI_WriteByte>
100099a6:	2101      	movs	r1, #1
100099a8:	2008      	movs	r0, #8
100099aa:	f001 fa99 	bl	1000aee0 <DEV_Digital_Write>
100099ae:	2128      	movs	r1, #40	; 0x28
100099b0:	48b0      	ldr	r0, [pc, #704]	; (10009c74 <LCD_1IN28_Init+0xc0c>)
100099b2:	f001 fa9f 	bl	1000aef4 <DEV_SPI_WriteByte>
100099b6:	2101      	movs	r1, #1
100099b8:	2008      	movs	r0, #8
100099ba:	f001 fa91 	bl	1000aee0 <DEV_Digital_Write>
100099be:	2129      	movs	r1, #41	; 0x29
100099c0:	48ac      	ldr	r0, [pc, #688]	; (10009c74 <LCD_1IN28_Init+0xc0c>)
100099c2:	f001 fa97 	bl	1000aef4 <DEV_SPI_WriteByte>
100099c6:	2101      	movs	r1, #1
100099c8:	2008      	movs	r0, #8
100099ca:	f001 fa89 	bl	1000aee0 <DEV_Digital_Write>
100099ce:	21f1      	movs	r1, #241	; 0xf1
100099d0:	48a8      	ldr	r0, [pc, #672]	; (10009c74 <LCD_1IN28_Init+0xc0c>)
100099d2:	f001 fa8f 	bl	1000aef4 <DEV_SPI_WriteByte>
100099d6:	2101      	movs	r1, #1
100099d8:	2008      	movs	r0, #8
100099da:	f001 fa81 	bl	1000aee0 <DEV_Digital_Write>
100099de:	2101      	movs	r1, #1
100099e0:	48a4      	ldr	r0, [pc, #656]	; (10009c74 <LCD_1IN28_Init+0xc0c>)
100099e2:	f001 fa87 	bl	1000aef4 <DEV_SPI_WriteByte>
100099e6:	2101      	movs	r1, #1
100099e8:	2008      	movs	r0, #8
100099ea:	f001 fa79 	bl	1000aee0 <DEV_Digital_Write>
100099ee:	21f1      	movs	r1, #241	; 0xf1
100099f0:	48a0      	ldr	r0, [pc, #640]	; (10009c74 <LCD_1IN28_Init+0xc0c>)
100099f2:	f001 fa7f 	bl	1000aef4 <DEV_SPI_WriteByte>
100099f6:	2101      	movs	r1, #1
100099f8:	2008      	movs	r0, #8
100099fa:	f001 fa71 	bl	1000aee0 <DEV_Digital_Write>
100099fe:	2100      	movs	r1, #0
10009a00:	489c      	ldr	r0, [pc, #624]	; (10009c74 <LCD_1IN28_Init+0xc0c>)
10009a02:	f001 fa77 	bl	1000aef4 <DEV_SPI_WriteByte>
10009a06:	2101      	movs	r1, #1
10009a08:	2008      	movs	r0, #8
10009a0a:	f001 fa69 	bl	1000aee0 <DEV_Digital_Write>
10009a0e:	2107      	movs	r1, #7
10009a10:	4898      	ldr	r0, [pc, #608]	; (10009c74 <LCD_1IN28_Init+0xc0c>)
10009a12:	f001 fa6f 	bl	1000aef4 <DEV_SPI_WriteByte>
10009a16:	2100      	movs	r1, #0
10009a18:	2008      	movs	r0, #8
10009a1a:	f001 fa61 	bl	1000aee0 <DEV_Digital_Write>
10009a1e:	2166      	movs	r1, #102	; 0x66
10009a20:	4894      	ldr	r0, [pc, #592]	; (10009c74 <LCD_1IN28_Init+0xc0c>)
10009a22:	f001 fa67 	bl	1000aef4 <DEV_SPI_WriteByte>
10009a26:	2101      	movs	r1, #1
10009a28:	2008      	movs	r0, #8
10009a2a:	f001 fa59 	bl	1000aee0 <DEV_Digital_Write>
10009a2e:	213c      	movs	r1, #60	; 0x3c
10009a30:	4890      	ldr	r0, [pc, #576]	; (10009c74 <LCD_1IN28_Init+0xc0c>)
10009a32:	f001 fa5f 	bl	1000aef4 <DEV_SPI_WriteByte>
10009a36:	2101      	movs	r1, #1
10009a38:	2008      	movs	r0, #8
10009a3a:	f001 fa51 	bl	1000aee0 <DEV_Digital_Write>
10009a3e:	2100      	movs	r1, #0
10009a40:	488c      	ldr	r0, [pc, #560]	; (10009c74 <LCD_1IN28_Init+0xc0c>)
10009a42:	f001 fa57 	bl	1000aef4 <DEV_SPI_WriteByte>
10009a46:	2101      	movs	r1, #1
10009a48:	2008      	movs	r0, #8
10009a4a:	f001 fa49 	bl	1000aee0 <DEV_Digital_Write>
10009a4e:	21cd      	movs	r1, #205	; 0xcd
10009a50:	4888      	ldr	r0, [pc, #544]	; (10009c74 <LCD_1IN28_Init+0xc0c>)
10009a52:	f001 fa4f 	bl	1000aef4 <DEV_SPI_WriteByte>
10009a56:	2101      	movs	r1, #1
10009a58:	2008      	movs	r0, #8
10009a5a:	f001 fa41 	bl	1000aee0 <DEV_Digital_Write>
10009a5e:	2167      	movs	r1, #103	; 0x67
10009a60:	4884      	ldr	r0, [pc, #528]	; (10009c74 <LCD_1IN28_Init+0xc0c>)
10009a62:	f001 fa47 	bl	1000aef4 <DEV_SPI_WriteByte>
10009a66:	2101      	movs	r1, #1
10009a68:	2008      	movs	r0, #8
10009a6a:	f001 fa39 	bl	1000aee0 <DEV_Digital_Write>
10009a6e:	2145      	movs	r1, #69	; 0x45
10009a70:	4880      	ldr	r0, [pc, #512]	; (10009c74 <LCD_1IN28_Init+0xc0c>)
10009a72:	f001 fa3f 	bl	1000aef4 <DEV_SPI_WriteByte>
10009a76:	2101      	movs	r1, #1
10009a78:	2008      	movs	r0, #8
10009a7a:	f001 fa31 	bl	1000aee0 <DEV_Digital_Write>
10009a7e:	2145      	movs	r1, #69	; 0x45
10009a80:	487c      	ldr	r0, [pc, #496]	; (10009c74 <LCD_1IN28_Init+0xc0c>)
10009a82:	f001 fa37 	bl	1000aef4 <DEV_SPI_WriteByte>
10009a86:	2101      	movs	r1, #1
10009a88:	2008      	movs	r0, #8
10009a8a:	f001 fa29 	bl	1000aee0 <DEV_Digital_Write>
10009a8e:	2110      	movs	r1, #16
10009a90:	4878      	ldr	r0, [pc, #480]	; (10009c74 <LCD_1IN28_Init+0xc0c>)
10009a92:	f001 fa2f 	bl	1000aef4 <DEV_SPI_WriteByte>
10009a96:	2101      	movs	r1, #1
10009a98:	2008      	movs	r0, #8
10009a9a:	f001 fa21 	bl	1000aee0 <DEV_Digital_Write>
10009a9e:	2100      	movs	r1, #0
10009aa0:	4874      	ldr	r0, [pc, #464]	; (10009c74 <LCD_1IN28_Init+0xc0c>)
10009aa2:	f001 fa27 	bl	1000aef4 <DEV_SPI_WriteByte>
10009aa6:	2101      	movs	r1, #1
10009aa8:	2008      	movs	r0, #8
10009aaa:	f001 fa19 	bl	1000aee0 <DEV_Digital_Write>
10009aae:	2100      	movs	r1, #0
10009ab0:	4870      	ldr	r0, [pc, #448]	; (10009c74 <LCD_1IN28_Init+0xc0c>)
10009ab2:	f001 fa1f 	bl	1000aef4 <DEV_SPI_WriteByte>
10009ab6:	2101      	movs	r1, #1
10009ab8:	2008      	movs	r0, #8
10009aba:	f001 fa11 	bl	1000aee0 <DEV_Digital_Write>
10009abe:	2100      	movs	r1, #0
10009ac0:	486c      	ldr	r0, [pc, #432]	; (10009c74 <LCD_1IN28_Init+0xc0c>)
10009ac2:	f001 fa17 	bl	1000aef4 <DEV_SPI_WriteByte>
10009ac6:	2100      	movs	r1, #0
10009ac8:	2008      	movs	r0, #8
10009aca:	f001 fa09 	bl	1000aee0 <DEV_Digital_Write>
10009ace:	2167      	movs	r1, #103	; 0x67
10009ad0:	4868      	ldr	r0, [pc, #416]	; (10009c74 <LCD_1IN28_Init+0xc0c>)
10009ad2:	f001 fa0f 	bl	1000aef4 <DEV_SPI_WriteByte>
10009ad6:	2101      	movs	r1, #1
10009ad8:	2008      	movs	r0, #8
10009ada:	f001 fa01 	bl	1000aee0 <DEV_Digital_Write>
10009ade:	2100      	movs	r1, #0
10009ae0:	4864      	ldr	r0, [pc, #400]	; (10009c74 <LCD_1IN28_Init+0xc0c>)
10009ae2:	f001 fa07 	bl	1000aef4 <DEV_SPI_WriteByte>
10009ae6:	2101      	movs	r1, #1
10009ae8:	2008      	movs	r0, #8
10009aea:	f001 f9f9 	bl	1000aee0 <DEV_Digital_Write>
10009aee:	213c      	movs	r1, #60	; 0x3c
10009af0:	4860      	ldr	r0, [pc, #384]	; (10009c74 <LCD_1IN28_Init+0xc0c>)
10009af2:	f001 f9ff 	bl	1000aef4 <DEV_SPI_WriteByte>
10009af6:	2101      	movs	r1, #1
10009af8:	2008      	movs	r0, #8
10009afa:	f001 f9f1 	bl	1000aee0 <DEV_Digital_Write>
10009afe:	2100      	movs	r1, #0
10009b00:	485c      	ldr	r0, [pc, #368]	; (10009c74 <LCD_1IN28_Init+0xc0c>)
10009b02:	f001 f9f7 	bl	1000aef4 <DEV_SPI_WriteByte>
10009b06:	2101      	movs	r1, #1
10009b08:	2008      	movs	r0, #8
10009b0a:	f001 f9e9 	bl	1000aee0 <DEV_Digital_Write>
10009b0e:	2100      	movs	r1, #0
10009b10:	4858      	ldr	r0, [pc, #352]	; (10009c74 <LCD_1IN28_Init+0xc0c>)
10009b12:	f001 f9ef 	bl	1000aef4 <DEV_SPI_WriteByte>
10009b16:	2101      	movs	r1, #1
10009b18:	2008      	movs	r0, #8
10009b1a:	f001 f9e1 	bl	1000aee0 <DEV_Digital_Write>
10009b1e:	2100      	movs	r1, #0
10009b20:	4854      	ldr	r0, [pc, #336]	; (10009c74 <LCD_1IN28_Init+0xc0c>)
10009b22:	f001 f9e7 	bl	1000aef4 <DEV_SPI_WriteByte>
10009b26:	2101      	movs	r1, #1
10009b28:	2008      	movs	r0, #8
10009b2a:	f001 f9d9 	bl	1000aee0 <DEV_Digital_Write>
10009b2e:	2101      	movs	r1, #1
10009b30:	4850      	ldr	r0, [pc, #320]	; (10009c74 <LCD_1IN28_Init+0xc0c>)
10009b32:	f001 f9df 	bl	1000aef4 <DEV_SPI_WriteByte>
10009b36:	2101      	movs	r1, #1
10009b38:	2008      	movs	r0, #8
10009b3a:	f001 f9d1 	bl	1000aee0 <DEV_Digital_Write>
10009b3e:	2154      	movs	r1, #84	; 0x54
10009b40:	484c      	ldr	r0, [pc, #304]	; (10009c74 <LCD_1IN28_Init+0xc0c>)
10009b42:	f001 f9d7 	bl	1000aef4 <DEV_SPI_WriteByte>
10009b46:	2101      	movs	r1, #1
10009b48:	2008      	movs	r0, #8
10009b4a:	f001 f9c9 	bl	1000aee0 <DEV_Digital_Write>
10009b4e:	2110      	movs	r1, #16
10009b50:	4848      	ldr	r0, [pc, #288]	; (10009c74 <LCD_1IN28_Init+0xc0c>)
10009b52:	f001 f9cf 	bl	1000aef4 <DEV_SPI_WriteByte>
10009b56:	2101      	movs	r1, #1
10009b58:	2008      	movs	r0, #8
10009b5a:	f001 f9c1 	bl	1000aee0 <DEV_Digital_Write>
10009b5e:	2132      	movs	r1, #50	; 0x32
10009b60:	4844      	ldr	r0, [pc, #272]	; (10009c74 <LCD_1IN28_Init+0xc0c>)
10009b62:	f001 f9c7 	bl	1000aef4 <DEV_SPI_WriteByte>
10009b66:	2101      	movs	r1, #1
10009b68:	2008      	movs	r0, #8
10009b6a:	f001 f9b9 	bl	1000aee0 <DEV_Digital_Write>
10009b6e:	2198      	movs	r1, #152	; 0x98
10009b70:	4840      	ldr	r0, [pc, #256]	; (10009c74 <LCD_1IN28_Init+0xc0c>)
10009b72:	f001 f9bf 	bl	1000aef4 <DEV_SPI_WriteByte>
10009b76:	2100      	movs	r1, #0
10009b78:	2008      	movs	r0, #8
10009b7a:	f001 f9b1 	bl	1000aee0 <DEV_Digital_Write>
10009b7e:	2174      	movs	r1, #116	; 0x74
10009b80:	483c      	ldr	r0, [pc, #240]	; (10009c74 <LCD_1IN28_Init+0xc0c>)
10009b82:	f001 f9b7 	bl	1000aef4 <DEV_SPI_WriteByte>
10009b86:	2101      	movs	r1, #1
10009b88:	2008      	movs	r0, #8
10009b8a:	f001 f9a9 	bl	1000aee0 <DEV_Digital_Write>
10009b8e:	2110      	movs	r1, #16
10009b90:	4838      	ldr	r0, [pc, #224]	; (10009c74 <LCD_1IN28_Init+0xc0c>)
10009b92:	f001 f9af 	bl	1000aef4 <DEV_SPI_WriteByte>
10009b96:	2101      	movs	r1, #1
10009b98:	2008      	movs	r0, #8
10009b9a:	f001 f9a1 	bl	1000aee0 <DEV_Digital_Write>
10009b9e:	2185      	movs	r1, #133	; 0x85
10009ba0:	4834      	ldr	r0, [pc, #208]	; (10009c74 <LCD_1IN28_Init+0xc0c>)
10009ba2:	f001 f9a7 	bl	1000aef4 <DEV_SPI_WriteByte>
10009ba6:	2101      	movs	r1, #1
10009ba8:	2008      	movs	r0, #8
10009baa:	f001 f999 	bl	1000aee0 <DEV_Digital_Write>
10009bae:	2180      	movs	r1, #128	; 0x80
10009bb0:	4830      	ldr	r0, [pc, #192]	; (10009c74 <LCD_1IN28_Init+0xc0c>)
10009bb2:	f001 f99f 	bl	1000aef4 <DEV_SPI_WriteByte>
10009bb6:	2101      	movs	r1, #1
10009bb8:	2008      	movs	r0, #8
10009bba:	f001 f991 	bl	1000aee0 <DEV_Digital_Write>
10009bbe:	2100      	movs	r1, #0
10009bc0:	482c      	ldr	r0, [pc, #176]	; (10009c74 <LCD_1IN28_Init+0xc0c>)
10009bc2:	f001 f997 	bl	1000aef4 <DEV_SPI_WriteByte>
10009bc6:	2101      	movs	r1, #1
10009bc8:	2008      	movs	r0, #8
10009bca:	f001 f989 	bl	1000aee0 <DEV_Digital_Write>
10009bce:	2100      	movs	r1, #0
10009bd0:	4828      	ldr	r0, [pc, #160]	; (10009c74 <LCD_1IN28_Init+0xc0c>)
10009bd2:	f001 f98f 	bl	1000aef4 <DEV_SPI_WriteByte>
10009bd6:	2101      	movs	r1, #1
10009bd8:	2008      	movs	r0, #8
10009bda:	f001 f981 	bl	1000aee0 <DEV_Digital_Write>
10009bde:	214e      	movs	r1, #78	; 0x4e
10009be0:	4824      	ldr	r0, [pc, #144]	; (10009c74 <LCD_1IN28_Init+0xc0c>)
10009be2:	f001 f987 	bl	1000aef4 <DEV_SPI_WriteByte>
10009be6:	2101      	movs	r1, #1
10009be8:	2008      	movs	r0, #8
10009bea:	f001 f979 	bl	1000aee0 <DEV_Digital_Write>
10009bee:	2100      	movs	r1, #0
10009bf0:	4820      	ldr	r0, [pc, #128]	; (10009c74 <LCD_1IN28_Init+0xc0c>)
10009bf2:	f001 f97f 	bl	1000aef4 <DEV_SPI_WriteByte>
10009bf6:	2100      	movs	r1, #0
10009bf8:	2008      	movs	r0, #8
10009bfa:	f001 f971 	bl	1000aee0 <DEV_Digital_Write>
10009bfe:	2198      	movs	r1, #152	; 0x98
10009c00:	481c      	ldr	r0, [pc, #112]	; (10009c74 <LCD_1IN28_Init+0xc0c>)
10009c02:	f001 f977 	bl	1000aef4 <DEV_SPI_WriteByte>
10009c06:	2101      	movs	r1, #1
10009c08:	2008      	movs	r0, #8
10009c0a:	f001 f969 	bl	1000aee0 <DEV_Digital_Write>
10009c0e:	213e      	movs	r1, #62	; 0x3e
10009c10:	4818      	ldr	r0, [pc, #96]	; (10009c74 <LCD_1IN28_Init+0xc0c>)
10009c12:	f001 f96f 	bl	1000aef4 <DEV_SPI_WriteByte>
10009c16:	2101      	movs	r1, #1
10009c18:	2008      	movs	r0, #8
10009c1a:	f001 f961 	bl	1000aee0 <DEV_Digital_Write>
10009c1e:	2107      	movs	r1, #7
10009c20:	4814      	ldr	r0, [pc, #80]	; (10009c74 <LCD_1IN28_Init+0xc0c>)
10009c22:	f001 f967 	bl	1000aef4 <DEV_SPI_WriteByte>
10009c26:	2100      	movs	r1, #0
10009c28:	2008      	movs	r0, #8
10009c2a:	f001 f959 	bl	1000aee0 <DEV_Digital_Write>
10009c2e:	2135      	movs	r1, #53	; 0x35
10009c30:	4810      	ldr	r0, [pc, #64]	; (10009c74 <LCD_1IN28_Init+0xc0c>)
10009c32:	f001 f95f 	bl	1000aef4 <DEV_SPI_WriteByte>
10009c36:	2100      	movs	r1, #0
10009c38:	2008      	movs	r0, #8
10009c3a:	f001 f951 	bl	1000aee0 <DEV_Digital_Write>
10009c3e:	2121      	movs	r1, #33	; 0x21
10009c40:	480c      	ldr	r0, [pc, #48]	; (10009c74 <LCD_1IN28_Init+0xc0c>)
10009c42:	f001 f957 	bl	1000aef4 <DEV_SPI_WriteByte>
10009c46:	2100      	movs	r1, #0
10009c48:	2008      	movs	r0, #8
10009c4a:	f001 f949 	bl	1000aee0 <DEV_Digital_Write>
10009c4e:	2111      	movs	r1, #17
10009c50:	4808      	ldr	r0, [pc, #32]	; (10009c74 <LCD_1IN28_Init+0xc0c>)
10009c52:	f001 f94f 	bl	1000aef4 <DEV_SPI_WriteByte>
10009c56:	2078      	movs	r0, #120	; 0x78
10009c58:	f001 f93e 	bl	1000aed8 <DEV_Delay_ms>
10009c5c:	2100      	movs	r1, #0
10009c5e:	2008      	movs	r0, #8
10009c60:	f001 f93e 	bl	1000aee0 <DEV_Digital_Write>
10009c64:	2129      	movs	r1, #41	; 0x29
10009c66:	4803      	ldr	r0, [pc, #12]	; (10009c74 <LCD_1IN28_Init+0xc0c>)
10009c68:	f001 f944 	bl	1000aef4 <DEV_SPI_WriteByte>
10009c6c:	2014      	movs	r0, #20
10009c6e:	f001 f933 	bl	1000aed8 <DEV_Delay_ms>
10009c72:	bd10      	pop	{r4, pc}
10009c74:	40040000 	.word	0x40040000

10009c78 <LCD_1IN28_SetWindows>:
10009c78:	b5f0      	push	{r4, r5, r6, r7, lr}
10009c7a:	46c6      	mov	lr, r8
10009c7c:	4680      	mov	r8, r0
10009c7e:	4c33      	ldr	r4, [pc, #204]	; (10009d4c <LCD_1IN28_SetWindows+0xd4>)
10009c80:	b500      	push	{lr}
10009c82:	000f      	movs	r7, r1
10009c84:	2100      	movs	r1, #0
10009c86:	2008      	movs	r0, #8
10009c88:	0015      	movs	r5, r2
10009c8a:	001e      	movs	r6, r3
10009c8c:	f001 f928 	bl	1000aee0 <DEV_Digital_Write>
10009c90:	0020      	movs	r0, r4
10009c92:	212a      	movs	r1, #42	; 0x2a
10009c94:	f001 f92e 	bl	1000aef4 <DEV_SPI_WriteByte>
10009c98:	2101      	movs	r1, #1
10009c9a:	2008      	movs	r0, #8
10009c9c:	f001 f920 	bl	1000aee0 <DEV_Digital_Write>
10009ca0:	0020      	movs	r0, r4
10009ca2:	2100      	movs	r1, #0
10009ca4:	f001 f926 	bl	1000aef4 <DEV_SPI_WriteByte>
10009ca8:	2101      	movs	r1, #1
10009caa:	2008      	movs	r0, #8
10009cac:	f001 f918 	bl	1000aee0 <DEV_Digital_Write>
10009cb0:	4643      	mov	r3, r8
10009cb2:	3d01      	subs	r5, #1
10009cb4:	0020      	movs	r0, r4
10009cb6:	b2d9      	uxtb	r1, r3
10009cb8:	f001 f91c 	bl	1000aef4 <DEV_SPI_WriteByte>
10009cbc:	122b      	asrs	r3, r5, #8
10009cbe:	b2db      	uxtb	r3, r3
10009cc0:	4698      	mov	r8, r3
10009cc2:	2101      	movs	r1, #1
10009cc4:	2008      	movs	r0, #8
10009cc6:	f001 f90b 	bl	1000aee0 <DEV_Digital_Write>
10009cca:	4641      	mov	r1, r8
10009ccc:	0020      	movs	r0, r4
10009cce:	f001 f911 	bl	1000aef4 <DEV_SPI_WriteByte>
10009cd2:	2101      	movs	r1, #1
10009cd4:	2008      	movs	r0, #8
10009cd6:	f001 f903 	bl	1000aee0 <DEV_Digital_Write>
10009cda:	b2e9      	uxtb	r1, r5
10009cdc:	0020      	movs	r0, r4
10009cde:	f001 f909 	bl	1000aef4 <DEV_SPI_WriteByte>
10009ce2:	2100      	movs	r1, #0
10009ce4:	2008      	movs	r0, #8
10009ce6:	f001 f8fb 	bl	1000aee0 <DEV_Digital_Write>
10009cea:	0020      	movs	r0, r4
10009cec:	212b      	movs	r1, #43	; 0x2b
10009cee:	f001 f901 	bl	1000aef4 <DEV_SPI_WriteByte>
10009cf2:	2101      	movs	r1, #1
10009cf4:	2008      	movs	r0, #8
10009cf6:	f001 f8f3 	bl	1000aee0 <DEV_Digital_Write>
10009cfa:	0020      	movs	r0, r4
10009cfc:	2100      	movs	r1, #0
10009cfe:	f001 f8f9 	bl	1000aef4 <DEV_SPI_WriteByte>
10009d02:	2101      	movs	r1, #1
10009d04:	2008      	movs	r0, #8
10009d06:	f001 f8eb 	bl	1000aee0 <DEV_Digital_Write>
10009d0a:	b2f9      	uxtb	r1, r7
10009d0c:	0020      	movs	r0, r4
10009d0e:	f001 f8f1 	bl	1000aef4 <DEV_SPI_WriteByte>
10009d12:	2101      	movs	r1, #1
10009d14:	2008      	movs	r0, #8
10009d16:	f001 f8e3 	bl	1000aee0 <DEV_Digital_Write>
10009d1a:	4641      	mov	r1, r8
10009d1c:	0020      	movs	r0, r4
10009d1e:	f001 f8e9 	bl	1000aef4 <DEV_SPI_WriteByte>
10009d22:	3e01      	subs	r6, #1
10009d24:	2101      	movs	r1, #1
10009d26:	2008      	movs	r0, #8
10009d28:	f001 f8da 	bl	1000aee0 <DEV_Digital_Write>
10009d2c:	b2f1      	uxtb	r1, r6
10009d2e:	0020      	movs	r0, r4
10009d30:	f001 f8e0 	bl	1000aef4 <DEV_SPI_WriteByte>
10009d34:	2100      	movs	r1, #0
10009d36:	2008      	movs	r0, #8
10009d38:	f001 f8d2 	bl	1000aee0 <DEV_Digital_Write>
10009d3c:	212c      	movs	r1, #44	; 0x2c
10009d3e:	0020      	movs	r0, r4
10009d40:	f001 f8d8 	bl	1000aef4 <DEV_SPI_WriteByte>
10009d44:	bc80      	pop	{r7}
10009d46:	46b8      	mov	r8, r7
10009d48:	bdf0      	pop	{r4, r5, r6, r7, pc}
10009d4a:	46c0      	nop			; (mov r8, r8)
10009d4c:	40040000 	.word	0x40040000

10009d50 <LCD_1IN28_Clear>:
10009d50:	b530      	push	{r4, r5, lr}
10009d52:	4c12      	ldr	r4, [pc, #72]	; (10009d9c <LCD_1IN28_Clear+0x4c>)
10009d54:	ba43      	rev16	r3, r0
10009d56:	44a5      	add	sp, r4
10009d58:	466c      	mov	r4, sp
10009d5a:	041b      	lsls	r3, r3, #16
10009d5c:	25e1      	movs	r5, #225	; 0xe1
10009d5e:	0c1a      	lsrs	r2, r3, #16
10009d60:	431a      	orrs	r2, r3
10009d62:	0023      	movs	r3, r4
10009d64:	026d      	lsls	r5, r5, #9
10009d66:	446d      	add	r5, sp
10009d68:	c304      	stmia	r3!, {r2}
10009d6a:	42ab      	cmp	r3, r5
10009d6c:	d1fc      	bne.n	10009d68 <LCD_1IN28_Clear+0x18>
10009d6e:	2100      	movs	r1, #0
10009d70:	2000      	movs	r0, #0
10009d72:	23f0      	movs	r3, #240	; 0xf0
10009d74:	22f0      	movs	r2, #240	; 0xf0
10009d76:	f7ff ff7f 	bl	10009c78 <LCD_1IN28_SetWindows>
10009d7a:	2101      	movs	r1, #1
10009d7c:	2008      	movs	r0, #8
10009d7e:	f001 f8af 	bl	1000aee0 <DEV_Digital_Write>
10009d82:	22f0      	movs	r2, #240	; 0xf0
10009d84:	0021      	movs	r1, r4
10009d86:	34e1      	adds	r4, #225	; 0xe1
10009d88:	4805      	ldr	r0, [pc, #20]	; (10009da0 <LCD_1IN28_Clear+0x50>)
10009d8a:	0052      	lsls	r2, r2, #1
10009d8c:	34ff      	adds	r4, #255	; 0xff
10009d8e:	f001 f8bd 	bl	1000af0c <DEV_SPI_Write_nByte>
10009d92:	42ac      	cmp	r4, r5
10009d94:	d1f5      	bne.n	10009d82 <LCD_1IN28_Clear+0x32>
10009d96:	4b03      	ldr	r3, [pc, #12]	; (10009da4 <LCD_1IN28_Clear+0x54>)
10009d98:	449d      	add	sp, r3
10009d9a:	bd30      	pop	{r4, r5, pc}
10009d9c:	fffe3dfc 	.word	0xfffe3dfc
10009da0:	40040000 	.word	0x40040000
10009da4:	0001c204 	.word	0x0001c204

10009da8 <LCD_1IN28_Display>:
10009da8:	b570      	push	{r4, r5, r6, lr}
10009daa:	23f0      	movs	r3, #240	; 0xf0
10009dac:	0004      	movs	r4, r0
10009dae:	22f0      	movs	r2, #240	; 0xf0
10009db0:	2100      	movs	r1, #0
10009db2:	2000      	movs	r0, #0
10009db4:	f7ff ff60 	bl	10009c78 <LCD_1IN28_SetWindows>
10009db8:	2101      	movs	r1, #1
10009dba:	2008      	movs	r0, #8
10009dbc:	f001 f890 	bl	1000aee0 <DEV_Digital_Write>
10009dc0:	23e1      	movs	r3, #225	; 0xe1
10009dc2:	025b      	lsls	r3, r3, #9
10009dc4:	18e5      	adds	r5, r4, r3
10009dc6:	22f0      	movs	r2, #240	; 0xf0
10009dc8:	0021      	movs	r1, r4
10009dca:	34e1      	adds	r4, #225	; 0xe1
10009dcc:	4803      	ldr	r0, [pc, #12]	; (10009ddc <LCD_1IN28_Display+0x34>)
10009dce:	0052      	lsls	r2, r2, #1
10009dd0:	34ff      	adds	r4, #255	; 0xff
10009dd2:	f001 f89b 	bl	1000af0c <DEV_SPI_Write_nByte>
10009dd6:	42ac      	cmp	r4, r5
10009dd8:	d1f5      	bne.n	10009dc6 <LCD_1IN28_Display+0x1e>
10009dda:	bd70      	pop	{r4, r5, r6, pc}
10009ddc:	40040000 	.word	0x40040000

10009de0 <Paint_SetPixel.part.0>:
10009de0:	b570      	push	{r4, r5, r6, lr}
10009de2:	4c49      	ldr	r4, [pc, #292]	; (10009f08 <Paint_SetPixel.part.0+0x128>)
10009de4:	89e3      	ldrh	r3, [r4, #14]
10009de6:	2bb4      	cmp	r3, #180	; 0xb4
10009de8:	d044      	beq.n	10009e74 <Paint_SetPixel.part.0+0x94>
10009dea:	d82f      	bhi.n	10009e4c <Paint_SetPixel.part.0+0x6c>
10009dec:	2b00      	cmp	r3, #0
10009dee:	d006      	beq.n	10009dfe <Paint_SetPixel.part.0+0x1e>
10009df0:	2b5a      	cmp	r3, #90	; 0x5a
10009df2:	d11d      	bne.n	10009e30 <Paint_SetPixel.part.0+0x50>
10009df4:	8923      	ldrh	r3, [r4, #8]
10009df6:	3b01      	subs	r3, #1
10009df8:	1a5b      	subs	r3, r3, r1
10009dfa:	0001      	movs	r1, r0
10009dfc:	b298      	uxth	r0, r3
10009dfe:	8a23      	ldrh	r3, [r4, #16]
10009e00:	2b02      	cmp	r3, #2
10009e02:	d02f      	beq.n	10009e64 <Paint_SetPixel.part.0+0x84>
10009e04:	2b02      	cmp	r3, #2
10009e06:	d814      	bhi.n	10009e32 <Paint_SetPixel.part.0+0x52>
10009e08:	2b00      	cmp	r3, #0
10009e0a:	d02f      	beq.n	10009e6c <Paint_SetPixel.part.0+0x8c>
10009e0c:	8923      	ldrh	r3, [r4, #8]
10009e0e:	1e5d      	subs	r5, r3, #1
10009e10:	1a28      	subs	r0, r5, r0
10009e12:	b280      	uxth	r0, r0
10009e14:	4283      	cmp	r3, r0
10009e16:	d30b      	bcc.n	10009e30 <Paint_SetPixel.part.0+0x50>
10009e18:	8963      	ldrh	r3, [r4, #10]
10009e1a:	428b      	cmp	r3, r1
10009e1c:	d308      	bcc.n	10009e30 <Paint_SetPixel.part.0+0x50>
10009e1e:	8ae3      	ldrh	r3, [r4, #22]
10009e20:	2b02      	cmp	r3, #2
10009e22:	d030      	beq.n	10009e86 <Paint_SetPixel.part.0+0xa6>
10009e24:	2b04      	cmp	r3, #4
10009e26:	d03c      	beq.n	10009ea2 <Paint_SetPixel.part.0+0xc2>
10009e28:	2b10      	cmp	r3, #16
10009e2a:	d058      	beq.n	10009ede <Paint_SetPixel.part.0+0xfe>
10009e2c:	2b41      	cmp	r3, #65	; 0x41
10009e2e:	d04b      	beq.n	10009ec8 <Paint_SetPixel.part.0+0xe8>
10009e30:	bd70      	pop	{r4, r5, r6, pc}
10009e32:	2b03      	cmp	r3, #3
10009e34:	d1fc      	bne.n	10009e30 <Paint_SetPixel.part.0+0x50>
10009e36:	8923      	ldrh	r3, [r4, #8]
10009e38:	1e5d      	subs	r5, r3, #1
10009e3a:	1a28      	subs	r0, r5, r0
10009e3c:	8965      	ldrh	r5, [r4, #10]
10009e3e:	b280      	uxth	r0, r0
10009e40:	3d01      	subs	r5, #1
10009e42:	1a69      	subs	r1, r5, r1
10009e44:	b289      	uxth	r1, r1
10009e46:	4283      	cmp	r3, r0
10009e48:	d2e6      	bcs.n	10009e18 <Paint_SetPixel.part.0+0x38>
10009e4a:	e7f1      	b.n	10009e30 <Paint_SetPixel.part.0+0x50>
10009e4c:	2587      	movs	r5, #135	; 0x87
10009e4e:	006d      	lsls	r5, r5, #1
10009e50:	42ab      	cmp	r3, r5
10009e52:	d1ed      	bne.n	10009e30 <Paint_SetPixel.part.0+0x50>
10009e54:	8963      	ldrh	r3, [r4, #10]
10009e56:	3b01      	subs	r3, #1
10009e58:	1a1b      	subs	r3, r3, r0
10009e5a:	0008      	movs	r0, r1
10009e5c:	b299      	uxth	r1, r3
10009e5e:	8a23      	ldrh	r3, [r4, #16]
10009e60:	2b02      	cmp	r3, #2
10009e62:	d1cf      	bne.n	10009e04 <Paint_SetPixel.part.0+0x24>
10009e64:	8963      	ldrh	r3, [r4, #10]
10009e66:	3b01      	subs	r3, #1
10009e68:	1a59      	subs	r1, r3, r1
10009e6a:	b289      	uxth	r1, r1
10009e6c:	8923      	ldrh	r3, [r4, #8]
10009e6e:	4283      	cmp	r3, r0
10009e70:	d2d2      	bcs.n	10009e18 <Paint_SetPixel.part.0+0x38>
10009e72:	e7dd      	b.n	10009e30 <Paint_SetPixel.part.0+0x50>
10009e74:	8923      	ldrh	r3, [r4, #8]
10009e76:	3b01      	subs	r3, #1
10009e78:	1a18      	subs	r0, r3, r0
10009e7a:	8963      	ldrh	r3, [r4, #10]
10009e7c:	b280      	uxth	r0, r0
10009e7e:	3b01      	subs	r3, #1
10009e80:	1a59      	subs	r1, r3, r1
10009e82:	b289      	uxth	r1, r1
10009e84:	e7bb      	b.n	10009dfe <Paint_SetPixel.part.0+0x1e>
10009e86:	8a63      	ldrh	r3, [r4, #18]
10009e88:	08c2      	lsrs	r2, r0, #3
10009e8a:	434b      	muls	r3, r1
10009e8c:	b292      	uxth	r2, r2
10009e8e:	2107      	movs	r1, #7
10009e90:	189b      	adds	r3, r3, r2
10009e92:	2280      	movs	r2, #128	; 0x80
10009e94:	4001      	ands	r1, r0
10009e96:	410a      	asrs	r2, r1
10009e98:	6824      	ldr	r4, [r4, #0]
10009e9a:	5ce1      	ldrb	r1, [r4, r3]
10009e9c:	430a      	orrs	r2, r1
10009e9e:	54e2      	strb	r2, [r4, r3]
10009ea0:	e7c6      	b.n	10009e30 <Paint_SetPixel.part.0+0x50>
10009ea2:	8a63      	ldrh	r3, [r4, #18]
10009ea4:	26c0      	movs	r6, #192	; 0xc0
10009ea6:	4359      	muls	r1, r3
10009ea8:	0883      	lsrs	r3, r0, #2
10009eaa:	b29b      	uxth	r3, r3
10009eac:	18c9      	adds	r1, r1, r3
10009eae:	2303      	movs	r3, #3
10009eb0:	4018      	ands	r0, r3
10009eb2:	0040      	lsls	r0, r0, #1
10009eb4:	4013      	ands	r3, r2
10009eb6:	4106      	asrs	r6, r0
10009eb8:	019b      	lsls	r3, r3, #6
10009eba:	4103      	asrs	r3, r0
10009ebc:	6825      	ldr	r5, [r4, #0]
10009ebe:	5c6c      	ldrb	r4, [r5, r1]
10009ec0:	43b4      	bics	r4, r6
10009ec2:	4323      	orrs	r3, r4
10009ec4:	546b      	strb	r3, [r5, r1]
10009ec6:	e7b3      	b.n	10009e30 <Paint_SetPixel.part.0+0x50>
10009ec8:	8a63      	ldrh	r3, [r4, #18]
10009eca:	0040      	lsls	r0, r0, #1
10009ecc:	4359      	muls	r1, r3
10009ece:	6823      	ldr	r3, [r4, #0]
10009ed0:	1809      	adds	r1, r1, r0
10009ed2:	0a10      	lsrs	r0, r2, #8
10009ed4:	5458      	strb	r0, [r3, r1]
10009ed6:	6823      	ldr	r3, [r4, #0]
10009ed8:	185b      	adds	r3, r3, r1
10009eda:	705a      	strb	r2, [r3, #1]
10009edc:	e7a8      	b.n	10009e30 <Paint_SetPixel.part.0+0x50>
10009ede:	8a63      	ldrh	r3, [r4, #18]
10009ee0:	6825      	ldr	r5, [r4, #0]
10009ee2:	4359      	muls	r1, r3
10009ee4:	0843      	lsrs	r3, r0, #1
10009ee6:	b29b      	uxth	r3, r3
10009ee8:	18c9      	adds	r1, r1, r3
10009eea:	2301      	movs	r3, #1
10009eec:	24f0      	movs	r4, #240	; 0xf0
10009eee:	4018      	ands	r0, r3
10009ef0:	0080      	lsls	r0, r0, #2
10009ef2:	4104      	asrs	r4, r0
10009ef4:	5c6b      	ldrb	r3, [r5, r1]
10009ef6:	43a3      	bics	r3, r4
10009ef8:	001c      	movs	r4, r3
10009efa:	230f      	movs	r3, #15
10009efc:	4013      	ands	r3, r2
10009efe:	011b      	lsls	r3, r3, #4
10009f00:	4103      	asrs	r3, r0
10009f02:	4323      	orrs	r3, r4
10009f04:	546b      	strb	r3, [r5, r1]
10009f06:	e793      	b.n	10009e30 <Paint_SetPixel.part.0+0x50>
10009f08:	20001b2c 	.word	0x20001b2c

10009f0c <Paint_DrawChar.part.0>:
10009f0c:	b5f0      	push	{r4, r5, r6, r7, lr}
10009f0e:	464e      	mov	r6, r9
10009f10:	4657      	mov	r7, sl
10009f12:	4645      	mov	r5, r8
10009f14:	46de      	mov	lr, fp
10009f16:	4699      	mov	r9, r3
10009f18:	b5e0      	push	{r5, r6, r7, lr}
10009f1a:	b087      	sub	sp, #28
10009f1c:	9003      	str	r0, [sp, #12]
10009f1e:	a810      	add	r0, sp, #64	; 0x40
10009f20:	8803      	ldrh	r3, [r0, #0]
10009f22:	a811      	add	r0, sp, #68	; 0x44
10009f24:	9301      	str	r3, [sp, #4]
10009f26:	8803      	ldrh	r3, [r0, #0]
10009f28:	4648      	mov	r0, r9
10009f2a:	2507      	movs	r5, #7
10009f2c:	9302      	str	r3, [sp, #8]
10009f2e:	464b      	mov	r3, r9
10009f30:	8880      	ldrh	r0, [r0, #4]
10009f32:	464c      	mov	r4, r9
10009f34:	4005      	ands	r5, r0
10009f36:	1e6e      	subs	r6, r5, #1
10009f38:	41b5      	sbcs	r5, r6
10009f3a:	88db      	ldrh	r3, [r3, #6]
10009f3c:	3a20      	subs	r2, #32
10009f3e:	435a      	muls	r2, r3
10009f40:	08c6      	lsrs	r6, r0, #3
10009f42:	19ad      	adds	r5, r5, r6
10009f44:	436a      	muls	r2, r5
10009f46:	6827      	ldr	r7, [r4, #0]
10009f48:	18bf      	adds	r7, r7, r2
10009f4a:	2b00      	cmp	r3, #0
10009f4c:	d04d      	beq.n	10009fea <Paint_DrawChar.part.0+0xde>
10009f4e:	4a2a      	ldr	r2, [pc, #168]	; (10009ff8 <Paint_DrawChar.part.0+0xec>)
10009f50:	4689      	mov	r9, r1
10009f52:	4690      	mov	r8, r2
10009f54:	2201      	movs	r2, #1
10009f56:	4643      	mov	r3, r8
10009f58:	1a52      	subs	r2, r2, r1
10009f5a:	9204      	str	r2, [sp, #16]
10009f5c:	9400      	str	r4, [sp, #0]
10009f5e:	9305      	str	r3, [sp, #20]
10009f60:	2800      	cmp	r0, #0
10009f62:	d042      	beq.n	10009fea <Paint_DrawChar.part.0+0xde>
10009f64:	2307      	movs	r3, #7
10009f66:	469b      	mov	fp, r3
10009f68:	3379      	adds	r3, #121	; 0x79
10009f6a:	469a      	mov	sl, r3
10009f6c:	9b05      	ldr	r3, [sp, #20]
10009f6e:	2500      	movs	r5, #0
10009f70:	4698      	mov	r8, r3
10009f72:	9e03      	ldr	r6, [sp, #12]
10009f74:	e018      	b.n	10009fa8 <Paint_DrawChar.part.0+0x9c>
10009f76:	4643      	mov	r3, r8
10009f78:	889b      	ldrh	r3, [r3, #4]
10009f7a:	42b3      	cmp	r3, r6
10009f7c:	d30a      	bcc.n	10009f94 <Paint_DrawChar.part.0+0x88>
10009f7e:	4643      	mov	r3, r8
10009f80:	88db      	ldrh	r3, [r3, #6]
10009f82:	454b      	cmp	r3, r9
10009f84:	d306      	bcc.n	10009f94 <Paint_DrawChar.part.0+0x88>
10009f86:	9a02      	ldr	r2, [sp, #8]
10009f88:	0030      	movs	r0, r6
10009f8a:	4649      	mov	r1, r9
10009f8c:	f7ff ff28 	bl	10009de0 <Paint_SetPixel.part.0>
10009f90:	9b00      	ldr	r3, [sp, #0]
10009f92:	8898      	ldrh	r0, [r3, #4]
10009f94:	3c07      	subs	r4, #7
10009f96:	4263      	negs	r3, r4
10009f98:	415c      	adcs	r4, r3
10009f9a:	3501      	adds	r5, #1
10009f9c:	3601      	adds	r6, #1
10009f9e:	b2ad      	uxth	r5, r5
10009fa0:	193f      	adds	r7, r7, r4
10009fa2:	b2b6      	uxth	r6, r6
10009fa4:	4285      	cmp	r5, r0
10009fa6:	d210      	bcs.n	10009fca <Paint_DrawChar.part.0+0xbe>
10009fa8:	465c      	mov	r4, fp
10009faa:	4652      	mov	r2, sl
10009fac:	402c      	ands	r4, r5
10009fae:	4122      	asrs	r2, r4
10009fb0:	783b      	ldrb	r3, [r7, #0]
10009fb2:	421a      	tst	r2, r3
10009fb4:	d1df      	bne.n	10009f76 <Paint_DrawChar.part.0+0x6a>
10009fb6:	4643      	mov	r3, r8
10009fb8:	889b      	ldrh	r3, [r3, #4]
10009fba:	42b3      	cmp	r3, r6
10009fbc:	d3ea      	bcc.n	10009f94 <Paint_DrawChar.part.0+0x88>
10009fbe:	4643      	mov	r3, r8
10009fc0:	88db      	ldrh	r3, [r3, #6]
10009fc2:	454b      	cmp	r3, r9
10009fc4:	d3e6      	bcc.n	10009f94 <Paint_DrawChar.part.0+0x88>
10009fc6:	9a01      	ldr	r2, [sp, #4]
10009fc8:	e7de      	b.n	10009f88 <Paint_DrawChar.part.0+0x7c>
10009fca:	0743      	lsls	r3, r0, #29
10009fcc:	d000      	beq.n	10009fd0 <Paint_DrawChar.part.0+0xc4>
10009fce:	3701      	adds	r7, #1
10009fd0:	9b00      	ldr	r3, [sp, #0]
10009fd2:	88da      	ldrh	r2, [r3, #6]
10009fd4:	9b04      	ldr	r3, [sp, #16]
10009fd6:	444b      	add	r3, r9
10009fd8:	b29b      	uxth	r3, r3
10009fda:	429a      	cmp	r2, r3
10009fdc:	d905      	bls.n	10009fea <Paint_DrawChar.part.0+0xde>
10009fde:	464b      	mov	r3, r9
10009fe0:	3301      	adds	r3, #1
10009fe2:	b29b      	uxth	r3, r3
10009fe4:	4699      	mov	r9, r3
10009fe6:	2800      	cmp	r0, #0
10009fe8:	d1bc      	bne.n	10009f64 <Paint_DrawChar.part.0+0x58>
10009fea:	b007      	add	sp, #28
10009fec:	bcf0      	pop	{r4, r5, r6, r7}
10009fee:	46bb      	mov	fp, r7
10009ff0:	46b2      	mov	sl, r6
10009ff2:	46a9      	mov	r9, r5
10009ff4:	46a0      	mov	r8, r4
10009ff6:	bdf0      	pop	{r4, r5, r6, r7, pc}
10009ff8:	20001b2c 	.word	0x20001b2c

10009ffc <Paint_DrawPoint.constprop.0>:
10009ffc:	b5f0      	push	{r4, r5, r6, r7, lr}
10009ffe:	464e      	mov	r6, r9
1000a000:	4645      	mov	r5, r8
1000a002:	46de      	mov	lr, fp
1000a004:	4657      	mov	r7, sl
1000a006:	b5e0      	push	{r5, r6, r7, lr}
1000a008:	4c6d      	ldr	r4, [pc, #436]	; (1000a1c0 <Paint_DrawPoint.constprop.0+0x1c4>)
1000a00a:	4691      	mov	r9, r2
1000a00c:	88a2      	ldrh	r2, [r4, #4]
1000a00e:	4688      	mov	r8, r1
1000a010:	b085      	sub	sp, #20
1000a012:	4282      	cmp	r2, r0
1000a014:	d200      	bcs.n	1000a018 <Paint_DrawPoint.constprop.0+0x1c>
1000a016:	e0c8      	b.n	1000a1aa <Paint_DrawPoint.constprop.0+0x1ae>
1000a018:	88e3      	ldrh	r3, [r4, #6]
1000a01a:	428b      	cmp	r3, r1
1000a01c:	d200      	bcs.n	1000a020 <Paint_DrawPoint.constprop.0+0x24>
1000a01e:	e0c4      	b.n	1000a1aa <Paint_DrawPoint.constprop.0+0x1ae>
1000a020:	4649      	mov	r1, r9
1000a022:	230f      	movs	r3, #15
1000a024:	400b      	ands	r3, r1
1000a026:	011b      	lsls	r3, r3, #4
1000a028:	9302      	str	r3, [sp, #8]
1000a02a:	2303      	movs	r3, #3
1000a02c:	400b      	ands	r3, r1
1000a02e:	019b      	lsls	r3, r3, #6
1000a030:	469a      	mov	sl, r3
1000a032:	4643      	mov	r3, r8
1000a034:	1e47      	subs	r7, r0, #1
1000a036:	b2bf      	uxth	r7, r7
1000a038:	2b00      	cmp	r3, #0
1000a03a:	d040      	beq.n	1000a0be <Paint_DrawPoint.constprop.0+0xc2>
1000a03c:	4641      	mov	r1, r8
1000a03e:	1e4e      	subs	r6, r1, #1
1000a040:	2107      	movs	r1, #7
1000a042:	468b      	mov	fp, r1
1000a044:	4649      	mov	r1, r9
1000a046:	9001      	str	r0, [sp, #4]
1000a048:	9103      	str	r1, [sp, #12]
1000a04a:	9901      	ldr	r1, [sp, #4]
1000a04c:	46c1      	mov	r9, r8
1000a04e:	2300      	movs	r3, #0
1000a050:	46d0      	mov	r8, sl
1000a052:	b2b6      	uxth	r6, r6
1000a054:	2900      	cmp	r1, #0
1000a056:	d032      	beq.n	1000a0be <Paint_DrawPoint.constprop.0+0xc2>
1000a058:	2b00      	cmp	r3, #0
1000a05a:	d130      	bne.n	1000a0be <Paint_DrawPoint.constprop.0+0xc2>
1000a05c:	42ba      	cmp	r2, r7
1000a05e:	d32e      	bcc.n	1000a0be <Paint_DrawPoint.constprop.0+0xc2>
1000a060:	88e3      	ldrh	r3, [r4, #6]
1000a062:	0031      	movs	r1, r6
1000a064:	42b3      	cmp	r3, r6
1000a066:	d326      	bcc.n	1000a0b6 <Paint_DrawPoint.constprop.0+0xba>
1000a068:	89e3      	ldrh	r3, [r4, #14]
1000a06a:	2bb4      	cmp	r3, #180	; 0xb4
1000a06c:	d060      	beq.n	1000a130 <Paint_DrawPoint.constprop.0+0x134>
1000a06e:	d83b      	bhi.n	1000a0e8 <Paint_DrawPoint.constprop.0+0xec>
1000a070:	2b00      	cmp	r3, #0
1000a072:	d05b      	beq.n	1000a12c <Paint_DrawPoint.constprop.0+0x130>
1000a074:	2b5a      	cmp	r3, #90	; 0x5a
1000a076:	d11e      	bne.n	1000a0b6 <Paint_DrawPoint.constprop.0+0xba>
1000a078:	4649      	mov	r1, r9
1000a07a:	8923      	ldrh	r3, [r4, #8]
1000a07c:	1a5b      	subs	r3, r3, r1
1000a07e:	0039      	movs	r1, r7
1000a080:	b29b      	uxth	r3, r3
1000a082:	8a25      	ldrh	r5, [r4, #16]
1000a084:	2d02      	cmp	r5, #2
1000a086:	d03b      	beq.n	1000a100 <Paint_DrawPoint.constprop.0+0x104>
1000a088:	2d02      	cmp	r5, #2
1000a08a:	d83f      	bhi.n	1000a10c <Paint_DrawPoint.constprop.0+0x110>
1000a08c:	2d00      	cmp	r5, #0
1000a08e:	d03b      	beq.n	1000a108 <Paint_DrawPoint.constprop.0+0x10c>
1000a090:	8925      	ldrh	r5, [r4, #8]
1000a092:	1e68      	subs	r0, r5, #1
1000a094:	1ac3      	subs	r3, r0, r3
1000a096:	b29b      	uxth	r3, r3
1000a098:	429d      	cmp	r5, r3
1000a09a:	d30c      	bcc.n	1000a0b6 <Paint_DrawPoint.constprop.0+0xba>
1000a09c:	8965      	ldrh	r5, [r4, #10]
1000a09e:	428d      	cmp	r5, r1
1000a0a0:	d309      	bcc.n	1000a0b6 <Paint_DrawPoint.constprop.0+0xba>
1000a0a2:	8ae5      	ldrh	r5, [r4, #22]
1000a0a4:	2d02      	cmp	r5, #2
1000a0a6:	d04c      	beq.n	1000a142 <Paint_DrawPoint.constprop.0+0x146>
1000a0a8:	2d04      	cmp	r5, #4
1000a0aa:	d059      	beq.n	1000a160 <Paint_DrawPoint.constprop.0+0x164>
1000a0ac:	2d10      	cmp	r5, #16
1000a0ae:	d100      	bne.n	1000a0b2 <Paint_DrawPoint.constprop.0+0xb6>
1000a0b0:	e06b      	b.n	1000a18a <Paint_DrawPoint.constprop.0+0x18e>
1000a0b2:	2d41      	cmp	r5, #65	; 0x41
1000a0b4:	d00a      	beq.n	1000a0cc <Paint_DrawPoint.constprop.0+0xd0>
1000a0b6:	2301      	movs	r3, #1
1000a0b8:	9901      	ldr	r1, [sp, #4]
1000a0ba:	2900      	cmp	r1, #0
1000a0bc:	d1cc      	bne.n	1000a058 <Paint_DrawPoint.constprop.0+0x5c>
1000a0be:	b005      	add	sp, #20
1000a0c0:	bcf0      	pop	{r4, r5, r6, r7}
1000a0c2:	46bb      	mov	fp, r7
1000a0c4:	46b2      	mov	sl, r6
1000a0c6:	46a9      	mov	r9, r5
1000a0c8:	46a0      	mov	r8, r4
1000a0ca:	bdf0      	pop	{r4, r5, r6, r7, pc}
1000a0cc:	8a62      	ldrh	r2, [r4, #18]
1000a0ce:	9803      	ldr	r0, [sp, #12]
1000a0d0:	4351      	muls	r1, r2
1000a0d2:	005b      	lsls	r3, r3, #1
1000a0d4:	18c9      	adds	r1, r1, r3
1000a0d6:	6823      	ldr	r3, [r4, #0]
1000a0d8:	0a02      	lsrs	r2, r0, #8
1000a0da:	545a      	strb	r2, [r3, r1]
1000a0dc:	6823      	ldr	r3, [r4, #0]
1000a0de:	185b      	adds	r3, r3, r1
1000a0e0:	7058      	strb	r0, [r3, #1]
1000a0e2:	88a2      	ldrh	r2, [r4, #4]
1000a0e4:	2301      	movs	r3, #1
1000a0e6:	e7e7      	b.n	1000a0b8 <Paint_DrawPoint.constprop.0+0xbc>
1000a0e8:	2187      	movs	r1, #135	; 0x87
1000a0ea:	0049      	lsls	r1, r1, #1
1000a0ec:	428b      	cmp	r3, r1
1000a0ee:	d1e2      	bne.n	1000a0b6 <Paint_DrawPoint.constprop.0+0xba>
1000a0f0:	9b01      	ldr	r3, [sp, #4]
1000a0f2:	8961      	ldrh	r1, [r4, #10]
1000a0f4:	8a25      	ldrh	r5, [r4, #16]
1000a0f6:	1ac9      	subs	r1, r1, r3
1000a0f8:	b289      	uxth	r1, r1
1000a0fa:	0033      	movs	r3, r6
1000a0fc:	2d02      	cmp	r5, #2
1000a0fe:	d1c3      	bne.n	1000a088 <Paint_DrawPoint.constprop.0+0x8c>
1000a100:	8965      	ldrh	r5, [r4, #10]
1000a102:	3d01      	subs	r5, #1
1000a104:	1a69      	subs	r1, r5, r1
1000a106:	b289      	uxth	r1, r1
1000a108:	8925      	ldrh	r5, [r4, #8]
1000a10a:	e7c5      	b.n	1000a098 <Paint_DrawPoint.constprop.0+0x9c>
1000a10c:	2d03      	cmp	r5, #3
1000a10e:	d1d2      	bne.n	1000a0b6 <Paint_DrawPoint.constprop.0+0xba>
1000a110:	8925      	ldrh	r5, [r4, #8]
1000a112:	1e68      	subs	r0, r5, #1
1000a114:	1ac3      	subs	r3, r0, r3
1000a116:	8960      	ldrh	r0, [r4, #10]
1000a118:	b29b      	uxth	r3, r3
1000a11a:	4682      	mov	sl, r0
1000a11c:	2001      	movs	r0, #1
1000a11e:	4240      	negs	r0, r0
1000a120:	4684      	mov	ip, r0
1000a122:	44e2      	add	sl, ip
1000a124:	4650      	mov	r0, sl
1000a126:	1a41      	subs	r1, r0, r1
1000a128:	b289      	uxth	r1, r1
1000a12a:	e7b5      	b.n	1000a098 <Paint_DrawPoint.constprop.0+0x9c>
1000a12c:	003b      	movs	r3, r7
1000a12e:	e7a8      	b.n	1000a082 <Paint_DrawPoint.constprop.0+0x86>
1000a130:	464d      	mov	r5, r9
1000a132:	9901      	ldr	r1, [sp, #4]
1000a134:	8923      	ldrh	r3, [r4, #8]
1000a136:	1a5b      	subs	r3, r3, r1
1000a138:	8961      	ldrh	r1, [r4, #10]
1000a13a:	b29b      	uxth	r3, r3
1000a13c:	1b49      	subs	r1, r1, r5
1000a13e:	b289      	uxth	r1, r1
1000a140:	e79f      	b.n	1000a082 <Paint_DrawPoint.constprop.0+0x86>
1000a142:	465d      	mov	r5, fp
1000a144:	8a62      	ldrh	r2, [r4, #18]
1000a146:	401d      	ands	r5, r3
1000a148:	4351      	muls	r1, r2
1000a14a:	08da      	lsrs	r2, r3, #3
1000a14c:	2380      	movs	r3, #128	; 0x80
1000a14e:	412b      	asrs	r3, r5
1000a150:	1889      	adds	r1, r1, r2
1000a152:	6822      	ldr	r2, [r4, #0]
1000a154:	5c55      	ldrb	r5, [r2, r1]
1000a156:	432b      	orrs	r3, r5
1000a158:	5453      	strb	r3, [r2, r1]
1000a15a:	88a2      	ldrh	r2, [r4, #4]
1000a15c:	2301      	movs	r3, #1
1000a15e:	e7ab      	b.n	1000a0b8 <Paint_DrawPoint.constprop.0+0xbc>
1000a160:	2003      	movs	r0, #3
1000a162:	8a62      	ldrh	r2, [r4, #18]
1000a164:	4351      	muls	r1, r2
1000a166:	089a      	lsrs	r2, r3, #2
1000a168:	4003      	ands	r3, r0
1000a16a:	005d      	lsls	r5, r3, #1
1000a16c:	23c0      	movs	r3, #192	; 0xc0
1000a16e:	412b      	asrs	r3, r5
1000a170:	469a      	mov	sl, r3
1000a172:	4650      	mov	r0, sl
1000a174:	1889      	adds	r1, r1, r2
1000a176:	6822      	ldr	r2, [r4, #0]
1000a178:	5c53      	ldrb	r3, [r2, r1]
1000a17a:	4383      	bics	r3, r0
1000a17c:	4640      	mov	r0, r8
1000a17e:	4128      	asrs	r0, r5
1000a180:	4303      	orrs	r3, r0
1000a182:	5453      	strb	r3, [r2, r1]
1000a184:	88a2      	ldrh	r2, [r4, #4]
1000a186:	2301      	movs	r3, #1
1000a188:	e796      	b.n	1000a0b8 <Paint_DrawPoint.constprop.0+0xbc>
1000a18a:	2001      	movs	r0, #1
1000a18c:	8a62      	ldrh	r2, [r4, #18]
1000a18e:	4351      	muls	r1, r2
1000a190:	085a      	lsrs	r2, r3, #1
1000a192:	4003      	ands	r3, r0
1000a194:	009d      	lsls	r5, r3, #2
1000a196:	23f0      	movs	r3, #240	; 0xf0
1000a198:	412b      	asrs	r3, r5
1000a19a:	469a      	mov	sl, r3
1000a19c:	4650      	mov	r0, sl
1000a19e:	1889      	adds	r1, r1, r2
1000a1a0:	6822      	ldr	r2, [r4, #0]
1000a1a2:	5c53      	ldrb	r3, [r2, r1]
1000a1a4:	4383      	bics	r3, r0
1000a1a6:	9802      	ldr	r0, [sp, #8]
1000a1a8:	e7e9      	b.n	1000a17e <Paint_DrawPoint.constprop.0+0x182>
1000a1aa:	4b06      	ldr	r3, [pc, #24]	; (1000a1c4 <Paint_DrawPoint.constprop.0+0x1c8>)
1000a1ac:	0001      	movs	r1, r0
1000a1ae:	0018      	movs	r0, r3
1000a1b0:	f7fa ff92 	bl	100050d8 <__wrap_printf>
1000a1b4:	4641      	mov	r1, r8
1000a1b6:	88e2      	ldrh	r2, [r4, #6]
1000a1b8:	4803      	ldr	r0, [pc, #12]	; (1000a1c8 <Paint_DrawPoint.constprop.0+0x1cc>)
1000a1ba:	f7fa ff8d 	bl	100050d8 <__wrap_printf>
1000a1be:	e77e      	b.n	1000a0be <Paint_DrawPoint.constprop.0+0xc2>
1000a1c0:	20001b2c 	.word	0x20001b2c
1000a1c4:	1000c4a4 	.word	0x1000c4a4
1000a1c8:	1000c4c8 	.word	0x1000c4c8

1000a1cc <Paint_DrawPoint.constprop.1>:
1000a1cc:	b5f0      	push	{r4, r5, r6, r7, lr}
1000a1ce:	4657      	mov	r7, sl
1000a1d0:	46de      	mov	lr, fp
1000a1d2:	464e      	mov	r6, r9
1000a1d4:	4645      	mov	r5, r8
1000a1d6:	b5e0      	push	{r5, r6, r7, lr}
1000a1d8:	4c9c      	ldr	r4, [pc, #624]	; (1000a44c <Paint_DrawPoint.constprop.1+0x280>)
1000a1da:	b08b      	sub	sp, #44	; 0x2c
1000a1dc:	9207      	str	r2, [sp, #28]
1000a1de:	000f      	movs	r7, r1
1000a1e0:	0011      	movs	r1, r2
1000a1e2:	88a2      	ldrh	r2, [r4, #4]
1000a1e4:	4682      	mov	sl, r0
1000a1e6:	469b      	mov	fp, r3
1000a1e8:	4282      	cmp	r2, r0
1000a1ea:	d200      	bcs.n	1000a1ee <Paint_DrawPoint.constprop.1+0x22>
1000a1ec:	e121      	b.n	1000a432 <Paint_DrawPoint.constprop.1+0x266>
1000a1ee:	88e3      	ldrh	r3, [r4, #6]
1000a1f0:	42bb      	cmp	r3, r7
1000a1f2:	d200      	bcs.n	1000a1f6 <Paint_DrawPoint.constprop.1+0x2a>
1000a1f4:	e11d      	b.n	1000a432 <Paint_DrawPoint.constprop.1+0x266>
1000a1f6:	465b      	mov	r3, fp
1000a1f8:	005b      	lsls	r3, r3, #1
1000a1fa:	3b01      	subs	r3, #1
1000a1fc:	469c      	mov	ip, r3
1000a1fe:	2b00      	cmp	r3, #0
1000a200:	dc00      	bgt.n	1000a204 <Paint_DrawPoint.constprop.1+0x38>
1000a202:	e08b      	b.n	1000a31c <Paint_DrawPoint.constprop.1+0x150>
1000a204:	220f      	movs	r2, #15
1000a206:	465b      	mov	r3, fp
1000a208:	400a      	ands	r2, r1
1000a20a:	0112      	lsls	r2, r2, #4
1000a20c:	9209      	str	r2, [sp, #36]	; 0x24
1000a20e:	2203      	movs	r2, #3
1000a210:	2600      	movs	r6, #0
1000a212:	1afd      	subs	r5, r7, r3
1000a214:	0003      	movs	r3, r0
1000a216:	4658      	mov	r0, fp
1000a218:	400a      	ands	r2, r1
1000a21a:	0192      	lsls	r2, r2, #6
1000a21c:	9208      	str	r2, [sp, #32]
1000a21e:	4652      	mov	r2, sl
1000a220:	1a18      	subs	r0, r3, r0
1000a222:	0031      	movs	r1, r6
1000a224:	2300      	movs	r3, #0
1000a226:	465e      	mov	r6, fp
1000a228:	b280      	uxth	r0, r0
1000a22a:	9204      	str	r2, [sp, #16]
1000a22c:	9505      	str	r5, [sp, #20]
1000a22e:	9a04      	ldr	r2, [sp, #16]
1000a230:	4690      	mov	r8, r2
1000a232:	4443      	add	r3, r8
1000a234:	42b3      	cmp	r3, r6
1000a236:	da00      	bge.n	1000a23a <Paint_DrawPoint.constprop.1+0x6e>
1000a238:	e105      	b.n	1000a446 <Paint_DrawPoint.constprop.1+0x27a>
1000a23a:	9b05      	ldr	r3, [sp, #20]
1000a23c:	2b00      	cmp	r3, #0
1000a23e:	da00      	bge.n	1000a242 <Paint_DrawPoint.constprop.1+0x76>
1000a240:	e101      	b.n	1000a446 <Paint_DrawPoint.constprop.1+0x27a>
1000a242:	b289      	uxth	r1, r1
1000a244:	1853      	adds	r3, r2, r1
1000a246:	b29b      	uxth	r3, r3
1000a248:	2587      	movs	r5, #135	; 0x87
1000a24a:	9303      	str	r3, [sp, #12]
1000a24c:	466b      	mov	r3, sp
1000a24e:	006d      	lsls	r5, r5, #1
1000a250:	46b0      	mov	r8, r6
1000a252:	8a9a      	ldrh	r2, [r3, #20]
1000a254:	46ab      	mov	fp, r5
1000a256:	2300      	movs	r3, #0
1000a258:	0006      	movs	r6, r0
1000a25a:	9102      	str	r1, [sp, #8]
1000a25c:	9701      	str	r7, [sp, #4]
1000a25e:	88a0      	ldrh	r0, [r4, #4]
1000a260:	42b0      	cmp	r0, r6
1000a262:	d340      	bcc.n	1000a2e6 <Paint_DrawPoint.constprop.1+0x11a>
1000a264:	88e1      	ldrh	r1, [r4, #6]
1000a266:	4291      	cmp	r1, r2
1000a268:	d33d      	bcc.n	1000a2e6 <Paint_DrawPoint.constprop.1+0x11a>
1000a26a:	9901      	ldr	r1, [sp, #4]
1000a26c:	18cd      	adds	r5, r1, r3
1000a26e:	89e1      	ldrh	r1, [r4, #14]
1000a270:	b2ad      	uxth	r5, r5
1000a272:	29b4      	cmp	r1, #180	; 0xb4
1000a274:	d100      	bne.n	1000a278 <Paint_DrawPoint.constprop.1+0xac>
1000a276:	e07f      	b.n	1000a378 <Paint_DrawPoint.constprop.1+0x1ac>
1000a278:	d857      	bhi.n	1000a32a <Paint_DrawPoint.constprop.1+0x15e>
1000a27a:	2900      	cmp	r1, #0
1000a27c:	d100      	bne.n	1000a280 <Paint_DrawPoint.constprop.1+0xb4>
1000a27e:	e078      	b.n	1000a372 <Paint_DrawPoint.constprop.1+0x1a6>
1000a280:	295a      	cmp	r1, #90	; 0x5a
1000a282:	d130      	bne.n	1000a2e6 <Paint_DrawPoint.constprop.1+0x11a>
1000a284:	8921      	ldrh	r1, [r4, #8]
1000a286:	3901      	subs	r1, #1
1000a288:	4441      	add	r1, r8
1000a28a:	1b49      	subs	r1, r1, r5
1000a28c:	0035      	movs	r5, r6
1000a28e:	b289      	uxth	r1, r1
1000a290:	8a27      	ldrh	r7, [r4, #16]
1000a292:	2f02      	cmp	r7, #2
1000a294:	d055      	beq.n	1000a342 <Paint_DrawPoint.constprop.1+0x176>
1000a296:	2f02      	cmp	r7, #2
1000a298:	d85f      	bhi.n	1000a35a <Paint_DrawPoint.constprop.1+0x18e>
1000a29a:	2f00      	cmp	r7, #0
1000a29c:	d05a      	beq.n	1000a354 <Paint_DrawPoint.constprop.1+0x188>
1000a29e:	8927      	ldrh	r7, [r4, #8]
1000a2a0:	46b9      	mov	r9, r7
1000a2a2:	3f01      	subs	r7, #1
1000a2a4:	1a79      	subs	r1, r7, r1
1000a2a6:	b289      	uxth	r1, r1
1000a2a8:	4549      	cmp	r1, r9
1000a2aa:	d81c      	bhi.n	1000a2e6 <Paint_DrawPoint.constprop.1+0x11a>
1000a2ac:	8967      	ldrh	r7, [r4, #10]
1000a2ae:	42af      	cmp	r7, r5
1000a2b0:	d319      	bcc.n	1000a2e6 <Paint_DrawPoint.constprop.1+0x11a>
1000a2b2:	8ae7      	ldrh	r7, [r4, #22]
1000a2b4:	2f02      	cmp	r7, #2
1000a2b6:	d100      	bne.n	1000a2ba <Paint_DrawPoint.constprop.1+0xee>
1000a2b8:	e06f      	b.n	1000a39a <Paint_DrawPoint.constprop.1+0x1ce>
1000a2ba:	2f04      	cmp	r7, #4
1000a2bc:	d100      	bne.n	1000a2c0 <Paint_DrawPoint.constprop.1+0xf4>
1000a2be:	e088      	b.n	1000a3d2 <Paint_DrawPoint.constprop.1+0x206>
1000a2c0:	2f10      	cmp	r7, #16
1000a2c2:	d100      	bne.n	1000a2c6 <Paint_DrawPoint.constprop.1+0xfa>
1000a2c4:	e0a0      	b.n	1000a408 <Paint_DrawPoint.constprop.1+0x23c>
1000a2c6:	2f41      	cmp	r7, #65	; 0x41
1000a2c8:	d10d      	bne.n	1000a2e6 <Paint_DrawPoint.constprop.1+0x11a>
1000a2ca:	8a67      	ldrh	r7, [r4, #18]
1000a2cc:	0049      	lsls	r1, r1, #1
1000a2ce:	437d      	muls	r5, r7
1000a2d0:	46a9      	mov	r9, r5
1000a2d2:	9f07      	ldr	r7, [sp, #28]
1000a2d4:	4489      	add	r9, r1
1000a2d6:	0a3d      	lsrs	r5, r7, #8
1000a2d8:	464f      	mov	r7, r9
1000a2da:	6821      	ldr	r1, [r4, #0]
1000a2dc:	55cd      	strb	r5, [r1, r7]
1000a2de:	6821      	ldr	r1, [r4, #0]
1000a2e0:	9f07      	ldr	r7, [sp, #28]
1000a2e2:	4449      	add	r1, r9
1000a2e4:	704f      	strb	r7, [r1, #1]
1000a2e6:	3301      	adds	r3, #1
1000a2e8:	b299      	uxth	r1, r3
1000a2ea:	b21b      	sxth	r3, r3
1000a2ec:	4561      	cmp	r1, ip
1000a2ee:	db00      	blt.n	1000a2f2 <Paint_DrawPoint.constprop.1+0x126>
1000a2f0:	e06a      	b.n	1000a3c8 <Paint_DrawPoint.constprop.1+0x1fc>
1000a2f2:	9d01      	ldr	r5, [sp, #4]
1000a2f4:	46a9      	mov	r9, r5
1000a2f6:	4449      	add	r1, r9
1000a2f8:	4541      	cmp	r1, r8
1000a2fa:	db03      	blt.n	1000a304 <Paint_DrawPoint.constprop.1+0x138>
1000a2fc:	3201      	adds	r2, #1
1000a2fe:	b292      	uxth	r2, r2
1000a300:	42b0      	cmp	r0, r6
1000a302:	d2ac      	bcs.n	1000a25e <Paint_DrawPoint.constprop.1+0x92>
1000a304:	0030      	movs	r0, r6
1000a306:	002f      	movs	r7, r5
1000a308:	4646      	mov	r6, r8
1000a30a:	9902      	ldr	r1, [sp, #8]
1000a30c:	3101      	adds	r1, #1
1000a30e:	b209      	sxth	r1, r1
1000a310:	3001      	adds	r0, #1
1000a312:	000b      	movs	r3, r1
1000a314:	b280      	uxth	r0, r0
1000a316:	4561      	cmp	r1, ip
1000a318:	da00      	bge.n	1000a31c <Paint_DrawPoint.constprop.1+0x150>
1000a31a:	e788      	b.n	1000a22e <Paint_DrawPoint.constprop.1+0x62>
1000a31c:	b00b      	add	sp, #44	; 0x2c
1000a31e:	bcf0      	pop	{r4, r5, r6, r7}
1000a320:	46bb      	mov	fp, r7
1000a322:	46b2      	mov	sl, r6
1000a324:	46a9      	mov	r9, r5
1000a326:	46a0      	mov	r8, r4
1000a328:	bdf0      	pop	{r4, r5, r6, r7, pc}
1000a32a:	4559      	cmp	r1, fp
1000a32c:	d1db      	bne.n	1000a2e6 <Paint_DrawPoint.constprop.1+0x11a>
1000a32e:	8965      	ldrh	r5, [r4, #10]
1000a330:	9903      	ldr	r1, [sp, #12]
1000a332:	3d01      	subs	r5, #1
1000a334:	4445      	add	r5, r8
1000a336:	8a27      	ldrh	r7, [r4, #16]
1000a338:	1a6d      	subs	r5, r5, r1
1000a33a:	b2ad      	uxth	r5, r5
1000a33c:	0011      	movs	r1, r2
1000a33e:	2f02      	cmp	r7, #2
1000a340:	d1a9      	bne.n	1000a296 <Paint_DrawPoint.constprop.1+0xca>
1000a342:	8967      	ldrh	r7, [r4, #10]
1000a344:	46b9      	mov	r9, r7
1000a346:	2701      	movs	r7, #1
1000a348:	427f      	negs	r7, r7
1000a34a:	46ba      	mov	sl, r7
1000a34c:	44d1      	add	r9, sl
1000a34e:	464f      	mov	r7, r9
1000a350:	1b7d      	subs	r5, r7, r5
1000a352:	b2ad      	uxth	r5, r5
1000a354:	8927      	ldrh	r7, [r4, #8]
1000a356:	46b9      	mov	r9, r7
1000a358:	e7a6      	b.n	1000a2a8 <Paint_DrawPoint.constprop.1+0xdc>
1000a35a:	2f03      	cmp	r7, #3
1000a35c:	d1c3      	bne.n	1000a2e6 <Paint_DrawPoint.constprop.1+0x11a>
1000a35e:	8927      	ldrh	r7, [r4, #8]
1000a360:	46b9      	mov	r9, r7
1000a362:	3f01      	subs	r7, #1
1000a364:	1a79      	subs	r1, r7, r1
1000a366:	8967      	ldrh	r7, [r4, #10]
1000a368:	b289      	uxth	r1, r1
1000a36a:	3f01      	subs	r7, #1
1000a36c:	1b7d      	subs	r5, r7, r5
1000a36e:	b2ad      	uxth	r5, r5
1000a370:	e79a      	b.n	1000a2a8 <Paint_DrawPoint.constprop.1+0xdc>
1000a372:	0015      	movs	r5, r2
1000a374:	0031      	movs	r1, r6
1000a376:	e78b      	b.n	1000a290 <Paint_DrawPoint.constprop.1+0xc4>
1000a378:	8921      	ldrh	r1, [r4, #8]
1000a37a:	9f03      	ldr	r7, [sp, #12]
1000a37c:	3901      	subs	r1, #1
1000a37e:	4441      	add	r1, r8
1000a380:	1bc9      	subs	r1, r1, r7
1000a382:	8967      	ldrh	r7, [r4, #10]
1000a384:	b289      	uxth	r1, r1
1000a386:	46b9      	mov	r9, r7
1000a388:	2701      	movs	r7, #1
1000a38a:	427f      	negs	r7, r7
1000a38c:	46ba      	mov	sl, r7
1000a38e:	44d1      	add	r9, sl
1000a390:	44c1      	add	r9, r8
1000a392:	464f      	mov	r7, r9
1000a394:	1b7d      	subs	r5, r7, r5
1000a396:	b2ad      	uxth	r5, r5
1000a398:	e77a      	b.n	1000a290 <Paint_DrawPoint.constprop.1+0xc4>
1000a39a:	8a67      	ldrh	r7, [r4, #18]
1000a39c:	3301      	adds	r3, #1
1000a39e:	436f      	muls	r7, r5
1000a3a0:	46b9      	mov	r9, r7
1000a3a2:	08cd      	lsrs	r5, r1, #3
1000a3a4:	6827      	ldr	r7, [r4, #0]
1000a3a6:	b2ad      	uxth	r5, r5
1000a3a8:	444d      	add	r5, r9
1000a3aa:	46b9      	mov	r9, r7
1000a3ac:	2707      	movs	r7, #7
1000a3ae:	400f      	ands	r7, r1
1000a3b0:	2180      	movs	r1, #128	; 0x80
1000a3b2:	4139      	asrs	r1, r7
1000a3b4:	464f      	mov	r7, r9
1000a3b6:	5d7f      	ldrb	r7, [r7, r5]
1000a3b8:	4339      	orrs	r1, r7
1000a3ba:	464f      	mov	r7, r9
1000a3bc:	5579      	strb	r1, [r7, r5]
1000a3be:	b299      	uxth	r1, r3
1000a3c0:	b21b      	sxth	r3, r3
1000a3c2:	4561      	cmp	r1, ip
1000a3c4:	da00      	bge.n	1000a3c8 <Paint_DrawPoint.constprop.1+0x1fc>
1000a3c6:	e794      	b.n	1000a2f2 <Paint_DrawPoint.constprop.1+0x126>
1000a3c8:	0030      	movs	r0, r6
1000a3ca:	9902      	ldr	r1, [sp, #8]
1000a3cc:	4646      	mov	r6, r8
1000a3ce:	9f01      	ldr	r7, [sp, #4]
1000a3d0:	e79c      	b.n	1000a30c <Paint_DrawPoint.constprop.1+0x140>
1000a3d2:	8a67      	ldrh	r7, [r4, #18]
1000a3d4:	436f      	muls	r7, r5
1000a3d6:	46b9      	mov	r9, r7
1000a3d8:	088d      	lsrs	r5, r1, #2
1000a3da:	b2ad      	uxth	r5, r5
1000a3dc:	44a9      	add	r9, r5
1000a3de:	2503      	movs	r5, #3
1000a3e0:	4029      	ands	r1, r5
1000a3e2:	0049      	lsls	r1, r1, #1
1000a3e4:	35bd      	adds	r5, #189	; 0xbd
1000a3e6:	410d      	asrs	r5, r1
1000a3e8:	468a      	mov	sl, r1
1000a3ea:	4649      	mov	r1, r9
1000a3ec:	6827      	ldr	r7, [r4, #0]
1000a3ee:	9506      	str	r5, [sp, #24]
1000a3f0:	5c7d      	ldrb	r5, [r7, r1]
1000a3f2:	9906      	ldr	r1, [sp, #24]
1000a3f4:	438d      	bics	r5, r1
1000a3f6:	9908      	ldr	r1, [sp, #32]
1000a3f8:	9506      	str	r5, [sp, #24]
1000a3fa:	4655      	mov	r5, sl
1000a3fc:	4129      	asrs	r1, r5
1000a3fe:	9d06      	ldr	r5, [sp, #24]
1000a400:	430d      	orrs	r5, r1
1000a402:	4649      	mov	r1, r9
1000a404:	547d      	strb	r5, [r7, r1]
1000a406:	e76e      	b.n	1000a2e6 <Paint_DrawPoint.constprop.1+0x11a>
1000a408:	8a67      	ldrh	r7, [r4, #18]
1000a40a:	436f      	muls	r7, r5
1000a40c:	46b9      	mov	r9, r7
1000a40e:	084d      	lsrs	r5, r1, #1
1000a410:	b2ad      	uxth	r5, r5
1000a412:	44a9      	add	r9, r5
1000a414:	2501      	movs	r5, #1
1000a416:	4029      	ands	r1, r5
1000a418:	0089      	lsls	r1, r1, #2
1000a41a:	35ef      	adds	r5, #239	; 0xef
1000a41c:	410d      	asrs	r5, r1
1000a41e:	468a      	mov	sl, r1
1000a420:	4649      	mov	r1, r9
1000a422:	6827      	ldr	r7, [r4, #0]
1000a424:	9506      	str	r5, [sp, #24]
1000a426:	5c7d      	ldrb	r5, [r7, r1]
1000a428:	9906      	ldr	r1, [sp, #24]
1000a42a:	438d      	bics	r5, r1
1000a42c:	9506      	str	r5, [sp, #24]
1000a42e:	9909      	ldr	r1, [sp, #36]	; 0x24
1000a430:	e7e3      	b.n	1000a3fa <Paint_DrawPoint.constprop.1+0x22e>
1000a432:	4651      	mov	r1, sl
1000a434:	4806      	ldr	r0, [pc, #24]	; (1000a450 <Paint_DrawPoint.constprop.1+0x284>)
1000a436:	f7fa fe4f 	bl	100050d8 <__wrap_printf>
1000a43a:	0039      	movs	r1, r7
1000a43c:	88e2      	ldrh	r2, [r4, #6]
1000a43e:	4805      	ldr	r0, [pc, #20]	; (1000a454 <Paint_DrawPoint.constprop.1+0x288>)
1000a440:	f7fa fe4a 	bl	100050d8 <__wrap_printf>
1000a444:	e76a      	b.n	1000a31c <Paint_DrawPoint.constprop.1+0x150>
1000a446:	b289      	uxth	r1, r1
1000a448:	e760      	b.n	1000a30c <Paint_DrawPoint.constprop.1+0x140>
1000a44a:	46c0      	nop			; (mov r8, r8)
1000a44c:	20001b2c 	.word	0x20001b2c
1000a450:	1000c4a4 	.word	0x1000c4a4
1000a454:	1000c4c8 	.word	0x1000c4c8

1000a458 <Paint_DrawLine.part.0>:
1000a458:	b5f0      	push	{r4, r5, r6, r7, lr}
1000a45a:	4657      	mov	r7, sl
1000a45c:	464e      	mov	r6, r9
1000a45e:	4645      	mov	r5, r8
1000a460:	46de      	mov	lr, fp
1000a462:	0004      	movs	r4, r0
1000a464:	b5e0      	push	{r5, r6, r7, lr}
1000a466:	001f      	movs	r7, r3
1000a468:	000e      	movs	r6, r1
1000a46a:	0010      	movs	r0, r2
1000a46c:	b099      	sub	sp, #100	; 0x64
1000a46e:	9311      	str	r3, [sp, #68]	; 0x44
1000a470:	ab22      	add	r3, sp, #136	; 0x88
1000a472:	8819      	ldrh	r1, [r3, #0]
1000a474:	ab23      	add	r3, sp, #140	; 0x8c
1000a476:	9108      	str	r1, [sp, #32]
1000a478:	7819      	ldrb	r1, [r3, #0]
1000a47a:	ab24      	add	r3, sp, #144	; 0x90
1000a47c:	468b      	mov	fp, r1
1000a47e:	7819      	ldrb	r1, [r3, #0]
1000a480:	1b13      	subs	r3, r2, r4
1000a482:	9210      	str	r2, [sp, #64]	; 0x40
1000a484:	17da      	asrs	r2, r3, #31
1000a486:	189d      	adds	r5, r3, r2
1000a488:	1bbb      	subs	r3, r7, r6
1000a48a:	4055      	eors	r5, r2
1000a48c:	17da      	asrs	r2, r3, #31
1000a48e:	468a      	mov	sl, r1
1000a490:	1899      	adds	r1, r3, r2
1000a492:	4051      	eors	r1, r2
1000a494:	17da      	asrs	r2, r3, #31
1000a496:	1ad3      	subs	r3, r2, r3
1000a498:	4053      	eors	r3, r2
1000a49a:	4284      	cmp	r4, r0
1000a49c:	4192      	sbcs	r2, r2
1000a49e:	930a      	str	r3, [sp, #40]	; 0x28
1000a4a0:	4bcd      	ldr	r3, [pc, #820]	; (1000a7d8 <Paint_DrawLine.part.0+0x380>)
1000a4a2:	9112      	str	r1, [sp, #72]	; 0x48
1000a4a4:	401a      	ands	r2, r3
1000a4a6:	0013      	movs	r3, r2
1000a4a8:	4acc      	ldr	r2, [pc, #816]	; (1000a7dc <Paint_DrawLine.part.0+0x384>)
1000a4aa:	950c      	str	r5, [sp, #48]	; 0x30
1000a4ac:	4694      	mov	ip, r2
1000a4ae:	4463      	add	r3, ip
1000a4b0:	2202      	movs	r2, #2
1000a4b2:	9314      	str	r3, [sp, #80]	; 0x50
1000a4b4:	42be      	cmp	r6, r7
1000a4b6:	419b      	sbcs	r3, r3
1000a4b8:	401a      	ands	r2, r3
1000a4ba:	1e53      	subs	r3, r2, #1
1000a4bc:	9313      	str	r3, [sp, #76]	; 0x4c
1000a4be:	465b      	mov	r3, fp
1000a4c0:	005b      	lsls	r3, r3, #1
1000a4c2:	3b01      	subs	r3, #1
1000a4c4:	9315      	str	r3, [sp, #84]	; 0x54
1000a4c6:	2300      	movs	r3, #0
1000a4c8:	1a6a      	subs	r2, r5, r1
1000a4ca:	4698      	mov	r8, r3
1000a4cc:	0053      	lsls	r3, r2, #1
1000a4ce:	4699      	mov	r9, r3
1000a4d0:	4bc3      	ldr	r3, [pc, #780]	; (1000a7e0 <Paint_DrawLine.part.0+0x388>)
1000a4d2:	9908      	ldr	r1, [sp, #32]
1000a4d4:	9316      	str	r3, [sp, #88]	; 0x58
1000a4d6:	230f      	movs	r3, #15
1000a4d8:	4019      	ands	r1, r3
1000a4da:	4653      	mov	r3, sl
1000a4dc:	46a2      	mov	sl, r4
1000a4de:	4fc1      	ldr	r7, [pc, #772]	; (1000a7e4 <Paint_DrawLine.part.0+0x38c>)
1000a4e0:	9206      	str	r2, [sp, #24]
1000a4e2:	9117      	str	r1, [sp, #92]	; 0x5c
1000a4e4:	930b      	str	r3, [sp, #44]	; 0x2c
1000a4e6:	4643      	mov	r3, r8
1000a4e8:	3301      	adds	r3, #1
1000a4ea:	b2db      	uxtb	r3, r3
1000a4ec:	4698      	mov	r8, r3
1000a4ee:	9b0b      	ldr	r3, [sp, #44]	; 0x2c
1000a4f0:	2b01      	cmp	r3, #1
1000a4f2:	d13c      	bne.n	1000a56e <Paint_DrawLine.part.0+0x116>
1000a4f4:	2103      	movs	r1, #3
1000a4f6:	4640      	mov	r0, r8
1000a4f8:	f7f9 fbf0 	bl	10003cdc <__wrap___aeabi_uidiv>
1000a4fc:	b2c9      	uxtb	r1, r1
1000a4fe:	2900      	cmp	r1, #0
1000a500:	d135      	bne.n	1000a56e <Paint_DrawLine.part.0+0x116>
1000a502:	9b08      	ldr	r3, [sp, #32]
1000a504:	2b00      	cmp	r3, #0
1000a506:	d100      	bne.n	1000a50a <Paint_DrawLine.part.0+0xb2>
1000a508:	e170      	b.n	1000a7ec <Paint_DrawLine.part.0+0x394>
1000a50a:	465b      	mov	r3, fp
1000a50c:	2200      	movs	r2, #0
1000a50e:	0031      	movs	r1, r6
1000a510:	4650      	mov	r0, sl
1000a512:	f7ff fe5b 	bl	1000a1cc <Paint_DrawPoint.constprop.1>
1000a516:	2300      	movs	r3, #0
1000a518:	4698      	mov	r8, r3
1000a51a:	9b0a      	ldr	r3, [sp, #40]	; 0x28
1000a51c:	454b      	cmp	r3, r9
1000a51e:	dc10      	bgt.n	1000a542 <Paint_DrawLine.part.0+0xea>
1000a520:	9b10      	ldr	r3, [sp, #64]	; 0x40
1000a522:	4553      	cmp	r3, sl
1000a524:	d100      	bne.n	1000a528 <Paint_DrawLine.part.0+0xd0>
1000a526:	e168      	b.n	1000a7fa <Paint_DrawLine.part.0+0x3a2>
1000a528:	9b06      	ldr	r3, [sp, #24]
1000a52a:	9a12      	ldr	r2, [sp, #72]	; 0x48
1000a52c:	1a9a      	subs	r2, r3, r2
1000a52e:	9b14      	ldr	r3, [sp, #80]	; 0x50
1000a530:	9206      	str	r2, [sp, #24]
1000a532:	4453      	add	r3, sl
1000a534:	b29b      	uxth	r3, r3
1000a536:	469a      	mov	sl, r3
1000a538:	0053      	lsls	r3, r2, #1
1000a53a:	4699      	mov	r9, r3
1000a53c:	9b0c      	ldr	r3, [sp, #48]	; 0x30
1000a53e:	454b      	cmp	r3, r9
1000a540:	dbd1      	blt.n	1000a4e6 <Paint_DrawLine.part.0+0x8e>
1000a542:	9b11      	ldr	r3, [sp, #68]	; 0x44
1000a544:	42b3      	cmp	r3, r6
1000a546:	d100      	bne.n	1000a54a <Paint_DrawLine.part.0+0xf2>
1000a548:	e157      	b.n	1000a7fa <Paint_DrawLine.part.0+0x3a2>
1000a54a:	9a0c      	ldr	r2, [sp, #48]	; 0x30
1000a54c:	9b06      	ldr	r3, [sp, #24]
1000a54e:	4694      	mov	ip, r2
1000a550:	4463      	add	r3, ip
1000a552:	9306      	str	r3, [sp, #24]
1000a554:	005b      	lsls	r3, r3, #1
1000a556:	4699      	mov	r9, r3
1000a558:	4643      	mov	r3, r8
1000a55a:	9a13      	ldr	r2, [sp, #76]	; 0x4c
1000a55c:	3301      	adds	r3, #1
1000a55e:	4694      	mov	ip, r2
1000a560:	b2db      	uxtb	r3, r3
1000a562:	4698      	mov	r8, r3
1000a564:	9b0b      	ldr	r3, [sp, #44]	; 0x2c
1000a566:	4466      	add	r6, ip
1000a568:	b2b6      	uxth	r6, r6
1000a56a:	2b01      	cmp	r3, #1
1000a56c:	d0c2      	beq.n	1000a4f4 <Paint_DrawLine.part.0+0x9c>
1000a56e:	88ba      	ldrh	r2, [r7, #4]
1000a570:	4592      	cmp	sl, r2
1000a572:	d900      	bls.n	1000a576 <Paint_DrawLine.part.0+0x11e>
1000a574:	e123      	b.n	1000a7be <Paint_DrawLine.part.0+0x366>
1000a576:	88fb      	ldrh	r3, [r7, #6]
1000a578:	42b3      	cmp	r3, r6
1000a57a:	d200      	bcs.n	1000a57e <Paint_DrawLine.part.0+0x126>
1000a57c:	e11f      	b.n	1000a7be <Paint_DrawLine.part.0+0x366>
1000a57e:	9915      	ldr	r1, [sp, #84]	; 0x54
1000a580:	2900      	cmp	r1, #0
1000a582:	ddca      	ble.n	1000a51a <Paint_DrawLine.part.0+0xc2>
1000a584:	465b      	mov	r3, fp
1000a586:	465a      	mov	r2, fp
1000a588:	1af4      	subs	r4, r6, r3
1000a58a:	4653      	mov	r3, sl
1000a58c:	1a98      	subs	r0, r3, r2
1000a58e:	9a17      	ldr	r2, [sp, #92]	; 0x5c
1000a590:	2300      	movs	r3, #0
1000a592:	0112      	lsls	r2, r2, #4
1000a594:	920d      	str	r2, [sp, #52]	; 0x34
1000a596:	2203      	movs	r2, #3
1000a598:	469c      	mov	ip, r3
1000a59a:	9b08      	ldr	r3, [sp, #32]
1000a59c:	2500      	movs	r5, #0
1000a59e:	401a      	ands	r2, r3
1000a5a0:	0193      	lsls	r3, r2, #6
1000a5a2:	9309      	str	r3, [sp, #36]	; 0x24
1000a5a4:	4643      	mov	r3, r8
1000a5a6:	930e      	str	r3, [sp, #56]	; 0x38
1000a5a8:	4663      	mov	r3, ip
1000a5aa:	468c      	mov	ip, r1
1000a5ac:	4651      	mov	r1, sl
1000a5ae:	9104      	str	r1, [sp, #16]
1000a5b0:	4649      	mov	r1, r9
1000a5b2:	002a      	movs	r2, r5
1000a5b4:	465d      	mov	r5, fp
1000a5b6:	b280      	uxth	r0, r0
1000a5b8:	910f      	str	r1, [sp, #60]	; 0x3c
1000a5ba:	9405      	str	r4, [sp, #20]
1000a5bc:	9904      	ldr	r1, [sp, #16]
1000a5be:	4688      	mov	r8, r1
1000a5c0:	4443      	add	r3, r8
1000a5c2:	42ab      	cmp	r3, r5
1000a5c4:	da00      	bge.n	1000a5c8 <Paint_DrawLine.part.0+0x170>
1000a5c6:	e104      	b.n	1000a7d2 <Paint_DrawLine.part.0+0x37a>
1000a5c8:	9b05      	ldr	r3, [sp, #20]
1000a5ca:	2b00      	cmp	r3, #0
1000a5cc:	da00      	bge.n	1000a5d0 <Paint_DrawLine.part.0+0x178>
1000a5ce:	e100      	b.n	1000a7d2 <Paint_DrawLine.part.0+0x37a>
1000a5d0:	000b      	movs	r3, r1
1000a5d2:	b291      	uxth	r1, r2
1000a5d4:	185b      	adds	r3, r3, r1
1000a5d6:	b29b      	uxth	r3, r3
1000a5d8:	2487      	movs	r4, #135	; 0x87
1000a5da:	9303      	str	r3, [sp, #12]
1000a5dc:	466b      	mov	r3, sp
1000a5de:	0064      	lsls	r4, r4, #1
1000a5e0:	46a8      	mov	r8, r5
1000a5e2:	8a9a      	ldrh	r2, [r3, #20]
1000a5e4:	46a3      	mov	fp, r4
1000a5e6:	2300      	movs	r3, #0
1000a5e8:	0005      	movs	r5, r0
1000a5ea:	9102      	str	r1, [sp, #8]
1000a5ec:	9601      	str	r6, [sp, #4]
1000a5ee:	88b8      	ldrh	r0, [r7, #4]
1000a5f0:	42a8      	cmp	r0, r5
1000a5f2:	d33f      	bcc.n	1000a674 <Paint_DrawLine.part.0+0x21c>
1000a5f4:	88f9      	ldrh	r1, [r7, #6]
1000a5f6:	4291      	cmp	r1, r2
1000a5f8:	d33c      	bcc.n	1000a674 <Paint_DrawLine.part.0+0x21c>
1000a5fa:	9901      	ldr	r1, [sp, #4]
1000a5fc:	18cc      	adds	r4, r1, r3
1000a5fe:	89f9      	ldrh	r1, [r7, #14]
1000a600:	b2a4      	uxth	r4, r4
1000a602:	29b4      	cmp	r1, #180	; 0xb4
1000a604:	d100      	bne.n	1000a608 <Paint_DrawLine.part.0+0x1b0>
1000a606:	e07e      	b.n	1000a706 <Paint_DrawLine.part.0+0x2ae>
1000a608:	d856      	bhi.n	1000a6b8 <Paint_DrawLine.part.0+0x260>
1000a60a:	2900      	cmp	r1, #0
1000a60c:	d100      	bne.n	1000a610 <Paint_DrawLine.part.0+0x1b8>
1000a60e:	e077      	b.n	1000a700 <Paint_DrawLine.part.0+0x2a8>
1000a610:	295a      	cmp	r1, #90	; 0x5a
1000a612:	d12f      	bne.n	1000a674 <Paint_DrawLine.part.0+0x21c>
1000a614:	8939      	ldrh	r1, [r7, #8]
1000a616:	3901      	subs	r1, #1
1000a618:	4441      	add	r1, r8
1000a61a:	1b09      	subs	r1, r1, r4
1000a61c:	002c      	movs	r4, r5
1000a61e:	b289      	uxth	r1, r1
1000a620:	8a3e      	ldrh	r6, [r7, #16]
1000a622:	2e02      	cmp	r6, #2
1000a624:	d054      	beq.n	1000a6d0 <Paint_DrawLine.part.0+0x278>
1000a626:	2e02      	cmp	r6, #2
1000a628:	d85e      	bhi.n	1000a6e8 <Paint_DrawLine.part.0+0x290>
1000a62a:	2e00      	cmp	r6, #0
1000a62c:	d059      	beq.n	1000a6e2 <Paint_DrawLine.part.0+0x28a>
1000a62e:	893e      	ldrh	r6, [r7, #8]
1000a630:	46b1      	mov	r9, r6
1000a632:	3e01      	subs	r6, #1
1000a634:	1a71      	subs	r1, r6, r1
1000a636:	b289      	uxth	r1, r1
1000a638:	4549      	cmp	r1, r9
1000a63a:	d81b      	bhi.n	1000a674 <Paint_DrawLine.part.0+0x21c>
1000a63c:	897e      	ldrh	r6, [r7, #10]
1000a63e:	42a6      	cmp	r6, r4
1000a640:	d318      	bcc.n	1000a674 <Paint_DrawLine.part.0+0x21c>
1000a642:	8afe      	ldrh	r6, [r7, #22]
1000a644:	2e02      	cmp	r6, #2
1000a646:	d06f      	beq.n	1000a728 <Paint_DrawLine.part.0+0x2d0>
1000a648:	2e04      	cmp	r6, #4
1000a64a:	d100      	bne.n	1000a64e <Paint_DrawLine.part.0+0x1f6>
1000a64c:	e087      	b.n	1000a75e <Paint_DrawLine.part.0+0x306>
1000a64e:	2e10      	cmp	r6, #16
1000a650:	d100      	bne.n	1000a654 <Paint_DrawLine.part.0+0x1fc>
1000a652:	e09f      	b.n	1000a794 <Paint_DrawLine.part.0+0x33c>
1000a654:	2e41      	cmp	r6, #65	; 0x41
1000a656:	d10d      	bne.n	1000a674 <Paint_DrawLine.part.0+0x21c>
1000a658:	8a7e      	ldrh	r6, [r7, #18]
1000a65a:	0049      	lsls	r1, r1, #1
1000a65c:	4374      	muls	r4, r6
1000a65e:	46a1      	mov	r9, r4
1000a660:	9e08      	ldr	r6, [sp, #32]
1000a662:	4489      	add	r9, r1
1000a664:	0a34      	lsrs	r4, r6, #8
1000a666:	464e      	mov	r6, r9
1000a668:	6839      	ldr	r1, [r7, #0]
1000a66a:	558c      	strb	r4, [r1, r6]
1000a66c:	6839      	ldr	r1, [r7, #0]
1000a66e:	9e08      	ldr	r6, [sp, #32]
1000a670:	4449      	add	r1, r9
1000a672:	704e      	strb	r6, [r1, #1]
1000a674:	3301      	adds	r3, #1
1000a676:	b299      	uxth	r1, r3
1000a678:	b21b      	sxth	r3, r3
1000a67a:	4561      	cmp	r1, ip
1000a67c:	da6a      	bge.n	1000a754 <Paint_DrawLine.part.0+0x2fc>
1000a67e:	9c01      	ldr	r4, [sp, #4]
1000a680:	46a1      	mov	r9, r4
1000a682:	4449      	add	r1, r9
1000a684:	4541      	cmp	r1, r8
1000a686:	db03      	blt.n	1000a690 <Paint_DrawLine.part.0+0x238>
1000a688:	3201      	adds	r2, #1
1000a68a:	b292      	uxth	r2, r2
1000a68c:	42a8      	cmp	r0, r5
1000a68e:	d2ae      	bcs.n	1000a5ee <Paint_DrawLine.part.0+0x196>
1000a690:	0028      	movs	r0, r5
1000a692:	0026      	movs	r6, r4
1000a694:	4645      	mov	r5, r8
1000a696:	9902      	ldr	r1, [sp, #8]
1000a698:	3101      	adds	r1, #1
1000a69a:	b20a      	sxth	r2, r1
1000a69c:	3001      	adds	r0, #1
1000a69e:	0013      	movs	r3, r2
1000a6a0:	b280      	uxth	r0, r0
1000a6a2:	4562      	cmp	r2, ip
1000a6a4:	da00      	bge.n	1000a6a8 <Paint_DrawLine.part.0+0x250>
1000a6a6:	e789      	b.n	1000a5bc <Paint_DrawLine.part.0+0x164>
1000a6a8:	9b0e      	ldr	r3, [sp, #56]	; 0x38
1000a6aa:	46ab      	mov	fp, r5
1000a6ac:	4698      	mov	r8, r3
1000a6ae:	9b04      	ldr	r3, [sp, #16]
1000a6b0:	469a      	mov	sl, r3
1000a6b2:	9b0f      	ldr	r3, [sp, #60]	; 0x3c
1000a6b4:	4699      	mov	r9, r3
1000a6b6:	e730      	b.n	1000a51a <Paint_DrawLine.part.0+0xc2>
1000a6b8:	4559      	cmp	r1, fp
1000a6ba:	d1db      	bne.n	1000a674 <Paint_DrawLine.part.0+0x21c>
1000a6bc:	897c      	ldrh	r4, [r7, #10]
1000a6be:	9903      	ldr	r1, [sp, #12]
1000a6c0:	3c01      	subs	r4, #1
1000a6c2:	4444      	add	r4, r8
1000a6c4:	8a3e      	ldrh	r6, [r7, #16]
1000a6c6:	1a64      	subs	r4, r4, r1
1000a6c8:	b2a4      	uxth	r4, r4
1000a6ca:	0011      	movs	r1, r2
1000a6cc:	2e02      	cmp	r6, #2
1000a6ce:	d1aa      	bne.n	1000a626 <Paint_DrawLine.part.0+0x1ce>
1000a6d0:	897e      	ldrh	r6, [r7, #10]
1000a6d2:	46b1      	mov	r9, r6
1000a6d4:	2601      	movs	r6, #1
1000a6d6:	4276      	negs	r6, r6
1000a6d8:	46b2      	mov	sl, r6
1000a6da:	44d1      	add	r9, sl
1000a6dc:	464e      	mov	r6, r9
1000a6de:	1b34      	subs	r4, r6, r4
1000a6e0:	b2a4      	uxth	r4, r4
1000a6e2:	893e      	ldrh	r6, [r7, #8]
1000a6e4:	46b1      	mov	r9, r6
1000a6e6:	e7a7      	b.n	1000a638 <Paint_DrawLine.part.0+0x1e0>
1000a6e8:	2e03      	cmp	r6, #3
1000a6ea:	d1c3      	bne.n	1000a674 <Paint_DrawLine.part.0+0x21c>
1000a6ec:	893e      	ldrh	r6, [r7, #8]
1000a6ee:	46b1      	mov	r9, r6
1000a6f0:	3e01      	subs	r6, #1
1000a6f2:	1a71      	subs	r1, r6, r1
1000a6f4:	897e      	ldrh	r6, [r7, #10]
1000a6f6:	b289      	uxth	r1, r1
1000a6f8:	3e01      	subs	r6, #1
1000a6fa:	1b34      	subs	r4, r6, r4
1000a6fc:	b2a4      	uxth	r4, r4
1000a6fe:	e79b      	b.n	1000a638 <Paint_DrawLine.part.0+0x1e0>
1000a700:	0014      	movs	r4, r2
1000a702:	0029      	movs	r1, r5
1000a704:	e78c      	b.n	1000a620 <Paint_DrawLine.part.0+0x1c8>
1000a706:	8939      	ldrh	r1, [r7, #8]
1000a708:	9e03      	ldr	r6, [sp, #12]
1000a70a:	3901      	subs	r1, #1
1000a70c:	4441      	add	r1, r8
1000a70e:	1b89      	subs	r1, r1, r6
1000a710:	897e      	ldrh	r6, [r7, #10]
1000a712:	b289      	uxth	r1, r1
1000a714:	46b1      	mov	r9, r6
1000a716:	2601      	movs	r6, #1
1000a718:	4276      	negs	r6, r6
1000a71a:	46b2      	mov	sl, r6
1000a71c:	44d1      	add	r9, sl
1000a71e:	44c1      	add	r9, r8
1000a720:	464e      	mov	r6, r9
1000a722:	1b34      	subs	r4, r6, r4
1000a724:	b2a4      	uxth	r4, r4
1000a726:	e77b      	b.n	1000a620 <Paint_DrawLine.part.0+0x1c8>
1000a728:	8a7e      	ldrh	r6, [r7, #18]
1000a72a:	3301      	adds	r3, #1
1000a72c:	4366      	muls	r6, r4
1000a72e:	46b1      	mov	r9, r6
1000a730:	08cc      	lsrs	r4, r1, #3
1000a732:	683e      	ldr	r6, [r7, #0]
1000a734:	b2a4      	uxth	r4, r4
1000a736:	444c      	add	r4, r9
1000a738:	46b1      	mov	r9, r6
1000a73a:	2607      	movs	r6, #7
1000a73c:	400e      	ands	r6, r1
1000a73e:	2180      	movs	r1, #128	; 0x80
1000a740:	4131      	asrs	r1, r6
1000a742:	464e      	mov	r6, r9
1000a744:	5d36      	ldrb	r6, [r6, r4]
1000a746:	4331      	orrs	r1, r6
1000a748:	464e      	mov	r6, r9
1000a74a:	5531      	strb	r1, [r6, r4]
1000a74c:	b299      	uxth	r1, r3
1000a74e:	b21b      	sxth	r3, r3
1000a750:	4561      	cmp	r1, ip
1000a752:	db94      	blt.n	1000a67e <Paint_DrawLine.part.0+0x226>
1000a754:	0028      	movs	r0, r5
1000a756:	9902      	ldr	r1, [sp, #8]
1000a758:	4645      	mov	r5, r8
1000a75a:	9e01      	ldr	r6, [sp, #4]
1000a75c:	e79c      	b.n	1000a698 <Paint_DrawLine.part.0+0x240>
1000a75e:	8a7e      	ldrh	r6, [r7, #18]
1000a760:	4366      	muls	r6, r4
1000a762:	46b1      	mov	r9, r6
1000a764:	088c      	lsrs	r4, r1, #2
1000a766:	b2a4      	uxth	r4, r4
1000a768:	44a1      	add	r9, r4
1000a76a:	2403      	movs	r4, #3
1000a76c:	4021      	ands	r1, r4
1000a76e:	0049      	lsls	r1, r1, #1
1000a770:	34bd      	adds	r4, #189	; 0xbd
1000a772:	410c      	asrs	r4, r1
1000a774:	468a      	mov	sl, r1
1000a776:	4649      	mov	r1, r9
1000a778:	683e      	ldr	r6, [r7, #0]
1000a77a:	9407      	str	r4, [sp, #28]
1000a77c:	5c74      	ldrb	r4, [r6, r1]
1000a77e:	9907      	ldr	r1, [sp, #28]
1000a780:	438c      	bics	r4, r1
1000a782:	9909      	ldr	r1, [sp, #36]	; 0x24
1000a784:	9407      	str	r4, [sp, #28]
1000a786:	4654      	mov	r4, sl
1000a788:	4121      	asrs	r1, r4
1000a78a:	9c07      	ldr	r4, [sp, #28]
1000a78c:	430c      	orrs	r4, r1
1000a78e:	4649      	mov	r1, r9
1000a790:	5474      	strb	r4, [r6, r1]
1000a792:	e76f      	b.n	1000a674 <Paint_DrawLine.part.0+0x21c>
1000a794:	8a7e      	ldrh	r6, [r7, #18]
1000a796:	4366      	muls	r6, r4
1000a798:	46b1      	mov	r9, r6
1000a79a:	084c      	lsrs	r4, r1, #1
1000a79c:	b2a4      	uxth	r4, r4
1000a79e:	44a1      	add	r9, r4
1000a7a0:	2401      	movs	r4, #1
1000a7a2:	4021      	ands	r1, r4
1000a7a4:	0089      	lsls	r1, r1, #2
1000a7a6:	34ef      	adds	r4, #239	; 0xef
1000a7a8:	410c      	asrs	r4, r1
1000a7aa:	468a      	mov	sl, r1
1000a7ac:	4649      	mov	r1, r9
1000a7ae:	683e      	ldr	r6, [r7, #0]
1000a7b0:	9407      	str	r4, [sp, #28]
1000a7b2:	5c74      	ldrb	r4, [r6, r1]
1000a7b4:	9907      	ldr	r1, [sp, #28]
1000a7b6:	438c      	bics	r4, r1
1000a7b8:	9407      	str	r4, [sp, #28]
1000a7ba:	990d      	ldr	r1, [sp, #52]	; 0x34
1000a7bc:	e7e3      	b.n	1000a786 <Paint_DrawLine.part.0+0x32e>
1000a7be:	4651      	mov	r1, sl
1000a7c0:	9816      	ldr	r0, [sp, #88]	; 0x58
1000a7c2:	f7fa fc89 	bl	100050d8 <__wrap_printf>
1000a7c6:	0031      	movs	r1, r6
1000a7c8:	88fa      	ldrh	r2, [r7, #6]
1000a7ca:	4807      	ldr	r0, [pc, #28]	; (1000a7e8 <Paint_DrawLine.part.0+0x390>)
1000a7cc:	f7fa fc84 	bl	100050d8 <__wrap_printf>
1000a7d0:	e6a3      	b.n	1000a51a <Paint_DrawLine.part.0+0xc2>
1000a7d2:	b291      	uxth	r1, r2
1000a7d4:	e760      	b.n	1000a698 <Paint_DrawLine.part.0+0x240>
1000a7d6:	46c0      	nop			; (mov r8, r8)
1000a7d8:	ffff0002 	.word	0xffff0002
1000a7dc:	0000ffff 	.word	0x0000ffff
1000a7e0:	1000c4a4 	.word	0x1000c4a4
1000a7e4:	20001b2c 	.word	0x20001b2c
1000a7e8:	1000c4c8 	.word	0x1000c4c8
1000a7ec:	465b      	mov	r3, fp
1000a7ee:	0031      	movs	r1, r6
1000a7f0:	4650      	mov	r0, sl
1000a7f2:	4a05      	ldr	r2, [pc, #20]	; (1000a808 <Paint_DrawLine.part.0+0x3b0>)
1000a7f4:	f7ff fcea 	bl	1000a1cc <Paint_DrawPoint.constprop.1>
1000a7f8:	e68d      	b.n	1000a516 <Paint_DrawLine.part.0+0xbe>
1000a7fa:	b019      	add	sp, #100	; 0x64
1000a7fc:	bcf0      	pop	{r4, r5, r6, r7}
1000a7fe:	46bb      	mov	fp, r7
1000a800:	46b2      	mov	sl, r6
1000a802:	46a9      	mov	r9, r5
1000a804:	46a0      	mov	r8, r4
1000a806:	bdf0      	pop	{r4, r5, r6, r7, pc}
1000a808:	0000ffff 	.word	0x0000ffff

1000a80c <Paint_NewImage>:
1000a80c:	b530      	push	{r4, r5, lr}
1000a80e:	ac03      	add	r4, sp, #12
1000a810:	8825      	ldrh	r5, [r4, #0]
1000a812:	4c0e      	ldr	r4, [pc, #56]	; (1000a84c <Paint_NewImage+0x40>)
1000a814:	6020      	str	r0, [r4, #0]
1000a816:	2002      	movs	r0, #2
1000a818:	8121      	strh	r1, [r4, #8]
1000a81a:	8162      	strh	r2, [r4, #10]
1000a81c:	81a5      	strh	r5, [r4, #12]
1000a81e:	82e0      	strh	r0, [r4, #22]
1000a820:	0748      	lsls	r0, r1, #29
1000a822:	d10f      	bne.n	1000a844 <Paint_NewImage+0x38>
1000a824:	08c8      	lsrs	r0, r1, #3
1000a826:	8260      	strh	r0, [r4, #18]
1000a828:	2000      	movs	r0, #0
1000a82a:	82a2      	strh	r2, [r4, #20]
1000a82c:	81e3      	strh	r3, [r4, #14]
1000a82e:	8220      	strh	r0, [r4, #16]
1000a830:	2b00      	cmp	r3, #0
1000a832:	d004      	beq.n	1000a83e <Paint_NewImage+0x32>
1000a834:	2bb4      	cmp	r3, #180	; 0xb4
1000a836:	d002      	beq.n	1000a83e <Paint_NewImage+0x32>
1000a838:	000b      	movs	r3, r1
1000a83a:	0011      	movs	r1, r2
1000a83c:	001a      	movs	r2, r3
1000a83e:	80e2      	strh	r2, [r4, #6]
1000a840:	80a1      	strh	r1, [r4, #4]
1000a842:	bd30      	pop	{r4, r5, pc}
1000a844:	08c8      	lsrs	r0, r1, #3
1000a846:	3001      	adds	r0, #1
1000a848:	b280      	uxth	r0, r0
1000a84a:	e7ec      	b.n	1000a826 <Paint_NewImage+0x1a>
1000a84c:	20001b2c 	.word	0x20001b2c

1000a850 <Paint_SetRotate>:
1000a850:	2800      	cmp	r0, #0
1000a852:	d007      	beq.n	1000a864 <Paint_SetRotate+0x14>
1000a854:	285a      	cmp	r0, #90	; 0x5a
1000a856:	d005      	beq.n	1000a864 <Paint_SetRotate+0x14>
1000a858:	28b4      	cmp	r0, #180	; 0xb4
1000a85a:	d003      	beq.n	1000a864 <Paint_SetRotate+0x14>
1000a85c:	2387      	movs	r3, #135	; 0x87
1000a85e:	005b      	lsls	r3, r3, #1
1000a860:	4298      	cmp	r0, r3
1000a862:	d101      	bne.n	1000a868 <Paint_SetRotate+0x18>
1000a864:	4b01      	ldr	r3, [pc, #4]	; (1000a86c <Paint_SetRotate+0x1c>)
1000a866:	81d8      	strh	r0, [r3, #14]
1000a868:	4770      	bx	lr
1000a86a:	46c0      	nop			; (mov r8, r8)
1000a86c:	20001b2c 	.word	0x20001b2c

1000a870 <Paint_SetScale>:
1000a870:	2802      	cmp	r0, #2
1000a872:	d00e      	beq.n	1000a892 <Paint_SetScale+0x22>
1000a874:	2804      	cmp	r0, #4
1000a876:	d004      	beq.n	1000a882 <Paint_SetScale+0x12>
1000a878:	2810      	cmp	r0, #16
1000a87a:	d020      	beq.n	1000a8be <Paint_SetScale+0x4e>
1000a87c:	2841      	cmp	r0, #65	; 0x41
1000a87e:	d018      	beq.n	1000a8b2 <Paint_SetScale+0x42>
1000a880:	4770      	bx	lr
1000a882:	4b15      	ldr	r3, [pc, #84]	; (1000a8d8 <Paint_SetScale+0x68>)
1000a884:	891a      	ldrh	r2, [r3, #8]
1000a886:	82d8      	strh	r0, [r3, #22]
1000a888:	0791      	lsls	r1, r2, #30
1000a88a:	d10e      	bne.n	1000a8aa <Paint_SetScale+0x3a>
1000a88c:	0892      	lsrs	r2, r2, #2
1000a88e:	825a      	strh	r2, [r3, #18]
1000a890:	e7f6      	b.n	1000a880 <Paint_SetScale+0x10>
1000a892:	4b11      	ldr	r3, [pc, #68]	; (1000a8d8 <Paint_SetScale+0x68>)
1000a894:	891a      	ldrh	r2, [r3, #8]
1000a896:	82d8      	strh	r0, [r3, #22]
1000a898:	0751      	lsls	r1, r2, #29
1000a89a:	d102      	bne.n	1000a8a2 <Paint_SetScale+0x32>
1000a89c:	08d2      	lsrs	r2, r2, #3
1000a89e:	825a      	strh	r2, [r3, #18]
1000a8a0:	e7ee      	b.n	1000a880 <Paint_SetScale+0x10>
1000a8a2:	08d2      	lsrs	r2, r2, #3
1000a8a4:	3201      	adds	r2, #1
1000a8a6:	825a      	strh	r2, [r3, #18]
1000a8a8:	e7ea      	b.n	1000a880 <Paint_SetScale+0x10>
1000a8aa:	0892      	lsrs	r2, r2, #2
1000a8ac:	3201      	adds	r2, #1
1000a8ae:	825a      	strh	r2, [r3, #18]
1000a8b0:	e7e6      	b.n	1000a880 <Paint_SetScale+0x10>
1000a8b2:	4b09      	ldr	r3, [pc, #36]	; (1000a8d8 <Paint_SetScale+0x68>)
1000a8b4:	891a      	ldrh	r2, [r3, #8]
1000a8b6:	82d8      	strh	r0, [r3, #22]
1000a8b8:	0052      	lsls	r2, r2, #1
1000a8ba:	825a      	strh	r2, [r3, #18]
1000a8bc:	e7e0      	b.n	1000a880 <Paint_SetScale+0x10>
1000a8be:	4b06      	ldr	r3, [pc, #24]	; (1000a8d8 <Paint_SetScale+0x68>)
1000a8c0:	891a      	ldrh	r2, [r3, #8]
1000a8c2:	82d8      	strh	r0, [r3, #22]
1000a8c4:	07d1      	lsls	r1, r2, #31
1000a8c6:	d402      	bmi.n	1000a8ce <Paint_SetScale+0x5e>
1000a8c8:	0852      	lsrs	r2, r2, #1
1000a8ca:	825a      	strh	r2, [r3, #18]
1000a8cc:	e7d8      	b.n	1000a880 <Paint_SetScale+0x10>
1000a8ce:	0852      	lsrs	r2, r2, #1
1000a8d0:	3201      	adds	r2, #1
1000a8d2:	825a      	strh	r2, [r3, #18]
1000a8d4:	e7d4      	b.n	1000a880 <Paint_SetScale+0x10>
1000a8d6:	46c0      	nop			; (mov r8, r8)
1000a8d8:	20001b2c 	.word	0x20001b2c

1000a8dc <Paint_Clear>:
1000a8dc:	b5f0      	push	{r4, r5, r6, r7, lr}
1000a8de:	4c2d      	ldr	r4, [pc, #180]	; (1000a994 <Paint_Clear+0xb8>)
1000a8e0:	4a2d      	ldr	r2, [pc, #180]	; (1000a998 <Paint_Clear+0xbc>)
1000a8e2:	8ae3      	ldrh	r3, [r4, #22]
1000a8e4:	1e99      	subs	r1, r3, #2
1000a8e6:	4211      	tst	r1, r2
1000a8e8:	d004      	beq.n	1000a8f4 <Paint_Clear+0x18>
1000a8ea:	2b10      	cmp	r3, #16
1000a8ec:	d01a      	beq.n	1000a924 <Paint_Clear+0x48>
1000a8ee:	2b41      	cmp	r3, #65	; 0x41
1000a8f0:	d033      	beq.n	1000a95a <Paint_Clear+0x7e>
1000a8f2:	bdf0      	pop	{r4, r5, r6, r7, pc}
1000a8f4:	8aa3      	ldrh	r3, [r4, #20]
1000a8f6:	2b00      	cmp	r3, #0
1000a8f8:	d0fb      	beq.n	1000a8f2 <Paint_Clear+0x16>
1000a8fa:	2500      	movs	r5, #0
1000a8fc:	8a62      	ldrh	r2, [r4, #18]
1000a8fe:	b2c0      	uxtb	r0, r0
1000a900:	2a00      	cmp	r2, #0
1000a902:	d0f6      	beq.n	1000a8f2 <Paint_Clear+0x16>
1000a904:	2300      	movs	r3, #0
1000a906:	436a      	muls	r2, r5
1000a908:	6821      	ldr	r1, [r4, #0]
1000a90a:	18c9      	adds	r1, r1, r3
1000a90c:	5488      	strb	r0, [r1, r2]
1000a90e:	3301      	adds	r3, #1
1000a910:	8a62      	ldrh	r2, [r4, #18]
1000a912:	b29b      	uxth	r3, r3
1000a914:	429a      	cmp	r2, r3
1000a916:	d8f6      	bhi.n	1000a906 <Paint_Clear+0x2a>
1000a918:	3501      	adds	r5, #1
1000a91a:	8aa3      	ldrh	r3, [r4, #20]
1000a91c:	b2ad      	uxth	r5, r5
1000a91e:	42ab      	cmp	r3, r5
1000a920:	d8ee      	bhi.n	1000a900 <Paint_Clear+0x24>
1000a922:	e7e6      	b.n	1000a8f2 <Paint_Clear+0x16>
1000a924:	8aa3      	ldrh	r3, [r4, #20]
1000a926:	2b00      	cmp	r3, #0
1000a928:	d0e3      	beq.n	1000a8f2 <Paint_Clear+0x16>
1000a92a:	2600      	movs	r6, #0
1000a92c:	270f      	movs	r7, #15
1000a92e:	8a62      	ldrh	r2, [r4, #18]
1000a930:	2a00      	cmp	r2, #0
1000a932:	d0de      	beq.n	1000a8f2 <Paint_Clear+0x16>
1000a934:	2300      	movs	r3, #0
1000a936:	4372      	muls	r2, r6
1000a938:	6821      	ldr	r1, [r4, #0]
1000a93a:	4038      	ands	r0, r7
1000a93c:	0105      	lsls	r5, r0, #4
1000a93e:	18c9      	adds	r1, r1, r3
1000a940:	4305      	orrs	r5, r0
1000a942:	548d      	strb	r5, [r1, r2]
1000a944:	3301      	adds	r3, #1
1000a946:	8a62      	ldrh	r2, [r4, #18]
1000a948:	b29b      	uxth	r3, r3
1000a94a:	429a      	cmp	r2, r3
1000a94c:	d8f3      	bhi.n	1000a936 <Paint_Clear+0x5a>
1000a94e:	3601      	adds	r6, #1
1000a950:	8aa3      	ldrh	r3, [r4, #20]
1000a952:	b2b6      	uxth	r6, r6
1000a954:	42b3      	cmp	r3, r6
1000a956:	d8eb      	bhi.n	1000a930 <Paint_Clear+0x54>
1000a958:	e7cb      	b.n	1000a8f2 <Paint_Clear+0x16>
1000a95a:	8aa3      	ldrh	r3, [r4, #20]
1000a95c:	2b00      	cmp	r3, #0
1000a95e:	d0c8      	beq.n	1000a8f2 <Paint_Clear+0x16>
1000a960:	2500      	movs	r5, #0
1000a962:	8a62      	ldrh	r2, [r4, #18]
1000a964:	0a06      	lsrs	r6, r0, #8
1000a966:	b2c0      	uxtb	r0, r0
1000a968:	2a00      	cmp	r2, #0
1000a96a:	d0c2      	beq.n	1000a8f2 <Paint_Clear+0x16>
1000a96c:	2300      	movs	r3, #0
1000a96e:	436a      	muls	r2, r5
1000a970:	0059      	lsls	r1, r3, #1
1000a972:	188a      	adds	r2, r1, r2
1000a974:	6821      	ldr	r1, [r4, #0]
1000a976:	3301      	adds	r3, #1
1000a978:	548e      	strb	r6, [r1, r2]
1000a97a:	6821      	ldr	r1, [r4, #0]
1000a97c:	b29b      	uxth	r3, r3
1000a97e:	188a      	adds	r2, r1, r2
1000a980:	7050      	strb	r0, [r2, #1]
1000a982:	8a62      	ldrh	r2, [r4, #18]
1000a984:	429a      	cmp	r2, r3
1000a986:	d8f2      	bhi.n	1000a96e <Paint_Clear+0x92>
1000a988:	3501      	adds	r5, #1
1000a98a:	8aa3      	ldrh	r3, [r4, #20]
1000a98c:	b2ad      	uxth	r5, r5
1000a98e:	42ab      	cmp	r3, r5
1000a990:	d8ea      	bhi.n	1000a968 <Paint_Clear+0x8c>
1000a992:	e7ae      	b.n	1000a8f2 <Paint_Clear+0x16>
1000a994:	20001b2c 	.word	0x20001b2c
1000a998:	0000fffd 	.word	0x0000fffd

1000a99c <Paint_DrawLine>:
1000a99c:	b5f0      	push	{r4, r5, r6, r7, lr}
1000a99e:	b085      	sub	sp, #20
1000a9a0:	ac0a      	add	r4, sp, #40	; 0x28
1000a9a2:	8826      	ldrh	r6, [r4, #0]
1000a9a4:	ac0b      	add	r4, sp, #44	; 0x2c
1000a9a6:	7827      	ldrb	r7, [r4, #0]
1000a9a8:	ac0c      	add	r4, sp, #48	; 0x30
1000a9aa:	7824      	ldrb	r4, [r4, #0]
1000a9ac:	46a4      	mov	ip, r4
1000a9ae:	4c09      	ldr	r4, [pc, #36]	; (1000a9d4 <Paint_DrawLine+0x38>)
1000a9b0:	88a5      	ldrh	r5, [r4, #4]
1000a9b2:	4285      	cmp	r5, r0
1000a9b4:	d30c      	bcc.n	1000a9d0 <Paint_DrawLine+0x34>
1000a9b6:	88e4      	ldrh	r4, [r4, #6]
1000a9b8:	428c      	cmp	r4, r1
1000a9ba:	d309      	bcc.n	1000a9d0 <Paint_DrawLine+0x34>
1000a9bc:	4295      	cmp	r5, r2
1000a9be:	d307      	bcc.n	1000a9d0 <Paint_DrawLine+0x34>
1000a9c0:	429c      	cmp	r4, r3
1000a9c2:	d305      	bcc.n	1000a9d0 <Paint_DrawLine+0x34>
1000a9c4:	4664      	mov	r4, ip
1000a9c6:	9701      	str	r7, [sp, #4]
1000a9c8:	9402      	str	r4, [sp, #8]
1000a9ca:	9600      	str	r6, [sp, #0]
1000a9cc:	f7ff fd44 	bl	1000a458 <Paint_DrawLine.part.0>
1000a9d0:	b005      	add	sp, #20
1000a9d2:	bdf0      	pop	{r4, r5, r6, r7, pc}
1000a9d4:	20001b2c 	.word	0x20001b2c

1000a9d8 <Paint_DrawCircle>:
1000a9d8:	b5f0      	push	{r4, r5, r6, r7, lr}
1000a9da:	4645      	mov	r5, r8
1000a9dc:	4657      	mov	r7, sl
1000a9de:	46de      	mov	lr, fp
1000a9e0:	464e      	mov	r6, r9
1000a9e2:	b5e0      	push	{r5, r6, r7, lr}
1000a9e4:	b091      	sub	sp, #68	; 0x44
1000a9e6:	4698      	mov	r8, r3
1000a9e8:	4fcd      	ldr	r7, [pc, #820]	; (1000ad20 <Paint_DrawCircle+0x348>)
1000a9ea:	ab1a      	add	r3, sp, #104	; 0x68
1000a9ec:	9103      	str	r1, [sp, #12]
1000a9ee:	781c      	ldrb	r4, [r3, #0]
1000a9f0:	9004      	str	r0, [sp, #16]
1000a9f2:	ab1b      	add	r3, sp, #108	; 0x6c
1000a9f4:	000d      	movs	r5, r1
1000a9f6:	7819      	ldrb	r1, [r3, #0]
1000a9f8:	88bb      	ldrh	r3, [r7, #4]
1000a9fa:	4283      	cmp	r3, r0
1000a9fc:	d200      	bcs.n	1000aa00 <Paint_DrawCircle+0x28>
1000a9fe:	e085      	b.n	1000ab0c <Paint_DrawCircle+0x134>
1000aa00:	88fb      	ldrh	r3, [r7, #6]
1000aa02:	42ab      	cmp	r3, r5
1000aa04:	d800      	bhi.n	1000aa08 <Paint_DrawCircle+0x30>
1000aa06:	e081      	b.n	1000ab0c <Paint_DrawCircle+0x134>
1000aa08:	2303      	movs	r3, #3
1000aa0a:	b210      	sxth	r0, r2
1000aa0c:	0052      	lsls	r2, r2, #1
1000aa0e:	1a9b      	subs	r3, r3, r2
1000aa10:	b21b      	sxth	r3, r3
1000aa12:	9006      	str	r0, [sp, #24]
1000aa14:	930a      	str	r3, [sp, #40]	; 0x28
1000aa16:	2901      	cmp	r1, #1
1000aa18:	d100      	bne.n	1000aa1c <Paint_DrawCircle+0x44>
1000aa1a:	e07e      	b.n	1000ab1a <Paint_DrawCircle+0x142>
1000aa1c:	2800      	cmp	r0, #0
1000aa1e:	db75      	blt.n	1000ab0c <Paint_DrawCircle+0x134>
1000aa20:	2300      	movs	r3, #0
1000aa22:	9301      	str	r3, [sp, #4]
1000aa24:	466b      	mov	r3, sp
1000aa26:	4645      	mov	r5, r8
1000aa28:	8b1e      	ldrh	r6, [r3, #24]
1000aa2a:	466b      	mov	r3, sp
1000aa2c:	889f      	ldrh	r7, [r3, #4]
1000aa2e:	9b04      	ldr	r3, [sp, #16]
1000aa30:	19db      	adds	r3, r3, r7
1000aa32:	b29a      	uxth	r2, r3
1000aa34:	4691      	mov	r9, r2
1000aa36:	9a03      	ldr	r2, [sp, #12]
1000aa38:	4648      	mov	r0, r9
1000aa3a:	18b3      	adds	r3, r6, r2
1000aa3c:	b299      	uxth	r1, r3
1000aa3e:	002a      	movs	r2, r5
1000aa40:	0023      	movs	r3, r4
1000aa42:	4688      	mov	r8, r1
1000aa44:	f7ff fbc2 	bl	1000a1cc <Paint_DrawPoint.constprop.1>
1000aa48:	9b04      	ldr	r3, [sp, #16]
1000aa4a:	002a      	movs	r2, r5
1000aa4c:	1bdb      	subs	r3, r3, r7
1000aa4e:	b299      	uxth	r1, r3
1000aa50:	468b      	mov	fp, r1
1000aa52:	0023      	movs	r3, r4
1000aa54:	4641      	mov	r1, r8
1000aa56:	4658      	mov	r0, fp
1000aa58:	f7ff fbb8 	bl	1000a1cc <Paint_DrawPoint.constprop.1>
1000aa5c:	9b04      	ldr	r3, [sp, #16]
1000aa5e:	9a03      	ldr	r2, [sp, #12]
1000aa60:	1b9b      	subs	r3, r3, r6
1000aa62:	b299      	uxth	r1, r3
1000aa64:	468a      	mov	sl, r1
1000aa66:	19d3      	adds	r3, r2, r7
1000aa68:	b299      	uxth	r1, r3
1000aa6a:	4650      	mov	r0, sl
1000aa6c:	0023      	movs	r3, r4
1000aa6e:	002a      	movs	r2, r5
1000aa70:	9102      	str	r1, [sp, #8]
1000aa72:	f7ff fbab 	bl	1000a1cc <Paint_DrawPoint.constprop.1>
1000aa76:	9a03      	ldr	r2, [sp, #12]
1000aa78:	1bd3      	subs	r3, r2, r7
1000aa7a:	b298      	uxth	r0, r3
1000aa7c:	0001      	movs	r1, r0
1000aa7e:	4680      	mov	r8, r0
1000aa80:	0023      	movs	r3, r4
1000aa82:	4650      	mov	r0, sl
1000aa84:	002a      	movs	r2, r5
1000aa86:	f7ff fba1 	bl	1000a1cc <Paint_DrawPoint.constprop.1>
1000aa8a:	9a03      	ldr	r2, [sp, #12]
1000aa8c:	4658      	mov	r0, fp
1000aa8e:	1b93      	subs	r3, r2, r6
1000aa90:	b29a      	uxth	r2, r3
1000aa92:	4692      	mov	sl, r2
1000aa94:	0023      	movs	r3, r4
1000aa96:	002a      	movs	r2, r5
1000aa98:	4651      	mov	r1, sl
1000aa9a:	f7ff fb97 	bl	1000a1cc <Paint_DrawPoint.constprop.1>
1000aa9e:	4648      	mov	r0, r9
1000aaa0:	0023      	movs	r3, r4
1000aaa2:	002a      	movs	r2, r5
1000aaa4:	4651      	mov	r1, sl
1000aaa6:	f7ff fb91 	bl	1000a1cc <Paint_DrawPoint.constprop.1>
1000aaaa:	9b04      	ldr	r3, [sp, #16]
1000aaac:	002a      	movs	r2, r5
1000aaae:	18f3      	adds	r3, r6, r3
1000aab0:	b29b      	uxth	r3, r3
1000aab2:	4699      	mov	r9, r3
1000aab4:	4641      	mov	r1, r8
1000aab6:	0023      	movs	r3, r4
1000aab8:	4648      	mov	r0, r9
1000aaba:	f7ff fb87 	bl	1000a1cc <Paint_DrawPoint.constprop.1>
1000aabe:	0023      	movs	r3, r4
1000aac0:	002a      	movs	r2, r5
1000aac2:	4648      	mov	r0, r9
1000aac4:	9902      	ldr	r1, [sp, #8]
1000aac6:	f7ff fb81 	bl	1000a1cc <Paint_DrawPoint.constprop.1>
1000aaca:	9b0a      	ldr	r3, [sp, #40]	; 0x28
1000aacc:	2b00      	cmp	r3, #0
1000aace:	db12      	blt.n	1000aaf6 <Paint_DrawCircle+0x11e>
1000aad0:	9a06      	ldr	r2, [sp, #24]
1000aad2:	9b01      	ldr	r3, [sp, #4]
1000aad4:	3e01      	subs	r6, #1
1000aad6:	1a9b      	subs	r3, r3, r2
1000aad8:	9a0a      	ldr	r2, [sp, #40]	; 0x28
1000aada:	009b      	lsls	r3, r3, #2
1000aadc:	320a      	adds	r2, #10
1000aade:	189b      	adds	r3, r3, r2
1000aae0:	b21b      	sxth	r3, r3
1000aae2:	3701      	adds	r7, #1
1000aae4:	930a      	str	r3, [sp, #40]	; 0x28
1000aae6:	b23a      	sxth	r2, r7
1000aae8:	b233      	sxth	r3, r6
1000aaea:	9306      	str	r3, [sp, #24]
1000aaec:	9201      	str	r2, [sp, #4]
1000aaee:	4293      	cmp	r3, r2
1000aaf0:	db0c      	blt.n	1000ab0c <Paint_DrawCircle+0x134>
1000aaf2:	b29e      	uxth	r6, r3
1000aaf4:	e799      	b.n	1000aa2a <Paint_DrawCircle+0x52>
1000aaf6:	00ba      	lsls	r2, r7, #2
1000aaf8:	3306      	adds	r3, #6
1000aafa:	189b      	adds	r3, r3, r2
1000aafc:	b21b      	sxth	r3, r3
1000aafe:	3701      	adds	r7, #1
1000ab00:	9a06      	ldr	r2, [sp, #24]
1000ab02:	930a      	str	r3, [sp, #40]	; 0x28
1000ab04:	b23b      	sxth	r3, r7
1000ab06:	9301      	str	r3, [sp, #4]
1000ab08:	4293      	cmp	r3, r2
1000ab0a:	dd8e      	ble.n	1000aa2a <Paint_DrawCircle+0x52>
1000ab0c:	b011      	add	sp, #68	; 0x44
1000ab0e:	bcf0      	pop	{r4, r5, r6, r7}
1000ab10:	46bb      	mov	fp, r7
1000ab12:	46b2      	mov	sl, r6
1000ab14:	46a9      	mov	r9, r5
1000ab16:	46a0      	mov	r8, r4
1000ab18:	bdf0      	pop	{r4, r5, r6, r7, pc}
1000ab1a:	2800      	cmp	r0, #0
1000ab1c:	dbf6      	blt.n	1000ab0c <Paint_DrawCircle+0x134>
1000ab1e:	9904      	ldr	r1, [sp, #16]
1000ab20:	46c3      	mov	fp, r8
1000ab22:	4689      	mov	r9, r1
1000ab24:	46a8      	mov	r8, r5
1000ab26:	1e6b      	subs	r3, r5, #1
1000ab28:	b29a      	uxth	r2, r3
1000ab2a:	920b      	str	r2, [sp, #44]	; 0x2c
1000ab2c:	9209      	str	r2, [sp, #36]	; 0x24
1000ab2e:	920c      	str	r2, [sp, #48]	; 0x30
1000ab30:	4a7c      	ldr	r2, [pc, #496]	; (1000ad24 <Paint_DrawCircle+0x34c>)
1000ab32:	1e4b      	subs	r3, r1, #1
1000ab34:	9207      	str	r2, [sp, #28]
1000ab36:	4a7c      	ldr	r2, [pc, #496]	; (1000ad28 <Paint_DrawCircle+0x350>)
1000ab38:	b29b      	uxth	r3, r3
1000ab3a:	9308      	str	r3, [sp, #32]
1000ab3c:	9102      	str	r1, [sp, #8]
1000ab3e:	9501      	str	r5, [sp, #4]
1000ab40:	920d      	str	r2, [sp, #52]	; 0x34
1000ab42:	4642      	mov	r2, r8
1000ab44:	9b03      	ldr	r3, [sp, #12]
1000ab46:	464e      	mov	r6, r9
1000ab48:	1a9c      	subs	r4, r3, r2
1000ab4a:	b2a3      	uxth	r3, r4
1000ab4c:	469a      	mov	sl, r3
1000ab4e:	9b06      	ldr	r3, [sp, #24]
1000ab50:	b224      	sxth	r4, r4
1000ab52:	0025      	movs	r5, r4
1000ab54:	429c      	cmp	r4, r3
1000ab56:	dd00      	ble.n	1000ab5a <Paint_DrawCircle+0x182>
1000ab58:	e0b0      	b.n	1000acbc <Paint_DrawCircle+0x2e4>
1000ab5a:	4653      	mov	r3, sl
1000ab5c:	940f      	str	r4, [sp, #60]	; 0x3c
1000ab5e:	46c2      	mov	sl, r8
1000ab60:	930e      	str	r3, [sp, #56]	; 0x38
1000ab62:	e02c      	b.n	1000abbe <Paint_DrawCircle+0x1e6>
1000ab64:	2e00      	cmp	r6, #0
1000ab66:	d100      	bne.n	1000ab6a <Paint_DrawCircle+0x192>
1000ab68:	e154      	b.n	1000ae14 <Paint_DrawCircle+0x43c>
1000ab6a:	4651      	mov	r1, sl
1000ab6c:	2900      	cmp	r1, #0
1000ab6e:	d00d      	beq.n	1000ab8c <Paint_DrawCircle+0x1b4>
1000ab70:	9909      	ldr	r1, [sp, #36]	; 0x24
1000ab72:	1e70      	subs	r0, r6, #1
1000ab74:	b280      	uxth	r0, r0
1000ab76:	428b      	cmp	r3, r1
1000ab78:	d200      	bcs.n	1000ab7c <Paint_DrawCircle+0x1a4>
1000ab7a:	e11a      	b.n	1000adb2 <Paint_DrawCircle+0x3da>
1000ab7c:	465a      	mov	r2, fp
1000ab7e:	f7ff f92f 	bl	10009de0 <Paint_SetPixel.part.0>
1000ab82:	88ba      	ldrh	r2, [r7, #4]
1000ab84:	42b2      	cmp	r2, r6
1000ab86:	d200      	bcs.n	1000ab8a <Paint_DrawCircle+0x1b2>
1000ab88:	e105      	b.n	1000ad96 <Paint_DrawCircle+0x3be>
1000ab8a:	88fb      	ldrh	r3, [r7, #6]
1000ab8c:	9901      	ldr	r1, [sp, #4]
1000ab8e:	428b      	cmp	r3, r1
1000ab90:	d200      	bcs.n	1000ab94 <Paint_DrawCircle+0x1bc>
1000ab92:	e100      	b.n	1000ad96 <Paint_DrawCircle+0x3be>
1000ab94:	9901      	ldr	r1, [sp, #4]
1000ab96:	2900      	cmp	r1, #0
1000ab98:	d009      	beq.n	1000abae <Paint_DrawCircle+0x1d6>
1000ab9a:	1e70      	subs	r0, r6, #1
1000ab9c:	b280      	uxth	r0, r0
1000ab9e:	4282      	cmp	r2, r0
1000aba0:	d305      	bcc.n	1000abae <Paint_DrawCircle+0x1d6>
1000aba2:	990c      	ldr	r1, [sp, #48]	; 0x30
1000aba4:	4299      	cmp	r1, r3
1000aba6:	d802      	bhi.n	1000abae <Paint_DrawCircle+0x1d6>
1000aba8:	465a      	mov	r2, fp
1000abaa:	f7ff f919 	bl	10009de0 <Paint_SetPixel.part.0>
1000abae:	3501      	adds	r5, #1
1000abb0:	9b06      	ldr	r3, [sp, #24]
1000abb2:	3601      	adds	r6, #1
1000abb4:	b22d      	sxth	r5, r5
1000abb6:	b2b6      	uxth	r6, r6
1000abb8:	429d      	cmp	r5, r3
1000abba:	dd00      	ble.n	1000abbe <Paint_DrawCircle+0x1e6>
1000abbc:	e07a      	b.n	1000acb4 <Paint_DrawCircle+0x2dc>
1000abbe:	9b03      	ldr	r3, [sp, #12]
1000abc0:	b2ad      	uxth	r5, r5
1000abc2:	18ec      	adds	r4, r5, r3
1000abc4:	88ba      	ldrh	r2, [r7, #4]
1000abc6:	006b      	lsls	r3, r5, #1
1000abc8:	b29b      	uxth	r3, r3
1000abca:	4649      	mov	r1, r9
1000abcc:	b2a4      	uxth	r4, r4
1000abce:	9305      	str	r3, [sp, #20]
1000abd0:	454a      	cmp	r2, r9
1000abd2:	d200      	bcs.n	1000abd6 <Paint_DrawCircle+0x1fe>
1000abd4:	e0d5      	b.n	1000ad82 <Paint_DrawCircle+0x3aa>
1000abd6:	88fb      	ldrh	r3, [r7, #6]
1000abd8:	429c      	cmp	r4, r3
1000abda:	d900      	bls.n	1000abde <Paint_DrawCircle+0x206>
1000abdc:	e0d1      	b.n	1000ad82 <Paint_DrawCircle+0x3aa>
1000abde:	2900      	cmp	r1, #0
1000abe0:	d100      	bne.n	1000abe4 <Paint_DrawCircle+0x20c>
1000abe2:	e0a3      	b.n	1000ad2c <Paint_DrawCircle+0x354>
1000abe4:	2c00      	cmp	r4, #0
1000abe6:	d00a      	beq.n	1000abfe <Paint_DrawCircle+0x226>
1000abe8:	9808      	ldr	r0, [sp, #32]
1000abea:	4282      	cmp	r2, r0
1000abec:	d307      	bcc.n	1000abfe <Paint_DrawCircle+0x226>
1000abee:	9a0b      	ldr	r2, [sp, #44]	; 0x2c
1000abf0:	18a9      	adds	r1, r5, r2
1000abf2:	b289      	uxth	r1, r1
1000abf4:	428b      	cmp	r3, r1
1000abf6:	d302      	bcc.n	1000abfe <Paint_DrawCircle+0x226>
1000abf8:	465a      	mov	r2, fp
1000abfa:	f7ff f8f1 	bl	10009de0 <Paint_SetPixel.part.0>
1000abfe:	0021      	movs	r1, r4
1000ac00:	465a      	mov	r2, fp
1000ac02:	9802      	ldr	r0, [sp, #8]
1000ac04:	f7ff f9fa 	bl	10009ffc <Paint_DrawPoint.constprop.0>
1000ac08:	9b04      	ldr	r3, [sp, #16]
1000ac0a:	465a      	mov	r2, fp
1000ac0c:	1b5b      	subs	r3, r3, r5
1000ac0e:	b29b      	uxth	r3, r3
1000ac10:	4698      	mov	r8, r3
1000ac12:	0018      	movs	r0, r3
1000ac14:	9901      	ldr	r1, [sp, #4]
1000ac16:	f7ff f9f1 	bl	10009ffc <Paint_DrawPoint.constprop.0>
1000ac1a:	465a      	mov	r2, fp
1000ac1c:	4651      	mov	r1, sl
1000ac1e:	4640      	mov	r0, r8
1000ac20:	f7ff f9ec 	bl	10009ffc <Paint_DrawPoint.constprop.0>
1000ac24:	9b05      	ldr	r3, [sp, #20]
1000ac26:	465a      	mov	r2, fp
1000ac28:	1ae4      	subs	r4, r4, r3
1000ac2a:	b2a4      	uxth	r4, r4
1000ac2c:	0021      	movs	r1, r4
1000ac2e:	9802      	ldr	r0, [sp, #8]
1000ac30:	f7ff f9e4 	bl	10009ffc <Paint_DrawPoint.constprop.0>
1000ac34:	88ba      	ldrh	r2, [r7, #4]
1000ac36:	454a      	cmp	r2, r9
1000ac38:	d200      	bcs.n	1000ac3c <Paint_DrawCircle+0x264>
1000ac3a:	e097      	b.n	1000ad6c <Paint_DrawCircle+0x394>
1000ac3c:	88fb      	ldrh	r3, [r7, #6]
1000ac3e:	429c      	cmp	r4, r3
1000ac40:	d900      	bls.n	1000ac44 <Paint_DrawCircle+0x26c>
1000ac42:	e093      	b.n	1000ad6c <Paint_DrawCircle+0x394>
1000ac44:	4649      	mov	r1, r9
1000ac46:	2900      	cmp	r1, #0
1000ac48:	d00d      	beq.n	1000ac66 <Paint_DrawCircle+0x28e>
1000ac4a:	2c00      	cmp	r4, #0
1000ac4c:	d00b      	beq.n	1000ac66 <Paint_DrawCircle+0x28e>
1000ac4e:	9808      	ldr	r0, [sp, #32]
1000ac50:	4282      	cmp	r2, r0
1000ac52:	d308      	bcc.n	1000ac66 <Paint_DrawCircle+0x28e>
1000ac54:	990b      	ldr	r1, [sp, #44]	; 0x2c
1000ac56:	1b49      	subs	r1, r1, r5
1000ac58:	b289      	uxth	r1, r1
1000ac5a:	428b      	cmp	r3, r1
1000ac5c:	d303      	bcc.n	1000ac66 <Paint_DrawCircle+0x28e>
1000ac5e:	465a      	mov	r2, fp
1000ac60:	f7ff f8be 	bl	10009de0 <Paint_SetPixel.part.0>
1000ac64:	88ba      	ldrh	r2, [r7, #4]
1000ac66:	42b2      	cmp	r2, r6
1000ac68:	d303      	bcc.n	1000ac72 <Paint_DrawCircle+0x29a>
1000ac6a:	88fb      	ldrh	r3, [r7, #6]
1000ac6c:	459a      	cmp	sl, r3
1000ac6e:	d800      	bhi.n	1000ac72 <Paint_DrawCircle+0x29a>
1000ac70:	e778      	b.n	1000ab64 <Paint_DrawCircle+0x18c>
1000ac72:	9807      	ldr	r0, [sp, #28]
1000ac74:	0031      	movs	r1, r6
1000ac76:	0004      	movs	r4, r0
1000ac78:	9605      	str	r6, [sp, #20]
1000ac7a:	f7fa fa2d 	bl	100050d8 <__wrap_printf>
1000ac7e:	4b2a      	ldr	r3, [pc, #168]	; (1000ad28 <Paint_DrawCircle+0x350>)
1000ac80:	88fa      	ldrh	r2, [r7, #6]
1000ac82:	4651      	mov	r1, sl
1000ac84:	0018      	movs	r0, r3
1000ac86:	4698      	mov	r8, r3
1000ac88:	f7fa fa26 	bl	100050d8 <__wrap_printf>
1000ac8c:	88ba      	ldrh	r2, [r7, #4]
1000ac8e:	42b2      	cmp	r2, r6
1000ac90:	d200      	bcs.n	1000ac94 <Paint_DrawCircle+0x2bc>
1000ac92:	e084      	b.n	1000ad9e <Paint_DrawCircle+0x3c6>
1000ac94:	88fb      	ldrh	r3, [r7, #6]
1000ac96:	9901      	ldr	r1, [sp, #4]
1000ac98:	428b      	cmp	r3, r1
1000ac9a:	d200      	bcs.n	1000ac9e <Paint_DrawCircle+0x2c6>
1000ac9c:	e07f      	b.n	1000ad9e <Paint_DrawCircle+0x3c6>
1000ac9e:	2e00      	cmp	r6, #0
1000aca0:	d000      	beq.n	1000aca4 <Paint_DrawCircle+0x2cc>
1000aca2:	e777      	b.n	1000ab94 <Paint_DrawCircle+0x1bc>
1000aca4:	3501      	adds	r5, #1
1000aca6:	9b06      	ldr	r3, [sp, #24]
1000aca8:	3601      	adds	r6, #1
1000acaa:	b22d      	sxth	r5, r5
1000acac:	b2b6      	uxth	r6, r6
1000acae:	429d      	cmp	r5, r3
1000acb0:	dc00      	bgt.n	1000acb4 <Paint_DrawCircle+0x2dc>
1000acb2:	e784      	b.n	1000abbe <Paint_DrawCircle+0x1e6>
1000acb4:	9b0e      	ldr	r3, [sp, #56]	; 0x38
1000acb6:	46d0      	mov	r8, sl
1000acb8:	469a      	mov	sl, r3
1000acba:	9c0f      	ldr	r4, [sp, #60]	; 0x3c
1000acbc:	9b0a      	ldr	r3, [sp, #40]	; 0x28
1000acbe:	2b00      	cmp	r3, #0
1000acc0:	da00      	bge.n	1000acc4 <Paint_DrawCircle+0x2ec>
1000acc2:	e07d      	b.n	1000adc0 <Paint_DrawCircle+0x3e8>
1000acc4:	9906      	ldr	r1, [sp, #24]
1000acc6:	330a      	adds	r3, #10
1000acc8:	1a62      	subs	r2, r4, r1
1000acca:	0092      	lsls	r2, r2, #2
1000accc:	18d2      	adds	r2, r2, r3
1000acce:	b213      	sxth	r3, r2
1000acd0:	930a      	str	r3, [sp, #40]	; 0x28
1000acd2:	1e4b      	subs	r3, r1, #1
1000acd4:	b21a      	sxth	r2, r3
1000acd6:	9b01      	ldr	r3, [sp, #4]
1000acd8:	9206      	str	r2, [sp, #24]
1000acda:	3301      	adds	r3, #1
1000acdc:	b29b      	uxth	r3, r3
1000acde:	9301      	str	r3, [sp, #4]
1000ace0:	9b0c      	ldr	r3, [sp, #48]	; 0x30
1000ace2:	3301      	adds	r3, #1
1000ace4:	b29b      	uxth	r3, r3
1000ace6:	930c      	str	r3, [sp, #48]	; 0x30
1000ace8:	9b09      	ldr	r3, [sp, #36]	; 0x24
1000acea:	3b01      	subs	r3, #1
1000acec:	b29b      	uxth	r3, r3
1000acee:	9309      	str	r3, [sp, #36]	; 0x24
1000acf0:	4643      	mov	r3, r8
1000acf2:	3b01      	subs	r3, #1
1000acf4:	b29b      	uxth	r3, r3
1000acf6:	4698      	mov	r8, r3
1000acf8:	464b      	mov	r3, r9
1000acfa:	3301      	adds	r3, #1
1000acfc:	b29b      	uxth	r3, r3
1000acfe:	4699      	mov	r9, r3
1000ad00:	9b08      	ldr	r3, [sp, #32]
1000ad02:	3301      	adds	r3, #1
1000ad04:	b29b      	uxth	r3, r3
1000ad06:	9308      	str	r3, [sp, #32]
1000ad08:	9b02      	ldr	r3, [sp, #8]
1000ad0a:	3b01      	subs	r3, #1
1000ad0c:	b29b      	uxth	r3, r3
1000ad0e:	9302      	str	r3, [sp, #8]
1000ad10:	4653      	mov	r3, sl
1000ad12:	3301      	adds	r3, #1
1000ad14:	b21b      	sxth	r3, r3
1000ad16:	429a      	cmp	r2, r3
1000ad18:	db00      	blt.n	1000ad1c <Paint_DrawCircle+0x344>
1000ad1a:	e712      	b.n	1000ab42 <Paint_DrawCircle+0x16a>
1000ad1c:	e6f6      	b.n	1000ab0c <Paint_DrawCircle+0x134>
1000ad1e:	46c0      	nop			; (mov r8, r8)
1000ad20:	20001b2c 	.word	0x20001b2c
1000ad24:	1000c4a4 	.word	0x1000c4a4
1000ad28:	1000c4c8 	.word	0x1000c4c8
1000ad2c:	0021      	movs	r1, r4
1000ad2e:	465a      	mov	r2, fp
1000ad30:	9802      	ldr	r0, [sp, #8]
1000ad32:	f7ff f963 	bl	10009ffc <Paint_DrawPoint.constprop.0>
1000ad36:	9b04      	ldr	r3, [sp, #16]
1000ad38:	465a      	mov	r2, fp
1000ad3a:	1b5b      	subs	r3, r3, r5
1000ad3c:	b29b      	uxth	r3, r3
1000ad3e:	4698      	mov	r8, r3
1000ad40:	0018      	movs	r0, r3
1000ad42:	9901      	ldr	r1, [sp, #4]
1000ad44:	f7ff f95a 	bl	10009ffc <Paint_DrawPoint.constprop.0>
1000ad48:	465a      	mov	r2, fp
1000ad4a:	4651      	mov	r1, sl
1000ad4c:	4640      	mov	r0, r8
1000ad4e:	f7ff f955 	bl	10009ffc <Paint_DrawPoint.constprop.0>
1000ad52:	9b05      	ldr	r3, [sp, #20]
1000ad54:	465a      	mov	r2, fp
1000ad56:	1ae4      	subs	r4, r4, r3
1000ad58:	b2a4      	uxth	r4, r4
1000ad5a:	0021      	movs	r1, r4
1000ad5c:	9802      	ldr	r0, [sp, #8]
1000ad5e:	f7ff f94d 	bl	10009ffc <Paint_DrawPoint.constprop.0>
1000ad62:	88fb      	ldrh	r3, [r7, #6]
1000ad64:	88ba      	ldrh	r2, [r7, #4]
1000ad66:	42a3      	cmp	r3, r4
1000ad68:	d300      	bcc.n	1000ad6c <Paint_DrawCircle+0x394>
1000ad6a:	e77c      	b.n	1000ac66 <Paint_DrawCircle+0x28e>
1000ad6c:	4649      	mov	r1, r9
1000ad6e:	9807      	ldr	r0, [sp, #28]
1000ad70:	f7fa f9b2 	bl	100050d8 <__wrap_printf>
1000ad74:	88fa      	ldrh	r2, [r7, #6]
1000ad76:	0021      	movs	r1, r4
1000ad78:	980d      	ldr	r0, [sp, #52]	; 0x34
1000ad7a:	f7fa f9ad 	bl	100050d8 <__wrap_printf>
1000ad7e:	88ba      	ldrh	r2, [r7, #4]
1000ad80:	e771      	b.n	1000ac66 <Paint_DrawCircle+0x28e>
1000ad82:	9807      	ldr	r0, [sp, #28]
1000ad84:	f7fa f9a8 	bl	100050d8 <__wrap_printf>
1000ad88:	4b27      	ldr	r3, [pc, #156]	; (1000ae28 <Paint_DrawCircle+0x450>)
1000ad8a:	0021      	movs	r1, r4
1000ad8c:	0018      	movs	r0, r3
1000ad8e:	88fa      	ldrh	r2, [r7, #6]
1000ad90:	f7fa f9a2 	bl	100050d8 <__wrap_printf>
1000ad94:	e733      	b.n	1000abfe <Paint_DrawCircle+0x226>
1000ad96:	4b24      	ldr	r3, [pc, #144]	; (1000ae28 <Paint_DrawCircle+0x450>)
1000ad98:	4c24      	ldr	r4, [pc, #144]	; (1000ae2c <Paint_DrawCircle+0x454>)
1000ad9a:	4698      	mov	r8, r3
1000ad9c:	9605      	str	r6, [sp, #20]
1000ad9e:	9905      	ldr	r1, [sp, #20]
1000ada0:	0020      	movs	r0, r4
1000ada2:	f7fa f999 	bl	100050d8 <__wrap_printf>
1000ada6:	4640      	mov	r0, r8
1000ada8:	88fa      	ldrh	r2, [r7, #6]
1000adaa:	9901      	ldr	r1, [sp, #4]
1000adac:	f7fa f994 	bl	100050d8 <__wrap_printf>
1000adb0:	e6fd      	b.n	1000abae <Paint_DrawCircle+0x1d6>
1000adb2:	9901      	ldr	r1, [sp, #4]
1000adb4:	428b      	cmp	r3, r1
1000adb6:	d3ee      	bcc.n	1000ad96 <Paint_DrawCircle+0x3be>
1000adb8:	2900      	cmp	r1, #0
1000adba:	d000      	beq.n	1000adbe <Paint_DrawCircle+0x3e6>
1000adbc:	e6f1      	b.n	1000aba2 <Paint_DrawCircle+0x1ca>
1000adbe:	e6f6      	b.n	1000abae <Paint_DrawCircle+0x1d6>
1000adc0:	4652      	mov	r2, sl
1000adc2:	3306      	adds	r3, #6
1000adc4:	0092      	lsls	r2, r2, #2
1000adc6:	18d2      	adds	r2, r2, r3
1000adc8:	b213      	sxth	r3, r2
1000adca:	930a      	str	r3, [sp, #40]	; 0x28
1000adcc:	9b01      	ldr	r3, [sp, #4]
1000adce:	9a06      	ldr	r2, [sp, #24]
1000add0:	3301      	adds	r3, #1
1000add2:	b29b      	uxth	r3, r3
1000add4:	9301      	str	r3, [sp, #4]
1000add6:	9b0c      	ldr	r3, [sp, #48]	; 0x30
1000add8:	3301      	adds	r3, #1
1000adda:	b29b      	uxth	r3, r3
1000addc:	930c      	str	r3, [sp, #48]	; 0x30
1000adde:	9b09      	ldr	r3, [sp, #36]	; 0x24
1000ade0:	3b01      	subs	r3, #1
1000ade2:	b29b      	uxth	r3, r3
1000ade4:	9309      	str	r3, [sp, #36]	; 0x24
1000ade6:	4643      	mov	r3, r8
1000ade8:	3b01      	subs	r3, #1
1000adea:	b29b      	uxth	r3, r3
1000adec:	4698      	mov	r8, r3
1000adee:	464b      	mov	r3, r9
1000adf0:	3301      	adds	r3, #1
1000adf2:	b29b      	uxth	r3, r3
1000adf4:	4699      	mov	r9, r3
1000adf6:	9b08      	ldr	r3, [sp, #32]
1000adf8:	3301      	adds	r3, #1
1000adfa:	b29b      	uxth	r3, r3
1000adfc:	9308      	str	r3, [sp, #32]
1000adfe:	9b02      	ldr	r3, [sp, #8]
1000ae00:	3b01      	subs	r3, #1
1000ae02:	b29b      	uxth	r3, r3
1000ae04:	9302      	str	r3, [sp, #8]
1000ae06:	4653      	mov	r3, sl
1000ae08:	3301      	adds	r3, #1
1000ae0a:	b21b      	sxth	r3, r3
1000ae0c:	4293      	cmp	r3, r2
1000ae0e:	dc00      	bgt.n	1000ae12 <Paint_DrawCircle+0x43a>
1000ae10:	e697      	b.n	1000ab42 <Paint_DrawCircle+0x16a>
1000ae12:	e67b      	b.n	1000ab0c <Paint_DrawCircle+0x134>
1000ae14:	9901      	ldr	r1, [sp, #4]
1000ae16:	428b      	cmp	r3, r1
1000ae18:	d300      	bcc.n	1000ae1c <Paint_DrawCircle+0x444>
1000ae1a:	e6c8      	b.n	1000abae <Paint_DrawCircle+0x1d6>
1000ae1c:	2300      	movs	r3, #0
1000ae1e:	9305      	str	r3, [sp, #20]
1000ae20:	4b01      	ldr	r3, [pc, #4]	; (1000ae28 <Paint_DrawCircle+0x450>)
1000ae22:	4c02      	ldr	r4, [pc, #8]	; (1000ae2c <Paint_DrawCircle+0x454>)
1000ae24:	4698      	mov	r8, r3
1000ae26:	e7ba      	b.n	1000ad9e <Paint_DrawCircle+0x3c6>
1000ae28:	1000c4c8 	.word	0x1000c4c8
1000ae2c:	1000c4a4 	.word	0x1000c4a4

1000ae30 <Paint_DrawString_EN>:
1000ae30:	b5f0      	push	{r4, r5, r6, r7, lr}
1000ae32:	4657      	mov	r7, sl
1000ae34:	46de      	mov	lr, fp
1000ae36:	464e      	mov	r6, r9
1000ae38:	4645      	mov	r5, r8
1000ae3a:	b5e0      	push	{r5, r6, r7, lr}
1000ae3c:	b085      	sub	sp, #20
1000ae3e:	4698      	mov	r8, r3
1000ae40:	ab0e      	add	r3, sp, #56	; 0x38
1000ae42:	881b      	ldrh	r3, [r3, #0]
1000ae44:	468b      	mov	fp, r1
1000ae46:	9302      	str	r3, [sp, #8]
1000ae48:	ab0f      	add	r3, sp, #60	; 0x3c
1000ae4a:	881b      	ldrh	r3, [r3, #0]
1000ae4c:	4682      	mov	sl, r0
1000ae4e:	9303      	str	r3, [sp, #12]
1000ae50:	4b20      	ldr	r3, [pc, #128]	; (1000aed4 <Paint_DrawString_EN+0xa4>)
1000ae52:	0017      	movs	r7, r2
1000ae54:	8899      	ldrh	r1, [r3, #4]
1000ae56:	4699      	mov	r9, r3
1000ae58:	4281      	cmp	r1, r0
1000ae5a:	d333      	bcc.n	1000aec4 <Paint_DrawString_EN+0x94>
1000ae5c:	88d8      	ldrh	r0, [r3, #6]
1000ae5e:	4558      	cmp	r0, fp
1000ae60:	d330      	bcc.n	1000aec4 <Paint_DrawString_EN+0x94>
1000ae62:	7812      	ldrb	r2, [r2, #0]
1000ae64:	2a00      	cmp	r2, #0
1000ae66:	d02d      	beq.n	1000aec4 <Paint_DrawString_EN+0x94>
1000ae68:	4643      	mov	r3, r8
1000ae6a:	889b      	ldrh	r3, [r3, #4]
1000ae6c:	465d      	mov	r5, fp
1000ae6e:	4654      	mov	r4, sl
1000ae70:	001e      	movs	r6, r3
1000ae72:	e01e      	b.n	1000aeb2 <Paint_DrawString_EN+0x82>
1000ae74:	4643      	mov	r3, r8
1000ae76:	88db      	ldrh	r3, [r3, #6]
1000ae78:	18eb      	adds	r3, r5, r3
1000ae7a:	4283      	cmp	r3, r0
1000ae7c:	dd01      	ble.n	1000ae82 <Paint_DrawString_EN+0x52>
1000ae7e:	465d      	mov	r5, fp
1000ae80:	4654      	mov	r4, sl
1000ae82:	428c      	cmp	r4, r1
1000ae84:	d80c      	bhi.n	1000aea0 <Paint_DrawString_EN+0x70>
1000ae86:	4285      	cmp	r5, r0
1000ae88:	d80a      	bhi.n	1000aea0 <Paint_DrawString_EN+0x70>
1000ae8a:	9b02      	ldr	r3, [sp, #8]
1000ae8c:	0029      	movs	r1, r5
1000ae8e:	9301      	str	r3, [sp, #4]
1000ae90:	9b03      	ldr	r3, [sp, #12]
1000ae92:	0020      	movs	r0, r4
1000ae94:	9300      	str	r3, [sp, #0]
1000ae96:	4643      	mov	r3, r8
1000ae98:	f7ff f838 	bl	10009f0c <Paint_DrawChar.part.0>
1000ae9c:	4643      	mov	r3, r8
1000ae9e:	889e      	ldrh	r6, [r3, #4]
1000aea0:	787a      	ldrb	r2, [r7, #1]
1000aea2:	19a4      	adds	r4, r4, r6
1000aea4:	3701      	adds	r7, #1
1000aea6:	b2a4      	uxth	r4, r4
1000aea8:	2a00      	cmp	r2, #0
1000aeaa:	d00b      	beq.n	1000aec4 <Paint_DrawString_EN+0x94>
1000aeac:	464b      	mov	r3, r9
1000aeae:	8899      	ldrh	r1, [r3, #4]
1000aeb0:	88d8      	ldrh	r0, [r3, #6]
1000aeb2:	19a3      	adds	r3, r4, r6
1000aeb4:	428b      	cmp	r3, r1
1000aeb6:	dddd      	ble.n	1000ae74 <Paint_DrawString_EN+0x44>
1000aeb8:	4643      	mov	r3, r8
1000aeba:	88db      	ldrh	r3, [r3, #6]
1000aebc:	4654      	mov	r4, sl
1000aebe:	18ed      	adds	r5, r5, r3
1000aec0:	b2ad      	uxth	r5, r5
1000aec2:	e7d9      	b.n	1000ae78 <Paint_DrawString_EN+0x48>
1000aec4:	b005      	add	sp, #20
1000aec6:	bcf0      	pop	{r4, r5, r6, r7}
1000aec8:	46bb      	mov	fp, r7
1000aeca:	46b2      	mov	sl, r6
1000aecc:	46a9      	mov	r9, r5
1000aece:	46a0      	mov	r8, r4
1000aed0:	bdf0      	pop	{r4, r5, r6, r7, pc}
1000aed2:	46c0      	nop			; (mov r8, r8)
1000aed4:	20001b2c 	.word	0x20001b2c

1000aed8 <DEV_Delay_ms>:
1000aed8:	b510      	push	{r4, lr}
1000aeda:	f7f6 fb59 	bl	10001590 <sleep_ms>
1000aede:	bd10      	pop	{r4, pc}

1000aee0 <DEV_Digital_Write>:
1000aee0:	2301      	movs	r3, #1
1000aee2:	22d0      	movs	r2, #208	; 0xd0
1000aee4:	4083      	lsls	r3, r0
1000aee6:	0612      	lsls	r2, r2, #24
1000aee8:	2900      	cmp	r1, #0
1000aeea:	d001      	beq.n	1000aef0 <DEV_Digital_Write+0x10>
1000aeec:	6153      	str	r3, [r2, #20]
1000aeee:	4770      	bx	lr
1000aef0:	6193      	str	r3, [r2, #24]
1000aef2:	e7fc      	b.n	1000aeee <DEV_Digital_Write+0xe>

1000aef4 <DEV_SPI_WriteByte>:
1000aef4:	b500      	push	{lr}
1000aef6:	b083      	sub	sp, #12
1000aef8:	466b      	mov	r3, sp
1000aefa:	71d9      	strb	r1, [r3, #7]
1000aefc:	3307      	adds	r3, #7
1000aefe:	2201      	movs	r2, #1
1000af00:	0019      	movs	r1, r3
1000af02:	f000 fea9 	bl	1000bc58 <__spi_write_blocking_veneer>
1000af06:	b003      	add	sp, #12
1000af08:	bd00      	pop	{pc}
1000af0a:	46c0      	nop			; (mov r8, r8)

1000af0c <DEV_SPI_Write_nByte>:
1000af0c:	b510      	push	{r4, lr}
1000af0e:	f000 fea3 	bl	1000bc58 <__spi_write_blocking_veneer>
1000af12:	bd10      	pop	{r4, pc}

1000af14 <DEV_SET_PWM>:
1000af14:	b510      	push	{r4, lr}
1000af16:	2864      	cmp	r0, #100	; 0x64
1000af18:	d811      	bhi.n	1000af3e <DEV_SET_PWM+0x2a>
1000af1a:	4b0b      	ldr	r3, [pc, #44]	; (1000af48 <DEV_SET_PWM+0x34>)
1000af1c:	0400      	lsls	r0, r0, #16
1000af1e:	681a      	ldr	r2, [r3, #0]
1000af20:	0093      	lsls	r3, r2, #2
1000af22:	189b      	adds	r3, r3, r2
1000af24:	4a09      	ldr	r2, [pc, #36]	; (1000af4c <DEV_SET_PWM+0x38>)
1000af26:	009b      	lsls	r3, r3, #2
1000af28:	4694      	mov	ip, r2
1000af2a:	4463      	add	r3, ip
1000af2c:	681a      	ldr	r2, [r3, #0]
1000af2e:	4050      	eors	r0, r2
1000af30:	2280      	movs	r2, #128	; 0x80
1000af32:	0c00      	lsrs	r0, r0, #16
1000af34:	0152      	lsls	r2, r2, #5
1000af36:	0400      	lsls	r0, r0, #16
1000af38:	4313      	orrs	r3, r2
1000af3a:	6018      	str	r0, [r3, #0]
1000af3c:	bd10      	pop	{r4, pc}
1000af3e:	4804      	ldr	r0, [pc, #16]	; (1000af50 <DEV_SET_PWM+0x3c>)
1000af40:	f7f9 ffd8 	bl	10004ef4 <__wrap_puts>
1000af44:	e7fa      	b.n	1000af3c <DEV_SET_PWM+0x28>
1000af46:	46c0      	nop			; (mov r8, r8)
1000af48:	200025a4 	.word	0x200025a4
1000af4c:	4005000c 	.word	0x4005000c
1000af50:	1000c964 	.word	0x1000c964

1000af54 <DEV_Module_Init>:
1000af54:	b570      	push	{r4, r5, r6, lr}
1000af56:	f7fa f8cb 	bl	100050f0 <stdio_init_all>
1000af5a:	200d      	movs	r0, #13
1000af5c:	f7f5 fce2 	bl	10000924 <gpio_init>
1000af60:	24d0      	movs	r4, #208	; 0xd0
1000af62:	2380      	movs	r3, #128	; 0x80
1000af64:	2580      	movs	r5, #128	; 0x80
1000af66:	2680      	movs	r6, #128	; 0x80
1000af68:	0624      	lsls	r4, r4, #24
1000af6a:	019b      	lsls	r3, r3, #6
1000af6c:	6263      	str	r3, [r4, #36]	; 0x24
1000af6e:	006d      	lsls	r5, r5, #1
1000af70:	2008      	movs	r0, #8
1000af72:	f7f5 fcd7 	bl	10000924 <gpio_init>
1000af76:	00b6      	lsls	r6, r6, #2
1000af78:	6265      	str	r5, [r4, #36]	; 0x24
1000af7a:	2009      	movs	r0, #9
1000af7c:	f7f5 fcd2 	bl	10000924 <gpio_init>
1000af80:	2019      	movs	r0, #25
1000af82:	6266      	str	r6, [r4, #36]	; 0x24
1000af84:	f7f5 fcce 	bl	10000924 <gpio_init>
1000af88:	2380      	movs	r3, #128	; 0x80
1000af8a:	049b      	lsls	r3, r3, #18
1000af8c:	6263      	str	r3, [r4, #36]	; 0x24
1000af8e:	6166      	str	r6, [r4, #20]
1000af90:	61a5      	str	r5, [r4, #24]
1000af92:	6163      	str	r3, [r4, #20]
1000af94:	f7fc fcf4 	bl	10007980 <adc_init>
1000af98:	211f      	movs	r1, #31
1000af9a:	201d      	movs	r0, #29
1000af9c:	f7f5 fc84 	bl	100008a8 <gpio_set_function>
1000afa0:	2200      	movs	r2, #0
1000afa2:	2100      	movs	r1, #0
1000afa4:	201d      	movs	r0, #29
1000afa6:	f7f5 fc97 	bl	100008d8 <gpio_set_pulls>
1000afaa:	2100      	movs	r1, #0
1000afac:	201d      	movs	r0, #29
1000afae:	f7f5 fca5 	bl	100008fc <gpio_set_input_enabled>
1000afb2:	4b25      	ldr	r3, [pc, #148]	; (1000b048 <DEV_Module_Init+0xf4>)
1000afb4:	2104      	movs	r1, #4
1000afb6:	681a      	ldr	r2, [r3, #0]
1000afb8:	23c0      	movs	r3, #192	; 0xc0
1000afba:	019b      	lsls	r3, r3, #6
1000afbc:	4053      	eors	r3, r2
1000afbe:	22e0      	movs	r2, #224	; 0xe0
1000afc0:	01d2      	lsls	r2, r2, #7
1000afc2:	4013      	ands	r3, r2
1000afc4:	4a21      	ldr	r2, [pc, #132]	; (1000b04c <DEV_Module_Init+0xf8>)
1000afc6:	2019      	movs	r0, #25
1000afc8:	6013      	str	r3, [r2, #0]
1000afca:	f7f5 fc6d 	bl	100008a8 <gpio_set_function>
1000afce:	2204      	movs	r2, #4
1000afd0:	4b1f      	ldr	r3, [pc, #124]	; (1000b050 <DEV_Module_Init+0xfc>)
1000afd2:	4920      	ldr	r1, [pc, #128]	; (1000b054 <DEV_Module_Init+0x100>)
1000afd4:	601a      	str	r2, [r3, #0]
1000afd6:	2364      	movs	r3, #100	; 0x64
1000afd8:	4a1f      	ldr	r2, [pc, #124]	; (1000b058 <DEV_Module_Init+0x104>)
1000afda:	4820      	ldr	r0, [pc, #128]	; (1000b05c <DEV_Module_Init+0x108>)
1000afdc:	6613      	str	r3, [r2, #96]	; 0x60
1000afde:	4b20      	ldr	r3, [pc, #128]	; (1000b060 <DEV_Module_Init+0x10c>)
1000afe0:	681b      	ldr	r3, [r3, #0]
1000afe2:	0c1b      	lsrs	r3, r3, #16
1000afe4:	041b      	lsls	r3, r3, #16
1000afe6:	600b      	str	r3, [r1, #0]
1000afe8:	23c8      	movs	r3, #200	; 0xc8
1000afea:	009b      	lsls	r3, r3, #2
1000afec:	6553      	str	r3, [r2, #84]	; 0x54
1000afee:	4b1d      	ldr	r3, [pc, #116]	; (1000b064 <DEV_Module_Init+0x110>)
1000aff0:	491d      	ldr	r1, [pc, #116]	; (1000b068 <DEV_Module_Init+0x114>)
1000aff2:	681a      	ldr	r2, [r3, #0]
1000aff4:	2301      	movs	r3, #1
1000aff6:	4393      	bics	r3, r2
1000aff8:	4a1c      	ldr	r2, [pc, #112]	; (1000b06c <DEV_Module_Init+0x118>)
1000affa:	6013      	str	r3, [r2, #0]
1000affc:	f7fc fadc 	bl	100075b8 <spi_init>
1000b000:	2101      	movs	r1, #1
1000b002:	200a      	movs	r0, #10
1000b004:	f7f5 fc50 	bl	100008a8 <gpio_set_function>
1000b008:	2101      	movs	r1, #1
1000b00a:	200b      	movs	r0, #11
1000b00c:	f7f5 fc4c 	bl	100008a8 <gpio_set_function>
1000b010:	4917      	ldr	r1, [pc, #92]	; (1000b070 <DEV_Module_Init+0x11c>)
1000b012:	4818      	ldr	r0, [pc, #96]	; (1000b074 <DEV_Module_Init+0x120>)
1000b014:	f7fc fbda 	bl	100077cc <i2c_init>
1000b018:	2103      	movs	r1, #3
1000b01a:	2006      	movs	r0, #6
1000b01c:	f7f5 fc44 	bl	100008a8 <gpio_set_function>
1000b020:	2103      	movs	r1, #3
1000b022:	2007      	movs	r0, #7
1000b024:	f7f5 fc40 	bl	100008a8 <gpio_set_function>
1000b028:	2200      	movs	r2, #0
1000b02a:	2101      	movs	r1, #1
1000b02c:	2006      	movs	r0, #6
1000b02e:	f7f5 fc53 	bl	100008d8 <gpio_set_pulls>
1000b032:	2200      	movs	r2, #0
1000b034:	2101      	movs	r1, #1
1000b036:	2007      	movs	r0, #7
1000b038:	f7f5 fc4e 	bl	100008d8 <gpio_set_pulls>
1000b03c:	480e      	ldr	r0, [pc, #56]	; (1000b078 <DEV_Module_Init+0x124>)
1000b03e:	f7f9 ff59 	bl	10004ef4 <__wrap_puts>
1000b042:	2000      	movs	r0, #0
1000b044:	bd70      	pop	{r4, r5, r6, pc}
1000b046:	46c0      	nop			; (mov r8, r8)
1000b048:	4004c000 	.word	0x4004c000
1000b04c:	4004d000 	.word	0x4004d000
1000b050:	200025a4 	.word	0x200025a4
1000b054:	4005105c 	.word	0x4005105c
1000b058:	40050000 	.word	0x40050000
1000b05c:	40040000 	.word	0x40040000
1000b060:	4005005c 	.word	0x4005005c
1000b064:	40050050 	.word	0x40050050
1000b068:	02625a00 	.word	0x02625a00
1000b06c:	40051050 	.word	0x40051050
1000b070:	00061a80 	.word	0x00061a80
1000b074:	20000f28 	.word	0x20000f28
1000b078:	1000c978 	.word	0x1000c978

1000b07c <calloc>:
1000b07c:	0003      	movs	r3, r0
1000b07e:	b510      	push	{r4, lr}
1000b080:	000a      	movs	r2, r1
1000b082:	4903      	ldr	r1, [pc, #12]	; (1000b090 <calloc+0x14>)
1000b084:	6808      	ldr	r0, [r1, #0]
1000b086:	0019      	movs	r1, r3
1000b088:	f000 f804 	bl	1000b094 <_calloc_r>
1000b08c:	bd10      	pop	{r4, pc}
1000b08e:	46c0      	nop			; (mov r8, r8)
1000b090:	20000f40 	.word	0x20000f40

1000b094 <_calloc_r>:
1000b094:	b510      	push	{r4, lr}
1000b096:	4351      	muls	r1, r2
1000b098:	f000 f83e 	bl	1000b118 <_malloc_r>
1000b09c:	1e04      	subs	r4, r0, #0
1000b09e:	d00e      	beq.n	1000b0be <_calloc_r+0x2a>
1000b0a0:	0003      	movs	r3, r0
1000b0a2:	3b08      	subs	r3, #8
1000b0a4:	685a      	ldr	r2, [r3, #4]
1000b0a6:	2303      	movs	r3, #3
1000b0a8:	439a      	bics	r2, r3
1000b0aa:	3a04      	subs	r2, #4
1000b0ac:	2a24      	cmp	r2, #36	; 0x24
1000b0ae:	d815      	bhi.n	1000b0dc <_calloc_r+0x48>
1000b0b0:	0003      	movs	r3, r0
1000b0b2:	2a13      	cmp	r2, #19
1000b0b4:	d805      	bhi.n	1000b0c2 <_calloc_r+0x2e>
1000b0b6:	2200      	movs	r2, #0
1000b0b8:	601a      	str	r2, [r3, #0]
1000b0ba:	605a      	str	r2, [r3, #4]
1000b0bc:	609a      	str	r2, [r3, #8]
1000b0be:	0020      	movs	r0, r4
1000b0c0:	bd10      	pop	{r4, pc}
1000b0c2:	2100      	movs	r1, #0
1000b0c4:	3308      	adds	r3, #8
1000b0c6:	6001      	str	r1, [r0, #0]
1000b0c8:	6041      	str	r1, [r0, #4]
1000b0ca:	2a1b      	cmp	r2, #27
1000b0cc:	d9f3      	bls.n	1000b0b6 <_calloc_r+0x22>
1000b0ce:	6081      	str	r1, [r0, #8]
1000b0d0:	60c1      	str	r1, [r0, #12]
1000b0d2:	2a24      	cmp	r2, #36	; 0x24
1000b0d4:	d006      	beq.n	1000b0e4 <_calloc_r+0x50>
1000b0d6:	0003      	movs	r3, r0
1000b0d8:	3310      	adds	r3, #16
1000b0da:	e7ec      	b.n	1000b0b6 <_calloc_r+0x22>
1000b0dc:	2100      	movs	r1, #0
1000b0de:	f7f9 fe21 	bl	10004d24 <__wrap_memset>
1000b0e2:	e7ec      	b.n	1000b0be <_calloc_r+0x2a>
1000b0e4:	0003      	movs	r3, r0
1000b0e6:	6101      	str	r1, [r0, #16]
1000b0e8:	3318      	adds	r3, #24
1000b0ea:	6141      	str	r1, [r0, #20]
1000b0ec:	e7e3      	b.n	1000b0b6 <_calloc_r+0x22>
1000b0ee:	46c0      	nop			; (mov r8, r8)

1000b0f0 <malloc>:
1000b0f0:	b510      	push	{r4, lr}
1000b0f2:	4b03      	ldr	r3, [pc, #12]	; (1000b100 <malloc+0x10>)
1000b0f4:	0001      	movs	r1, r0
1000b0f6:	6818      	ldr	r0, [r3, #0]
1000b0f8:	f000 f80e 	bl	1000b118 <_malloc_r>
1000b0fc:	bd10      	pop	{r4, pc}
1000b0fe:	46c0      	nop			; (mov r8, r8)
1000b100:	20000f40 	.word	0x20000f40

1000b104 <free>:
1000b104:	b510      	push	{r4, lr}
1000b106:	4b03      	ldr	r3, [pc, #12]	; (1000b114 <free+0x10>)
1000b108:	0001      	movs	r1, r0
1000b10a:	6818      	ldr	r0, [r3, #0]
1000b10c:	f000 fc76 	bl	1000b9fc <_free_r>
1000b110:	bd10      	pop	{r4, pc}
1000b112:	46c0      	nop			; (mov r8, r8)
1000b114:	20000f40 	.word	0x20000f40

1000b118 <_malloc_r>:
1000b118:	b5f0      	push	{r4, r5, r6, r7, lr}
1000b11a:	464e      	mov	r6, r9
1000b11c:	4645      	mov	r5, r8
1000b11e:	46de      	mov	lr, fp
1000b120:	4657      	mov	r7, sl
1000b122:	b5e0      	push	{r5, r6, r7, lr}
1000b124:	000d      	movs	r5, r1
1000b126:	350b      	adds	r5, #11
1000b128:	0006      	movs	r6, r0
1000b12a:	b083      	sub	sp, #12
1000b12c:	2d16      	cmp	r5, #22
1000b12e:	d822      	bhi.n	1000b176 <_malloc_r+0x5e>
1000b130:	2910      	cmp	r1, #16
1000b132:	d900      	bls.n	1000b136 <_malloc_r+0x1e>
1000b134:	e0b2      	b.n	1000b29c <_malloc_r+0x184>
1000b136:	f000 faa9 	bl	1000b68c <__malloc_lock>
1000b13a:	2510      	movs	r5, #16
1000b13c:	2318      	movs	r3, #24
1000b13e:	2002      	movs	r0, #2
1000b140:	4fcc      	ldr	r7, [pc, #816]	; (1000b474 <_malloc_r+0x35c>)
1000b142:	18fb      	adds	r3, r7, r3
1000b144:	001a      	movs	r2, r3
1000b146:	685c      	ldr	r4, [r3, #4]
1000b148:	3a08      	subs	r2, #8
1000b14a:	4294      	cmp	r4, r2
1000b14c:	d100      	bne.n	1000b150 <_malloc_r+0x38>
1000b14e:	e0b5      	b.n	1000b2bc <_malloc_r+0x1a4>
1000b150:	2303      	movs	r3, #3
1000b152:	6862      	ldr	r2, [r4, #4]
1000b154:	439a      	bics	r2, r3
1000b156:	0013      	movs	r3, r2
1000b158:	68e2      	ldr	r2, [r4, #12]
1000b15a:	68a1      	ldr	r1, [r4, #8]
1000b15c:	60ca      	str	r2, [r1, #12]
1000b15e:	6091      	str	r1, [r2, #8]
1000b160:	2201      	movs	r2, #1
1000b162:	18e3      	adds	r3, r4, r3
1000b164:	6859      	ldr	r1, [r3, #4]
1000b166:	0030      	movs	r0, r6
1000b168:	430a      	orrs	r2, r1
1000b16a:	605a      	str	r2, [r3, #4]
1000b16c:	f000 fa90 	bl	1000b690 <__malloc_unlock>
1000b170:	0020      	movs	r0, r4
1000b172:	3008      	adds	r0, #8
1000b174:	e095      	b.n	1000b2a2 <_malloc_r+0x18a>
1000b176:	2307      	movs	r3, #7
1000b178:	439d      	bics	r5, r3
1000b17a:	d500      	bpl.n	1000b17e <_malloc_r+0x66>
1000b17c:	e08e      	b.n	1000b29c <_malloc_r+0x184>
1000b17e:	42a9      	cmp	r1, r5
1000b180:	d900      	bls.n	1000b184 <_malloc_r+0x6c>
1000b182:	e08b      	b.n	1000b29c <_malloc_r+0x184>
1000b184:	f000 fa82 	bl	1000b68c <__malloc_lock>
1000b188:	23fc      	movs	r3, #252	; 0xfc
1000b18a:	005b      	lsls	r3, r3, #1
1000b18c:	429d      	cmp	r5, r3
1000b18e:	d200      	bcs.n	1000b192 <_malloc_r+0x7a>
1000b190:	e1a1      	b.n	1000b4d6 <_malloc_r+0x3be>
1000b192:	0a68      	lsrs	r0, r5, #9
1000b194:	d100      	bne.n	1000b198 <_malloc_r+0x80>
1000b196:	e08b      	b.n	1000b2b0 <_malloc_r+0x198>
1000b198:	2804      	cmp	r0, #4
1000b19a:	d900      	bls.n	1000b19e <_malloc_r+0x86>
1000b19c:	e174      	b.n	1000b488 <_malloc_r+0x370>
1000b19e:	2338      	movs	r3, #56	; 0x38
1000b1a0:	4698      	mov	r8, r3
1000b1a2:	09a8      	lsrs	r0, r5, #6
1000b1a4:	4480      	add	r8, r0
1000b1a6:	3039      	adds	r0, #57	; 0x39
1000b1a8:	00c1      	lsls	r1, r0, #3
1000b1aa:	4fb2      	ldr	r7, [pc, #712]	; (1000b474 <_malloc_r+0x35c>)
1000b1ac:	1879      	adds	r1, r7, r1
1000b1ae:	684c      	ldr	r4, [r1, #4]
1000b1b0:	3908      	subs	r1, #8
1000b1b2:	42a1      	cmp	r1, r4
1000b1b4:	d00e      	beq.n	1000b1d4 <_malloc_r+0xbc>
1000b1b6:	2303      	movs	r3, #3
1000b1b8:	469c      	mov	ip, r3
1000b1ba:	e004      	b.n	1000b1c6 <_malloc_r+0xae>
1000b1bc:	2a00      	cmp	r2, #0
1000b1be:	dacb      	bge.n	1000b158 <_malloc_r+0x40>
1000b1c0:	68e4      	ldr	r4, [r4, #12]
1000b1c2:	42a1      	cmp	r1, r4
1000b1c4:	d006      	beq.n	1000b1d4 <_malloc_r+0xbc>
1000b1c6:	4662      	mov	r2, ip
1000b1c8:	6863      	ldr	r3, [r4, #4]
1000b1ca:	4393      	bics	r3, r2
1000b1cc:	1b5a      	subs	r2, r3, r5
1000b1ce:	2a0f      	cmp	r2, #15
1000b1d0:	ddf4      	ble.n	1000b1bc <_malloc_r+0xa4>
1000b1d2:	4640      	mov	r0, r8
1000b1d4:	003a      	movs	r2, r7
1000b1d6:	693c      	ldr	r4, [r7, #16]
1000b1d8:	3208      	adds	r2, #8
1000b1da:	4294      	cmp	r4, r2
1000b1dc:	d100      	bne.n	1000b1e0 <_malloc_r+0xc8>
1000b1de:	e078      	b.n	1000b2d2 <_malloc_r+0x1ba>
1000b1e0:	2303      	movs	r3, #3
1000b1e2:	6861      	ldr	r1, [r4, #4]
1000b1e4:	4399      	bics	r1, r3
1000b1e6:	4689      	mov	r9, r1
1000b1e8:	000b      	movs	r3, r1
1000b1ea:	1b49      	subs	r1, r1, r5
1000b1ec:	290f      	cmp	r1, #15
1000b1ee:	dd00      	ble.n	1000b1f2 <_malloc_r+0xda>
1000b1f0:	e175      	b.n	1000b4de <_malloc_r+0x3c6>
1000b1f2:	617a      	str	r2, [r7, #20]
1000b1f4:	613a      	str	r2, [r7, #16]
1000b1f6:	2900      	cmp	r1, #0
1000b1f8:	dab2      	bge.n	1000b160 <_malloc_r+0x48>
1000b1fa:	2280      	movs	r2, #128	; 0x80
1000b1fc:	0092      	lsls	r2, r2, #2
1000b1fe:	4591      	cmp	r9, r2
1000b200:	d300      	bcc.n	1000b204 <_malloc_r+0xec>
1000b202:	e110      	b.n	1000b426 <_malloc_r+0x30e>
1000b204:	0959      	lsrs	r1, r3, #5
1000b206:	08da      	lsrs	r2, r3, #3
1000b208:	2301      	movs	r3, #1
1000b20a:	408b      	lsls	r3, r1
1000b20c:	00d2      	lsls	r2, r2, #3
1000b20e:	6879      	ldr	r1, [r7, #4]
1000b210:	19d2      	adds	r2, r2, r7
1000b212:	430b      	orrs	r3, r1
1000b214:	6891      	ldr	r1, [r2, #8]
1000b216:	607b      	str	r3, [r7, #4]
1000b218:	60e2      	str	r2, [r4, #12]
1000b21a:	60a1      	str	r1, [r4, #8]
1000b21c:	6094      	str	r4, [r2, #8]
1000b21e:	60cc      	str	r4, [r1, #12]
1000b220:	2101      	movs	r1, #1
1000b222:	1082      	asrs	r2, r0, #2
1000b224:	4091      	lsls	r1, r2
1000b226:	4299      	cmp	r1, r3
1000b228:	d859      	bhi.n	1000b2de <_malloc_r+0x1c6>
1000b22a:	420b      	tst	r3, r1
1000b22c:	d105      	bne.n	1000b23a <_malloc_r+0x122>
1000b22e:	2203      	movs	r2, #3
1000b230:	4390      	bics	r0, r2
1000b232:	0049      	lsls	r1, r1, #1
1000b234:	3004      	adds	r0, #4
1000b236:	420b      	tst	r3, r1
1000b238:	d0fb      	beq.n	1000b232 <_malloc_r+0x11a>
1000b23a:	2303      	movs	r3, #3
1000b23c:	4698      	mov	r8, r3
1000b23e:	00c3      	lsls	r3, r0, #3
1000b240:	4699      	mov	r9, r3
1000b242:	44b9      	add	r9, r7
1000b244:	46cc      	mov	ip, r9
1000b246:	4682      	mov	sl, r0
1000b248:	4663      	mov	r3, ip
1000b24a:	68dc      	ldr	r4, [r3, #12]
1000b24c:	45a4      	cmp	ip, r4
1000b24e:	d107      	bne.n	1000b260 <_malloc_r+0x148>
1000b250:	e126      	b.n	1000b4a0 <_malloc_r+0x388>
1000b252:	2a00      	cmp	r2, #0
1000b254:	db00      	blt.n	1000b258 <_malloc_r+0x140>
1000b256:	e12f      	b.n	1000b4b8 <_malloc_r+0x3a0>
1000b258:	68e4      	ldr	r4, [r4, #12]
1000b25a:	45a4      	cmp	ip, r4
1000b25c:	d100      	bne.n	1000b260 <_malloc_r+0x148>
1000b25e:	e11f      	b.n	1000b4a0 <_malloc_r+0x388>
1000b260:	4642      	mov	r2, r8
1000b262:	6863      	ldr	r3, [r4, #4]
1000b264:	4393      	bics	r3, r2
1000b266:	1b5a      	subs	r2, r3, r5
1000b268:	2a0f      	cmp	r2, #15
1000b26a:	ddf2      	ble.n	1000b252 <_malloc_r+0x13a>
1000b26c:	2001      	movs	r0, #1
1000b26e:	4680      	mov	r8, r0
1000b270:	1961      	adds	r1, r4, r5
1000b272:	4305      	orrs	r5, r0
1000b274:	6065      	str	r5, [r4, #4]
1000b276:	68a0      	ldr	r0, [r4, #8]
1000b278:	68e5      	ldr	r5, [r4, #12]
1000b27a:	3708      	adds	r7, #8
1000b27c:	60c5      	str	r5, [r0, #12]
1000b27e:	60a8      	str	r0, [r5, #8]
1000b280:	4640      	mov	r0, r8
1000b282:	4310      	orrs	r0, r2
1000b284:	60f9      	str	r1, [r7, #12]
1000b286:	60b9      	str	r1, [r7, #8]
1000b288:	6048      	str	r0, [r1, #4]
1000b28a:	60cf      	str	r7, [r1, #12]
1000b28c:	0030      	movs	r0, r6
1000b28e:	608f      	str	r7, [r1, #8]
1000b290:	50e2      	str	r2, [r4, r3]
1000b292:	f000 f9fd 	bl	1000b690 <__malloc_unlock>
1000b296:	0020      	movs	r0, r4
1000b298:	3008      	adds	r0, #8
1000b29a:	e002      	b.n	1000b2a2 <_malloc_r+0x18a>
1000b29c:	230c      	movs	r3, #12
1000b29e:	2000      	movs	r0, #0
1000b2a0:	6033      	str	r3, [r6, #0]
1000b2a2:	b003      	add	sp, #12
1000b2a4:	bcf0      	pop	{r4, r5, r6, r7}
1000b2a6:	46bb      	mov	fp, r7
1000b2a8:	46b2      	mov	sl, r6
1000b2aa:	46a9      	mov	r9, r5
1000b2ac:	46a0      	mov	r8, r4
1000b2ae:	bdf0      	pop	{r4, r5, r6, r7, pc}
1000b2b0:	2180      	movs	r1, #128	; 0x80
1000b2b2:	233f      	movs	r3, #63	; 0x3f
1000b2b4:	2040      	movs	r0, #64	; 0x40
1000b2b6:	4698      	mov	r8, r3
1000b2b8:	0089      	lsls	r1, r1, #2
1000b2ba:	e776      	b.n	1000b1aa <_malloc_r+0x92>
1000b2bc:	68dc      	ldr	r4, [r3, #12]
1000b2be:	3002      	adds	r0, #2
1000b2c0:	42a3      	cmp	r3, r4
1000b2c2:	d000      	beq.n	1000b2c6 <_malloc_r+0x1ae>
1000b2c4:	e744      	b.n	1000b150 <_malloc_r+0x38>
1000b2c6:	003a      	movs	r2, r7
1000b2c8:	693c      	ldr	r4, [r7, #16]
1000b2ca:	3208      	adds	r2, #8
1000b2cc:	4294      	cmp	r4, r2
1000b2ce:	d000      	beq.n	1000b2d2 <_malloc_r+0x1ba>
1000b2d0:	e786      	b.n	1000b1e0 <_malloc_r+0xc8>
1000b2d2:	2101      	movs	r1, #1
1000b2d4:	687b      	ldr	r3, [r7, #4]
1000b2d6:	1082      	asrs	r2, r0, #2
1000b2d8:	4091      	lsls	r1, r2
1000b2da:	4299      	cmp	r1, r3
1000b2dc:	d9a5      	bls.n	1000b22a <_malloc_r+0x112>
1000b2de:	2303      	movs	r3, #3
1000b2e0:	68bc      	ldr	r4, [r7, #8]
1000b2e2:	6862      	ldr	r2, [r4, #4]
1000b2e4:	439a      	bics	r2, r3
1000b2e6:	4691      	mov	r9, r2
1000b2e8:	4295      	cmp	r5, r2
1000b2ea:	d803      	bhi.n	1000b2f4 <_malloc_r+0x1dc>
1000b2ec:	1b53      	subs	r3, r2, r5
1000b2ee:	2b0f      	cmp	r3, #15
1000b2f0:	dd00      	ble.n	1000b2f4 <_malloc_r+0x1dc>
1000b2f2:	e08a      	b.n	1000b40a <_malloc_r+0x2f2>
1000b2f4:	0023      	movs	r3, r4
1000b2f6:	444b      	add	r3, r9
1000b2f8:	4a5f      	ldr	r2, [pc, #380]	; (1000b478 <_malloc_r+0x360>)
1000b2fa:	9301      	str	r3, [sp, #4]
1000b2fc:	4b5f      	ldr	r3, [pc, #380]	; (1000b47c <_malloc_r+0x364>)
1000b2fe:	4693      	mov	fp, r2
1000b300:	469a      	mov	sl, r3
1000b302:	6812      	ldr	r2, [r2, #0]
1000b304:	681b      	ldr	r3, [r3, #0]
1000b306:	18eb      	adds	r3, r5, r3
1000b308:	3201      	adds	r2, #1
1000b30a:	d100      	bne.n	1000b30e <_malloc_r+0x1f6>
1000b30c:	e136      	b.n	1000b57c <_malloc_r+0x464>
1000b30e:	4a5c      	ldr	r2, [pc, #368]	; (1000b480 <_malloc_r+0x368>)
1000b310:	4694      	mov	ip, r2
1000b312:	4463      	add	r3, ip
1000b314:	0b1b      	lsrs	r3, r3, #12
1000b316:	031b      	lsls	r3, r3, #12
1000b318:	9300      	str	r3, [sp, #0]
1000b31a:	0030      	movs	r0, r6
1000b31c:	9900      	ldr	r1, [sp, #0]
1000b31e:	f000 f9b9 	bl	1000b694 <_sbrk_r>
1000b322:	0003      	movs	r3, r0
1000b324:	4680      	mov	r8, r0
1000b326:	3301      	adds	r3, #1
1000b328:	d100      	bne.n	1000b32c <_malloc_r+0x214>
1000b32a:	e0f3      	b.n	1000b514 <_malloc_r+0x3fc>
1000b32c:	9b01      	ldr	r3, [sp, #4]
1000b32e:	4283      	cmp	r3, r0
1000b330:	d900      	bls.n	1000b334 <_malloc_r+0x21c>
1000b332:	e0ed      	b.n	1000b510 <_malloc_r+0x3f8>
1000b334:	4652      	mov	r2, sl
1000b336:	9800      	ldr	r0, [sp, #0]
1000b338:	6852      	ldr	r2, [r2, #4]
1000b33a:	0003      	movs	r3, r0
1000b33c:	4694      	mov	ip, r2
1000b33e:	4651      	mov	r1, sl
1000b340:	4463      	add	r3, ip
1000b342:	604b      	str	r3, [r1, #4]
1000b344:	9901      	ldr	r1, [sp, #4]
1000b346:	001a      	movs	r2, r3
1000b348:	4541      	cmp	r1, r8
1000b34a:	d100      	bne.n	1000b34e <_malloc_r+0x236>
1000b34c:	e14b      	b.n	1000b5e6 <_malloc_r+0x4ce>
1000b34e:	465b      	mov	r3, fp
1000b350:	681b      	ldr	r3, [r3, #0]
1000b352:	3301      	adds	r3, #1
1000b354:	d100      	bne.n	1000b358 <_malloc_r+0x240>
1000b356:	e150      	b.n	1000b5fa <_malloc_r+0x4e2>
1000b358:	4643      	mov	r3, r8
1000b35a:	9901      	ldr	r1, [sp, #4]
1000b35c:	1a5b      	subs	r3, r3, r1
1000b35e:	189a      	adds	r2, r3, r2
1000b360:	4653      	mov	r3, sl
1000b362:	605a      	str	r2, [r3, #4]
1000b364:	2307      	movs	r3, #7
1000b366:	4642      	mov	r2, r8
1000b368:	4641      	mov	r1, r8
1000b36a:	401a      	ands	r2, r3
1000b36c:	9201      	str	r2, [sp, #4]
1000b36e:	4219      	tst	r1, r3
1000b370:	d100      	bne.n	1000b374 <_malloc_r+0x25c>
1000b372:	e10d      	b.n	1000b590 <_malloc_r+0x478>
1000b374:	2308      	movs	r3, #8
1000b376:	4698      	mov	r8, r3
1000b378:	1a88      	subs	r0, r1, r2
1000b37a:	4b42      	ldr	r3, [pc, #264]	; (1000b484 <_malloc_r+0x36c>)
1000b37c:	9900      	ldr	r1, [sp, #0]
1000b37e:	4480      	add	r8, r0
1000b380:	4441      	add	r1, r8
1000b382:	1a9b      	subs	r3, r3, r2
1000b384:	1a5b      	subs	r3, r3, r1
1000b386:	051b      	lsls	r3, r3, #20
1000b388:	0d1b      	lsrs	r3, r3, #20
1000b38a:	9100      	str	r1, [sp, #0]
1000b38c:	0030      	movs	r0, r6
1000b38e:	0019      	movs	r1, r3
1000b390:	469b      	mov	fp, r3
1000b392:	f000 f97f 	bl	1000b694 <_sbrk_r>
1000b396:	1c43      	adds	r3, r0, #1
1000b398:	d100      	bne.n	1000b39c <_malloc_r+0x284>
1000b39a:	e14a      	b.n	1000b632 <_malloc_r+0x51a>
1000b39c:	4643      	mov	r3, r8
1000b39e:	1ac0      	subs	r0, r0, r3
1000b3a0:	0003      	movs	r3, r0
1000b3a2:	445b      	add	r3, fp
1000b3a4:	9300      	str	r3, [sp, #0]
1000b3a6:	4653      	mov	r3, sl
1000b3a8:	4652      	mov	r2, sl
1000b3aa:	685b      	ldr	r3, [r3, #4]
1000b3ac:	2101      	movs	r1, #1
1000b3ae:	445b      	add	r3, fp
1000b3b0:	6053      	str	r3, [r2, #4]
1000b3b2:	4642      	mov	r2, r8
1000b3b4:	4640      	mov	r0, r8
1000b3b6:	60ba      	str	r2, [r7, #8]
1000b3b8:	9a00      	ldr	r2, [sp, #0]
1000b3ba:	430a      	orrs	r2, r1
1000b3bc:	6042      	str	r2, [r0, #4]
1000b3be:	42bc      	cmp	r4, r7
1000b3c0:	d100      	bne.n	1000b3c4 <_malloc_r+0x2ac>
1000b3c2:	e11e      	b.n	1000b602 <_malloc_r+0x4ea>
1000b3c4:	464a      	mov	r2, r9
1000b3c6:	2a0f      	cmp	r2, #15
1000b3c8:	d800      	bhi.n	1000b3cc <_malloc_r+0x2b4>
1000b3ca:	e11c      	b.n	1000b606 <_malloc_r+0x4ee>
1000b3cc:	2007      	movs	r0, #7
1000b3ce:	3a0c      	subs	r2, #12
1000b3d0:	4382      	bics	r2, r0
1000b3d2:	6860      	ldr	r0, [r4, #4]
1000b3d4:	4001      	ands	r1, r0
1000b3d6:	2005      	movs	r0, #5
1000b3d8:	4311      	orrs	r1, r2
1000b3da:	6061      	str	r1, [r4, #4]
1000b3dc:	18a1      	adds	r1, r4, r2
1000b3de:	6048      	str	r0, [r1, #4]
1000b3e0:	6088      	str	r0, [r1, #8]
1000b3e2:	2a0f      	cmp	r2, #15
1000b3e4:	d900      	bls.n	1000b3e8 <_malloc_r+0x2d0>
1000b3e6:	e12f      	b.n	1000b648 <_malloc_r+0x530>
1000b3e8:	4642      	mov	r2, r8
1000b3ea:	4644      	mov	r4, r8
1000b3ec:	6852      	ldr	r2, [r2, #4]
1000b3ee:	4651      	mov	r1, sl
1000b3f0:	6ac9      	ldr	r1, [r1, #44]	; 0x2c
1000b3f2:	4299      	cmp	r1, r3
1000b3f4:	d201      	bcs.n	1000b3fa <_malloc_r+0x2e2>
1000b3f6:	4651      	mov	r1, sl
1000b3f8:	62cb      	str	r3, [r1, #44]	; 0x2c
1000b3fa:	4651      	mov	r1, sl
1000b3fc:	6b09      	ldr	r1, [r1, #48]	; 0x30
1000b3fe:	4299      	cmp	r1, r3
1000b400:	d300      	bcc.n	1000b404 <_malloc_r+0x2ec>
1000b402:	e089      	b.n	1000b518 <_malloc_r+0x400>
1000b404:	4651      	mov	r1, sl
1000b406:	630b      	str	r3, [r1, #48]	; 0x30
1000b408:	e086      	b.n	1000b518 <_malloc_r+0x400>
1000b40a:	2201      	movs	r2, #1
1000b40c:	0029      	movs	r1, r5
1000b40e:	4313      	orrs	r3, r2
1000b410:	4311      	orrs	r1, r2
1000b412:	1965      	adds	r5, r4, r5
1000b414:	6061      	str	r1, [r4, #4]
1000b416:	0030      	movs	r0, r6
1000b418:	60bd      	str	r5, [r7, #8]
1000b41a:	606b      	str	r3, [r5, #4]
1000b41c:	f000 f938 	bl	1000b690 <__malloc_unlock>
1000b420:	0020      	movs	r0, r4
1000b422:	3008      	adds	r0, #8
1000b424:	e73d      	b.n	1000b2a2 <_malloc_r+0x18a>
1000b426:	0a5a      	lsrs	r2, r3, #9
1000b428:	2a04      	cmp	r2, #4
1000b42a:	d96b      	bls.n	1000b504 <_malloc_r+0x3ec>
1000b42c:	2a14      	cmp	r2, #20
1000b42e:	d900      	bls.n	1000b432 <_malloc_r+0x31a>
1000b430:	e0be      	b.n	1000b5b0 <_malloc_r+0x498>
1000b432:	0011      	movs	r1, r2
1000b434:	325c      	adds	r2, #92	; 0x5c
1000b436:	315b      	adds	r1, #91	; 0x5b
1000b438:	00d2      	lsls	r2, r2, #3
1000b43a:	2308      	movs	r3, #8
1000b43c:	425b      	negs	r3, r3
1000b43e:	469c      	mov	ip, r3
1000b440:	18ba      	adds	r2, r7, r2
1000b442:	4494      	add	ip, r2
1000b444:	4663      	mov	r3, ip
1000b446:	689a      	ldr	r2, [r3, #8]
1000b448:	2303      	movs	r3, #3
1000b44a:	4698      	mov	r8, r3
1000b44c:	4594      	cmp	ip, r2
1000b44e:	d100      	bne.n	1000b452 <_malloc_r+0x33a>
1000b450:	e097      	b.n	1000b582 <_malloc_r+0x46a>
1000b452:	4643      	mov	r3, r8
1000b454:	6851      	ldr	r1, [r2, #4]
1000b456:	4399      	bics	r1, r3
1000b458:	4549      	cmp	r1, r9
1000b45a:	d902      	bls.n	1000b462 <_malloc_r+0x34a>
1000b45c:	6892      	ldr	r2, [r2, #8]
1000b45e:	4594      	cmp	ip, r2
1000b460:	d1f7      	bne.n	1000b452 <_malloc_r+0x33a>
1000b462:	68d3      	ldr	r3, [r2, #12]
1000b464:	469c      	mov	ip, r3
1000b466:	687b      	ldr	r3, [r7, #4]
1000b468:	4661      	mov	r1, ip
1000b46a:	60a2      	str	r2, [r4, #8]
1000b46c:	60e1      	str	r1, [r4, #12]
1000b46e:	608c      	str	r4, [r1, #8]
1000b470:	60d4      	str	r4, [r2, #12]
1000b472:	e6d5      	b.n	1000b220 <_malloc_r+0x108>
1000b474:	20001378 	.word	0x20001378
1000b478:	20001370 	.word	0x20001370
1000b47c:	20001aec 	.word	0x20001aec
1000b480:	0000100f 	.word	0x0000100f
1000b484:	00001008 	.word	0x00001008
1000b488:	2814      	cmp	r0, #20
1000b48a:	d952      	bls.n	1000b532 <_malloc_r+0x41a>
1000b48c:	2854      	cmp	r0, #84	; 0x54
1000b48e:	d900      	bls.n	1000b492 <_malloc_r+0x37a>
1000b490:	e096      	b.n	1000b5c0 <_malloc_r+0x4a8>
1000b492:	236e      	movs	r3, #110	; 0x6e
1000b494:	4698      	mov	r8, r3
1000b496:	0b28      	lsrs	r0, r5, #12
1000b498:	4480      	add	r8, r0
1000b49a:	306f      	adds	r0, #111	; 0x6f
1000b49c:	00c1      	lsls	r1, r0, #3
1000b49e:	e684      	b.n	1000b1aa <_malloc_r+0x92>
1000b4a0:	2308      	movs	r3, #8
1000b4a2:	469b      	mov	fp, r3
1000b4a4:	3b07      	subs	r3, #7
1000b4a6:	44dc      	add	ip, fp
1000b4a8:	469b      	mov	fp, r3
1000b4aa:	44da      	add	sl, fp
1000b4ac:	4643      	mov	r3, r8
1000b4ae:	4652      	mov	r2, sl
1000b4b0:	4213      	tst	r3, r2
1000b4b2:	d000      	beq.n	1000b4b6 <_malloc_r+0x39e>
1000b4b4:	e6c8      	b.n	1000b248 <_malloc_r+0x130>
1000b4b6:	e04c      	b.n	1000b552 <_malloc_r+0x43a>
1000b4b8:	2201      	movs	r2, #1
1000b4ba:	18e3      	adds	r3, r4, r3
1000b4bc:	6859      	ldr	r1, [r3, #4]
1000b4be:	0030      	movs	r0, r6
1000b4c0:	430a      	orrs	r2, r1
1000b4c2:	605a      	str	r2, [r3, #4]
1000b4c4:	68e3      	ldr	r3, [r4, #12]
1000b4c6:	68a2      	ldr	r2, [r4, #8]
1000b4c8:	60d3      	str	r3, [r2, #12]
1000b4ca:	609a      	str	r2, [r3, #8]
1000b4cc:	f000 f8e0 	bl	1000b690 <__malloc_unlock>
1000b4d0:	0020      	movs	r0, r4
1000b4d2:	3008      	adds	r0, #8
1000b4d4:	e6e5      	b.n	1000b2a2 <_malloc_r+0x18a>
1000b4d6:	002b      	movs	r3, r5
1000b4d8:	08e8      	lsrs	r0, r5, #3
1000b4da:	3308      	adds	r3, #8
1000b4dc:	e630      	b.n	1000b140 <_malloc_r+0x28>
1000b4de:	2301      	movs	r3, #1
1000b4e0:	1960      	adds	r0, r4, r5
1000b4e2:	431d      	orrs	r5, r3
1000b4e4:	6065      	str	r5, [r4, #4]
1000b4e6:	6178      	str	r0, [r7, #20]
1000b4e8:	6138      	str	r0, [r7, #16]
1000b4ea:	60c2      	str	r2, [r0, #12]
1000b4ec:	6082      	str	r2, [r0, #8]
1000b4ee:	001a      	movs	r2, r3
1000b4f0:	464b      	mov	r3, r9
1000b4f2:	430a      	orrs	r2, r1
1000b4f4:	6042      	str	r2, [r0, #4]
1000b4f6:	0030      	movs	r0, r6
1000b4f8:	50e1      	str	r1, [r4, r3]
1000b4fa:	f000 f8c9 	bl	1000b690 <__malloc_unlock>
1000b4fe:	0020      	movs	r0, r4
1000b500:	3008      	adds	r0, #8
1000b502:	e6ce      	b.n	1000b2a2 <_malloc_r+0x18a>
1000b504:	099a      	lsrs	r2, r3, #6
1000b506:	0011      	movs	r1, r2
1000b508:	3239      	adds	r2, #57	; 0x39
1000b50a:	3138      	adds	r1, #56	; 0x38
1000b50c:	00d2      	lsls	r2, r2, #3
1000b50e:	e794      	b.n	1000b43a <_malloc_r+0x322>
1000b510:	42bc      	cmp	r4, r7
1000b512:	d060      	beq.n	1000b5d6 <_malloc_r+0x4be>
1000b514:	68bc      	ldr	r4, [r7, #8]
1000b516:	6862      	ldr	r2, [r4, #4]
1000b518:	2303      	movs	r3, #3
1000b51a:	439a      	bics	r2, r3
1000b51c:	1b53      	subs	r3, r2, r5
1000b51e:	4295      	cmp	r5, r2
1000b520:	d802      	bhi.n	1000b528 <_malloc_r+0x410>
1000b522:	2b0f      	cmp	r3, #15
1000b524:	dd00      	ble.n	1000b528 <_malloc_r+0x410>
1000b526:	e770      	b.n	1000b40a <_malloc_r+0x2f2>
1000b528:	0030      	movs	r0, r6
1000b52a:	f000 f8b1 	bl	1000b690 <__malloc_unlock>
1000b52e:	2000      	movs	r0, #0
1000b530:	e6b7      	b.n	1000b2a2 <_malloc_r+0x18a>
1000b532:	235b      	movs	r3, #91	; 0x5b
1000b534:	4698      	mov	r8, r3
1000b536:	4480      	add	r8, r0
1000b538:	305c      	adds	r0, #92	; 0x5c
1000b53a:	00c1      	lsls	r1, r0, #3
1000b53c:	e635      	b.n	1000b1aa <_malloc_r+0x92>
1000b53e:	2308      	movs	r3, #8
1000b540:	425b      	negs	r3, r3
1000b542:	469c      	mov	ip, r3
1000b544:	44e1      	add	r9, ip
1000b546:	464b      	mov	r3, r9
1000b548:	689b      	ldr	r3, [r3, #8]
1000b54a:	3801      	subs	r0, #1
1000b54c:	454b      	cmp	r3, r9
1000b54e:	d000      	beq.n	1000b552 <_malloc_r+0x43a>
1000b550:	e097      	b.n	1000b682 <_malloc_r+0x56a>
1000b552:	4643      	mov	r3, r8
1000b554:	4203      	tst	r3, r0
1000b556:	d1f2      	bne.n	1000b53e <_malloc_r+0x426>
1000b558:	687b      	ldr	r3, [r7, #4]
1000b55a:	438b      	bics	r3, r1
1000b55c:	607b      	str	r3, [r7, #4]
1000b55e:	0049      	lsls	r1, r1, #1
1000b560:	4299      	cmp	r1, r3
1000b562:	d900      	bls.n	1000b566 <_malloc_r+0x44e>
1000b564:	e6bb      	b.n	1000b2de <_malloc_r+0x1c6>
1000b566:	2900      	cmp	r1, #0
1000b568:	d104      	bne.n	1000b574 <_malloc_r+0x45c>
1000b56a:	e6b8      	b.n	1000b2de <_malloc_r+0x1c6>
1000b56c:	2204      	movs	r2, #4
1000b56e:	4694      	mov	ip, r2
1000b570:	0049      	lsls	r1, r1, #1
1000b572:	44e2      	add	sl, ip
1000b574:	420b      	tst	r3, r1
1000b576:	d0f9      	beq.n	1000b56c <_malloc_r+0x454>
1000b578:	4650      	mov	r0, sl
1000b57a:	e660      	b.n	1000b23e <_malloc_r+0x126>
1000b57c:	3310      	adds	r3, #16
1000b57e:	9300      	str	r3, [sp, #0]
1000b580:	e6cb      	b.n	1000b31a <_malloc_r+0x202>
1000b582:	1089      	asrs	r1, r1, #2
1000b584:	3b02      	subs	r3, #2
1000b586:	408b      	lsls	r3, r1
1000b588:	6879      	ldr	r1, [r7, #4]
1000b58a:	430b      	orrs	r3, r1
1000b58c:	607b      	str	r3, [r7, #4]
1000b58e:	e76b      	b.n	1000b468 <_malloc_r+0x350>
1000b590:	9b00      	ldr	r3, [sp, #0]
1000b592:	0030      	movs	r0, r6
1000b594:	4443      	add	r3, r8
1000b596:	425b      	negs	r3, r3
1000b598:	051b      	lsls	r3, r3, #20
1000b59a:	0d1b      	lsrs	r3, r3, #20
1000b59c:	0019      	movs	r1, r3
1000b59e:	469b      	mov	fp, r3
1000b5a0:	f000 f878 	bl	1000b694 <_sbrk_r>
1000b5a4:	1c43      	adds	r3, r0, #1
1000b5a6:	d000      	beq.n	1000b5aa <_malloc_r+0x492>
1000b5a8:	e6f8      	b.n	1000b39c <_malloc_r+0x284>
1000b5aa:	2300      	movs	r3, #0
1000b5ac:	469b      	mov	fp, r3
1000b5ae:	e6fa      	b.n	1000b3a6 <_malloc_r+0x28e>
1000b5b0:	2a54      	cmp	r2, #84	; 0x54
1000b5b2:	d82a      	bhi.n	1000b60a <_malloc_r+0x4f2>
1000b5b4:	0b1a      	lsrs	r2, r3, #12
1000b5b6:	0011      	movs	r1, r2
1000b5b8:	326f      	adds	r2, #111	; 0x6f
1000b5ba:	316e      	adds	r1, #110	; 0x6e
1000b5bc:	00d2      	lsls	r2, r2, #3
1000b5be:	e73c      	b.n	1000b43a <_malloc_r+0x322>
1000b5c0:	23aa      	movs	r3, #170	; 0xaa
1000b5c2:	005b      	lsls	r3, r3, #1
1000b5c4:	4298      	cmp	r0, r3
1000b5c6:	d82a      	bhi.n	1000b61e <_malloc_r+0x506>
1000b5c8:	3bdd      	subs	r3, #221	; 0xdd
1000b5ca:	4698      	mov	r8, r3
1000b5cc:	0be8      	lsrs	r0, r5, #15
1000b5ce:	4480      	add	r8, r0
1000b5d0:	3078      	adds	r0, #120	; 0x78
1000b5d2:	00c1      	lsls	r1, r0, #3
1000b5d4:	e5e9      	b.n	1000b1aa <_malloc_r+0x92>
1000b5d6:	4653      	mov	r3, sl
1000b5d8:	685b      	ldr	r3, [r3, #4]
1000b5da:	9a00      	ldr	r2, [sp, #0]
1000b5dc:	469c      	mov	ip, r3
1000b5de:	4653      	mov	r3, sl
1000b5e0:	4462      	add	r2, ip
1000b5e2:	605a      	str	r2, [r3, #4]
1000b5e4:	e6b3      	b.n	1000b34e <_malloc_r+0x236>
1000b5e6:	0509      	lsls	r1, r1, #20
1000b5e8:	d000      	beq.n	1000b5ec <_malloc_r+0x4d4>
1000b5ea:	e6b0      	b.n	1000b34e <_malloc_r+0x236>
1000b5ec:	0002      	movs	r2, r0
1000b5ee:	68bc      	ldr	r4, [r7, #8]
1000b5f0:	444a      	add	r2, r9
1000b5f2:	3101      	adds	r1, #1
1000b5f4:	430a      	orrs	r2, r1
1000b5f6:	6062      	str	r2, [r4, #4]
1000b5f8:	e6f9      	b.n	1000b3ee <_malloc_r+0x2d6>
1000b5fa:	465b      	mov	r3, fp
1000b5fc:	4642      	mov	r2, r8
1000b5fe:	601a      	str	r2, [r3, #0]
1000b600:	e6b0      	b.n	1000b364 <_malloc_r+0x24c>
1000b602:	4644      	mov	r4, r8
1000b604:	e6f3      	b.n	1000b3ee <_malloc_r+0x2d6>
1000b606:	6041      	str	r1, [r0, #4]
1000b608:	e78e      	b.n	1000b528 <_malloc_r+0x410>
1000b60a:	21aa      	movs	r1, #170	; 0xaa
1000b60c:	0049      	lsls	r1, r1, #1
1000b60e:	428a      	cmp	r2, r1
1000b610:	d824      	bhi.n	1000b65c <_malloc_r+0x544>
1000b612:	0bda      	lsrs	r2, r3, #15
1000b614:	0011      	movs	r1, r2
1000b616:	3278      	adds	r2, #120	; 0x78
1000b618:	3177      	adds	r1, #119	; 0x77
1000b61a:	00d2      	lsls	r2, r2, #3
1000b61c:	e70d      	b.n	1000b43a <_malloc_r+0x322>
1000b61e:	4b1a      	ldr	r3, [pc, #104]	; (1000b688 <_malloc_r+0x570>)
1000b620:	4298      	cmp	r0, r3
1000b622:	d824      	bhi.n	1000b66e <_malloc_r+0x556>
1000b624:	237c      	movs	r3, #124	; 0x7c
1000b626:	4698      	mov	r8, r3
1000b628:	0ca8      	lsrs	r0, r5, #18
1000b62a:	4480      	add	r8, r0
1000b62c:	307d      	adds	r0, #125	; 0x7d
1000b62e:	00c1      	lsls	r1, r0, #3
1000b630:	e5bb      	b.n	1000b1aa <_malloc_r+0x92>
1000b632:	9a00      	ldr	r2, [sp, #0]
1000b634:	9b01      	ldr	r3, [sp, #4]
1000b636:	4694      	mov	ip, r2
1000b638:	4642      	mov	r2, r8
1000b63a:	3b08      	subs	r3, #8
1000b63c:	4463      	add	r3, ip
1000b63e:	1a9b      	subs	r3, r3, r2
1000b640:	9300      	str	r3, [sp, #0]
1000b642:	2300      	movs	r3, #0
1000b644:	469b      	mov	fp, r3
1000b646:	e6ae      	b.n	1000b3a6 <_malloc_r+0x28e>
1000b648:	0021      	movs	r1, r4
1000b64a:	0030      	movs	r0, r6
1000b64c:	3108      	adds	r1, #8
1000b64e:	f000 f9d5 	bl	1000b9fc <_free_r>
1000b652:	4653      	mov	r3, sl
1000b654:	68bc      	ldr	r4, [r7, #8]
1000b656:	685b      	ldr	r3, [r3, #4]
1000b658:	6862      	ldr	r2, [r4, #4]
1000b65a:	e6c8      	b.n	1000b3ee <_malloc_r+0x2d6>
1000b65c:	490a      	ldr	r1, [pc, #40]	; (1000b688 <_malloc_r+0x570>)
1000b65e:	428a      	cmp	r2, r1
1000b660:	d80b      	bhi.n	1000b67a <_malloc_r+0x562>
1000b662:	0c9a      	lsrs	r2, r3, #18
1000b664:	0011      	movs	r1, r2
1000b666:	327d      	adds	r2, #125	; 0x7d
1000b668:	317c      	adds	r1, #124	; 0x7c
1000b66a:	00d2      	lsls	r2, r2, #3
1000b66c:	e6e5      	b.n	1000b43a <_malloc_r+0x322>
1000b66e:	21fe      	movs	r1, #254	; 0xfe
1000b670:	237e      	movs	r3, #126	; 0x7e
1000b672:	207f      	movs	r0, #127	; 0x7f
1000b674:	4698      	mov	r8, r3
1000b676:	0089      	lsls	r1, r1, #2
1000b678:	e597      	b.n	1000b1aa <_malloc_r+0x92>
1000b67a:	22fe      	movs	r2, #254	; 0xfe
1000b67c:	217e      	movs	r1, #126	; 0x7e
1000b67e:	0092      	lsls	r2, r2, #2
1000b680:	e6db      	b.n	1000b43a <_malloc_r+0x322>
1000b682:	687b      	ldr	r3, [r7, #4]
1000b684:	e76b      	b.n	1000b55e <_malloc_r+0x446>
1000b686:	46c0      	nop			; (mov r8, r8)
1000b688:	00000554 	.word	0x00000554

1000b68c <__malloc_lock>:
1000b68c:	4770      	bx	lr
1000b68e:	46c0      	nop			; (mov r8, r8)

1000b690 <__malloc_unlock>:
1000b690:	4770      	bx	lr
1000b692:	46c0      	nop			; (mov r8, r8)

1000b694 <_sbrk_r>:
1000b694:	2300      	movs	r3, #0
1000b696:	b570      	push	{r4, r5, r6, lr}
1000b698:	4d06      	ldr	r5, [pc, #24]	; (1000b6b4 <_sbrk_r+0x20>)
1000b69a:	0004      	movs	r4, r0
1000b69c:	0008      	movs	r0, r1
1000b69e:	602b      	str	r3, [r5, #0]
1000b6a0:	f7f6 ff4a 	bl	10002538 <_sbrk>
1000b6a4:	1c43      	adds	r3, r0, #1
1000b6a6:	d000      	beq.n	1000b6aa <_sbrk_r+0x16>
1000b6a8:	bd70      	pop	{r4, r5, r6, pc}
1000b6aa:	682b      	ldr	r3, [r5, #0]
1000b6ac:	2b00      	cmp	r3, #0
1000b6ae:	d0fb      	beq.n	1000b6a8 <_sbrk_r+0x14>
1000b6b0:	6023      	str	r3, [r4, #0]
1000b6b2:	e7f9      	b.n	1000b6a8 <_sbrk_r+0x14>
1000b6b4:	20001b20 	.word	0x20001b20

1000b6b8 <strcmp>:
1000b6b8:	4602      	mov	r2, r0
1000b6ba:	b570      	push	{r4, r5, r6, lr}
1000b6bc:	430a      	orrs	r2, r1
1000b6be:	0792      	lsls	r2, r2, #30
1000b6c0:	d12a      	bne.n	1000b718 <strcmp+0x60>
1000b6c2:	4d1e      	ldr	r5, [pc, #120]	; (1000b73c <strcmp+0x84>)
1000b6c4:	01ee      	lsls	r6, r5, #7
1000b6c6:	c804      	ldmia	r0!, {r2}
1000b6c8:	c908      	ldmia	r1!, {r3}
1000b6ca:	1b54      	subs	r4, r2, r5
1000b6cc:	4394      	bics	r4, r2
1000b6ce:	4034      	ands	r4, r6
1000b6d0:	d017      	beq.n	1000b702 <strcmp+0x4a>
1000b6d2:	b2d0      	uxtb	r0, r2
1000b6d4:	b2d9      	uxtb	r1, r3
1000b6d6:	1a40      	subs	r0, r0, r1
1000b6d8:	0621      	lsls	r1, r4, #24
1000b6da:	4301      	orrs	r1, r0
1000b6dc:	d110      	bne.n	1000b700 <strcmp+0x48>
1000b6de:	b290      	uxth	r0, r2
1000b6e0:	b299      	uxth	r1, r3
1000b6e2:	1a40      	subs	r0, r0, r1
1000b6e4:	0421      	lsls	r1, r4, #16
1000b6e6:	4301      	orrs	r1, r0
1000b6e8:	d10a      	bne.n	1000b700 <strcmp+0x48>
1000b6ea:	0210      	lsls	r0, r2, #8
1000b6ec:	0219      	lsls	r1, r3, #8
1000b6ee:	0a00      	lsrs	r0, r0, #8
1000b6f0:	0a09      	lsrs	r1, r1, #8
1000b6f2:	1a40      	subs	r0, r0, r1
1000b6f4:	0221      	lsls	r1, r4, #8
1000b6f6:	4301      	orrs	r1, r0
1000b6f8:	d102      	bne.n	1000b700 <strcmp+0x48>
1000b6fa:	0e10      	lsrs	r0, r2, #24
1000b6fc:	0e19      	lsrs	r1, r3, #24
1000b6fe:	1a40      	subs	r0, r0, r1
1000b700:	bd70      	pop	{r4, r5, r6, pc}
1000b702:	429a      	cmp	r2, r3
1000b704:	d0df      	beq.n	1000b6c6 <strcmp+0xe>
1000b706:	ba10      	rev	r0, r2
1000b708:	ba19      	rev	r1, r3
1000b70a:	4288      	cmp	r0, r1
1000b70c:	d901      	bls.n	1000b712 <strcmp+0x5a>
1000b70e:	2001      	movs	r0, #1
1000b710:	bd70      	pop	{r4, r5, r6, pc}
1000b712:	2000      	movs	r0, #0
1000b714:	43c0      	mvns	r0, r0
1000b716:	bd70      	pop	{r4, r5, r6, pc}
1000b718:	7802      	ldrb	r2, [r0, #0]
1000b71a:	780b      	ldrb	r3, [r1, #0]
1000b71c:	3001      	adds	r0, #1
1000b71e:	3101      	adds	r1, #1
1000b720:	2a00      	cmp	r2, #0
1000b722:	d009      	beq.n	1000b738 <strcmp+0x80>
1000b724:	429a      	cmp	r2, r3
1000b726:	d107      	bne.n	1000b738 <strcmp+0x80>
1000b728:	7802      	ldrb	r2, [r0, #0]
1000b72a:	780b      	ldrb	r3, [r1, #0]
1000b72c:	3001      	adds	r0, #1
1000b72e:	3101      	adds	r1, #1
1000b730:	2a00      	cmp	r2, #0
1000b732:	d001      	beq.n	1000b738 <strcmp+0x80>
1000b734:	429a      	cmp	r2, r3
1000b736:	d0ef      	beq.n	1000b718 <strcmp+0x60>
1000b738:	1ad0      	subs	r0, r2, r3
1000b73a:	bd70      	pop	{r4, r5, r6, pc}
1000b73c:	01010101 	.word	0x01010101

1000b740 <strlen>:
1000b740:	b510      	push	{r4, lr}
1000b742:	0783      	lsls	r3, r0, #30
1000b744:	d00a      	beq.n	1000b75c <strlen+0x1c>
1000b746:	0003      	movs	r3, r0
1000b748:	2103      	movs	r1, #3
1000b74a:	e002      	b.n	1000b752 <strlen+0x12>
1000b74c:	3301      	adds	r3, #1
1000b74e:	420b      	tst	r3, r1
1000b750:	d005      	beq.n	1000b75e <strlen+0x1e>
1000b752:	781a      	ldrb	r2, [r3, #0]
1000b754:	2a00      	cmp	r2, #0
1000b756:	d1f9      	bne.n	1000b74c <strlen+0xc>
1000b758:	1a18      	subs	r0, r3, r0
1000b75a:	bd10      	pop	{r4, pc}
1000b75c:	0003      	movs	r3, r0
1000b75e:	6819      	ldr	r1, [r3, #0]
1000b760:	4a0c      	ldr	r2, [pc, #48]	; (1000b794 <strlen+0x54>)
1000b762:	4c0d      	ldr	r4, [pc, #52]	; (1000b798 <strlen+0x58>)
1000b764:	188a      	adds	r2, r1, r2
1000b766:	438a      	bics	r2, r1
1000b768:	4222      	tst	r2, r4
1000b76a:	d10f      	bne.n	1000b78c <strlen+0x4c>
1000b76c:	6859      	ldr	r1, [r3, #4]
1000b76e:	4a09      	ldr	r2, [pc, #36]	; (1000b794 <strlen+0x54>)
1000b770:	3304      	adds	r3, #4
1000b772:	188a      	adds	r2, r1, r2
1000b774:	438a      	bics	r2, r1
1000b776:	4222      	tst	r2, r4
1000b778:	d108      	bne.n	1000b78c <strlen+0x4c>
1000b77a:	6859      	ldr	r1, [r3, #4]
1000b77c:	4a05      	ldr	r2, [pc, #20]	; (1000b794 <strlen+0x54>)
1000b77e:	3304      	adds	r3, #4
1000b780:	188a      	adds	r2, r1, r2
1000b782:	438a      	bics	r2, r1
1000b784:	4222      	tst	r2, r4
1000b786:	d0f1      	beq.n	1000b76c <strlen+0x2c>
1000b788:	e000      	b.n	1000b78c <strlen+0x4c>
1000b78a:	3301      	adds	r3, #1
1000b78c:	781a      	ldrb	r2, [r3, #0]
1000b78e:	2a00      	cmp	r2, #0
1000b790:	d1fb      	bne.n	1000b78a <strlen+0x4a>
1000b792:	e7e1      	b.n	1000b758 <strlen+0x18>
1000b794:	fefefeff 	.word	0xfefefeff
1000b798:	80808080 	.word	0x80808080

1000b79c <_strtol_l.part.0>:
1000b79c:	b5f0      	push	{r4, r5, r6, r7, lr}
1000b79e:	4657      	mov	r7, sl
1000b7a0:	464e      	mov	r6, r9
1000b7a2:	4645      	mov	r5, r8
1000b7a4:	46de      	mov	lr, fp
1000b7a6:	4682      	mov	sl, r0
1000b7a8:	b5e0      	push	{r5, r6, r7, lr}
1000b7aa:	4691      	mov	r9, r2
1000b7ac:	4688      	mov	r8, r1
1000b7ae:	001e      	movs	r6, r3
1000b7b0:	000a      	movs	r2, r1
1000b7b2:	2008      	movs	r0, #8
1000b7b4:	4f48      	ldr	r7, [pc, #288]	; (1000b8d8 <_strtol_l.part.0+0x13c>)
1000b7b6:	b083      	sub	sp, #12
1000b7b8:	0013      	movs	r3, r2
1000b7ba:	781c      	ldrb	r4, [r3, #0]
1000b7bc:	1c55      	adds	r5, r2, #1
1000b7be:	5d39      	ldrb	r1, [r7, r4]
1000b7c0:	002a      	movs	r2, r5
1000b7c2:	4208      	tst	r0, r1
1000b7c4:	d1f8      	bne.n	1000b7b8 <_strtol_l.part.0+0x1c>
1000b7c6:	2c2d      	cmp	r4, #45	; 0x2d
1000b7c8:	d066      	beq.n	1000b898 <_strtol_l.part.0+0xfc>
1000b7ca:	2c2b      	cmp	r4, #43	; 0x2b
1000b7cc:	d029      	beq.n	1000b822 <_strtol_l.part.0+0x86>
1000b7ce:	4b43      	ldr	r3, [pc, #268]	; (1000b8dc <_strtol_l.part.0+0x140>)
1000b7d0:	469b      	mov	fp, r3
1000b7d2:	2300      	movs	r3, #0
1000b7d4:	9301      	str	r3, [sp, #4]
1000b7d6:	2e00      	cmp	r6, #0
1000b7d8:	d02b      	beq.n	1000b832 <_strtol_l.part.0+0x96>
1000b7da:	2e10      	cmp	r6, #16
1000b7dc:	d064      	beq.n	1000b8a8 <_strtol_l.part.0+0x10c>
1000b7de:	0037      	movs	r7, r6
1000b7e0:	0039      	movs	r1, r7
1000b7e2:	4658      	mov	r0, fp
1000b7e4:	f7f8 fa7a 	bl	10003cdc <__wrap___aeabi_uidiv>
1000b7e8:	002b      	movs	r3, r5
1000b7ea:	468c      	mov	ip, r1
1000b7ec:	2200      	movs	r2, #0
1000b7ee:	2100      	movs	r1, #0
1000b7f0:	e007      	b.n	1000b802 <_strtol_l.part.0+0x66>
1000b7f2:	4288      	cmp	r0, r1
1000b7f4:	d312      	bcc.n	1000b81c <_strtol_l.part.0+0x80>
1000b7f6:	d03f      	beq.n	1000b878 <_strtol_l.part.0+0xdc>
1000b7f8:	2201      	movs	r2, #1
1000b7fa:	4379      	muls	r1, r7
1000b7fc:	1869      	adds	r1, r5, r1
1000b7fe:	781c      	ldrb	r4, [r3, #0]
1000b800:	3301      	adds	r3, #1
1000b802:	0025      	movs	r5, r4
1000b804:	3d30      	subs	r5, #48	; 0x30
1000b806:	2d09      	cmp	r5, #9
1000b808:	d904      	bls.n	1000b814 <_strtol_l.part.0+0x78>
1000b80a:	3d11      	subs	r5, #17
1000b80c:	2d19      	cmp	r5, #25
1000b80e:	d815      	bhi.n	1000b83c <_strtol_l.part.0+0xa0>
1000b810:	3c37      	subs	r4, #55	; 0x37
1000b812:	0025      	movs	r5, r4
1000b814:	42ae      	cmp	r6, r5
1000b816:	dd19      	ble.n	1000b84c <_strtol_l.part.0+0xb0>
1000b818:	2a00      	cmp	r2, #0
1000b81a:	daea      	bge.n	1000b7f2 <_strtol_l.part.0+0x56>
1000b81c:	2201      	movs	r2, #1
1000b81e:	4252      	negs	r2, r2
1000b820:	e7ed      	b.n	1000b7fe <_strtol_l.part.0+0x62>
1000b822:	782c      	ldrb	r4, [r5, #0]
1000b824:	1c9d      	adds	r5, r3, #2
1000b826:	4b2d      	ldr	r3, [pc, #180]	; (1000b8dc <_strtol_l.part.0+0x140>)
1000b828:	469b      	mov	fp, r3
1000b82a:	2300      	movs	r3, #0
1000b82c:	9301      	str	r3, [sp, #4]
1000b82e:	2e00      	cmp	r6, #0
1000b830:	d1d3      	bne.n	1000b7da <_strtol_l.part.0+0x3e>
1000b832:	2c30      	cmp	r4, #48	; 0x30
1000b834:	d046      	beq.n	1000b8c4 <_strtol_l.part.0+0x128>
1000b836:	270a      	movs	r7, #10
1000b838:	260a      	movs	r6, #10
1000b83a:	e7d1      	b.n	1000b7e0 <_strtol_l.part.0+0x44>
1000b83c:	0025      	movs	r5, r4
1000b83e:	3d61      	subs	r5, #97	; 0x61
1000b840:	2d19      	cmp	r5, #25
1000b842:	d803      	bhi.n	1000b84c <_strtol_l.part.0+0xb0>
1000b844:	3c57      	subs	r4, #87	; 0x57
1000b846:	0025      	movs	r5, r4
1000b848:	42ae      	cmp	r6, r5
1000b84a:	dce5      	bgt.n	1000b818 <_strtol_l.part.0+0x7c>
1000b84c:	2a00      	cmp	r2, #0
1000b84e:	db18      	blt.n	1000b882 <_strtol_l.part.0+0xe6>
1000b850:	9801      	ldr	r0, [sp, #4]
1000b852:	2800      	cmp	r0, #0
1000b854:	d000      	beq.n	1000b858 <_strtol_l.part.0+0xbc>
1000b856:	4249      	negs	r1, r1
1000b858:	4648      	mov	r0, r9
1000b85a:	2800      	cmp	r0, #0
1000b85c:	d004      	beq.n	1000b868 <_strtol_l.part.0+0xcc>
1000b85e:	2a00      	cmp	r2, #0
1000b860:	d138      	bne.n	1000b8d4 <_strtol_l.part.0+0x138>
1000b862:	464b      	mov	r3, r9
1000b864:	4642      	mov	r2, r8
1000b866:	601a      	str	r2, [r3, #0]
1000b868:	0008      	movs	r0, r1
1000b86a:	b003      	add	sp, #12
1000b86c:	bcf0      	pop	{r4, r5, r6, r7}
1000b86e:	46bb      	mov	fp, r7
1000b870:	46b2      	mov	sl, r6
1000b872:	46a9      	mov	r9, r5
1000b874:	46a0      	mov	r8, r4
1000b876:	bdf0      	pop	{r4, r5, r6, r7, pc}
1000b878:	45ac      	cmp	ip, r5
1000b87a:	dabd      	bge.n	1000b7f8 <_strtol_l.part.0+0x5c>
1000b87c:	2201      	movs	r2, #1
1000b87e:	4252      	negs	r2, r2
1000b880:	e7bd      	b.n	1000b7fe <_strtol_l.part.0+0x62>
1000b882:	2222      	movs	r2, #34	; 0x22
1000b884:	4651      	mov	r1, sl
1000b886:	600a      	str	r2, [r1, #0]
1000b888:	464a      	mov	r2, r9
1000b88a:	4659      	mov	r1, fp
1000b88c:	2a00      	cmp	r2, #0
1000b88e:	d0eb      	beq.n	1000b868 <_strtol_l.part.0+0xcc>
1000b890:	3b01      	subs	r3, #1
1000b892:	4698      	mov	r8, r3
1000b894:	4659      	mov	r1, fp
1000b896:	e7e4      	b.n	1000b862 <_strtol_l.part.0+0xc6>
1000b898:	782c      	ldrb	r4, [r5, #0]
1000b89a:	1c9d      	adds	r5, r3, #2
1000b89c:	2380      	movs	r3, #128	; 0x80
1000b89e:	061b      	lsls	r3, r3, #24
1000b8a0:	469b      	mov	fp, r3
1000b8a2:	2301      	movs	r3, #1
1000b8a4:	9301      	str	r3, [sp, #4]
1000b8a6:	e796      	b.n	1000b7d6 <_strtol_l.part.0+0x3a>
1000b8a8:	2c30      	cmp	r4, #48	; 0x30
1000b8aa:	d104      	bne.n	1000b8b6 <_strtol_l.part.0+0x11a>
1000b8ac:	2220      	movs	r2, #32
1000b8ae:	782b      	ldrb	r3, [r5, #0]
1000b8b0:	4393      	bics	r3, r2
1000b8b2:	2b58      	cmp	r3, #88	; 0x58
1000b8b4:	d001      	beq.n	1000b8ba <_strtol_l.part.0+0x11e>
1000b8b6:	2710      	movs	r7, #16
1000b8b8:	e792      	b.n	1000b7e0 <_strtol_l.part.0+0x44>
1000b8ba:	786c      	ldrb	r4, [r5, #1]
1000b8bc:	2710      	movs	r7, #16
1000b8be:	2610      	movs	r6, #16
1000b8c0:	3502      	adds	r5, #2
1000b8c2:	e78d      	b.n	1000b7e0 <_strtol_l.part.0+0x44>
1000b8c4:	2220      	movs	r2, #32
1000b8c6:	782b      	ldrb	r3, [r5, #0]
1000b8c8:	4393      	bics	r3, r2
1000b8ca:	2b58      	cmp	r3, #88	; 0x58
1000b8cc:	d0f5      	beq.n	1000b8ba <_strtol_l.part.0+0x11e>
1000b8ce:	2708      	movs	r7, #8
1000b8d0:	2608      	movs	r6, #8
1000b8d2:	e785      	b.n	1000b7e0 <_strtol_l.part.0+0x44>
1000b8d4:	468b      	mov	fp, r1
1000b8d6:	e7db      	b.n	1000b890 <_strtol_l.part.0+0xf4>
1000b8d8:	1000c991 	.word	0x1000c991
1000b8dc:	7fffffff 	.word	0x7fffffff

1000b8e0 <_strtol_r>:
1000b8e0:	b510      	push	{r4, lr}
1000b8e2:	2b01      	cmp	r3, #1
1000b8e4:	d004      	beq.n	1000b8f0 <_strtol_r+0x10>
1000b8e6:	2b24      	cmp	r3, #36	; 0x24
1000b8e8:	d802      	bhi.n	1000b8f0 <_strtol_r+0x10>
1000b8ea:	f7ff ff57 	bl	1000b79c <_strtol_l.part.0>
1000b8ee:	e004      	b.n	1000b8fa <_strtol_r+0x1a>
1000b8f0:	f000 f830 	bl	1000b954 <__errno>
1000b8f4:	2316      	movs	r3, #22
1000b8f6:	6003      	str	r3, [r0, #0]
1000b8f8:	2000      	movs	r0, #0
1000b8fa:	bd10      	pop	{r4, pc}

1000b8fc <strtol_l>:
1000b8fc:	0013      	movs	r3, r2
1000b8fe:	b510      	push	{r4, lr}
1000b900:	2a01      	cmp	r2, #1
1000b902:	d009      	beq.n	1000b918 <strtol_l+0x1c>
1000b904:	2a24      	cmp	r2, #36	; 0x24
1000b906:	d807      	bhi.n	1000b918 <strtol_l+0x1c>
1000b908:	4a06      	ldr	r2, [pc, #24]	; (1000b924 <strtol_l+0x28>)
1000b90a:	6814      	ldr	r4, [r2, #0]
1000b90c:	000a      	movs	r2, r1
1000b90e:	0001      	movs	r1, r0
1000b910:	0020      	movs	r0, r4
1000b912:	f7ff ff43 	bl	1000b79c <_strtol_l.part.0>
1000b916:	e004      	b.n	1000b922 <strtol_l+0x26>
1000b918:	f000 f81c 	bl	1000b954 <__errno>
1000b91c:	2316      	movs	r3, #22
1000b91e:	6003      	str	r3, [r0, #0]
1000b920:	2000      	movs	r0, #0
1000b922:	bd10      	pop	{r4, pc}
1000b924:	20000f40 	.word	0x20000f40

1000b928 <strtol>:
1000b928:	0013      	movs	r3, r2
1000b92a:	b510      	push	{r4, lr}
1000b92c:	2a01      	cmp	r2, #1
1000b92e:	d009      	beq.n	1000b944 <strtol+0x1c>
1000b930:	2a24      	cmp	r2, #36	; 0x24
1000b932:	d807      	bhi.n	1000b944 <strtol+0x1c>
1000b934:	4a06      	ldr	r2, [pc, #24]	; (1000b950 <strtol+0x28>)
1000b936:	6814      	ldr	r4, [r2, #0]
1000b938:	000a      	movs	r2, r1
1000b93a:	0001      	movs	r1, r0
1000b93c:	0020      	movs	r0, r4
1000b93e:	f7ff ff2d 	bl	1000b79c <_strtol_l.part.0>
1000b942:	e004      	b.n	1000b94e <strtol+0x26>
1000b944:	f000 f806 	bl	1000b954 <__errno>
1000b948:	2316      	movs	r3, #22
1000b94a:	6003      	str	r3, [r0, #0]
1000b94c:	2000      	movs	r0, #0
1000b94e:	bd10      	pop	{r4, pc}
1000b950:	20000f40 	.word	0x20000f40

1000b954 <__errno>:
1000b954:	4b01      	ldr	r3, [pc, #4]	; (1000b95c <__errno+0x8>)
1000b956:	6818      	ldr	r0, [r3, #0]
1000b958:	4770      	bx	lr
1000b95a:	46c0      	nop			; (mov r8, r8)
1000b95c:	20000f40 	.word	0x20000f40

1000b960 <_malloc_trim_r>:
1000b960:	b5f8      	push	{r3, r4, r5, r6, r7, lr}
1000b962:	000c      	movs	r4, r1
1000b964:	0005      	movs	r5, r0
1000b966:	f7ff fe91 	bl	1000b68c <__malloc_lock>
1000b96a:	4f20      	ldr	r7, [pc, #128]	; (1000b9ec <_malloc_trim_r+0x8c>)
1000b96c:	68bb      	ldr	r3, [r7, #8]
1000b96e:	685e      	ldr	r6, [r3, #4]
1000b970:	2303      	movs	r3, #3
1000b972:	439e      	bics	r6, r3
1000b974:	4b1e      	ldr	r3, [pc, #120]	; (1000b9f0 <_malloc_trim_r+0x90>)
1000b976:	1b34      	subs	r4, r6, r4
1000b978:	469c      	mov	ip, r3
1000b97a:	4464      	add	r4, ip
1000b97c:	0b24      	lsrs	r4, r4, #12
1000b97e:	3c01      	subs	r4, #1
1000b980:	3311      	adds	r3, #17
1000b982:	0324      	lsls	r4, r4, #12
1000b984:	429c      	cmp	r4, r3
1000b986:	db07      	blt.n	1000b998 <_malloc_trim_r+0x38>
1000b988:	2100      	movs	r1, #0
1000b98a:	0028      	movs	r0, r5
1000b98c:	f7ff fe82 	bl	1000b694 <_sbrk_r>
1000b990:	68bb      	ldr	r3, [r7, #8]
1000b992:	199b      	adds	r3, r3, r6
1000b994:	4298      	cmp	r0, r3
1000b996:	d004      	beq.n	1000b9a2 <_malloc_trim_r+0x42>
1000b998:	0028      	movs	r0, r5
1000b99a:	f7ff fe79 	bl	1000b690 <__malloc_unlock>
1000b99e:	2000      	movs	r0, #0
1000b9a0:	bdf8      	pop	{r3, r4, r5, r6, r7, pc}
1000b9a2:	0028      	movs	r0, r5
1000b9a4:	4261      	negs	r1, r4
1000b9a6:	f7ff fe75 	bl	1000b694 <_sbrk_r>
1000b9aa:	1c43      	adds	r3, r0, #1
1000b9ac:	d00d      	beq.n	1000b9ca <_malloc_trim_r+0x6a>
1000b9ae:	2201      	movs	r2, #1
1000b9b0:	68bb      	ldr	r3, [r7, #8]
1000b9b2:	1b36      	subs	r6, r6, r4
1000b9b4:	4316      	orrs	r6, r2
1000b9b6:	605e      	str	r6, [r3, #4]
1000b9b8:	4b0e      	ldr	r3, [pc, #56]	; (1000b9f4 <_malloc_trim_r+0x94>)
1000b9ba:	0028      	movs	r0, r5
1000b9bc:	681a      	ldr	r2, [r3, #0]
1000b9be:	1b14      	subs	r4, r2, r4
1000b9c0:	601c      	str	r4, [r3, #0]
1000b9c2:	f7ff fe65 	bl	1000b690 <__malloc_unlock>
1000b9c6:	2001      	movs	r0, #1
1000b9c8:	e7ea      	b.n	1000b9a0 <_malloc_trim_r+0x40>
1000b9ca:	2100      	movs	r1, #0
1000b9cc:	0028      	movs	r0, r5
1000b9ce:	f7ff fe61 	bl	1000b694 <_sbrk_r>
1000b9d2:	68ba      	ldr	r2, [r7, #8]
1000b9d4:	1a83      	subs	r3, r0, r2
1000b9d6:	2b0f      	cmp	r3, #15
1000b9d8:	ddde      	ble.n	1000b998 <_malloc_trim_r+0x38>
1000b9da:	4907      	ldr	r1, [pc, #28]	; (1000b9f8 <_malloc_trim_r+0x98>)
1000b9dc:	6809      	ldr	r1, [r1, #0]
1000b9de:	1a40      	subs	r0, r0, r1
1000b9e0:	4904      	ldr	r1, [pc, #16]	; (1000b9f4 <_malloc_trim_r+0x94>)
1000b9e2:	6008      	str	r0, [r1, #0]
1000b9e4:	2101      	movs	r1, #1
1000b9e6:	430b      	orrs	r3, r1
1000b9e8:	6053      	str	r3, [r2, #4]
1000b9ea:	e7d5      	b.n	1000b998 <_malloc_trim_r+0x38>
1000b9ec:	20001378 	.word	0x20001378
1000b9f0:	00000fef 	.word	0x00000fef
1000b9f4:	20001af0 	.word	0x20001af0
1000b9f8:	20001370 	.word	0x20001370

1000b9fc <_free_r>:
1000b9fc:	b5f0      	push	{r4, r5, r6, r7, lr}
1000b9fe:	46c6      	mov	lr, r8
1000ba00:	0005      	movs	r5, r0
1000ba02:	000c      	movs	r4, r1
1000ba04:	b500      	push	{lr}
1000ba06:	2900      	cmp	r1, #0
1000ba08:	d04f      	beq.n	1000baaa <_free_r+0xae>
1000ba0a:	f7ff fe3f 	bl	1000b68c <__malloc_lock>
1000ba0e:	0021      	movs	r1, r4
1000ba10:	3908      	subs	r1, #8
1000ba12:	684c      	ldr	r4, [r1, #4]
1000ba14:	2601      	movs	r6, #1
1000ba16:	0022      	movs	r2, r4
1000ba18:	2003      	movs	r0, #3
1000ba1a:	43b2      	bics	r2, r6
1000ba1c:	188f      	adds	r7, r1, r2
1000ba1e:	687b      	ldr	r3, [r7, #4]
1000ba20:	4383      	bics	r3, r0
1000ba22:	4862      	ldr	r0, [pc, #392]	; (1000bbac <_free_r+0x1b0>)
1000ba24:	4698      	mov	r8, r3
1000ba26:	6883      	ldr	r3, [r0, #8]
1000ba28:	42bb      	cmp	r3, r7
1000ba2a:	d06a      	beq.n	1000bb02 <_free_r+0x106>
1000ba2c:	4643      	mov	r3, r8
1000ba2e:	607b      	str	r3, [r7, #4]
1000ba30:	4226      	tst	r6, r4
1000ba32:	d11e      	bne.n	1000ba72 <_free_r+0x76>
1000ba34:	2308      	movs	r3, #8
1000ba36:	469c      	mov	ip, r3
1000ba38:	680c      	ldr	r4, [r1, #0]
1000ba3a:	4484      	add	ip, r0
1000ba3c:	1b09      	subs	r1, r1, r4
1000ba3e:	1912      	adds	r2, r2, r4
1000ba40:	688c      	ldr	r4, [r1, #8]
1000ba42:	4564      	cmp	r4, ip
1000ba44:	d04f      	beq.n	1000bae6 <_free_r+0xea>
1000ba46:	68cb      	ldr	r3, [r1, #12]
1000ba48:	60e3      	str	r3, [r4, #12]
1000ba4a:	609c      	str	r4, [r3, #8]
1000ba4c:	4643      	mov	r3, r8
1000ba4e:	18fc      	adds	r4, r7, r3
1000ba50:	6864      	ldr	r4, [r4, #4]
1000ba52:	4234      	tst	r4, r6
1000ba54:	d111      	bne.n	1000ba7a <_free_r+0x7e>
1000ba56:	68bb      	ldr	r3, [r7, #8]
1000ba58:	4c55      	ldr	r4, [pc, #340]	; (1000bbb0 <_free_r+0x1b4>)
1000ba5a:	4442      	add	r2, r8
1000ba5c:	42a3      	cmp	r3, r4
1000ba5e:	d100      	bne.n	1000ba62 <_free_r+0x66>
1000ba60:	e07e      	b.n	1000bb60 <_free_r+0x164>
1000ba62:	68fc      	ldr	r4, [r7, #12]
1000ba64:	60dc      	str	r4, [r3, #12]
1000ba66:	60a3      	str	r3, [r4, #8]
1000ba68:	2301      	movs	r3, #1
1000ba6a:	4313      	orrs	r3, r2
1000ba6c:	604b      	str	r3, [r1, #4]
1000ba6e:	508a      	str	r2, [r1, r2]
1000ba70:	e006      	b.n	1000ba80 <_free_r+0x84>
1000ba72:	18fc      	adds	r4, r7, r3
1000ba74:	6864      	ldr	r4, [r4, #4]
1000ba76:	4234      	tst	r4, r6
1000ba78:	d0ed      	beq.n	1000ba56 <_free_r+0x5a>
1000ba7a:	4316      	orrs	r6, r2
1000ba7c:	604e      	str	r6, [r1, #4]
1000ba7e:	603a      	str	r2, [r7, #0]
1000ba80:	2380      	movs	r3, #128	; 0x80
1000ba82:	009b      	lsls	r3, r3, #2
1000ba84:	429a      	cmp	r2, r3
1000ba86:	d213      	bcs.n	1000bab0 <_free_r+0xb4>
1000ba88:	0954      	lsrs	r4, r2, #5
1000ba8a:	08d3      	lsrs	r3, r2, #3
1000ba8c:	2201      	movs	r2, #1
1000ba8e:	40a2      	lsls	r2, r4
1000ba90:	6844      	ldr	r4, [r0, #4]
1000ba92:	00db      	lsls	r3, r3, #3
1000ba94:	4322      	orrs	r2, r4
1000ba96:	6042      	str	r2, [r0, #4]
1000ba98:	1818      	adds	r0, r3, r0
1000ba9a:	6883      	ldr	r3, [r0, #8]
1000ba9c:	60c8      	str	r0, [r1, #12]
1000ba9e:	608b      	str	r3, [r1, #8]
1000baa0:	6081      	str	r1, [r0, #8]
1000baa2:	60d9      	str	r1, [r3, #12]
1000baa4:	0028      	movs	r0, r5
1000baa6:	f7ff fdf3 	bl	1000b690 <__malloc_unlock>
1000baaa:	bc80      	pop	{r7}
1000baac:	46b8      	mov	r8, r7
1000baae:	bdf0      	pop	{r4, r5, r6, r7, pc}
1000bab0:	0a53      	lsrs	r3, r2, #9
1000bab2:	2b04      	cmp	r3, #4
1000bab4:	d83e      	bhi.n	1000bb34 <_free_r+0x138>
1000bab6:	0994      	lsrs	r4, r2, #6
1000bab8:	0026      	movs	r6, r4
1000baba:	3439      	adds	r4, #57	; 0x39
1000babc:	3638      	adds	r6, #56	; 0x38
1000babe:	00e4      	lsls	r4, r4, #3
1000bac0:	1904      	adds	r4, r0, r4
1000bac2:	6823      	ldr	r3, [r4, #0]
1000bac4:	3c08      	subs	r4, #8
1000bac6:	2703      	movs	r7, #3
1000bac8:	429c      	cmp	r4, r3
1000baca:	d042      	beq.n	1000bb52 <_free_r+0x156>
1000bacc:	6858      	ldr	r0, [r3, #4]
1000bace:	43b8      	bics	r0, r7
1000bad0:	4290      	cmp	r0, r2
1000bad2:	d902      	bls.n	1000bada <_free_r+0xde>
1000bad4:	689b      	ldr	r3, [r3, #8]
1000bad6:	429c      	cmp	r4, r3
1000bad8:	d1f8      	bne.n	1000bacc <_free_r+0xd0>
1000bada:	68dc      	ldr	r4, [r3, #12]
1000badc:	60cc      	str	r4, [r1, #12]
1000bade:	608b      	str	r3, [r1, #8]
1000bae0:	60a1      	str	r1, [r4, #8]
1000bae2:	60d9      	str	r1, [r3, #12]
1000bae4:	e7de      	b.n	1000baa4 <_free_r+0xa8>
1000bae6:	4643      	mov	r3, r8
1000bae8:	18f8      	adds	r0, r7, r3
1000baea:	6840      	ldr	r0, [r0, #4]
1000baec:	4230      	tst	r0, r6
1000baee:	d157      	bne.n	1000bba0 <_free_r+0x1a4>
1000baf0:	68fb      	ldr	r3, [r7, #12]
1000baf2:	68b8      	ldr	r0, [r7, #8]
1000baf4:	4442      	add	r2, r8
1000baf6:	4316      	orrs	r6, r2
1000baf8:	60c3      	str	r3, [r0, #12]
1000bafa:	6098      	str	r0, [r3, #8]
1000bafc:	604e      	str	r6, [r1, #4]
1000bafe:	508a      	str	r2, [r1, r2]
1000bb00:	e7d0      	b.n	1000baa4 <_free_r+0xa8>
1000bb02:	0013      	movs	r3, r2
1000bb04:	4443      	add	r3, r8
1000bb06:	4226      	tst	r6, r4
1000bb08:	d106      	bne.n	1000bb18 <_free_r+0x11c>
1000bb0a:	680a      	ldr	r2, [r1, #0]
1000bb0c:	1a89      	subs	r1, r1, r2
1000bb0e:	688c      	ldr	r4, [r1, #8]
1000bb10:	189b      	adds	r3, r3, r2
1000bb12:	68ca      	ldr	r2, [r1, #12]
1000bb14:	60e2      	str	r2, [r4, #12]
1000bb16:	6094      	str	r4, [r2, #8]
1000bb18:	2201      	movs	r2, #1
1000bb1a:	431a      	orrs	r2, r3
1000bb1c:	604a      	str	r2, [r1, #4]
1000bb1e:	4a25      	ldr	r2, [pc, #148]	; (1000bbb4 <_free_r+0x1b8>)
1000bb20:	6081      	str	r1, [r0, #8]
1000bb22:	6812      	ldr	r2, [r2, #0]
1000bb24:	429a      	cmp	r2, r3
1000bb26:	d8bd      	bhi.n	1000baa4 <_free_r+0xa8>
1000bb28:	4b23      	ldr	r3, [pc, #140]	; (1000bbb8 <_free_r+0x1bc>)
1000bb2a:	0028      	movs	r0, r5
1000bb2c:	6819      	ldr	r1, [r3, #0]
1000bb2e:	f7ff ff17 	bl	1000b960 <_malloc_trim_r>
1000bb32:	e7b7      	b.n	1000baa4 <_free_r+0xa8>
1000bb34:	2b14      	cmp	r3, #20
1000bb36:	d907      	bls.n	1000bb48 <_free_r+0x14c>
1000bb38:	2b54      	cmp	r3, #84	; 0x54
1000bb3a:	d81a      	bhi.n	1000bb72 <_free_r+0x176>
1000bb3c:	0b14      	lsrs	r4, r2, #12
1000bb3e:	0026      	movs	r6, r4
1000bb40:	346f      	adds	r4, #111	; 0x6f
1000bb42:	366e      	adds	r6, #110	; 0x6e
1000bb44:	00e4      	lsls	r4, r4, #3
1000bb46:	e7bb      	b.n	1000bac0 <_free_r+0xc4>
1000bb48:	001e      	movs	r6, r3
1000bb4a:	335c      	adds	r3, #92	; 0x5c
1000bb4c:	365b      	adds	r6, #91	; 0x5b
1000bb4e:	00dc      	lsls	r4, r3, #3
1000bb50:	e7b6      	b.n	1000bac0 <_free_r+0xc4>
1000bb52:	2201      	movs	r2, #1
1000bb54:	10b6      	asrs	r6, r6, #2
1000bb56:	40b2      	lsls	r2, r6
1000bb58:	6846      	ldr	r6, [r0, #4]
1000bb5a:	4332      	orrs	r2, r6
1000bb5c:	6042      	str	r2, [r0, #4]
1000bb5e:	e7bd      	b.n	1000badc <_free_r+0xe0>
1000bb60:	60d9      	str	r1, [r3, #12]
1000bb62:	6099      	str	r1, [r3, #8]
1000bb64:	60cb      	str	r3, [r1, #12]
1000bb66:	608b      	str	r3, [r1, #8]
1000bb68:	2301      	movs	r3, #1
1000bb6a:	4313      	orrs	r3, r2
1000bb6c:	604b      	str	r3, [r1, #4]
1000bb6e:	508a      	str	r2, [r1, r2]
1000bb70:	e798      	b.n	1000baa4 <_free_r+0xa8>
1000bb72:	24aa      	movs	r4, #170	; 0xaa
1000bb74:	0064      	lsls	r4, r4, #1
1000bb76:	42a3      	cmp	r3, r4
1000bb78:	d805      	bhi.n	1000bb86 <_free_r+0x18a>
1000bb7a:	0bd4      	lsrs	r4, r2, #15
1000bb7c:	0026      	movs	r6, r4
1000bb7e:	3478      	adds	r4, #120	; 0x78
1000bb80:	3677      	adds	r6, #119	; 0x77
1000bb82:	00e4      	lsls	r4, r4, #3
1000bb84:	e79c      	b.n	1000bac0 <_free_r+0xc4>
1000bb86:	4c0d      	ldr	r4, [pc, #52]	; (1000bbbc <_free_r+0x1c0>)
1000bb88:	42a3      	cmp	r3, r4
1000bb8a:	d805      	bhi.n	1000bb98 <_free_r+0x19c>
1000bb8c:	0c94      	lsrs	r4, r2, #18
1000bb8e:	0026      	movs	r6, r4
1000bb90:	347d      	adds	r4, #125	; 0x7d
1000bb92:	367c      	adds	r6, #124	; 0x7c
1000bb94:	00e4      	lsls	r4, r4, #3
1000bb96:	e793      	b.n	1000bac0 <_free_r+0xc4>
1000bb98:	24fe      	movs	r4, #254	; 0xfe
1000bb9a:	267e      	movs	r6, #126	; 0x7e
1000bb9c:	00a4      	lsls	r4, r4, #2
1000bb9e:	e78f      	b.n	1000bac0 <_free_r+0xc4>
1000bba0:	0033      	movs	r3, r6
1000bba2:	4313      	orrs	r3, r2
1000bba4:	604b      	str	r3, [r1, #4]
1000bba6:	603a      	str	r2, [r7, #0]
1000bba8:	e77c      	b.n	1000baa4 <_free_r+0xa8>
1000bbaa:	46c0      	nop			; (mov r8, r8)
1000bbac:	20001378 	.word	0x20001378
1000bbb0:	20001380 	.word	0x20001380
1000bbb4:	20001374 	.word	0x20001374
1000bbb8:	20001aec 	.word	0x20001aec
1000bbbc:	00000554 	.word	0x00000554

1000bbc0 <_fini>:
1000bbc0:	b5f8      	push	{r3, r4, r5, r6, r7, lr}
1000bbc2:	46c0      	nop			; (mov r8, r8)
1000bbc4:	0000      	movs	r0, r0
	...

1000bbc8 <__flash_do_cmd_veneer>:
1000bbc8:	b401      	push	{r0}
1000bbca:	4802      	ldr	r0, [pc, #8]	; (1000bbd4 <__flash_do_cmd_veneer+0xc>)
1000bbcc:	4684      	mov	ip, r0
1000bbce:	bc01      	pop	{r0}
1000bbd0:	4760      	bx	ip
1000bbd2:	bf00      	nop
1000bbd4:	200002c9 	.word	0x200002c9

1000bbd8 <__mutex_exit_veneer>:
1000bbd8:	b401      	push	{r0}
1000bbda:	4802      	ldr	r0, [pc, #8]	; (1000bbe4 <__mutex_exit_veneer+0xc>)
1000bbdc:	4684      	mov	ip, r0
1000bbde:	bc01      	pop	{r0}
1000bbe0:	4760      	bx	ip
1000bbe2:	bf00      	nop
1000bbe4:	2000022d 	.word	0x2000022d

1000bbe8 <____aeabi_ldiv0_veneer>:
1000bbe8:	b401      	push	{r0}
1000bbea:	4802      	ldr	r0, [pc, #8]	; (1000bbf4 <____aeabi_ldiv0_veneer+0xc>)
1000bbec:	4684      	mov	ip, r0
1000bbee:	bc01      	pop	{r0}
1000bbf0:	4760      	bx	ip
1000bbf2:	bf00      	nop
1000bbf4:	20000dc1 	.word	0x20000dc1

1000bbf8 <__e15_is_bulkin_ep_veneer>:
1000bbf8:	b401      	push	{r0}
1000bbfa:	4802      	ldr	r0, [pc, #8]	; (1000bc04 <__e15_is_bulkin_ep_veneer+0xc>)
1000bbfc:	4684      	mov	ip, r0
1000bbfe:	bc01      	pop	{r0}
1000bc00:	4760      	bx	ip
1000bc02:	bf00      	nop
1000bc04:	200009ad 	.word	0x200009ad

1000bc08 <__e15_is_critical_frame_period_veneer>:
1000bc08:	b401      	push	{r0}
1000bc0a:	4802      	ldr	r0, [pc, #8]	; (1000bc14 <__e15_is_critical_frame_period_veneer+0xc>)
1000bc0c:	4684      	mov	ip, r0
1000bc0e:	bc01      	pop	{r0}
1000bc10:	4760      	bx	ip
1000bc12:	bf00      	nop
1000bc14:	200009d5 	.word	0x200009d5

1000bc18 <____aeabi_idiv0_veneer>:
1000bc18:	b401      	push	{r0}
1000bc1a:	4802      	ldr	r0, [pc, #8]	; (1000bc24 <____aeabi_idiv0_veneer+0xc>)
1000bc1c:	4684      	mov	ip, r0
1000bc1e:	bc01      	pop	{r0}
1000bc20:	4760      	bx	ip
1000bc22:	bf00      	nop
1000bc24:	20000dc1 	.word	0x20000dc1

1000bc28 <__mutex_try_enter_veneer>:
1000bc28:	b401      	push	{r0}
1000bc2a:	4802      	ldr	r0, [pc, #8]	; (1000bc34 <__mutex_try_enter_veneer+0xc>)
1000bc2c:	4684      	mov	ip, r0
1000bc2e:	bc01      	pop	{r0}
1000bc30:	4760      	bx	ip
1000bc32:	bf00      	nop
1000bc34:	200000c1 	.word	0x200000c1

1000bc38 <__reset_non_control_endpoints_veneer>:
1000bc38:	b401      	push	{r0}
1000bc3a:	4802      	ldr	r0, [pc, #8]	; (1000bc44 <__reset_non_control_endpoints_veneer+0xc>)
1000bc3c:	4684      	mov	ip, r0
1000bc3e:	bc01      	pop	{r0}
1000bc40:	4760      	bx	ip
1000bc42:	bf00      	nop
1000bc44:	20000389 	.word	0x20000389

1000bc48 <__mutex_enter_timeout_ms_veneer>:
1000bc48:	b401      	push	{r0}
1000bc4a:	4802      	ldr	r0, [pc, #8]	; (1000bc54 <__mutex_enter_timeout_ms_veneer+0xc>)
1000bc4c:	4684      	mov	ip, r0
1000bc4e:	bc01      	pop	{r0}
1000bc50:	4760      	bx	ip
1000bc52:	bf00      	nop
1000bc54:	2000019d 	.word	0x2000019d

1000bc58 <__spi_write_blocking_veneer>:
1000bc58:	b401      	push	{r0}
1000bc5a:	4802      	ldr	r0, [pc, #8]	; (1000bc64 <__spi_write_blocking_veneer+0xc>)
1000bc5c:	4684      	mov	ip, r0
1000bc5e:	bc01      	pop	{r0}
1000bc60:	4760      	bx	ip
1000bc62:	bf00      	nop
1000bc64:	20000d75 	.word	0x20000d75

1000bc68 <__mutex_try_enter_block_until_veneer>:
1000bc68:	b401      	push	{r0}
1000bc6a:	4802      	ldr	r0, [pc, #8]	; (1000bc74 <__mutex_try_enter_block_until_veneer+0xc>)
1000bc6c:	4684      	mov	ip, r0
1000bc6e:	bc01      	pop	{r0}
1000bc70:	4760      	bx	ip
1000bc72:	bf00      	nop
1000bc74:	20000101 	.word	0x20000101

1000bc78 <__hw_endpoint_start_next_buffer_veneer>:
1000bc78:	b401      	push	{r0}
1000bc7a:	4802      	ldr	r0, [pc, #8]	; (1000bc84 <__hw_endpoint_start_next_buffer_veneer+0xc>)
1000bc7c:	4684      	mov	ip, r0
1000bc7e:	bc01      	pop	{r0}
1000bc80:	4760      	bx	ip
1000bc82:	bf00      	nop
1000bc84:	20000b49 	.word	0x20000b49

1000bc88 <___hw_endpoint_buffer_control_update32_veneer>:
1000bc88:	b401      	push	{r0}
1000bc8a:	4802      	ldr	r0, [pc, #8]	; (1000bc94 <___hw_endpoint_buffer_control_update32_veneer+0xc>)
1000bc8c:	4684      	mov	ip, r0
1000bc8e:	bc01      	pop	{r0}
1000bc90:	4760      	bx	ip
1000bc92:	bf00      	nop
1000bc94:	20000af1 	.word	0x20000af1

Disassembly of section .data:

200000c0 <mutex_try_enter>:
200000c0:	0003      	movs	r3, r0
200000c2:	6800      	ldr	r0, [r0, #0]
200000c4:	f3ef 8c10 	mrs	ip, PRIMASK
200000c8:	b672      	cpsid	i
200000ca:	6802      	ldr	r2, [r0, #0]
200000cc:	2a00      	cmp	r2, #0
200000ce:	d0fc      	beq.n	200000ca <mutex_try_enter+0xa>
200000d0:	f3bf 8f5f 	dmb	sy
200000d4:	2204      	movs	r2, #4
200000d6:	569a      	ldrsb	r2, [r3, r2]
200000d8:	2a00      	cmp	r2, #0
200000da:	db04      	blt.n	200000e6 <mutex_try_enter+0x26>
200000dc:	2900      	cmp	r1, #0
200000de:	d000      	beq.n	200000e2 <mutex_try_enter+0x22>
200000e0:	600a      	str	r2, [r1, #0]
200000e2:	2000      	movs	r0, #0
200000e4:	e004      	b.n	200000f0 <mutex_try_enter+0x30>
200000e6:	22d0      	movs	r2, #208	; 0xd0
200000e8:	2001      	movs	r0, #1
200000ea:	0612      	lsls	r2, r2, #24
200000ec:	6812      	ldr	r2, [r2, #0]
200000ee:	711a      	strb	r2, [r3, #4]
200000f0:	681b      	ldr	r3, [r3, #0]
200000f2:	f3bf 8f5f 	dmb	sy
200000f6:	2200      	movs	r2, #0
200000f8:	601a      	str	r2, [r3, #0]
200000fa:	f38c 8810 	msr	PRIMASK, ip
200000fe:	4770      	bx	lr

20000100 <mutex_try_enter_block_until>:
20000100:	b5f0      	push	{r4, r5, r6, r7, lr}
20000102:	46c6      	mov	lr, r8
20000104:	0015      	movs	r5, r2
20000106:	b500      	push	{lr}
20000108:	0004      	movs	r4, r0
2000010a:	001e      	movs	r6, r3
2000010c:	6802      	ldr	r2, [r0, #0]
2000010e:	f3ef 8110 	mrs	r1, PRIMASK
20000112:	b672      	cpsid	i
20000114:	6813      	ldr	r3, [r2, #0]
20000116:	2b00      	cmp	r3, #0
20000118:	d0fc      	beq.n	20000114 <mutex_try_enter_block_until+0x14>
2000011a:	f3bf 8f5f 	dmb	sy
2000011e:	2304      	movs	r3, #4
20000120:	56e3      	ldrsb	r3, [r4, r3]
20000122:	2b00      	cmp	r3, #0
20000124:	db2d      	blt.n	20000182 <mutex_try_enter_block_until+0x82>
20000126:	6822      	ldr	r2, [r4, #0]
20000128:	f3bf 8f5f 	dmb	sy
2000012c:	2000      	movs	r0, #0
2000012e:	6010      	str	r0, [r2, #0]
20000130:	f381 8810 	msr	PRIMASK, r1
20000134:	22d0      	movs	r2, #208	; 0xd0
20000136:	0612      	lsls	r2, r2, #24
20000138:	7812      	ldrb	r2, [r2, #0]
2000013a:	b252      	sxtb	r2, r2
2000013c:	4690      	mov	r8, r2
2000013e:	429a      	cmp	r2, r3
20000140:	d103      	bne.n	2000014a <mutex_try_enter_block_until+0x4a>
20000142:	2000      	movs	r0, #0
20000144:	bc80      	pop	{r7}
20000146:	46b8      	mov	r8, r7
20000148:	bdf0      	pop	{r4, r5, r6, r7, pc}
2000014a:	2700      	movs	r7, #0
2000014c:	e00b      	b.n	20000166 <mutex_try_enter_block_until+0x66>
2000014e:	6823      	ldr	r3, [r4, #0]
20000150:	f3bf 8f5f 	dmb	sy
20000154:	601f      	str	r7, [r3, #0]
20000156:	f381 8810 	msr	PRIMASK, r1
2000015a:	0028      	movs	r0, r5
2000015c:	0031      	movs	r1, r6
2000015e:	f000 fe3b 	bl	20000dd8 <__best_effort_wfe_or_timeout_veneer>
20000162:	2800      	cmp	r0, #0
20000164:	d1ed      	bne.n	20000142 <mutex_try_enter_block_until+0x42>
20000166:	6822      	ldr	r2, [r4, #0]
20000168:	f3ef 8110 	mrs	r1, PRIMASK
2000016c:	b672      	cpsid	i
2000016e:	6813      	ldr	r3, [r2, #0]
20000170:	2b00      	cmp	r3, #0
20000172:	d0fc      	beq.n	2000016e <mutex_try_enter_block_until+0x6e>
20000174:	f3bf 8f5f 	dmb	sy
20000178:	7923      	ldrb	r3, [r4, #4]
2000017a:	2b7f      	cmp	r3, #127	; 0x7f
2000017c:	d9e7      	bls.n	2000014e <mutex_try_enter_block_until+0x4e>
2000017e:	4643      	mov	r3, r8
20000180:	e002      	b.n	20000188 <mutex_try_enter_block_until+0x88>
20000182:	23d0      	movs	r3, #208	; 0xd0
20000184:	061b      	lsls	r3, r3, #24
20000186:	681b      	ldr	r3, [r3, #0]
20000188:	7123      	strb	r3, [r4, #4]
2000018a:	6823      	ldr	r3, [r4, #0]
2000018c:	f3bf 8f5f 	dmb	sy
20000190:	2200      	movs	r2, #0
20000192:	601a      	str	r2, [r3, #0]
20000194:	f381 8810 	msr	PRIMASK, r1
20000198:	2001      	movs	r0, #1
2000019a:	e7d3      	b.n	20000144 <mutex_try_enter_block_until+0x44>

2000019c <mutex_enter_timeout_ms>:
2000019c:	b5f0      	push	{r4, r5, r6, r7, lr}
2000019e:	46c6      	mov	lr, r8
200001a0:	b500      	push	{lr}
200001a2:	000d      	movs	r5, r1
200001a4:	0004      	movs	r4, r0
200001a6:	f000 fe0f 	bl	20000dc8 <__time_us_64_veneer>
200001aa:	22fa      	movs	r2, #250	; 0xfa
200001ac:	0006      	movs	r6, r0
200001ae:	000f      	movs	r7, r1
200001b0:	2300      	movs	r3, #0
200001b2:	0028      	movs	r0, r5
200001b4:	2100      	movs	r1, #0
200001b6:	0092      	lsls	r2, r2, #2
200001b8:	f000 fe26 	bl	20000e08 <____wrap___aeabi_lmul_veneer>
200001bc:	2380      	movs	r3, #128	; 0x80
200001be:	1836      	adds	r6, r6, r0
200001c0:	414f      	adcs	r7, r1
200001c2:	061b      	lsls	r3, r3, #24
200001c4:	429f      	cmp	r7, r3
200001c6:	d302      	bcc.n	200001ce <mutex_enter_timeout_ms+0x32>
200001c8:	2601      	movs	r6, #1
200001ca:	4f17      	ldr	r7, [pc, #92]	; (20000228 <mutex_enter_timeout_ms+0x8c>)
200001cc:	4276      	negs	r6, r6
200001ce:	23d0      	movs	r3, #208	; 0xd0
200001d0:	061b      	lsls	r3, r3, #24
200001d2:	681b      	ldr	r3, [r3, #0]
200001d4:	2500      	movs	r5, #0
200001d6:	4698      	mov	r8, r3
200001d8:	e00b      	b.n	200001f2 <mutex_enter_timeout_ms+0x56>
200001da:	6823      	ldr	r3, [r4, #0]
200001dc:	f3bf 8f5f 	dmb	sy
200001e0:	601d      	str	r5, [r3, #0]
200001e2:	f381 8810 	msr	PRIMASK, r1
200001e6:	0030      	movs	r0, r6
200001e8:	0039      	movs	r1, r7
200001ea:	f000 fdf5 	bl	20000dd8 <__best_effort_wfe_or_timeout_veneer>
200001ee:	2800      	cmp	r0, #0
200001f0:	d118      	bne.n	20000224 <mutex_enter_timeout_ms+0x88>
200001f2:	6822      	ldr	r2, [r4, #0]
200001f4:	f3ef 8110 	mrs	r1, PRIMASK
200001f8:	b672      	cpsid	i
200001fa:	6813      	ldr	r3, [r2, #0]
200001fc:	2b00      	cmp	r3, #0
200001fe:	d0fc      	beq.n	200001fa <mutex_enter_timeout_ms+0x5e>
20000200:	f3bf 8f5f 	dmb	sy
20000204:	7923      	ldrb	r3, [r4, #4]
20000206:	2b7f      	cmp	r3, #127	; 0x7f
20000208:	d9e7      	bls.n	200001da <mutex_enter_timeout_ms+0x3e>
2000020a:	4643      	mov	r3, r8
2000020c:	7123      	strb	r3, [r4, #4]
2000020e:	6823      	ldr	r3, [r4, #0]
20000210:	f3bf 8f5f 	dmb	sy
20000214:	2200      	movs	r2, #0
20000216:	601a      	str	r2, [r3, #0]
20000218:	f381 8810 	msr	PRIMASK, r1
2000021c:	2001      	movs	r0, #1
2000021e:	bc80      	pop	{r7}
20000220:	46b8      	mov	r8, r7
20000222:	bdf0      	pop	{r4, r5, r6, r7, pc}
20000224:	2000      	movs	r0, #0
20000226:	e7fa      	b.n	2000021e <mutex_enter_timeout_ms+0x82>
20000228:	7fffffff 	.word	0x7fffffff

2000022c <mutex_exit>:
2000022c:	6802      	ldr	r2, [r0, #0]
2000022e:	f3ef 8110 	mrs	r1, PRIMASK
20000232:	b672      	cpsid	i
20000234:	6813      	ldr	r3, [r2, #0]
20000236:	2b00      	cmp	r3, #0
20000238:	d0fc      	beq.n	20000234 <mutex_exit+0x8>
2000023a:	f3bf 8f5f 	dmb	sy
2000023e:	23ff      	movs	r3, #255	; 0xff
20000240:	7103      	strb	r3, [r0, #4]
20000242:	6803      	ldr	r3, [r0, #0]
20000244:	f3bf 8f5f 	dmb	sy
20000248:	2200      	movs	r2, #0
2000024a:	601a      	str	r2, [r3, #0]
2000024c:	f381 8810 	msr	PRIMASK, r1
20000250:	bf40      	sev
20000252:	4770      	bx	lr

20000254 <flash_init_boot2_copyout>:
20000254:	b510      	push	{r4, lr}
20000256:	4c08      	ldr	r4, [pc, #32]	; (20000278 <flash_init_boot2_copyout+0x24>)
20000258:	7823      	ldrb	r3, [r4, #0]
2000025a:	2b00      	cmp	r3, #0
2000025c:	d10a      	bne.n	20000274 <flash_init_boot2_copyout+0x20>
2000025e:	2380      	movs	r3, #128	; 0x80
20000260:	4806      	ldr	r0, [pc, #24]	; (2000027c <flash_init_boot2_copyout+0x28>)
20000262:	4907      	ldr	r1, [pc, #28]	; (20000280 <flash_init_boot2_copyout+0x2c>)
20000264:	055b      	lsls	r3, r3, #21
20000266:	681a      	ldr	r2, [r3, #0]
20000268:	50c2      	str	r2, [r0, r3]
2000026a:	3304      	adds	r3, #4
2000026c:	428b      	cmp	r3, r1
2000026e:	d1fa      	bne.n	20000266 <flash_init_boot2_copyout+0x12>
20000270:	2301      	movs	r3, #1
20000272:	7023      	strb	r3, [r4, #0]
20000274:	bd10      	pop	{r4, pc}
20000276:	46c0      	nop			; (mov r8, r8)
20000278:	200025e9 	.word	0x200025e9
2000027c:	10001fa0 	.word	0x10001fa0
20000280:	10000100 	.word	0x10000100

20000284 <flash_enable_xip_via_boot2>:
20000284:	b510      	push	{r4, lr}
20000286:	4b01      	ldr	r3, [pc, #4]	; (2000028c <flash_enable_xip_via_boot2+0x8>)
20000288:	4798      	blx	r3
2000028a:	bd10      	pop	{r4, pc}
2000028c:	20001fa1 	.word	0x20001fa1

20000290 <flash_cs_force.constprop.0>:
20000290:	4b03      	ldr	r3, [pc, #12]	; (200002a0 <flash_cs_force.constprop.0+0x10>)
20000292:	681a      	ldr	r2, [r3, #0]
20000294:	23c0      	movs	r3, #192	; 0xc0
20000296:	009b      	lsls	r3, r3, #2
20000298:	4393      	bics	r3, r2
2000029a:	4a02      	ldr	r2, [pc, #8]	; (200002a4 <flash_cs_force.constprop.0+0x14>)
2000029c:	6013      	str	r3, [r2, #0]
2000029e:	4770      	bx	lr
200002a0:	4001800c 	.word	0x4001800c
200002a4:	4001900c 	.word	0x4001900c

200002a8 <flash_cs_force.constprop.1>:
200002a8:	4b05      	ldr	r3, [pc, #20]	; (200002c0 <flash_cs_force.constprop.1+0x18>)
200002aa:	681a      	ldr	r2, [r3, #0]
200002ac:	2380      	movs	r3, #128	; 0x80
200002ae:	009b      	lsls	r3, r3, #2
200002b0:	4053      	eors	r3, r2
200002b2:	22c0      	movs	r2, #192	; 0xc0
200002b4:	0092      	lsls	r2, r2, #2
200002b6:	4013      	ands	r3, r2
200002b8:	4a02      	ldr	r2, [pc, #8]	; (200002c4 <flash_cs_force.constprop.1+0x1c>)
200002ba:	6013      	str	r3, [r2, #0]
200002bc:	4770      	bx	lr
200002be:	46c0      	nop			; (mov r8, r8)
200002c0:	4001800c 	.word	0x4001800c
200002c4:	4001900c 	.word	0x4001900c

200002c8 <flash_do_cmd>:
200002c8:	2314      	movs	r3, #20
200002ca:	b5f0      	push	{r4, r5, r6, r7, lr}
200002cc:	46d6      	mov	lr, sl
200002ce:	464f      	mov	r7, r9
200002d0:	4646      	mov	r6, r8
200002d2:	469a      	mov	sl, r3
200002d4:	4681      	mov	r9, r0
200002d6:	8818      	ldrh	r0, [r3, #0]
200002d8:	3304      	adds	r3, #4
200002da:	b5c0      	push	{r6, r7, lr}
200002dc:	4698      	mov	r8, r3
200002de:	000e      	movs	r6, r1
200002e0:	881b      	ldrh	r3, [r3, #0]
200002e2:	4926      	ldr	r1, [pc, #152]	; (2000037c <flash_do_cmd+0xb4>)
200002e4:	0014      	movs	r4, r2
200002e6:	4798      	blx	r3
200002e8:	4653      	mov	r3, sl
200002ea:	0007      	movs	r7, r0
200002ec:	8818      	ldrh	r0, [r3, #0]
200002ee:	4643      	mov	r3, r8
200002f0:	4923      	ldr	r1, [pc, #140]	; (20000380 <flash_do_cmd+0xb8>)
200002f2:	881b      	ldrh	r3, [r3, #0]
200002f4:	4798      	blx	r3
200002f6:	4653      	mov	r3, sl
200002f8:	0005      	movs	r5, r0
200002fa:	8818      	ldrh	r0, [r3, #0]
200002fc:	4643      	mov	r3, r8
200002fe:	4921      	ldr	r1, [pc, #132]	; (20000384 <flash_do_cmd+0xbc>)
20000300:	881b      	ldrh	r3, [r3, #0]
20000302:	4798      	blx	r3
20000304:	4680      	mov	r8, r0
20000306:	f7ff ffa5 	bl	20000254 <flash_init_boot2_copyout>
2000030a:	47b8      	blx	r7
2000030c:	47a8      	blx	r5
2000030e:	f7ff ffcb 	bl	200002a8 <flash_cs_force.constprop.1>
20000312:	1e22      	subs	r2, r4, #0
20000314:	d020      	beq.n	20000358 <flash_do_cmd+0x90>
20000316:	21c0      	movs	r1, #192	; 0xc0
20000318:	2708      	movs	r7, #8
2000031a:	2002      	movs	r0, #2
2000031c:	0549      	lsls	r1, r1, #21
2000031e:	e011      	b.n	20000344 <flash_do_cmd+0x7c>
20000320:	2c00      	cmp	r4, #0
20000322:	d014      	beq.n	2000034e <flash_do_cmd+0x86>
20000324:	1b13      	subs	r3, r2, r4
20000326:	2b0d      	cmp	r3, #13
20000328:	d920      	bls.n	2000036c <flash_do_cmd+0xa4>
2000032a:	2d00      	cmp	r5, #0
2000032c:	d00a      	beq.n	20000344 <flash_do_cmd+0x7c>
2000032e:	0023      	movs	r3, r4
20000330:	2a00      	cmp	r2, #0
20000332:	d005      	beq.n	20000340 <flash_do_cmd+0x78>
20000334:	6e0b      	ldr	r3, [r1, #96]	; 0x60
20000336:	3a01      	subs	r2, #1
20000338:	7033      	strb	r3, [r6, #0]
2000033a:	0013      	movs	r3, r2
2000033c:	3601      	adds	r6, #1
2000033e:	4323      	orrs	r3, r4
20000340:	2b00      	cmp	r3, #0
20000342:	d009      	beq.n	20000358 <flash_do_cmd+0x90>
20000344:	003d      	movs	r5, r7
20000346:	6a8b      	ldr	r3, [r1, #40]	; 0x28
20000348:	401d      	ands	r5, r3
2000034a:	4218      	tst	r0, r3
2000034c:	d1e8      	bne.n	20000320 <flash_do_cmd+0x58>
2000034e:	2d00      	cmp	r5, #0
20000350:	d1ed      	bne.n	2000032e <flash_do_cmd+0x66>
20000352:	0023      	movs	r3, r4
20000354:	4313      	orrs	r3, r2
20000356:	d1f5      	bne.n	20000344 <flash_do_cmd+0x7c>
20000358:	f7ff ff9a 	bl	20000290 <flash_cs_force.constprop.0>
2000035c:	47c0      	blx	r8
2000035e:	f7ff ff91 	bl	20000284 <flash_enable_xip_via_boot2>
20000362:	bce0      	pop	{r5, r6, r7}
20000364:	46ba      	mov	sl, r7
20000366:	46b1      	mov	r9, r6
20000368:	46a8      	mov	r8, r5
2000036a:	bdf0      	pop	{r4, r5, r6, r7, pc}
2000036c:	464b      	mov	r3, r9
2000036e:	781b      	ldrb	r3, [r3, #0]
20000370:	3c01      	subs	r4, #1
20000372:	660b      	str	r3, [r1, #96]	; 0x60
20000374:	2301      	movs	r3, #1
20000376:	469c      	mov	ip, r3
20000378:	44e1      	add	r9, ip
2000037a:	e7e8      	b.n	2000034e <flash_do_cmd+0x86>
2000037c:	00004649 	.word	0x00004649
20000380:	00005845 	.word	0x00005845
20000384:	00004346 	.word	0x00004346

20000388 <reset_non_control_endpoints>:
20000388:	2200      	movs	r2, #0
2000038a:	4b15      	ldr	r3, [pc, #84]	; (200003e0 <reset_non_control_endpoints+0x58>)
2000038c:	b510      	push	{r4, lr}
2000038e:	609a      	str	r2, [r3, #8]
20000390:	60da      	str	r2, [r3, #12]
20000392:	611a      	str	r2, [r3, #16]
20000394:	615a      	str	r2, [r3, #20]
20000396:	619a      	str	r2, [r3, #24]
20000398:	61da      	str	r2, [r3, #28]
2000039a:	621a      	str	r2, [r3, #32]
2000039c:	625a      	str	r2, [r3, #36]	; 0x24
2000039e:	629a      	str	r2, [r3, #40]	; 0x28
200003a0:	62da      	str	r2, [r3, #44]	; 0x2c
200003a2:	631a      	str	r2, [r3, #48]	; 0x30
200003a4:	635a      	str	r2, [r3, #52]	; 0x34
200003a6:	639a      	str	r2, [r3, #56]	; 0x38
200003a8:	63da      	str	r2, [r3, #60]	; 0x3c
200003aa:	641a      	str	r2, [r3, #64]	; 0x40
200003ac:	645a      	str	r2, [r3, #68]	; 0x44
200003ae:	649a      	str	r2, [r3, #72]	; 0x48
200003b0:	64da      	str	r2, [r3, #76]	; 0x4c
200003b2:	651a      	str	r2, [r3, #80]	; 0x50
200003b4:	655a      	str	r2, [r3, #84]	; 0x54
200003b6:	659a      	str	r2, [r3, #88]	; 0x58
200003b8:	65da      	str	r2, [r3, #92]	; 0x5c
200003ba:	661a      	str	r2, [r3, #96]	; 0x60
200003bc:	665a      	str	r2, [r3, #100]	; 0x64
200003be:	669a      	str	r2, [r3, #104]	; 0x68
200003c0:	66da      	str	r2, [r3, #108]	; 0x6c
200003c2:	671a      	str	r2, [r3, #112]	; 0x70
200003c4:	675a      	str	r2, [r3, #116]	; 0x74
200003c6:	679a      	str	r2, [r3, #120]	; 0x78
200003c8:	67da      	str	r2, [r3, #124]	; 0x7c
200003ca:	32f0      	adds	r2, #240	; 0xf0
200003cc:	0092      	lsls	r2, r2, #2
200003ce:	2100      	movs	r1, #0
200003d0:	4804      	ldr	r0, [pc, #16]	; (200003e4 <reset_non_control_endpoints+0x5c>)
200003d2:	f000 fd11 	bl	20000df8 <____wrap_memset_veneer>
200003d6:	4b04      	ldr	r3, [pc, #16]	; (200003e8 <reset_non_control_endpoints+0x60>)
200003d8:	4a04      	ldr	r2, [pc, #16]	; (200003ec <reset_non_control_endpoints+0x64>)
200003da:	601a      	str	r2, [r3, #0]
200003dc:	bd10      	pop	{r4, pc}
200003de:	46c0      	nop			; (mov r8, r8)
200003e0:	50100000 	.word	0x50100000
200003e4:	200021a8 	.word	0x200021a8
200003e8:	20002570 	.word	0x20002570
200003ec:	50100180 	.word	0x50100180

200003f0 <hw_handle_buff_status>:
200003f0:	b5f0      	push	{r4, r5, r6, r7, lr}
200003f2:	4657      	mov	r7, sl
200003f4:	46de      	mov	lr, fp
200003f6:	464e      	mov	r6, r9
200003f8:	4645      	mov	r5, r8
200003fa:	b5e0      	push	{r5, r6, r7, lr}
200003fc:	4b24      	ldr	r3, [pc, #144]	; (20000490 <hw_handle_buff_status+0xa0>)
200003fe:	b087      	sub	sp, #28
20000400:	6d9f      	ldr	r7, [r3, #88]	; 0x58
20000402:	2f00      	cmp	r7, #0
20000404:	d023      	beq.n	2000044e <hw_handle_buff_status+0x5e>
20000406:	4b23      	ldr	r3, [pc, #140]	; (20000494 <hw_handle_buff_status+0xa4>)
20000408:	2400      	movs	r4, #0
2000040a:	4699      	mov	r9, r3
2000040c:	2301      	movs	r3, #1
2000040e:	4698      	mov	r8, r3
20000410:	4b21      	ldr	r3, [pc, #132]	; (20000498 <hw_handle_buff_status+0xa8>)
20000412:	2601      	movs	r6, #1
20000414:	469a      	mov	sl, r3
20000416:	e004      	b.n	20000422 <hw_handle_buff_status+0x32>
20000418:	3401      	adds	r4, #1
2000041a:	0076      	lsls	r6, r6, #1
2000041c:	b2e4      	uxtb	r4, r4
2000041e:	2c20      	cmp	r4, #32
20000420:	d015      	beq.n	2000044e <hw_handle_buff_status+0x5e>
20000422:	423e      	tst	r6, r7
20000424:	d0f8      	beq.n	20000418 <hw_handle_buff_status+0x28>
20000426:	464b      	mov	r3, r9
20000428:	659e      	str	r6, [r3, #88]	; 0x58
2000042a:	4643      	mov	r3, r8
2000042c:	0865      	lsrs	r5, r4, #1
2000042e:	006d      	lsls	r5, r5, #1
20000430:	43a3      	bics	r3, r4
20000432:	18ed      	adds	r5, r5, r3
20000434:	016d      	lsls	r5, r5, #5
20000436:	4455      	add	r5, sl
20000438:	0028      	movs	r0, r5
2000043a:	f000 fbbb 	bl	20000bb4 <hw_endpoint_xfer_continue>
2000043e:	2800      	cmp	r0, #0
20000440:	d10c      	bne.n	2000045c <hw_handle_buff_status+0x6c>
20000442:	3401      	adds	r4, #1
20000444:	43b7      	bics	r7, r6
20000446:	b2e4      	uxtb	r4, r4
20000448:	0076      	lsls	r6, r6, #1
2000044a:	2f00      	cmp	r7, #0
2000044c:	d1e7      	bne.n	2000041e <hw_handle_buff_status+0x2e>
2000044e:	b007      	add	sp, #28
20000450:	bcf0      	pop	{r4, r5, r6, r7}
20000452:	46bb      	mov	fp, r7
20000454:	46b2      	mov	sl, r6
20000456:	46a9      	mov	r9, r5
20000458:	46a0      	mov	r8, r4
2000045a:	bdf0      	pop	{r4, r5, r6, r7, pc}
2000045c:	78ab      	ldrb	r3, [r5, #2]
2000045e:	a802      	add	r0, sp, #8
20000460:	469b      	mov	fp, r3
20000462:	8aeb      	ldrh	r3, [r5, #22]
20000464:	2206      	movs	r2, #6
20000466:	2100      	movs	r1, #0
20000468:	3006      	adds	r0, #6
2000046a:	9301      	str	r3, [sp, #4]
2000046c:	f000 fcc4 	bl	20000df8 <____wrap_memset_veneer>
20000470:	23e0      	movs	r3, #224	; 0xe0
20000472:	4659      	mov	r1, fp
20000474:	aa02      	add	r2, sp, #8
20000476:	00db      	lsls	r3, r3, #3
20000478:	8093      	strh	r3, [r2, #4]
2000047a:	9b01      	ldr	r3, [sp, #4]
2000047c:	7211      	strb	r1, [r2, #8]
2000047e:	a803      	add	r0, sp, #12
20000480:	2101      	movs	r1, #1
20000482:	9305      	str	r3, [sp, #20]
20000484:	f000 fbbe 	bl	20000c04 <dcd_event_handler>
20000488:	0028      	movs	r0, r5
2000048a:	f000 fb2b 	bl	20000ae4 <hw_endpoint_reset_transfer>
2000048e:	e7d8      	b.n	20000442 <hw_handle_buff_status+0x52>
20000490:	50110000 	.word	0x50110000
20000494:	50113000 	.word	0x50113000
20000498:	20002168 	.word	0x20002168

2000049c <dcd_rp2040_irq>:
2000049c:	2398      	movs	r3, #152	; 0x98
2000049e:	4ac8      	ldr	r2, [pc, #800]	; (200007c0 <dcd_rp2040_irq+0x324>)
200004a0:	b5f0      	push	{r4, r5, r6, r7, lr}
200004a2:	58d5      	ldr	r5, [r2, r3]
200004a4:	2380      	movs	r3, #128	; 0x80
200004a6:	002c      	movs	r4, r5
200004a8:	029b      	lsls	r3, r3, #10
200004aa:	2610      	movs	r6, #16
200004ac:	b085      	sub	sp, #20
200004ae:	401c      	ands	r4, r3
200004b0:	421d      	tst	r5, r3
200004b2:	d07a      	beq.n	200005aa <dcd_rp2040_irq+0x10e>
200004b4:	4bc3      	ldr	r3, [pc, #780]	; (200007c4 <dcd_rp2040_irq+0x328>)
200004b6:	4cc4      	ldr	r4, [pc, #784]	; (200007c8 <dcd_rp2040_irq+0x32c>)
200004b8:	6a9a      	ldr	r2, [r3, #40]	; 0x28
200004ba:	4bc4      	ldr	r3, [pc, #784]	; (200007cc <dcd_rp2040_irq+0x330>)
200004bc:	2600      	movs	r6, #0
200004be:	601a      	str	r2, [r3, #0]
200004c0:	233b      	movs	r3, #59	; 0x3b
200004c2:	5ce3      	ldrb	r3, [r4, r3]
200004c4:	2b02      	cmp	r3, #2
200004c6:	d100      	bne.n	200004ca <dcd_rp2040_irq+0x2e>
200004c8:	e0df      	b.n	2000068a <dcd_rp2040_irq+0x1ee>
200004ca:	237b      	movs	r3, #123	; 0x7b
200004cc:	5ce3      	ldrb	r3, [r4, r3]
200004ce:	2b02      	cmp	r3, #2
200004d0:	d100      	bne.n	200004d4 <dcd_rp2040_irq+0x38>
200004d2:	e1b9      	b.n	20000848 <dcd_rp2040_irq+0x3ac>
200004d4:	23bb      	movs	r3, #187	; 0xbb
200004d6:	5ce3      	ldrb	r3, [r4, r3]
200004d8:	2b02      	cmp	r3, #2
200004da:	d100      	bne.n	200004de <dcd_rp2040_irq+0x42>
200004dc:	e1a9      	b.n	20000832 <dcd_rp2040_irq+0x396>
200004de:	23fb      	movs	r3, #251	; 0xfb
200004e0:	5ce3      	ldrb	r3, [r4, r3]
200004e2:	2b02      	cmp	r3, #2
200004e4:	d100      	bne.n	200004e8 <dcd_rp2040_irq+0x4c>
200004e6:	e199      	b.n	2000081c <dcd_rp2040_irq+0x380>
200004e8:	233c      	movs	r3, #60	; 0x3c
200004ea:	33ff      	adds	r3, #255	; 0xff
200004ec:	5ce3      	ldrb	r3, [r4, r3]
200004ee:	2b02      	cmp	r3, #2
200004f0:	d100      	bne.n	200004f4 <dcd_rp2040_irq+0x58>
200004f2:	e158      	b.n	200007a6 <dcd_rp2040_irq+0x30a>
200004f4:	237c      	movs	r3, #124	; 0x7c
200004f6:	33ff      	adds	r3, #255	; 0xff
200004f8:	5ce3      	ldrb	r3, [r4, r3]
200004fa:	2b02      	cmp	r3, #2
200004fc:	d100      	bne.n	20000500 <dcd_rp2040_irq+0x64>
200004fe:	e145      	b.n	2000078c <dcd_rp2040_irq+0x2f0>
20000500:	23bc      	movs	r3, #188	; 0xbc
20000502:	33ff      	adds	r3, #255	; 0xff
20000504:	5ce3      	ldrb	r3, [r4, r3]
20000506:	2b02      	cmp	r3, #2
20000508:	d100      	bne.n	2000050c <dcd_rp2040_irq+0x70>
2000050a:	e132      	b.n	20000772 <dcd_rp2040_irq+0x2d6>
2000050c:	23fc      	movs	r3, #252	; 0xfc
2000050e:	33ff      	adds	r3, #255	; 0xff
20000510:	5ce3      	ldrb	r3, [r4, r3]
20000512:	2b02      	cmp	r3, #2
20000514:	d100      	bne.n	20000518 <dcd_rp2040_irq+0x7c>
20000516:	e11f      	b.n	20000758 <dcd_rp2040_irq+0x2bc>
20000518:	4bad      	ldr	r3, [pc, #692]	; (200007d0 <dcd_rp2040_irq+0x334>)
2000051a:	5ce3      	ldrb	r3, [r4, r3]
2000051c:	2b02      	cmp	r3, #2
2000051e:	d100      	bne.n	20000522 <dcd_rp2040_irq+0x86>
20000520:	e10e      	b.n	20000740 <dcd_rp2040_irq+0x2a4>
20000522:	4bac      	ldr	r3, [pc, #688]	; (200007d4 <dcd_rp2040_irq+0x338>)
20000524:	5ce3      	ldrb	r3, [r4, r3]
20000526:	2b02      	cmp	r3, #2
20000528:	d100      	bne.n	2000052c <dcd_rp2040_irq+0x90>
2000052a:	e0fd      	b.n	20000728 <dcd_rp2040_irq+0x28c>
2000052c:	4baa      	ldr	r3, [pc, #680]	; (200007d8 <dcd_rp2040_irq+0x33c>)
2000052e:	5ce3      	ldrb	r3, [r4, r3]
20000530:	2b02      	cmp	r3, #2
20000532:	d100      	bne.n	20000536 <dcd_rp2040_irq+0x9a>
20000534:	e0ec      	b.n	20000710 <dcd_rp2040_irq+0x274>
20000536:	4ba9      	ldr	r3, [pc, #676]	; (200007dc <dcd_rp2040_irq+0x340>)
20000538:	5ce3      	ldrb	r3, [r4, r3]
2000053a:	2b02      	cmp	r3, #2
2000053c:	d100      	bne.n	20000540 <dcd_rp2040_irq+0xa4>
2000053e:	e0db      	b.n	200006f8 <dcd_rp2040_irq+0x25c>
20000540:	4ba7      	ldr	r3, [pc, #668]	; (200007e0 <dcd_rp2040_irq+0x344>)
20000542:	5ce3      	ldrb	r3, [r4, r3]
20000544:	2b02      	cmp	r3, #2
20000546:	d100      	bne.n	2000054a <dcd_rp2040_irq+0xae>
20000548:	e0ca      	b.n	200006e0 <dcd_rp2040_irq+0x244>
2000054a:	4ba6      	ldr	r3, [pc, #664]	; (200007e4 <dcd_rp2040_irq+0x348>)
2000054c:	5ce3      	ldrb	r3, [r4, r3]
2000054e:	2b02      	cmp	r3, #2
20000550:	d100      	bne.n	20000554 <dcd_rp2040_irq+0xb8>
20000552:	e0ab      	b.n	200006ac <dcd_rp2040_irq+0x210>
20000554:	4ba4      	ldr	r3, [pc, #656]	; (200007e8 <dcd_rp2040_irq+0x34c>)
20000556:	5ce3      	ldrb	r3, [r4, r3]
20000558:	2b02      	cmp	r3, #2
2000055a:	d100      	bne.n	2000055e <dcd_rp2040_irq+0xc2>
2000055c:	e17f      	b.n	2000085e <dcd_rp2040_irq+0x3c2>
2000055e:	4ba3      	ldr	r3, [pc, #652]	; (200007ec <dcd_rp2040_irq+0x350>)
20000560:	5ce3      	ldrb	r3, [r4, r3]
20000562:	2b02      	cmp	r3, #2
20000564:	d100      	bne.n	20000568 <dcd_rp2040_irq+0xcc>
20000566:	e196      	b.n	20000896 <dcd_rp2040_irq+0x3fa>
20000568:	2e00      	cmp	r6, #0
2000056a:	d108      	bne.n	2000057e <dcd_rp2040_irq+0xe2>
2000056c:	4ba0      	ldr	r3, [pc, #640]	; (200007f0 <dcd_rp2040_irq+0x354>)
2000056e:	781b      	ldrb	r3, [r3, #0]
20000570:	2b00      	cmp	r3, #0
20000572:	d104      	bne.n	2000057e <dcd_rp2040_irq+0xe2>
20000574:	2180      	movs	r1, #128	; 0x80
20000576:	4a9f      	ldr	r2, [pc, #636]	; (200007f4 <dcd_rp2040_irq+0x358>)
20000578:	3390      	adds	r3, #144	; 0x90
2000057a:	0289      	lsls	r1, r1, #10
2000057c:	50d1      	str	r1, [r2, r3]
2000057e:	4b90      	ldr	r3, [pc, #576]	; (200007c0 <dcd_rp2040_irq+0x324>)
20000580:	220a      	movs	r2, #10
20000582:	6c9c      	ldr	r4, [r3, #72]	; 0x48
20000584:	466b      	mov	r3, sp
20000586:	2100      	movs	r1, #0
20000588:	1d98      	adds	r0, r3, #6
2000058a:	f000 fc35 	bl	20000df8 <____wrap_memset_veneer>
2000058e:	23c0      	movs	r3, #192	; 0xc0
20000590:	0564      	lsls	r4, r4, #21
20000592:	ae01      	add	r6, sp, #4
20000594:	009b      	lsls	r3, r3, #2
20000596:	0d64      	lsrs	r4, r4, #21
20000598:	8033      	strh	r3, [r6, #0]
2000059a:	0030      	movs	r0, r6
2000059c:	9402      	str	r4, [sp, #8]
2000059e:	2101      	movs	r1, #1
200005a0:	2480      	movs	r4, #128	; 0x80
200005a2:	f000 fb2f 	bl	20000c04 <dcd_event_handler>
200005a6:	4e94      	ldr	r6, [pc, #592]	; (200007f8 <dcd_rp2040_irq+0x35c>)
200005a8:	02a4      	lsls	r4, r4, #10
200005aa:	06eb      	lsls	r3, r5, #27
200005ac:	d469      	bmi.n	20000682 <dcd_rp2040_irq+0x1e6>
200005ae:	2380      	movs	r3, #128	; 0x80
200005b0:	025b      	lsls	r3, r3, #9
200005b2:	421d      	tst	r5, r3
200005b4:	d014      	beq.n	200005e0 <dcd_rp2040_irq+0x144>
200005b6:	2201      	movs	r2, #1
200005b8:	2123      	movs	r1, #35	; 0x23
200005ba:	431c      	orrs	r4, r3
200005bc:	4b82      	ldr	r3, [pc, #520]	; (200007c8 <dcd_rp2040_irq+0x32c>)
200005be:	545a      	strb	r2, [r3, r1]
200005c0:	70da      	strb	r2, [r3, #3]
200005c2:	23c0      	movs	r3, #192	; 0xc0
200005c4:	4a8d      	ldr	r2, [pc, #564]	; (200007fc <dcd_rp2040_irq+0x360>)
200005c6:	00db      	lsls	r3, r3, #3
200005c8:	9301      	str	r3, [sp, #4]
200005ca:	ab02      	add	r3, sp, #8
200005cc:	ca03      	ldmia	r2!, {r0, r1}
200005ce:	c303      	stmia	r3!, {r0, r1}
200005d0:	2101      	movs	r1, #1
200005d2:	a801      	add	r0, sp, #4
200005d4:	f000 fb16 	bl	20000c04 <dcd_event_handler>
200005d8:	2280      	movs	r2, #128	; 0x80
200005da:	4b86      	ldr	r3, [pc, #536]	; (200007f4 <dcd_rp2040_irq+0x358>)
200005dc:	0292      	lsls	r2, r2, #10
200005de:	651a      	str	r2, [r3, #80]	; 0x50
200005e0:	2380      	movs	r3, #128	; 0x80
200005e2:	015b      	lsls	r3, r3, #5
200005e4:	421d      	tst	r5, r3
200005e6:	d133      	bne.n	20000650 <dcd_rp2040_irq+0x1b4>
200005e8:	2380      	movs	r3, #128	; 0x80
200005ea:	01db      	lsls	r3, r3, #7
200005ec:	421d      	tst	r5, r3
200005ee:	d11c      	bne.n	2000062a <dcd_rp2040_irq+0x18e>
200005f0:	2380      	movs	r3, #128	; 0x80
200005f2:	021b      	lsls	r3, r3, #8
200005f4:	421d      	tst	r5, r3
200005f6:	d104      	bne.n	20000602 <dcd_rp2040_irq+0x166>
200005f8:	42ac      	cmp	r4, r5
200005fa:	d000      	beq.n	200005fe <dcd_rp2040_irq+0x162>
200005fc:	e1c8      	b.n	20000990 <dcd_rp2040_irq+0x4f4>
200005fe:	b005      	add	sp, #20
20000600:	bdf0      	pop	{r4, r5, r6, r7, pc}
20000602:	431c      	orrs	r4, r3
20000604:	466b      	mov	r3, sp
20000606:	220a      	movs	r2, #10
20000608:	2100      	movs	r1, #0
2000060a:	1d98      	adds	r0, r3, #6
2000060c:	f000 fbf4 	bl	20000df8 <____wrap_memset_veneer>
20000610:	23a0      	movs	r3, #160	; 0xa0
20000612:	ae01      	add	r6, sp, #4
20000614:	00db      	lsls	r3, r3, #3
20000616:	8033      	strh	r3, [r6, #0]
20000618:	2101      	movs	r1, #1
2000061a:	0030      	movs	r0, r6
2000061c:	f000 faf2 	bl	20000c04 <dcd_event_handler>
20000620:	2280      	movs	r2, #128	; 0x80
20000622:	4b74      	ldr	r3, [pc, #464]	; (200007f4 <dcd_rp2040_irq+0x358>)
20000624:	0112      	lsls	r2, r2, #4
20000626:	651a      	str	r2, [r3, #80]	; 0x50
20000628:	e7e6      	b.n	200005f8 <dcd_rp2040_irq+0x15c>
2000062a:	431c      	orrs	r4, r3
2000062c:	466b      	mov	r3, sp
2000062e:	220a      	movs	r2, #10
20000630:	2100      	movs	r1, #0
20000632:	1d98      	adds	r0, r3, #6
20000634:	f000 fbe0 	bl	20000df8 <____wrap_memset_veneer>
20000638:	2380      	movs	r3, #128	; 0x80
2000063a:	ae01      	add	r6, sp, #4
2000063c:	00db      	lsls	r3, r3, #3
2000063e:	8033      	strh	r3, [r6, #0]
20000640:	2101      	movs	r1, #1
20000642:	0030      	movs	r0, r6
20000644:	f000 fade 	bl	20000c04 <dcd_event_handler>
20000648:	2210      	movs	r2, #16
2000064a:	4b6a      	ldr	r3, [pc, #424]	; (200007f4 <dcd_rp2040_irq+0x358>)
2000064c:	651a      	str	r2, [r3, #80]	; 0x50
2000064e:	e7cf      	b.n	200005f0 <dcd_rp2040_irq+0x154>
20000650:	2200      	movs	r2, #0
20000652:	431c      	orrs	r4, r3
20000654:	4b5a      	ldr	r3, [pc, #360]	; (200007c0 <dcd_rp2040_irq+0x324>)
20000656:	ae01      	add	r6, sp, #4
20000658:	601a      	str	r2, [r3, #0]
2000065a:	f7ff fe95 	bl	20000388 <reset_non_control_endpoints>
2000065e:	466b      	mov	r3, sp
20000660:	220a      	movs	r2, #10
20000662:	2100      	movs	r1, #0
20000664:	1d98      	adds	r0, r3, #6
20000666:	f000 fbc7 	bl	20000df8 <____wrap_memset_veneer>
2000066a:	2380      	movs	r3, #128	; 0x80
2000066c:	005b      	lsls	r3, r3, #1
2000066e:	8033      	strh	r3, [r6, #0]
20000670:	2101      	movs	r1, #1
20000672:	0030      	movs	r0, r6
20000674:	f000 fac6 	bl	20000c04 <dcd_event_handler>
20000678:	2280      	movs	r2, #128	; 0x80
2000067a:	4b5e      	ldr	r3, [pc, #376]	; (200007f4 <dcd_rp2040_irq+0x358>)
2000067c:	0312      	lsls	r2, r2, #12
2000067e:	651a      	str	r2, [r3, #80]	; 0x50
20000680:	e7b2      	b.n	200005e8 <dcd_rp2040_irq+0x14c>
20000682:	f7ff feb5 	bl	200003f0 <hw_handle_buff_status>
20000686:	0034      	movs	r4, r6
20000688:	e791      	b.n	200005ae <dcd_rp2040_irq+0x112>
2000068a:	3338      	adds	r3, #56	; 0x38
2000068c:	5ce6      	ldrb	r6, [r4, r3]
2000068e:	2e00      	cmp	r6, #0
20000690:	d100      	bne.n	20000694 <dcd_rp2040_irq+0x1f8>
20000692:	e71a      	b.n	200004ca <dcd_rp2040_irq+0x2e>
20000694:	3302      	adds	r3, #2
20000696:	5ce2      	ldrb	r2, [r4, r3]
20000698:	2a00      	cmp	r2, #0
2000069a:	d100      	bne.n	2000069e <dcd_rp2040_irq+0x202>
2000069c:	e715      	b.n	200004ca <dcd_rp2040_irq+0x2e>
2000069e:	0020      	movs	r0, r4
200006a0:	2200      	movs	r2, #0
200006a2:	3020      	adds	r0, #32
200006a4:	54e2      	strb	r2, [r4, r3]
200006a6:	f000 fa4f 	bl	20000b48 <hw_endpoint_start_next_buffer>
200006aa:	e70e      	b.n	200004ca <dcd_rp2040_irq+0x2e>
200006ac:	4b54      	ldr	r3, [pc, #336]	; (20000800 <dcd_rp2040_irq+0x364>)
200006ae:	5ce7      	ldrb	r7, [r4, r3]
200006b0:	2f00      	cmp	r7, #0
200006b2:	d100      	bne.n	200006b6 <dcd_rp2040_irq+0x21a>
200006b4:	e74e      	b.n	20000554 <dcd_rp2040_irq+0xb8>
200006b6:	3302      	adds	r3, #2
200006b8:	5ce2      	ldrb	r2, [r4, r3]
200006ba:	2a00      	cmp	r2, #0
200006bc:	d000      	beq.n	200006c0 <dcd_rp2040_irq+0x224>
200006be:	e160      	b.n	20000982 <dcd_rp2040_irq+0x4e6>
200006c0:	4b49      	ldr	r3, [pc, #292]	; (200007e8 <dcd_rp2040_irq+0x34c>)
200006c2:	5ce3      	ldrb	r3, [r4, r3]
200006c4:	2b02      	cmp	r3, #2
200006c6:	d100      	bne.n	200006ca <dcd_rp2040_irq+0x22e>
200006c8:	e0db      	b.n	20000882 <dcd_rp2040_irq+0x3e6>
200006ca:	4b48      	ldr	r3, [pc, #288]	; (200007ec <dcd_rp2040_irq+0x350>)
200006cc:	5ce3      	ldrb	r3, [r4, r3]
200006ce:	2b02      	cmp	r3, #2
200006d0:	d000      	beq.n	200006d4 <dcd_rp2040_irq+0x238>
200006d2:	e754      	b.n	2000057e <dcd_rp2040_irq+0xe2>
200006d4:	4b4b      	ldr	r3, [pc, #300]	; (20000804 <dcd_rp2040_irq+0x368>)
200006d6:	5ce3      	ldrb	r3, [r4, r3]
200006d8:	2b00      	cmp	r3, #0
200006da:	d000      	beq.n	200006de <dcd_rp2040_irq+0x242>
200006dc:	e0e0      	b.n	200008a0 <dcd_rp2040_irq+0x404>
200006de:	e74e      	b.n	2000057e <dcd_rp2040_irq+0xe2>
200006e0:	4b49      	ldr	r3, [pc, #292]	; (20000808 <dcd_rp2040_irq+0x36c>)
200006e2:	5ce7      	ldrb	r7, [r4, r3]
200006e4:	2f00      	cmp	r7, #0
200006e6:	d100      	bne.n	200006ea <dcd_rp2040_irq+0x24e>
200006e8:	e72f      	b.n	2000054a <dcd_rp2040_irq+0xae>
200006ea:	3302      	adds	r3, #2
200006ec:	5ce2      	ldrb	r2, [r4, r3]
200006ee:	2a00      	cmp	r2, #0
200006f0:	d000      	beq.n	200006f4 <dcd_rp2040_irq+0x258>
200006f2:	e13e      	b.n	20000972 <dcd_rp2040_irq+0x4d6>
200006f4:	003e      	movs	r6, r7
200006f6:	e728      	b.n	2000054a <dcd_rp2040_irq+0xae>
200006f8:	4b44      	ldr	r3, [pc, #272]	; (2000080c <dcd_rp2040_irq+0x370>)
200006fa:	5ce7      	ldrb	r7, [r4, r3]
200006fc:	2f00      	cmp	r7, #0
200006fe:	d100      	bne.n	20000702 <dcd_rp2040_irq+0x266>
20000700:	e71e      	b.n	20000540 <dcd_rp2040_irq+0xa4>
20000702:	3302      	adds	r3, #2
20000704:	5ce2      	ldrb	r2, [r4, r3]
20000706:	2a00      	cmp	r2, #0
20000708:	d000      	beq.n	2000070c <dcd_rp2040_irq+0x270>
2000070a:	e12a      	b.n	20000962 <dcd_rp2040_irq+0x4c6>
2000070c:	003e      	movs	r6, r7
2000070e:	e717      	b.n	20000540 <dcd_rp2040_irq+0xa4>
20000710:	4b3f      	ldr	r3, [pc, #252]	; (20000810 <dcd_rp2040_irq+0x374>)
20000712:	5ce7      	ldrb	r7, [r4, r3]
20000714:	2f00      	cmp	r7, #0
20000716:	d100      	bne.n	2000071a <dcd_rp2040_irq+0x27e>
20000718:	e70d      	b.n	20000536 <dcd_rp2040_irq+0x9a>
2000071a:	3302      	adds	r3, #2
2000071c:	5ce2      	ldrb	r2, [r4, r3]
2000071e:	2a00      	cmp	r2, #0
20000720:	d000      	beq.n	20000724 <dcd_rp2040_irq+0x288>
20000722:	e116      	b.n	20000952 <dcd_rp2040_irq+0x4b6>
20000724:	003e      	movs	r6, r7
20000726:	e706      	b.n	20000536 <dcd_rp2040_irq+0x9a>
20000728:	4b3a      	ldr	r3, [pc, #232]	; (20000814 <dcd_rp2040_irq+0x378>)
2000072a:	5ce7      	ldrb	r7, [r4, r3]
2000072c:	2f00      	cmp	r7, #0
2000072e:	d100      	bne.n	20000732 <dcd_rp2040_irq+0x296>
20000730:	e6fc      	b.n	2000052c <dcd_rp2040_irq+0x90>
20000732:	3302      	adds	r3, #2
20000734:	5ce2      	ldrb	r2, [r4, r3]
20000736:	2a00      	cmp	r2, #0
20000738:	d000      	beq.n	2000073c <dcd_rp2040_irq+0x2a0>
2000073a:	e102      	b.n	20000942 <dcd_rp2040_irq+0x4a6>
2000073c:	003e      	movs	r6, r7
2000073e:	e6f5      	b.n	2000052c <dcd_rp2040_irq+0x90>
20000740:	4b35      	ldr	r3, [pc, #212]	; (20000818 <dcd_rp2040_irq+0x37c>)
20000742:	5ce7      	ldrb	r7, [r4, r3]
20000744:	2f00      	cmp	r7, #0
20000746:	d100      	bne.n	2000074a <dcd_rp2040_irq+0x2ae>
20000748:	e6eb      	b.n	20000522 <dcd_rp2040_irq+0x86>
2000074a:	3302      	adds	r3, #2
2000074c:	5ce2      	ldrb	r2, [r4, r3]
2000074e:	2a00      	cmp	r2, #0
20000750:	d000      	beq.n	20000754 <dcd_rp2040_irq+0x2b8>
20000752:	e0ee      	b.n	20000932 <dcd_rp2040_irq+0x496>
20000754:	003e      	movs	r6, r7
20000756:	e6e4      	b.n	20000522 <dcd_rp2040_irq+0x86>
20000758:	33f9      	adds	r3, #249	; 0xf9
2000075a:	33ff      	adds	r3, #255	; 0xff
2000075c:	5ce7      	ldrb	r7, [r4, r3]
2000075e:	2f00      	cmp	r7, #0
20000760:	d100      	bne.n	20000764 <dcd_rp2040_irq+0x2c8>
20000762:	e6d9      	b.n	20000518 <dcd_rp2040_irq+0x7c>
20000764:	3302      	adds	r3, #2
20000766:	5ce2      	ldrb	r2, [r4, r3]
20000768:	2a00      	cmp	r2, #0
2000076a:	d000      	beq.n	2000076e <dcd_rp2040_irq+0x2d2>
2000076c:	e0d8      	b.n	20000920 <dcd_rp2040_irq+0x484>
2000076e:	003e      	movs	r6, r7
20000770:	e6d2      	b.n	20000518 <dcd_rp2040_irq+0x7c>
20000772:	33b9      	adds	r3, #185	; 0xb9
20000774:	33ff      	adds	r3, #255	; 0xff
20000776:	5ce7      	ldrb	r7, [r4, r3]
20000778:	2f00      	cmp	r7, #0
2000077a:	d100      	bne.n	2000077e <dcd_rp2040_irq+0x2e2>
2000077c:	e6c6      	b.n	2000050c <dcd_rp2040_irq+0x70>
2000077e:	3302      	adds	r3, #2
20000780:	5ce2      	ldrb	r2, [r4, r3]
20000782:	2a00      	cmp	r2, #0
20000784:	d000      	beq.n	20000788 <dcd_rp2040_irq+0x2ec>
20000786:	e0c2      	b.n	2000090e <dcd_rp2040_irq+0x472>
20000788:	003e      	movs	r6, r7
2000078a:	e6bf      	b.n	2000050c <dcd_rp2040_irq+0x70>
2000078c:	3379      	adds	r3, #121	; 0x79
2000078e:	33ff      	adds	r3, #255	; 0xff
20000790:	5ce7      	ldrb	r7, [r4, r3]
20000792:	2f00      	cmp	r7, #0
20000794:	d100      	bne.n	20000798 <dcd_rp2040_irq+0x2fc>
20000796:	e6b3      	b.n	20000500 <dcd_rp2040_irq+0x64>
20000798:	3302      	adds	r3, #2
2000079a:	5ce2      	ldrb	r2, [r4, r3]
2000079c:	2a00      	cmp	r2, #0
2000079e:	d000      	beq.n	200007a2 <dcd_rp2040_irq+0x306>
200007a0:	e0ac      	b.n	200008fc <dcd_rp2040_irq+0x460>
200007a2:	003e      	movs	r6, r7
200007a4:	e6ac      	b.n	20000500 <dcd_rp2040_irq+0x64>
200007a6:	3339      	adds	r3, #57	; 0x39
200007a8:	33ff      	adds	r3, #255	; 0xff
200007aa:	5ce7      	ldrb	r7, [r4, r3]
200007ac:	2f00      	cmp	r7, #0
200007ae:	d100      	bne.n	200007b2 <dcd_rp2040_irq+0x316>
200007b0:	e6a0      	b.n	200004f4 <dcd_rp2040_irq+0x58>
200007b2:	3302      	adds	r3, #2
200007b4:	5ce2      	ldrb	r2, [r4, r3]
200007b6:	2a00      	cmp	r2, #0
200007b8:	d000      	beq.n	200007bc <dcd_rp2040_irq+0x320>
200007ba:	e096      	b.n	200008ea <dcd_rp2040_irq+0x44e>
200007bc:	003e      	movs	r6, r7
200007be:	e699      	b.n	200004f4 <dcd_rp2040_irq+0x58>
200007c0:	50110000 	.word	0x50110000
200007c4:	40054000 	.word	0x40054000
200007c8:	20002168 	.word	0x20002168
200007cc:	2000214c 	.word	0x2000214c
200007d0:	0000023b 	.word	0x0000023b
200007d4:	0000027b 	.word	0x0000027b
200007d8:	000002bb 	.word	0x000002bb
200007dc:	000002fb 	.word	0x000002fb
200007e0:	0000033b 	.word	0x0000033b
200007e4:	0000037b 	.word	0x0000037b
200007e8:	000003bb 	.word	0x000003bb
200007ec:	000003fb 	.word	0x000003fb
200007f0:	200025e8 	.word	0x200025e8
200007f4:	50113000 	.word	0x50113000
200007f8:	00020010 	.word	0x00020010
200007fc:	50100000 	.word	0x50100000
20000800:	0000037a 	.word	0x0000037a
20000804:	000003fa 	.word	0x000003fa
20000808:	0000033a 	.word	0x0000033a
2000080c:	000002fa 	.word	0x000002fa
20000810:	000002ba 	.word	0x000002ba
20000814:	0000027a 	.word	0x0000027a
20000818:	0000023a 	.word	0x0000023a
2000081c:	33f8      	adds	r3, #248	; 0xf8
2000081e:	5ce7      	ldrb	r7, [r4, r3]
20000820:	2f00      	cmp	r7, #0
20000822:	d100      	bne.n	20000826 <dcd_rp2040_irq+0x38a>
20000824:	e660      	b.n	200004e8 <dcd_rp2040_irq+0x4c>
20000826:	3302      	adds	r3, #2
20000828:	5ce2      	ldrb	r2, [r4, r3]
2000082a:	2a00      	cmp	r2, #0
2000082c:	d155      	bne.n	200008da <dcd_rp2040_irq+0x43e>
2000082e:	003e      	movs	r6, r7
20000830:	e65a      	b.n	200004e8 <dcd_rp2040_irq+0x4c>
20000832:	33b8      	adds	r3, #184	; 0xb8
20000834:	5ce7      	ldrb	r7, [r4, r3]
20000836:	2f00      	cmp	r7, #0
20000838:	d100      	bne.n	2000083c <dcd_rp2040_irq+0x3a0>
2000083a:	e650      	b.n	200004de <dcd_rp2040_irq+0x42>
2000083c:	3302      	adds	r3, #2
2000083e:	5ce2      	ldrb	r2, [r4, r3]
20000840:	2a00      	cmp	r2, #0
20000842:	d142      	bne.n	200008ca <dcd_rp2040_irq+0x42e>
20000844:	003e      	movs	r6, r7
20000846:	e64a      	b.n	200004de <dcd_rp2040_irq+0x42>
20000848:	3378      	adds	r3, #120	; 0x78
2000084a:	5ce7      	ldrb	r7, [r4, r3]
2000084c:	2f00      	cmp	r7, #0
2000084e:	d100      	bne.n	20000852 <dcd_rp2040_irq+0x3b6>
20000850:	e640      	b.n	200004d4 <dcd_rp2040_irq+0x38>
20000852:	3302      	adds	r3, #2
20000854:	5ce2      	ldrb	r2, [r4, r3]
20000856:	2a00      	cmp	r2, #0
20000858:	d12f      	bne.n	200008ba <dcd_rp2040_irq+0x41e>
2000085a:	003e      	movs	r6, r7
2000085c:	e63a      	b.n	200004d4 <dcd_rp2040_irq+0x38>
2000085e:	4b4f      	ldr	r3, [pc, #316]	; (2000099c <dcd_rp2040_irq+0x500>)
20000860:	5ce3      	ldrb	r3, [r4, r3]
20000862:	2b00      	cmp	r3, #0
20000864:	d100      	bne.n	20000868 <dcd_rp2040_irq+0x3cc>
20000866:	e67a      	b.n	2000055e <dcd_rp2040_irq+0xc2>
20000868:	23ef      	movs	r3, #239	; 0xef
2000086a:	009b      	lsls	r3, r3, #2
2000086c:	5ce2      	ldrb	r2, [r4, r3]
2000086e:	2a00      	cmp	r2, #0
20000870:	d100      	bne.n	20000874 <dcd_rp2040_irq+0x3d8>
20000872:	e72a      	b.n	200006ca <dcd_rp2040_irq+0x22e>
20000874:	2200      	movs	r2, #0
20000876:	54e2      	strb	r2, [r4, r3]
20000878:	3b1c      	subs	r3, #28
2000087a:	18e0      	adds	r0, r4, r3
2000087c:	f000 f964 	bl	20000b48 <hw_endpoint_start_next_buffer>
20000880:	e723      	b.n	200006ca <dcd_rp2040_irq+0x22e>
20000882:	4b46      	ldr	r3, [pc, #280]	; (2000099c <dcd_rp2040_irq+0x500>)
20000884:	5ce3      	ldrb	r3, [r4, r3]
20000886:	2b00      	cmp	r3, #0
20000888:	d1ee      	bne.n	20000868 <dcd_rp2040_irq+0x3cc>
2000088a:	4b45      	ldr	r3, [pc, #276]	; (200009a0 <dcd_rp2040_irq+0x504>)
2000088c:	5ce3      	ldrb	r3, [r4, r3]
2000088e:	2b02      	cmp	r3, #2
20000890:	d000      	beq.n	20000894 <dcd_rp2040_irq+0x3f8>
20000892:	e674      	b.n	2000057e <dcd_rp2040_irq+0xe2>
20000894:	003e      	movs	r6, r7
20000896:	4b43      	ldr	r3, [pc, #268]	; (200009a4 <dcd_rp2040_irq+0x508>)
20000898:	5ce3      	ldrb	r3, [r4, r3]
2000089a:	2b00      	cmp	r3, #0
2000089c:	d100      	bne.n	200008a0 <dcd_rp2040_irq+0x404>
2000089e:	e663      	b.n	20000568 <dcd_rp2040_irq+0xcc>
200008a0:	23ff      	movs	r3, #255	; 0xff
200008a2:	009b      	lsls	r3, r3, #2
200008a4:	5ce2      	ldrb	r2, [r4, r3]
200008a6:	2a00      	cmp	r2, #0
200008a8:	d100      	bne.n	200008ac <dcd_rp2040_irq+0x410>
200008aa:	e668      	b.n	2000057e <dcd_rp2040_irq+0xe2>
200008ac:	2200      	movs	r2, #0
200008ae:	54e2      	strb	r2, [r4, r3]
200008b0:	3b1c      	subs	r3, #28
200008b2:	18e0      	adds	r0, r4, r3
200008b4:	f000 f948 	bl	20000b48 <hw_endpoint_start_next_buffer>
200008b8:	e661      	b.n	2000057e <dcd_rp2040_irq+0xe2>
200008ba:	0020      	movs	r0, r4
200008bc:	2200      	movs	r2, #0
200008be:	3060      	adds	r0, #96	; 0x60
200008c0:	54e2      	strb	r2, [r4, r3]
200008c2:	003e      	movs	r6, r7
200008c4:	f000 f940 	bl	20000b48 <hw_endpoint_start_next_buffer>
200008c8:	e604      	b.n	200004d4 <dcd_rp2040_irq+0x38>
200008ca:	0020      	movs	r0, r4
200008cc:	2200      	movs	r2, #0
200008ce:	30a0      	adds	r0, #160	; 0xa0
200008d0:	54e2      	strb	r2, [r4, r3]
200008d2:	003e      	movs	r6, r7
200008d4:	f000 f938 	bl	20000b48 <hw_endpoint_start_next_buffer>
200008d8:	e601      	b.n	200004de <dcd_rp2040_irq+0x42>
200008da:	0020      	movs	r0, r4
200008dc:	2200      	movs	r2, #0
200008de:	30e0      	adds	r0, #224	; 0xe0
200008e0:	54e2      	strb	r2, [r4, r3]
200008e2:	003e      	movs	r6, r7
200008e4:	f000 f930 	bl	20000b48 <hw_endpoint_start_next_buffer>
200008e8:	e5fe      	b.n	200004e8 <dcd_rp2040_irq+0x4c>
200008ea:	0020      	movs	r0, r4
200008ec:	2200      	movs	r2, #0
200008ee:	3021      	adds	r0, #33	; 0x21
200008f0:	30ff      	adds	r0, #255	; 0xff
200008f2:	54e2      	strb	r2, [r4, r3]
200008f4:	003e      	movs	r6, r7
200008f6:	f000 f927 	bl	20000b48 <hw_endpoint_start_next_buffer>
200008fa:	e5fb      	b.n	200004f4 <dcd_rp2040_irq+0x58>
200008fc:	0020      	movs	r0, r4
200008fe:	2200      	movs	r2, #0
20000900:	3061      	adds	r0, #97	; 0x61
20000902:	30ff      	adds	r0, #255	; 0xff
20000904:	54e2      	strb	r2, [r4, r3]
20000906:	003e      	movs	r6, r7
20000908:	f000 f91e 	bl	20000b48 <hw_endpoint_start_next_buffer>
2000090c:	e5f8      	b.n	20000500 <dcd_rp2040_irq+0x64>
2000090e:	0020      	movs	r0, r4
20000910:	2200      	movs	r2, #0
20000912:	30a1      	adds	r0, #161	; 0xa1
20000914:	30ff      	adds	r0, #255	; 0xff
20000916:	54e2      	strb	r2, [r4, r3]
20000918:	003e      	movs	r6, r7
2000091a:	f000 f915 	bl	20000b48 <hw_endpoint_start_next_buffer>
2000091e:	e5f5      	b.n	2000050c <dcd_rp2040_irq+0x70>
20000920:	0020      	movs	r0, r4
20000922:	2200      	movs	r2, #0
20000924:	30e1      	adds	r0, #225	; 0xe1
20000926:	30ff      	adds	r0, #255	; 0xff
20000928:	54e2      	strb	r2, [r4, r3]
2000092a:	003e      	movs	r6, r7
2000092c:	f000 f90c 	bl	20000b48 <hw_endpoint_start_next_buffer>
20000930:	e5f2      	b.n	20000518 <dcd_rp2040_irq+0x7c>
20000932:	2200      	movs	r2, #0
20000934:	54e2      	strb	r2, [r4, r3]
20000936:	3b1c      	subs	r3, #28
20000938:	18e0      	adds	r0, r4, r3
2000093a:	f000 f905 	bl	20000b48 <hw_endpoint_start_next_buffer>
2000093e:	003e      	movs	r6, r7
20000940:	e5ef      	b.n	20000522 <dcd_rp2040_irq+0x86>
20000942:	2200      	movs	r2, #0
20000944:	54e2      	strb	r2, [r4, r3]
20000946:	3b1c      	subs	r3, #28
20000948:	18e0      	adds	r0, r4, r3
2000094a:	f000 f8fd 	bl	20000b48 <hw_endpoint_start_next_buffer>
2000094e:	003e      	movs	r6, r7
20000950:	e5ec      	b.n	2000052c <dcd_rp2040_irq+0x90>
20000952:	2200      	movs	r2, #0
20000954:	54e2      	strb	r2, [r4, r3]
20000956:	3b1c      	subs	r3, #28
20000958:	18e0      	adds	r0, r4, r3
2000095a:	f000 f8f5 	bl	20000b48 <hw_endpoint_start_next_buffer>
2000095e:	003e      	movs	r6, r7
20000960:	e5e9      	b.n	20000536 <dcd_rp2040_irq+0x9a>
20000962:	2200      	movs	r2, #0
20000964:	54e2      	strb	r2, [r4, r3]
20000966:	3b1c      	subs	r3, #28
20000968:	18e0      	adds	r0, r4, r3
2000096a:	f000 f8ed 	bl	20000b48 <hw_endpoint_start_next_buffer>
2000096e:	003e      	movs	r6, r7
20000970:	e5e6      	b.n	20000540 <dcd_rp2040_irq+0xa4>
20000972:	2200      	movs	r2, #0
20000974:	54e2      	strb	r2, [r4, r3]
20000976:	3b1c      	subs	r3, #28
20000978:	18e0      	adds	r0, r4, r3
2000097a:	f000 f8e5 	bl	20000b48 <hw_endpoint_start_next_buffer>
2000097e:	003e      	movs	r6, r7
20000980:	e5e3      	b.n	2000054a <dcd_rp2040_irq+0xae>
20000982:	2200      	movs	r2, #0
20000984:	54e2      	strb	r2, [r4, r3]
20000986:	3b1c      	subs	r3, #28
20000988:	18e0      	adds	r0, r4, r3
2000098a:	f000 f8dd 	bl	20000b48 <hw_endpoint_start_next_buffer>
2000098e:	e697      	b.n	200006c0 <dcd_rp2040_irq+0x224>
20000990:	0021      	movs	r1, r4
20000992:	4805      	ldr	r0, [pc, #20]	; (200009a8 <dcd_rp2040_irq+0x50c>)
20000994:	4069      	eors	r1, r5
20000996:	f000 fa47 	bl	20000e28 <__panic_veneer>
2000099a:	46c0      	nop			; (mov r8, r8)
2000099c:	000003ba 	.word	0x000003ba
200009a0:	000003fb 	.word	0x000003fb
200009a4:	000003fa 	.word	0x000003fa
200009a8:	1000c128 	.word	0x1000c128

200009ac <e15_is_bulkin_ep>:
200009ac:	4a08      	ldr	r2, [pc, #32]	; (200009d0 <e15_is_bulkin_ep+0x24>)
200009ae:	0003      	movs	r3, r0
200009b0:	6c12      	ldr	r2, [r2, #64]	; 0x40
200009b2:	2000      	movs	r0, #0
200009b4:	0792      	lsls	r2, r2, #30
200009b6:	d403      	bmi.n	200009c0 <e15_is_bulkin_ep+0x14>
200009b8:	789a      	ldrb	r2, [r3, #2]
200009ba:	09d2      	lsrs	r2, r2, #7
200009bc:	2a01      	cmp	r2, #1
200009be:	d000      	beq.n	200009c2 <e15_is_bulkin_ep+0x16>
200009c0:	4770      	bx	lr
200009c2:	7ed8      	ldrb	r0, [r3, #27]
200009c4:	3802      	subs	r0, #2
200009c6:	4243      	negs	r3, r0
200009c8:	4158      	adcs	r0, r3
200009ca:	b2c0      	uxtb	r0, r0
200009cc:	e7f8      	b.n	200009c0 <e15_is_bulkin_ep+0x14>
200009ce:	46c0      	nop			; (mov r8, r8)
200009d0:	50110000 	.word	0x50110000

200009d4 <e15_is_critical_frame_period>:
200009d4:	b510      	push	{r4, lr}
200009d6:	f7ff ffe9 	bl	200009ac <e15_is_bulkin_ep>
200009da:	2800      	cmp	r0, #0
200009dc:	d00c      	beq.n	200009f8 <e15_is_critical_frame_period+0x24>
200009de:	4907      	ldr	r1, [pc, #28]	; (200009fc <e15_is_critical_frame_period+0x28>)
200009e0:	4b07      	ldr	r3, [pc, #28]	; (20000a00 <e15_is_critical_frame_period+0x2c>)
200009e2:	468c      	mov	ip, r1
200009e4:	4a07      	ldr	r2, [pc, #28]	; (20000a04 <e15_is_critical_frame_period+0x30>)
200009e6:	6a9b      	ldr	r3, [r3, #40]	; 0x28
200009e8:	6812      	ldr	r2, [r2, #0]
200009ea:	4463      	add	r3, ip
200009ec:	1a9b      	subs	r3, r3, r2
200009ee:	2000      	movs	r0, #0
200009f0:	22c6      	movs	r2, #198	; 0xc6
200009f2:	429a      	cmp	r2, r3
200009f4:	4140      	adcs	r0, r0
200009f6:	b2c0      	uxtb	r0, r0
200009f8:	bd10      	pop	{r4, pc}
200009fa:	46c0      	nop			; (mov r8, r8)
200009fc:	fffffce0 	.word	0xfffffce0
20000a00:	40054000 	.word	0x40054000
20000a04:	2000214c 	.word	0x2000214c

20000a08 <prepare_ep_buffer>:
20000a08:	b5f8      	push	{r3, r4, r5, r6, r7, lr}
20000a0a:	8b02      	ldrh	r2, [r0, #24]
20000a0c:	8a83      	ldrh	r3, [r0, #20]
20000a0e:	0004      	movs	r4, r0
20000a10:	000f      	movs	r7, r1
20000a12:	1c16      	adds	r6, r2, #0
20000a14:	429a      	cmp	r2, r3
20000a16:	d900      	bls.n	20000a1a <prepare_ep_buffer+0x12>
20000a18:	1c1e      	adds	r6, r3, #0
20000a1a:	78e2      	ldrb	r2, [r4, #3]
20000a1c:	2180      	movs	r1, #128	; 0x80
20000a1e:	0015      	movs	r5, r2
20000a20:	1e68      	subs	r0, r5, #1
20000a22:	4185      	sbcs	r5, r0
20000a24:	b2b6      	uxth	r6, r6
20000a26:	00c9      	lsls	r1, r1, #3
20000a28:	4331      	orrs	r1, r6
20000a2a:	036d      	lsls	r5, r5, #13
20000a2c:	430d      	orrs	r5, r1
20000a2e:	2101      	movs	r1, #1
20000a30:	404a      	eors	r2, r1
20000a32:	1b9b      	subs	r3, r3, r6
20000a34:	70e2      	strb	r2, [r4, #3]
20000a36:	7862      	ldrb	r2, [r4, #1]
20000a38:	b29b      	uxth	r3, r3
20000a3a:	82a3      	strh	r3, [r4, #20]
20000a3c:	2a00      	cmp	r2, #0
20000a3e:	d009      	beq.n	20000a54 <prepare_ep_buffer+0x4c>
20000a40:	2b00      	cmp	r3, #0
20000a42:	d102      	bne.n	20000a4a <prepare_ep_buffer+0x42>
20000a44:	2380      	movs	r3, #128	; 0x80
20000a46:	01db      	lsls	r3, r3, #7
20000a48:	431d      	orrs	r5, r3
20000a4a:	2f00      	cmp	r7, #0
20000a4c:	d000      	beq.n	20000a50 <prepare_ep_buffer+0x48>
20000a4e:	042d      	lsls	r5, r5, #16
20000a50:	0028      	movs	r0, r5
20000a52:	bdf8      	pop	{r3, r4, r5, r6, r7, pc}
20000a54:	68e0      	ldr	r0, [r4, #12]
20000a56:	01bb      	lsls	r3, r7, #6
20000a58:	18c0      	adds	r0, r0, r3
20000a5a:	0032      	movs	r2, r6
20000a5c:	6921      	ldr	r1, [r4, #16]
20000a5e:	f000 f9c3 	bl	20000de8 <____wrap_memcpy_veneer>
20000a62:	6923      	ldr	r3, [r4, #16]
20000a64:	199b      	adds	r3, r3, r6
20000a66:	6123      	str	r3, [r4, #16]
20000a68:	2380      	movs	r3, #128	; 0x80
20000a6a:	021b      	lsls	r3, r3, #8
20000a6c:	431d      	orrs	r5, r3
20000a6e:	8aa3      	ldrh	r3, [r4, #20]
20000a70:	e7e6      	b.n	20000a40 <prepare_ep_buffer+0x38>
20000a72:	46c0      	nop			; (mov r8, r8)

20000a74 <sync_ep_buffer>:
20000a74:	6883      	ldr	r3, [r0, #8]
20000a76:	b570      	push	{r4, r5, r6, lr}
20000a78:	0004      	movs	r4, r0
20000a7a:	681d      	ldr	r5, [r3, #0]
20000a7c:	2900      	cmp	r1, #0
20000a7e:	d000      	beq.n	20000a82 <sync_ep_buffer+0xe>
20000a80:	0c2d      	lsrs	r5, r5, #16
20000a82:	7863      	ldrb	r3, [r4, #1]
20000a84:	05ad      	lsls	r5, r5, #22
20000a86:	0dad      	lsrs	r5, r5, #22
20000a88:	2b00      	cmp	r3, #0
20000a8a:	d109      	bne.n	20000aa0 <sync_ep_buffer+0x2c>
20000a8c:	8ae3      	ldrh	r3, [r4, #22]
20000a8e:	18eb      	adds	r3, r5, r3
20000a90:	82e3      	strh	r3, [r4, #22]
20000a92:	8b23      	ldrh	r3, [r4, #24]
20000a94:	42ab      	cmp	r3, r5
20000a96:	d901      	bls.n	20000a9c <sync_ep_buffer+0x28>
20000a98:	2300      	movs	r3, #0
20000a9a:	82a3      	strh	r3, [r4, #20]
20000a9c:	0028      	movs	r0, r5
20000a9e:	bd70      	pop	{r4, r5, r6, pc}
20000aa0:	68e3      	ldr	r3, [r4, #12]
20000aa2:	0189      	lsls	r1, r1, #6
20000aa4:	1859      	adds	r1, r3, r1
20000aa6:	002a      	movs	r2, r5
20000aa8:	6920      	ldr	r0, [r4, #16]
20000aaa:	f000 f99d 	bl	20000de8 <____wrap_memcpy_veneer>
20000aae:	8ae3      	ldrh	r3, [r4, #22]
20000ab0:	18eb      	adds	r3, r5, r3
20000ab2:	82e3      	strh	r3, [r4, #22]
20000ab4:	6923      	ldr	r3, [r4, #16]
20000ab6:	195b      	adds	r3, r3, r5
20000ab8:	6123      	str	r3, [r4, #16]
20000aba:	e7ea      	b.n	20000a92 <sync_ep_buffer+0x1e>

20000abc <_hw_endpoint_xfer_sync>:
20000abc:	b510      	push	{r4, lr}
20000abe:	0004      	movs	r4, r0
20000ac0:	6883      	ldr	r3, [r0, #8]
20000ac2:	2100      	movs	r1, #0
20000ac4:	681b      	ldr	r3, [r3, #0]
20000ac6:	f7ff ffd5 	bl	20000a74 <sync_ep_buffer>
20000aca:	6863      	ldr	r3, [r4, #4]
20000acc:	681b      	ldr	r3, [r3, #0]
20000ace:	005b      	lsls	r3, r3, #1
20000ad0:	d502      	bpl.n	20000ad8 <_hw_endpoint_xfer_sync+0x1c>
20000ad2:	8b23      	ldrh	r3, [r4, #24]
20000ad4:	4283      	cmp	r3, r0
20000ad6:	d000      	beq.n	20000ada <_hw_endpoint_xfer_sync+0x1e>
20000ad8:	bd10      	pop	{r4, pc}
20000ada:	2101      	movs	r1, #1
20000adc:	0020      	movs	r0, r4
20000ade:	f7ff ffc9 	bl	20000a74 <sync_ep_buffer>
20000ae2:	e7f9      	b.n	20000ad8 <_hw_endpoint_xfer_sync+0x1c>

20000ae4 <hw_endpoint_reset_transfer>:
20000ae4:	2300      	movs	r3, #0
20000ae6:	7683      	strb	r3, [r0, #26]
20000ae8:	6143      	str	r3, [r0, #20]
20000aea:	6103      	str	r3, [r0, #16]
20000aec:	4770      	bx	lr
20000aee:	46c0      	nop			; (mov r8, r8)

20000af0 <_hw_endpoint_buffer_control_update32>:
20000af0:	b510      	push	{r4, lr}
20000af2:	6883      	ldr	r3, [r0, #8]
20000af4:	2900      	cmp	r1, #0
20000af6:	d001      	beq.n	20000afc <_hw_endpoint_buffer_control_update32+0xc>
20000af8:	681c      	ldr	r4, [r3, #0]
20000afa:	4021      	ands	r1, r4
20000afc:	2a00      	cmp	r2, #0
20000afe:	d011      	beq.n	20000b24 <_hw_endpoint_buffer_control_update32+0x34>
20000b00:	2480      	movs	r4, #128	; 0x80
20000b02:	00e4      	lsls	r4, r4, #3
20000b04:	4311      	orrs	r1, r2
20000b06:	4222      	tst	r2, r4
20000b08:	d00c      	beq.n	20000b24 <_hw_endpoint_buffer_control_update32+0x34>
20000b0a:	681a      	ldr	r2, [r3, #0]
20000b0c:	4222      	tst	r2, r4
20000b0e:	d10b      	bne.n	20000b28 <_hw_endpoint_buffer_control_update32+0x38>
20000b10:	4a0a      	ldr	r2, [pc, #40]	; (20000b3c <_hw_endpoint_buffer_control_update32+0x4c>)
20000b12:	400a      	ands	r2, r1
20000b14:	601a      	str	r2, [r3, #0]
20000b16:	e7ff      	b.n	20000b18 <_hw_endpoint_buffer_control_update32+0x28>
20000b18:	e7ff      	b.n	20000b1a <_hw_endpoint_buffer_control_update32+0x2a>
20000b1a:	e7ff      	b.n	20000b1c <_hw_endpoint_buffer_control_update32+0x2c>
20000b1c:	e7ff      	b.n	20000b1e <_hw_endpoint_buffer_control_update32+0x2e>
20000b1e:	e7ff      	b.n	20000b20 <_hw_endpoint_buffer_control_update32+0x30>
20000b20:	e7ff      	b.n	20000b22 <_hw_endpoint_buffer_control_update32+0x32>
20000b22:	6883      	ldr	r3, [r0, #8]
20000b24:	6019      	str	r1, [r3, #0]
20000b26:	bd10      	pop	{r4, pc}
20000b28:	7881      	ldrb	r1, [r0, #2]
20000b2a:	207f      	movs	r0, #127	; 0x7f
20000b2c:	09ca      	lsrs	r2, r1, #7
20000b2e:	4b04      	ldr	r3, [pc, #16]	; (20000b40 <_hw_endpoint_buffer_control_update32+0x50>)
20000b30:	0092      	lsls	r2, r2, #2
20000b32:	4001      	ands	r1, r0
20000b34:	58d2      	ldr	r2, [r2, r3]
20000b36:	4803      	ldr	r0, [pc, #12]	; (20000b44 <_hw_endpoint_buffer_control_update32+0x54>)
20000b38:	f000 f976 	bl	20000e28 <__panic_veneer>
20000b3c:	fffffbff 	.word	0xfffffbff
20000b40:	20000f00 	.word	0x20000f00
20000b44:	1000c13c 	.word	0x1000c13c

20000b48 <hw_endpoint_start_next_buffer>:
20000b48:	6843      	ldr	r3, [r0, #4]
20000b4a:	b570      	push	{r4, r5, r6, lr}
20000b4c:	2100      	movs	r1, #0
20000b4e:	2580      	movs	r5, #128	; 0x80
20000b50:	681e      	ldr	r6, [r3, #0]
20000b52:	0004      	movs	r4, r0
20000b54:	f7ff ff58 	bl	20000a08 <prepare_ep_buffer>
20000b58:	4b13      	ldr	r3, [pc, #76]	; (20000ba8 <hw_endpoint_start_next_buffer+0x60>)
20000b5a:	016d      	lsls	r5, r5, #5
20000b5c:	6c1b      	ldr	r3, [r3, #64]	; 0x40
20000b5e:	4305      	orrs	r5, r0
20000b60:	079b      	lsls	r3, r3, #30
20000b62:	d50f      	bpl.n	20000b84 <hw_endpoint_start_next_buffer+0x3c>
20000b64:	78a3      	ldrb	r3, [r4, #2]
20000b66:	065b      	lsls	r3, r3, #25
20000b68:	d00f      	beq.n	20000b8a <hw_endpoint_start_next_buffer+0x42>
20000b6a:	4b10      	ldr	r3, [pc, #64]	; (20000bac <hw_endpoint_start_next_buffer+0x64>)
20000b6c:	401e      	ands	r6, r3
20000b6e:	2380      	movs	r3, #128	; 0x80
20000b70:	059b      	lsls	r3, r3, #22
20000b72:	4333      	orrs	r3, r6
20000b74:	6862      	ldr	r2, [r4, #4]
20000b76:	2100      	movs	r1, #0
20000b78:	6013      	str	r3, [r2, #0]
20000b7a:	0020      	movs	r0, r4
20000b7c:	002a      	movs	r2, r5
20000b7e:	f7ff ffb7 	bl	20000af0 <_hw_endpoint_buffer_control_update32>
20000b82:	bd70      	pop	{r4, r5, r6, pc}
20000b84:	78a3      	ldrb	r3, [r4, #2]
20000b86:	09db      	lsrs	r3, r3, #7
20000b88:	d0ef      	beq.n	20000b6a <hw_endpoint_start_next_buffer+0x22>
20000b8a:	8aa3      	ldrh	r3, [r4, #20]
20000b8c:	2b00      	cmp	r3, #0
20000b8e:	d0ec      	beq.n	20000b6a <hw_endpoint_start_next_buffer+0x22>
20000b90:	2101      	movs	r1, #1
20000b92:	0020      	movs	r0, r4
20000b94:	f7ff ff38 	bl	20000a08 <prepare_ep_buffer>
20000b98:	23a0      	movs	r3, #160	; 0xa0
20000b9a:	4a05      	ldr	r2, [pc, #20]	; (20000bb0 <hw_endpoint_start_next_buffer+0x68>)
20000b9c:	05db      	lsls	r3, r3, #23
20000b9e:	4032      	ands	r2, r6
20000ba0:	4305      	orrs	r5, r0
20000ba2:	4313      	orrs	r3, r2
20000ba4:	e7e6      	b.n	20000b74 <hw_endpoint_start_next_buffer+0x2c>
20000ba6:	46c0      	nop			; (mov r8, r8)
20000ba8:	50110000 	.word	0x50110000
20000bac:	afffffff 	.word	0xafffffff
20000bb0:	dfffffff 	.word	0xdfffffff

20000bb4 <hw_endpoint_xfer_continue>:
20000bb4:	b570      	push	{r4, r5, r6, lr}
20000bb6:	7e85      	ldrb	r5, [r0, #26]
20000bb8:	0004      	movs	r4, r0
20000bba:	2d00      	cmp	r5, #0
20000bbc:	d014      	beq.n	20000be8 <hw_endpoint_xfer_continue+0x34>
20000bbe:	f7ff ff7d 	bl	20000abc <_hw_endpoint_xfer_sync>
20000bc2:	8aa3      	ldrh	r3, [r4, #20]
20000bc4:	2b00      	cmp	r3, #0
20000bc6:	d101      	bne.n	20000bcc <hw_endpoint_xfer_continue+0x18>
20000bc8:	0028      	movs	r0, r5
20000bca:	bd70      	pop	{r4, r5, r6, pc}
20000bcc:	0020      	movs	r0, r4
20000bce:	f7ff ff01 	bl	200009d4 <e15_is_critical_frame_period>
20000bd2:	2800      	cmp	r0, #0
20000bd4:	d003      	beq.n	20000bde <hw_endpoint_xfer_continue+0x2a>
20000bd6:	2301      	movs	r3, #1
20000bd8:	2500      	movs	r5, #0
20000bda:	7723      	strb	r3, [r4, #28]
20000bdc:	e7f4      	b.n	20000bc8 <hw_endpoint_xfer_continue+0x14>
20000bde:	0020      	movs	r0, r4
20000be0:	f7ff ffb2 	bl	20000b48 <hw_endpoint_start_next_buffer>
20000be4:	2500      	movs	r5, #0
20000be6:	e7ef      	b.n	20000bc8 <hw_endpoint_xfer_continue+0x14>
20000be8:	7881      	ldrb	r1, [r0, #2]
20000bea:	207f      	movs	r0, #127	; 0x7f
20000bec:	09ca      	lsrs	r2, r1, #7
20000bee:	4b03      	ldr	r3, [pc, #12]	; (20000bfc <hw_endpoint_xfer_continue+0x48>)
20000bf0:	0092      	lsls	r2, r2, #2
20000bf2:	4001      	ands	r1, r0
20000bf4:	58d2      	ldr	r2, [r2, r3]
20000bf6:	4802      	ldr	r0, [pc, #8]	; (20000c00 <hw_endpoint_xfer_continue+0x4c>)
20000bf8:	f000 f916 	bl	20000e28 <__panic_veneer>
20000bfc:	20000f00 	.word	0x20000f00
20000c00:	1000c15c 	.word	0x1000c15c

20000c04 <dcd_event_handler>:
20000c04:	b5f0      	push	{r4, r5, r6, r7, lr}
20000c06:	7843      	ldrb	r3, [r0, #1]
20000c08:	0005      	movs	r5, r0
20000c0a:	b085      	sub	sp, #20
20000c0c:	2b04      	cmp	r3, #4
20000c0e:	d100      	bne.n	20000c12 <dcd_event_handler+0xe>
20000c10:	e075      	b.n	20000cfe <dcd_event_handler+0xfa>
20000c12:	d846      	bhi.n	20000ca2 <dcd_event_handler+0x9e>
20000c14:	2b02      	cmp	r3, #2
20000c16:	d100      	bne.n	20000c1a <dcd_event_handler+0x16>
20000c18:	e083      	b.n	20000d22 <dcd_event_handler+0x11e>
20000c1a:	2b03      	cmp	r3, #3
20000c1c:	d155      	bne.n	20000cca <dcd_event_handler+0xc6>
20000c1e:	4e50      	ldr	r6, [pc, #320]	; (20000d60 <dcd_event_handler+0x15c>)
20000c20:	4a50      	ldr	r2, [pc, #320]	; (20000d64 <dcd_event_handler+0x160>)
20000c22:	2400      	movs	r4, #0
20000c24:	7833      	ldrb	r3, [r6, #0]
20000c26:	2a00      	cmp	r2, #0
20000c28:	d100      	bne.n	20000c2c <dcd_event_handler+0x28>
20000c2a:	e092      	b.n	20000d52 <dcd_event_handler+0x14e>
20000c2c:	4f4e      	ldr	r7, [pc, #312]	; (20000d68 <dcd_event_handler+0x164>)
20000c2e:	e003      	b.n	20000c38 <dcd_event_handler+0x34>
20000c30:	3401      	adds	r4, #1
20000c32:	b2e4      	uxtb	r4, r4
20000c34:	429c      	cmp	r4, r3
20000c36:	d813      	bhi.n	20000c60 <dcd_event_handler+0x5c>
20000c38:	42a3      	cmp	r3, r4
20000c3a:	d9f9      	bls.n	20000c30 <dcd_event_handler+0x2c>
20000c3c:	0062      	lsls	r2, r4, #1
20000c3e:	6839      	ldr	r1, [r7, #0]
20000c40:	1912      	adds	r2, r2, r4
20000c42:	00d2      	lsls	r2, r2, #3
20000c44:	188a      	adds	r2, r1, r2
20000c46:	2a00      	cmp	r2, #0
20000c48:	d0f2      	beq.n	20000c30 <dcd_event_handler+0x2c>
20000c4a:	6952      	ldr	r2, [r2, #20]
20000c4c:	2a00      	cmp	r2, #0
20000c4e:	d0ef      	beq.n	20000c30 <dcd_event_handler+0x2c>
20000c50:	6869      	ldr	r1, [r5, #4]
20000c52:	7828      	ldrb	r0, [r5, #0]
20000c54:	4790      	blx	r2
20000c56:	3401      	adds	r4, #1
20000c58:	7833      	ldrb	r3, [r6, #0]
20000c5a:	b2e4      	uxtb	r4, r4
20000c5c:	429c      	cmp	r4, r3
20000c5e:	d9eb      	bls.n	20000c38 <dcd_event_handler+0x34>
20000c60:	4b42      	ldr	r3, [pc, #264]	; (20000d6c <dcd_event_handler+0x168>)
20000c62:	781a      	ldrb	r2, [r3, #0]
20000c64:	0752      	lsls	r2, r2, #29
20000c66:	d548      	bpl.n	20000cfa <dcd_event_handler+0xf6>
20000c68:	2104      	movs	r1, #4
20000c6a:	781a      	ldrb	r2, [r3, #0]
20000c6c:	438a      	bics	r2, r1
20000c6e:	701a      	strb	r2, [r3, #0]
20000c70:	466b      	mov	r3, sp
20000c72:	220a      	movs	r2, #10
20000c74:	2100      	movs	r1, #0
20000c76:	1d98      	adds	r0, r3, #6
20000c78:	f000 f8be 	bl	20000df8 <____wrap_memset_veneer>
20000c7c:	466a      	mov	r2, sp
20000c7e:	782b      	ldrb	r3, [r5, #0]
20000c80:	7113      	strb	r3, [r2, #4]
20000c82:	2305      	movs	r3, #5
20000c84:	7153      	strb	r3, [r2, #5]
20000c86:	4b3a      	ldr	r3, [pc, #232]	; (20000d70 <dcd_event_handler+0x16c>)
20000c88:	681c      	ldr	r4, [r3, #0]
20000c8a:	6962      	ldr	r2, [r4, #20]
20000c8c:	f3ef 8110 	mrs	r1, PRIMASK
20000c90:	b672      	cpsid	i
20000c92:	6813      	ldr	r3, [r2, #0]
20000c94:	2b00      	cmp	r3, #0
20000c96:	d0fc      	beq.n	20000c92 <dcd_event_handler+0x8e>
20000c98:	f3bf 8f5f 	dmb	sy
20000c9c:	61a1      	str	r1, [r4, #24]
20000c9e:	a901      	add	r1, sp, #4
20000ca0:	e020      	b.n	20000ce4 <dcd_event_handler+0xe0>
20000ca2:	2b05      	cmp	r3, #5
20000ca4:	d111      	bne.n	20000cca <dcd_event_handler+0xc6>
20000ca6:	4b31      	ldr	r3, [pc, #196]	; (20000d6c <dcd_event_handler+0x168>)
20000ca8:	781a      	ldrb	r2, [r3, #0]
20000caa:	07d2      	lsls	r2, r2, #31
20000cac:	d525      	bpl.n	20000cfa <dcd_event_handler+0xf6>
20000cae:	2104      	movs	r1, #4
20000cb0:	781a      	ldrb	r2, [r3, #0]
20000cb2:	438a      	bics	r2, r1
20000cb4:	701a      	strb	r2, [r3, #0]
20000cb6:	4b2e      	ldr	r3, [pc, #184]	; (20000d70 <dcd_event_handler+0x16c>)
20000cb8:	681c      	ldr	r4, [r3, #0]
20000cba:	6962      	ldr	r2, [r4, #20]
20000cbc:	f3ef 8110 	mrs	r1, PRIMASK
20000cc0:	b672      	cpsid	i
20000cc2:	6813      	ldr	r3, [r2, #0]
20000cc4:	2b00      	cmp	r3, #0
20000cc6:	d109      	bne.n	20000cdc <dcd_event_handler+0xd8>
20000cc8:	e7fb      	b.n	20000cc2 <dcd_event_handler+0xbe>
20000cca:	4b29      	ldr	r3, [pc, #164]	; (20000d70 <dcd_event_handler+0x16c>)
20000ccc:	681c      	ldr	r4, [r3, #0]
20000cce:	6962      	ldr	r2, [r4, #20]
20000cd0:	f3ef 8110 	mrs	r1, PRIMASK
20000cd4:	b672      	cpsid	i
20000cd6:	6813      	ldr	r3, [r2, #0]
20000cd8:	2b00      	cmp	r3, #0
20000cda:	d0fc      	beq.n	20000cd6 <dcd_event_handler+0xd2>
20000cdc:	f3bf 8f5f 	dmb	sy
20000ce0:	61a1      	str	r1, [r4, #24]
20000ce2:	0029      	movs	r1, r5
20000ce4:	0020      	movs	r0, r4
20000ce6:	f000 f897 	bl	20000e18 <__tu_fifo_write_veneer>
20000cea:	6962      	ldr	r2, [r4, #20]
20000cec:	69a3      	ldr	r3, [r4, #24]
20000cee:	f3bf 8f5f 	dmb	sy
20000cf2:	2100      	movs	r1, #0
20000cf4:	6011      	str	r1, [r2, #0]
20000cf6:	f383 8810 	msr	PRIMASK, r3
20000cfa:	b005      	add	sp, #20
20000cfc:	bdf0      	pop	{r4, r5, r6, r7, pc}
20000cfe:	4b1b      	ldr	r3, [pc, #108]	; (20000d6c <dcd_event_handler+0x168>)
20000d00:	781a      	ldrb	r2, [r3, #0]
20000d02:	07d2      	lsls	r2, r2, #31
20000d04:	d5f9      	bpl.n	20000cfa <dcd_event_handler+0xf6>
20000d06:	2104      	movs	r1, #4
20000d08:	781a      	ldrb	r2, [r3, #0]
20000d0a:	430a      	orrs	r2, r1
20000d0c:	701a      	strb	r2, [r3, #0]
20000d0e:	4b18      	ldr	r3, [pc, #96]	; (20000d70 <dcd_event_handler+0x16c>)
20000d10:	681c      	ldr	r4, [r3, #0]
20000d12:	6962      	ldr	r2, [r4, #20]
20000d14:	f3ef 8110 	mrs	r1, PRIMASK
20000d18:	b672      	cpsid	i
20000d1a:	6813      	ldr	r3, [r2, #0]
20000d1c:	2b00      	cmp	r3, #0
20000d1e:	d1dd      	bne.n	20000cdc <dcd_event_handler+0xd8>
20000d20:	e7fb      	b.n	20000d1a <dcd_event_handler+0x116>
20000d22:	2001      	movs	r0, #1
20000d24:	4a11      	ldr	r2, [pc, #68]	; (20000d6c <dcd_event_handler+0x168>)
20000d26:	7811      	ldrb	r1, [r2, #0]
20000d28:	4381      	bics	r1, r0
20000d2a:	7011      	strb	r1, [r2, #0]
20000d2c:	7811      	ldrb	r1, [r2, #0]
20000d2e:	4399      	bics	r1, r3
20000d30:	2300      	movs	r3, #0
20000d32:	7011      	strb	r1, [r2, #0]
20000d34:	2104      	movs	r1, #4
20000d36:	7053      	strb	r3, [r2, #1]
20000d38:	7813      	ldrb	r3, [r2, #0]
20000d3a:	438b      	bics	r3, r1
20000d3c:	7013      	strb	r3, [r2, #0]
20000d3e:	4b0c      	ldr	r3, [pc, #48]	; (20000d70 <dcd_event_handler+0x16c>)
20000d40:	681c      	ldr	r4, [r3, #0]
20000d42:	6962      	ldr	r2, [r4, #20]
20000d44:	f3ef 8110 	mrs	r1, PRIMASK
20000d48:	b672      	cpsid	i
20000d4a:	6813      	ldr	r3, [r2, #0]
20000d4c:	2b00      	cmp	r3, #0
20000d4e:	d1c5      	bne.n	20000cdc <dcd_event_handler+0xd8>
20000d50:	e7fb      	b.n	20000d4a <dcd_event_handler+0x146>
20000d52:	2200      	movs	r2, #0
20000d54:	3201      	adds	r2, #1
20000d56:	b2d2      	uxtb	r2, r2
20000d58:	429a      	cmp	r2, r3
20000d5a:	d9fb      	bls.n	20000d54 <dcd_event_handler+0x150>
20000d5c:	e780      	b.n	20000c60 <dcd_event_handler+0x5c>
20000d5e:	46c0      	nop			; (mov r8, r8)
20000d60:	200025e7 	.word	0x200025e7
20000d64:	1000537d 	.word	0x1000537d
20000d68:	20001b44 	.word	0x20001b44
20000d6c:	20001e6c 	.word	0x20001e6c
20000d70:	20001ec4 	.word	0x20001ec4

20000d74 <spi_write_blocking>:
20000d74:	b530      	push	{r4, r5, lr}
20000d76:	0004      	movs	r4, r0
20000d78:	1e10      	subs	r0, r2, #0
20000d7a:	d00a      	beq.n	20000d92 <spi_write_blocking+0x1e>
20000d7c:	000a      	movs	r2, r1
20000d7e:	180d      	adds	r5, r1, r0
20000d80:	2102      	movs	r1, #2
20000d82:	68e3      	ldr	r3, [r4, #12]
20000d84:	4219      	tst	r1, r3
20000d86:	d0fc      	beq.n	20000d82 <spi_write_blocking+0xe>
20000d88:	7813      	ldrb	r3, [r2, #0]
20000d8a:	3201      	adds	r2, #1
20000d8c:	60a3      	str	r3, [r4, #8]
20000d8e:	4295      	cmp	r5, r2
20000d90:	d1f7      	bne.n	20000d82 <spi_write_blocking+0xe>
20000d92:	68e3      	ldr	r3, [r4, #12]
20000d94:	075b      	lsls	r3, r3, #29
20000d96:	d504      	bpl.n	20000da2 <spi_write_blocking+0x2e>
20000d98:	2104      	movs	r1, #4
20000d9a:	68a3      	ldr	r3, [r4, #8]
20000d9c:	68e3      	ldr	r3, [r4, #12]
20000d9e:	4219      	tst	r1, r3
20000da0:	d1fb      	bne.n	20000d9a <spi_write_blocking+0x26>
20000da2:	2110      	movs	r1, #16
20000da4:	68e3      	ldr	r3, [r4, #12]
20000da6:	4219      	tst	r1, r3
20000da8:	d1fc      	bne.n	20000da4 <spi_write_blocking+0x30>
20000daa:	68e3      	ldr	r3, [r4, #12]
20000dac:	075b      	lsls	r3, r3, #29
20000dae:	d504      	bpl.n	20000dba <spi_write_blocking+0x46>
20000db0:	2104      	movs	r1, #4
20000db2:	68a3      	ldr	r3, [r4, #8]
20000db4:	68e3      	ldr	r3, [r4, #12]
20000db6:	4219      	tst	r1, r3
20000db8:	d1fb      	bne.n	20000db2 <spi_write_blocking+0x3e>
20000dba:	2301      	movs	r3, #1
20000dbc:	6223      	str	r3, [r4, #32]
20000dbe:	bd30      	pop	{r4, r5, pc}

20000dc0 <__aeabi_idiv0>:
20000dc0:	4770      	bx	lr
20000dc2:	46c0      	nop			; (mov r8, r8)
20000dc4:	0000      	movs	r0, r0
	...

20000dc8 <__time_us_64_veneer>:
20000dc8:	b401      	push	{r0}
20000dca:	4802      	ldr	r0, [pc, #8]	; (20000dd4 <__time_us_64_veneer+0xc>)
20000dcc:	4684      	mov	ip, r0
20000dce:	bc01      	pop	{r0}
20000dd0:	4760      	bx	ip
20000dd2:	bf00      	nop
20000dd4:	10001789 	.word	0x10001789

20000dd8 <__best_effort_wfe_or_timeout_veneer>:
20000dd8:	b401      	push	{r0}
20000dda:	4802      	ldr	r0, [pc, #8]	; (20000de4 <__best_effort_wfe_or_timeout_veneer+0xc>)
20000ddc:	4684      	mov	ip, r0
20000dde:	bc01      	pop	{r0}
20000de0:	4760      	bx	ip
20000de2:	bf00      	nop
20000de4:	100015c9 	.word	0x100015c9

20000de8 <____wrap_memcpy_veneer>:
20000de8:	b401      	push	{r0}
20000dea:	4802      	ldr	r0, [pc, #8]	; (20000df4 <____wrap_memcpy_veneer+0xc>)
20000dec:	4684      	mov	ip, r0
20000dee:	bc01      	pop	{r0}
20000df0:	4760      	bx	ip
20000df2:	bf00      	nop
20000df4:	10004d31 	.word	0x10004d31

20000df8 <____wrap_memset_veneer>:
20000df8:	b401      	push	{r0}
20000dfa:	4802      	ldr	r0, [pc, #8]	; (20000e04 <____wrap_memset_veneer+0xc>)
20000dfc:	4684      	mov	ip, r0
20000dfe:	bc01      	pop	{r0}
20000e00:	4760      	bx	ip
20000e02:	bf00      	nop
20000e04:	10004d25 	.word	0x10004d25

20000e08 <____wrap___aeabi_lmul_veneer>:
20000e08:	b401      	push	{r0}
20000e0a:	4802      	ldr	r0, [pc, #8]	; (20000e14 <____wrap___aeabi_lmul_veneer+0xc>)
20000e0c:	4684      	mov	ip, r0
20000e0e:	bc01      	pop	{r0}
20000e10:	4760      	bx	ip
20000e12:	bf00      	nop
20000e14:	10004981 	.word	0x10004981

20000e18 <__tu_fifo_write_veneer>:
20000e18:	b401      	push	{r0}
20000e1a:	4802      	ldr	r0, [pc, #8]	; (20000e24 <__tu_fifo_write_veneer+0xc>)
20000e1c:	4684      	mov	ip, r0
20000e1e:	bc01      	pop	{r0}
20000e20:	4760      	bx	ip
20000e22:	bf00      	nop
20000e24:	10007339 	.word	0x10007339

20000e28 <__panic_veneer>:
20000e28:	b401      	push	{r0}
20000e2a:	4802      	ldr	r0, [pc, #8]	; (20000e34 <__panic_veneer+0xc>)
20000e2c:	4684      	mov	ip, r0
20000e2e:	bc01      	pop	{r0}
20000e30:	4760      	bx	ip
20000e32:	bf00      	nop
20000e34:	10002575 	.word	0x10002575

20000e38 <striped_spin_lock_num>:
20000e38:	00000010                                ....

20000e3c <irq_handler_chain_slots>:
20000e3c:	00000000 	.word	0x00000000
20000e40:	00010000 	.word	0x00010000
	...
20000e4c:	00020000 	.word	0x00020000
	...
20000e58:	00030000 	.word	0x00030000
	...
20000e64:	00ff0000 	.word	0x00ff0000
20000e68:	00000000 	.word	0x00000000

20000e6c <irq_handler_chain_first_slot>:
20000e6c:	b501      	push	{r0, lr}
20000e6e:	6848      	ldr	r0, [r1, #4]
20000e70:	3101      	adds	r1, #1
20000e72:	468e      	mov	lr, r1
20000e74:	4700      	bx	r0

20000e76 <irq_handler_chain_remove_tail>:
20000e76:	4670      	mov	r0, lr
20000e78:	3809      	subs	r0, #9
20000e7a:	4901      	ldr	r1, [pc, #4]	; (20000e80 <irq_handler_chain_remove_tail+0xa>)
20000e7c:	4788      	blx	r1
20000e7e:	bd01      	pop	{r0, pc}
20000e80:	10000e2d 	.word	0x10000e2d

20000e84 <default_alarm_pool>:
20000e84:	20000e9c 00000000 200017c8 200020e0     ... ....... . . 
	...

20000e9c <default_alarm_pool_heap>:
20000e9c:	200020f0 00000000 00000000 00000010     . . ............
20000eac:	00000000                                ....

20000eb0 <aeabi_bits_funcs>:
20000eb0:	00003350 	.word	0x00003350
20000eb4:	0000334c 	.word	0x0000334c
20000eb8:	00003354 	.word	0x00003354
20000ebc:	00003352 	.word	0x00003352

20000ec0 <aeabi_bits_funcs_end>:
20000ec0:	0000534d 	.word	0x0000534d
20000ec4:	0000434d 	.word	0x0000434d
20000ec8:	00003453 	.word	0x00003453
20000ecc:	00003443 	.word	0x00003443

20000ed0 <stdio_uart>:
20000ed0:	10005101 00000000 1000514d 1000520d     .Q......MQ...R..
20000ee0:	00000000 00000100                       ........

20000ee8 <stdio_usb>:
20000ee8:	100054c5 00000000 10005435 100053bd     .T......5T...S..
20000ef8:	00000000 00000100                       ........

20000f00 <ep_dir_string>:
20000f00:	1000c02c 1000c00c                       ,.......

20000f08 <_usbd_qdef>:
20000f08:	20001ec8 000c0010 00000000 00000000     ... ............
	...

20000f24 <_usbd_rhport>:
20000f24:	000000ff                                ....

20000f28 <i2c1_inst>:
20000f28:	40048000 00000000                       ...@....

20000f30 <i2c0_inst>:
20000f30:	40044000 00000000                       .@.@....

20000f38 <Font12>:
20000f38:	1000c4f0 000c0007                       ........

20000f40 <_impure_ptr>:
20000f40:	20000f48 00000000                       H.. ....

20000f48 <impure_data>:
20000f48:	00000000 20001234 2000129c 20001304     ....4.. ... ... 
	...
20000ff0:	00000001 00000000 abcd330e e66d1234     .........3..4.m.
20001000:	0005deec 0000000b 00000000 00000000     ................
	...

20001370 <__malloc_sbrk_base>:
20001370:	ffffffff                                ....

20001374 <__malloc_trim_threshold>:
20001374:	00020000                                ....

20001378 <__malloc_av_>:
	...
20001380:	20001378 20001378 20001380 20001380     x.. x.. ... ... 
20001390:	20001388 20001388 20001390 20001390     ... ... ... ... 
200013a0:	20001398 20001398 200013a0 200013a0     ... ... ... ... 
200013b0:	200013a8 200013a8 200013b0 200013b0     ... ... ... ... 
200013c0:	200013b8 200013b8 200013c0 200013c0     ... ... ... ... 
200013d0:	200013c8 200013c8 200013d0 200013d0     ... ... ... ... 
200013e0:	200013d8 200013d8 200013e0 200013e0     ... ... ... ... 
200013f0:	200013e8 200013e8 200013f0 200013f0     ... ... ... ... 
20001400:	200013f8 200013f8 20001400 20001400     ... ... ... ... 
20001410:	20001408 20001408 20001410 20001410     ... ... ... ... 
20001420:	20001418 20001418 20001420 20001420     ... ...  ..  .. 
20001430:	20001428 20001428 20001430 20001430     (.. (.. 0.. 0.. 
20001440:	20001438 20001438 20001440 20001440     8.. 8.. @.. @.. 
20001450:	20001448 20001448 20001450 20001450     H.. H.. P.. P.. 
20001460:	20001458 20001458 20001460 20001460     X.. X.. `.. `.. 
20001470:	20001468 20001468 20001470 20001470     h.. h.. p.. p.. 
20001480:	20001478 20001478 20001480 20001480     x.. x.. ... ... 
20001490:	20001488 20001488 20001490 20001490     ... ... ... ... 
200014a0:	20001498 20001498 200014a0 200014a0     ... ... ... ... 
200014b0:	200014a8 200014a8 200014b0 200014b0     ... ... ... ... 
200014c0:	200014b8 200014b8 200014c0 200014c0     ... ... ... ... 
200014d0:	200014c8 200014c8 200014d0 200014d0     ... ... ... ... 
200014e0:	200014d8 200014d8 200014e0 200014e0     ... ... ... ... 
200014f0:	200014e8 200014e8 200014f0 200014f0     ... ... ... ... 
20001500:	200014f8 200014f8 20001500 20001500     ... ... ... ... 
20001510:	20001508 20001508 20001510 20001510     ... ... ... ... 
20001520:	20001518 20001518 20001520 20001520     ... ...  ..  .. 
20001530:	20001528 20001528 20001530 20001530     (.. (.. 0.. 0.. 
20001540:	20001538 20001538 20001540 20001540     8.. 8.. @.. @.. 
20001550:	20001548 20001548 20001550 20001550     H.. H.. P.. P.. 
20001560:	20001558 20001558 20001560 20001560     X.. X.. `.. `.. 
20001570:	20001568 20001568 20001570 20001570     h.. h.. p.. p.. 
20001580:	20001578 20001578 20001580 20001580     x.. x.. ... ... 
20001590:	20001588 20001588 20001590 20001590     ... ... ... ... 
200015a0:	20001598 20001598 200015a0 200015a0     ... ... ... ... 
200015b0:	200015a8 200015a8 200015b0 200015b0     ... ... ... ... 
200015c0:	200015b8 200015b8 200015c0 200015c0     ... ... ... ... 
200015d0:	200015c8 200015c8 200015d0 200015d0     ... ... ... ... 
200015e0:	200015d8 200015d8 200015e0 200015e0     ... ... ... ... 
200015f0:	200015e8 200015e8 200015f0 200015f0     ... ... ... ... 
20001600:	200015f8 200015f8 20001600 20001600     ... ... ... ... 
20001610:	20001608 20001608 20001610 20001610     ... ... ... ... 
20001620:	20001618 20001618 20001620 20001620     ... ...  ..  .. 
20001630:	20001628 20001628 20001630 20001630     (.. (.. 0.. 0.. 
20001640:	20001638 20001638 20001640 20001640     8.. 8.. @.. @.. 
20001650:	20001648 20001648 20001650 20001650     H.. H.. P.. P.. 
20001660:	20001658 20001658 20001660 20001660     X.. X.. `.. `.. 
20001670:	20001668 20001668 20001670 20001670     h.. h.. p.. p.. 
20001680:	20001678 20001678 20001680 20001680     x.. x.. ... ... 
20001690:	20001688 20001688 20001690 20001690     ... ... ... ... 
200016a0:	20001698 20001698 200016a0 200016a0     ... ... ... ... 
200016b0:	200016a8 200016a8 200016b0 200016b0     ... ... ... ... 
200016c0:	200016b8 200016b8 200016c0 200016c0     ... ... ... ... 
200016d0:	200016c8 200016c8 200016d0 200016d0     ... ... ... ... 
200016e0:	200016d8 200016d8 200016e0 200016e0     ... ... ... ... 
200016f0:	200016e8 200016e8 200016f0 200016f0     ... ... ... ... 
20001700:	200016f8 200016f8 20001700 20001700     ... ... ... ... 
20001710:	20001708 20001708 20001710 20001710     ... ... ... ... 
20001720:	20001718 20001718 20001720 20001720     ... ...  ..  .. 
20001730:	20001728 20001728 20001730 20001730     (.. (.. 0.. 0.. 
20001740:	20001738 20001738 20001740 20001740     8.. 8.. @.. @.. 
20001750:	20001748 20001748 20001750 20001750     H.. H.. P.. P.. 
20001760:	20001758 20001758 20001760 20001760     X.. X.. `.. `.. 
20001770:	20001768 20001768 20001770 20001770     h.. h.. p.. p.. 

20001780 <print_mutex>:
	...

20001788 <__mutex_array_end>:
20001788:	10004d15 	.word	0x10004d15
2000178c:	10003c19 	.word	0x10003c19
20001790:	1000432d 	.word	0x1000432d
20001794:	10004ac1 	.word	0x10004ac1

20001798 <__frame_dummy_init_array_entry>:
20001798:	10000331 100057f9                       1....W..
