:020000041000EA
:1000000000B5324B212058609868022188439860DF
:10001000D860186158612E4B002199600221596106
:100020000121F02299502B49196001219960352056
:1000300000F044F80222904214D00621196600F024
:1000400034F8196E01211966002018661A6600F04E
:100050002CF8196E196E196E052000F02FF8012189
:100060000842F9D1002199601B49196000215960AB
:100070001A491B48016001219960EB211966A021F2
:10008000196600F012F800219960164914480160C1
:100090000121996001BC002800D000471248134993
:1000A000086003C880F30888084703B5996A0420EC
:1000B0000142FBD001200142F8D103BD02B5186610
:1000C0001866FFF7F2FF186E186E02BD00000240BE
:1000D000000000180000070000035F00212200005C
:1000E000F4000018222000A00001001008ED00E03C
:1000F00000000000000000000000000074B24E7A12
:1001000000200420F7010010C3010010C5010010F9
:10011000C1010010C1010010C1010010C101001097
:10012000C1010010C1010010C1010010C701001081
:10013000C1010010C1010010C9010010CB01001065
:10014000CD010010CD010010CD010010CD01001037
:10015000CD010010CD010010CD010010CD01001027
:10016000CD010010CD010010CD010010CD01001017
:10017000CD010010CD010010CD010010CD01001007
:10018000CD010010CD010010CD010010CD010010F7
:10019000CD010010CD010010CD010010CD010010E7
:1001A000CD010010CD010010CD010010CD010010D7
:1001B000CD010010CD010010CD010010CD010010C7
:1001C00000BE00BE00BE00BE00BE00BEEFF3058054
:1001D000103800BEF2EB887194CA0010BCCA00103F
:1001E0003402001090A31AE700201F49086006C8D7
:1001F00081F3088810471D48006800282FD10DA4FE
:100200000ECC002902D000F012F8F9E71849194A7B
:10021000002000E001C19142FCD1174988471749ED
:1002200088471749884700BEFDE701C901C29A42C5
:10023000FBD37047BCCA0010C0000020A0170020EC
:100240009CE1001000000420000004209CE100104C
:10025000001004200010042000000000704709482E
:1002600003F0E2FC0047000008ED00E0000000D0D1
:10027000A0170020F8250020452400107D03001061
:100280006D2500105756000006005250ABB3605366
:10029000B8BF001006005250861C0302C8BF0010F1
:1002A000060052505422A29DD0BF001005005250AB
:1002B000DE65F4689CE10010F8B5C0460448054BC3
:1002C00010B5834203D0044B002B00D0984710BDDB
:1002D000A0170020A01700200000000006480749D2
:1002E000091A8B10C90FC91810B5491003D0044B57
:1002F000002B00D0984710BDA0170020A0170020A9
:100300000000000010B5074C2378002B09D1FFF73F
:10031000D5FF054B002B02D0044800E000BF0123AD
:10032000237010BDD01A00200000000098BC0010FF
:10033000054B10B5002B03D00449054800E000BF71
:10034000FFF7CCFF10BDC04600000000D41A00200B
:1003500098BC001010B507F031FE07F0A5FE07208D
:1003600007F0C8FE072007F0B7FEF82007F0D0FE20
:1003700008F07CFB07F05CFB10BDC046F0B5C6463C
:1003800000B582B00AF0E6FD00280BD1304804F039
:10039000B1FD002008F068FE002009F0D9FC6420BF
:1003A0000AF0B8FDFFF7D6FFE120400204F08EFC12
:1003B000061E46D0274B03245A881988264B03254E
:1003C000009300230AF022FA41200AF051FA00209B
:1003D0000AF03EFA00220021002007F0E7FD0AF0B3
:1003E0007DFA01230427984610E02B0003342340B4
:1003F00025421ED0012B20D0022B16D108F0E2FDA1
:100400000224300009F0D0FC07F038FC07F096FD1C
:100410004346034201D001342C400742E5D1002C71
:1004200007D0012C09D0022CE8D008F0DFFD03240E
:10043000E7E708F065FB0024E3E708F057FB012439
:10044000DFE7064804F056FD002002F08FF8C046B2
:1004500098BC0010241B0020FFFF0000B0BC00105F
:100460000B4B10B59C46604443425841094A8400F6
:1004700082B0009208482200E31C00F09BF98442FD
:1004800002DC001B02B010BD01204042FAE7C0466A
:100490000000D0AFD8BC0010EA25002070B50E00D7
:1004A000040000F04FF9154A154B9446644462422B
:1004B00054410122A400E558052134792023A240AB
:1004C0007156013A1B1B00290BDB994214DC8A4050
:1004D00014002C4063425C41E4B200F03FF920007C
:1004E00070BD002B02DA07E0013B05D311009940F3
:1004F0000D42F9D10124F0E70024EEE70000D0AF6F
:10050000881F0020F0B5DE4657464E4645468846D1
:10051000E0B583B00600052400F014F943461F79C6
:100520001C57314B8246F3185A4253419B009C465C
:100530002E4A1300934662469B5801229946BA40C0
:100540002023013ADB1B002C36DB9C4246DCA24018
:100550004B46134242D10192002F1CD042464346E3
:1005600052781B7812021A4343469B7880251B045D
:1005700013434246D078002200061843AD015300D1
:10058000C15AA94200D20919A31812339B000132A3
:100590009951BA42F3D34D46019B62461D435B46D7
:1005A00050469D5000F0DAF8200003B0F0BCBB4686
:1005B000B246A946A046F0BD002B0FDB110048460D
:1005C00099401C000191014206D1C5E7150049463A
:1005D0009D401C00294204D0013BF7D2044801F0A1
:1005E000C9FF0195B8E7C0460000D0AF881F0020C2
:1005F000FCBC0010F0B557464E464546DE468946DF
:10060000E0B583B00CA90D784946490088464944B5
:10061000C900461837003400DC3784463868CC34CB
:1006200083462068C024CC31A40161442143802446
:10063000A4020C6069424D411E216D428D43164952
:1006400001908A465544052B0CD9A0201F21400556
:10065000D836540104430532053B3C600A403560FE
:10066000052BF6D852019B06134342464A44D2005A
:1006700062441000DC3213600300D8331D605B4617
:100680001360019BCC30036003B0F0BCBB46B246A4
:10069000A946A046F0BDC0469FE00000F0B5012588
:1006A0008D400468AC430460002B2ED04D006C18C4
:1006B000E400041926001F68C83637605F68DC3420
:1006C00077609F68DB68B76023606B18DB001D00F4
:1006D0008024D035451964012C4380252D062560E2
:1006E00025600125124C2E008C4084600C1DA64014
:1006F000802408318D401F21A4010443C0180A4002
:10070000D830266025600260F0BD4D006C18E40012
:10071000041926008027C8367F023760F8277F0239
:100720007760C027DC343F03B7602360CDE7C04665
:1007300001010101024B18688007C00F7047C046D5
:1007400000C00640EFF3108072B6034A1368002B16
:10075000FCD0BFF35F8F70472C0100D0BFF35F8FD9
:100760000022024B1A6080F3108870472C0100D0E1
:1007700070B5EFF3108C72B60D4D2B68002BFCD0CA
:10078000BFF35F8F0724CB08C618C05C01230C4061
:10079000A3401C000440034207D118433070BFF34C
:1007A0005F8F2C608CF3108870BD100001F0E2FEAA
:1007B0002C0100D0F8B54746CE46884680B5EFF309
:1007C000108C72B6214D2C68002CFCD0BFF35F8FCB
:1007D0009A422CD8D4080727055D06190124174032
:1007E000BC402C421FD007210127894609E0D408CC
:1007F000055D06194C4639001440A1400C00294201
:1008000011D001329342F2D201204042BFF35F8FF8
:1008100000220E4B1A608CF3108800280FDBC0BC3E
:10082000B946B046F8BD254310003570EEE7BFF37A
:100830005F8F00232B608CF31088012040424346D9
:10084000002BECD0089801F095FEC0462C0100D09A
:100850000021044B044ABFF35F8F02C39342FAD1D5
:100860007047C046000100D0800100D0044A1078D3
:10087000431CDBB2172B00D9102313707047C046FE
:10088000380E002010B5064B064C82B001000093D4
:1008900018221F232000FFF78DFF02B010BDC046B5
:1008A00010BD0010D8200020094A10B594464024FD
:1008B000830063441A68C000624080341440802280
:1008C000520113431C60034B9C466044416010BDC1
:1008D00004C0014000400140074B80009C4660443A
:1008E0000368C90092000A435A400C231A4080232F
:1008F0005B0103431A60704704C00140084B80004D
:100900009C466044002905D0802340229B0103437C
:100910001A607047C02340229B0103431A60F8E726
:1009200004C001400123D0228340120693629361E8
:10093000094A40219446830063441A68C0004A4033
:10094000803111408022520113431960034B9C46B1
:10095000052360444360704704C0014000400140EB
:1009600001238340002904D0034A1360034A136023
:100970007047034A1360FBE780E200E000E100E01B
:1009800080E100E001238340014A13607047C046C4
:1009900000E200E0084B10309B688000C358002B39
:1009A00007D0064A00209B1A2F229A424041C0B22B
:1009B00070470020FCE7C04600ED00E03C0E002040
:1009C000024B10309B688000C058704700ED00E07B
:1009D00070B50D00EFF3108672B60F4A1368002B46
:1009E000FCD0BFF35F8F0D4B10309B6884001B5908
:1009F0000B4A934203D09D4201D001F0D3FD074B37
:100A00009B681D51BFF35F8FBFF35F8F0022024BC6
:100A10001A6086F3108870BD240100D000ED00E05C
:100A2000CD010010EFF3108172B60E4B1A68002A48
:100A3000FCD0BFF35F8F0C4A103092688000805862
:100A4000BFF35F8F00221A6081F31088074B984232
:100A500006D02F23064A821A93429B4118407047C2
:100A60000020FCE7240100D000ED00E0CD010010E3
:100A70003C0E0020F0B557464E46DE464546E0B5F2
:100A800085B0060000911700EFF3108B72B66A4A2A
:100A90001368002BFCD0BFF35F8F0025674B5D57B9
:100AA0009A46002D00DA8BE06B00654C01935B19D0
:100AB0009B009846A146C1444B4652469B7910364E
:100AC0001370604BB6009B6899590B1B2F2B33D9C1
:100AD0005D4B994200D0ACE0019B42469C465B4B8B
:100AE0006544AD0063535A4B0232A218043B9B1A73
:100AF0001B05584A5B0D651913436B80564B01214A
:100B0000AB80FF23AB71009BEF71AB604B460B4397
:100B100019004C4B9B689951BFF35F8FBFF35F8FF8
:100B20000022454B1A608BF3108805B0F0BCBB4621
:100B3000B246A946A046F0BD01200A008243D379FF
:100B40008C46BB4231D84546130044491B1B5B41D0
:100B50005943090D3D4B63533D4B02356519043B29
:100B60005B1B1B053B4D5B0D2B43AA464D466B8023
:100B70000425AC465546E044131F44441B1B1B058B
:100B80005B0D1D434B46997100999D8099604946C4
:100B9000DF71334B01431360BBE75800C01880007E
:100BA0002018C179B94211D902000623D356002B6F
:100BB000F3DA0293131D9A462A4B6146039319E018
:100BC00001F0F0FC002553465D576DE790880293D5
:100BD0004005131D9A46031561469C464046D44481
:100BE000634604302018181AE0230005400D1B024C
:100BF0001843039004235B429C46E14450464B4615
:100C00001B1A1B055B0D9C46124B9571984663465B
:100C1000404603439380019B5A199200039BA418FA
:100C2000A380029B0E4AA371009B2260E771A36020
:100C30006FE701F0B7FC4FE7240100D0EC2500205E
:100C40003C0E002000ED00E0CD01001000A1FFFFF0
:100C50006C0E002000E0FFFF01BDFFFFAAAA00000C
:100C60000148804701BD0000F0B5DE4657464E46BC
:100C70004546E0B50C0083B0EFF3108872B65D4ACC
:100C80001368002BFCD0BFF35F8F5B4B5B499A6806
:100C9000030010339F00D5598D4239D0A5424AD068
:100CA000574EAA1B2F2A33D80122924682409146E2
:100CB0004846544A1268104001904846524A106013
:100CC000BFF35F8FEFF305829346002A35D093423E
:100CD00001D001F067FC2A0053469A439068844291
:100CE00008D175E04B005B189B00F3189868A04290
:100CF00034D01A00062151560029F3DA844253D029
:100D0000019B002B26D04A46404B1A603D4B1A608F
:100D1000394B9B68DD51BFF35F8FBFF35F8F0022BC
:100D2000344B1A6088F3108803B0F0BCBB46B2465F
:100D3000A946A046F0BD0D00EAE72A0053469A43B3
:100D400090688442D6D1062010561300002809DA94
:100D50000D0031E04A462C4B1A60D9E706201856A0
:100D6000002822DB42001118890074188A46A16805
:100D70009960E179D971062161569971002925DBC5
:100D8000A488F11A6405241554440919E0240905BE
:100D9000490D24022143998013181D4A9B001178A4
:100DA000F31899711070ABE713005946002914D15C
:100DB000FF3191711749918015490A789A71164A45
:100DC0009B1B5B415A43120D0A7099E71349E2E7F6
:100DD0000620105613000028C4DA114A1149D21A0D
:100DE000083A5002400D014399800F4952080A43C6
:100DF000DA8085E7240100D000ED00E0CD0100108D
:100E00003C0E002000E100E080E100E080E200E034
:100E1000EC25002001BDFFFFAAAA000001BD0000D3
:100E2000760E002000F0FFFF00F8FFFF70B5EFF333
:100E3000058101240443EFF3108C72B6214A136834
:100E4000002BFCD0BFF35F8F1F4B05001F4AED1A2C
:100E50006D416A43120D1E4D8900AE6852B276583C
:100E6000A6421CD00621595691421CD01221595637
:100E7000914222D01E215956914220D02A21595602
:100E80000324914210D0134B19781A708171BFF36B
:100E90005F8F00220B4B1A608CF3108870BDAB681B
:100EA0000D4C5C50EFE700246100091989005B18C4
:100EB000FF21997109499980E5E70124F4E70224AB
:100EC000F2E7C046240100D03C0E0020AAAA000090
:100ED00000ED00E0EC250020CD01001001BDFFFF7A
:100EE000054B064A1360064A136053609360D36053
:100EF00013615361936170478080808000E400E05B
:100F000004E400E010B5084B084C82B001000093E7
:100F1000002205232000FFF74DFC002801DB1F23E2
:100F2000181A02B010BDC0462CBD0010F6250020D6
:100F3000024B9C46614489000160704740000034C8
:100F400010B50400FFF792FC01002000FFF7F0FF4E
:100F5000FF232371BFF35F8F10BDC04610B504009F
:100F6000FFF784FC01002000FFF7E2FFFF23A380CE
:100F7000BFF35F8F10BDC04610B504000120FFF71E
:100F800081FC034BC3189B002360BFF35F8F10BD30
:100F900040000034034B9C46614489000160BFF36C
:100FA0005F8F70474000003483680B4810B584465B
:100FB000614462441201090159189B185C684A682F
:100FC0000120944201D802D00020C0B210BD1A689E
:100FD0000B689A42F9D8F7E7FFFFFF0F0A4B196831
:100FE000EFF3108072B60A68002AFCD0BFF35F8F5F
:100FF0001B68BFF35F8F00221A6080F3108840BF28
:10100000002000217047C046A0250020F8B55746B3
:1010100045464E46DE46E0B598460CAB1C780DAB17
:101020001B78070091469A460568002C5ED1AC7B80
:10103000002C3BD0660029683619033E89194B788D
:10104000AB73002B00D1EB7300238B704B700B70D4
:101050002D4BE218BB6812019B184A461A604246A3
:101060005A600A9A9A600B9ADA6000238B704B7070
:101070000B706B7B9B46002B2BD022005946A86837
:101080006B6898472A68002816D05B4658465B0074
:101090005B449619033BB070D118D35C002B00D091
:1010A00073705B460C706B735C4513D0F0BCBB4631
:1010B000B246A946A046F8BD5B465B005B44033BD5
:1010C000D3189C709119925D002A00D05A705B462B
:1010D0000B706C734A464346387D00F0E9FB051EF1
:1010E0000AD10E9B002BE1D01D70DFE76600296856
:1010F0003619033E8919ABE75346002BF1D1210085
:10110000386800F0F9FDECE7FFFFFF0FF0B5DE46B1
:1011100057464E4645460023E0B58BB00893684BD2
:101120008200D45800239B46099000F02DFB02005A
:101130000B006068EFF3108A72B65646016800290A
:10114000FCD0B246BFF35F8F21684F7B8C46002FE7
:101150002ED0A5685B49A9467918090189444946FA
:101160000868496805000E00AD1A9E41002E5FDD3B
:1011700002000B00099800F09BFB00230022994617
:10118000002306920793002398466368BFF35F8F9E
:101190005A461A608AF310884346002B12D1002861
:1011A000C3D10BB0F0BCBB46B246A946A046F0BDC9
:1011B0000023002299460023069207930023002073
:1011C0009846E2E7089B494618023843C0476268E0
:1011D00005000E00EFF3108A72B61368002BFCD0E6
:1011E000BFF35F8F002E41DB2B00334302D0236916
:1011F000002B56D12368D97B002905D01A684800F6
:1012000041185218033A57709A7B002A00D19F73F5
:10121000DF73E268013FD35D0133D3555B46236141
:101220006368BFF35F8F5A461A608AF310887CE7C1
:10123000002E02D1002D00D09AE70021604600F078
:10124000D9FC4B461A685B68069207934B469B682D
:1012500098464B46DB689946E368DB19013B1B78EF
:1012600008931B020343236100208EE72369002BB0
:10127000C0D0069A079B8021521BB34109068B42BE
:1012800002D30122104B52420021049101310391FB
:10129000494601914146200002970091FFF7B6FEB2
:1012A000BCE700F071FA2A00330012184B4180218C
:1012B00009068B42E8D30122034B5242E4E7C046C1
:1012C00084250020FFFFFF0FFFFFFF7F10B5144CA8
:1012D0006368002B04D00A211248FFF729FE10BDD5
:1012E0002300114A1021206800F09AFB032000F02F
:1012F0003FFA032000F044FB03200C4900F092FA6F
:10130000FFF7B4FA0A4B9C4603232375D0231B0630
:101310001B6860446375074B80006060DC60DAE73F
:10132000840E0020A0250020A90F00100D11001030
:10133000400000348425002000487047840E0020BF
:10134000F0B557464E464546DE46E0B585B00193BA
:1013500010AB1B780600039300239A469846009230
:101360007268EFF3108B72B61368002BFCD0BFF3DA
:101370005F8F3568AC7B002C00D16FE067002B6875
:101380003F19033FDB195A78AA73002A00D1EA7388
:101390004B4AA118B26809015218009801991060CF
:1013A00051600E9991600F99D16042469A705A70BF
:1013B0001A706B7B9946002B00D170E022004946E1
:1013C000A8686B6898472A6800285BD04B46484657
:1013D0005B004B44D719033BB870D118D35C002B8A
:1013E00000D07B704B460C706B734C4558D0F36843
:1013F0001B19013B18787368BFF35F8F42461A6070
:101400008BF310885346002B08D10002204305B00F
:10141000F0BCBB46B246A946A046F0BD039B002BDC
:101420004BD00E9B00200F999847030004000D003D
:101430000B4342D000291ADA009A019B121BAB41E0
:101440000092019380221206934204D301231D4C83
:101450005B4200930194039B9A4681E77368BFF354
:101460005F8F1C608BF3108801204042CFE700F0B3
:101470008BF9802224184D41120600940195954263
:10148000E9D3E3E74B465B004B44033BD3189C7026
:10149000D119D25D002A00D05A704B460B706C7384
:1014A000307D009A019B00F003FA824600289ED00E
:1014B0002100306800F020FC99E70020A7E7C04633
:1014C000FFFFFF0FFFFFFF7F407D7047F0B5040077
:1014D0000D0006267642F717C64636196F4100B54D
:1014E00084B08F4214D811D000F04EF932003B0086
:1014F000121A8B41002B15DC002B3ED02000290056
:1015000000F080F904B080BCB846F0BD8642EBD94B
:101510000026002700F038F932003B00121A8B41F8
:10152000002BE9DD002302930193154B3200009359
:1015300014483B00FFF704FF0028DFDB0023984638
:10154000BC46114A114F7B6A9C4504D8B96AB14226
:10155000D4D29C45D2D11168EFF3108072B60B68DB
:10156000002BFCD0BFF35F8F1368BFF35F8F414642
:10157000196080F3108820BFE5E7002ABED0D1E7CC
:10158000DD0F0010840E0020A02500200040054043
:1015900070B5060000F0F8F8FA2204000D000023F0
:1015A00030000021920003F0EBF98023001969411B
:1015B0001B06994202D3012002494042FFF786FFF1
:1015C00070BDC046FFFFFF7FF0B5EFF30583CE4649
:1015D000474680B505000C0085B0002B0DD0324A7F
:1015E0000020536A9C4203D8926A0130AA4232D347
:1015F00005B0C0BCB946B046F0BD2C4E0293019375
:101600002B4B0200009330000B00FFF799FE031EE6
:10161000E5DD20BF7168EFF3108772B60A68002A13
:10162000FCD0BFF35F8FDAB294463068427B6245EC
:1016300016D0FF2201681A40894651008846494663
:10164000904441440339897800290BD1326993428F
:1016500010D131610EE0E31A5A1E9341D8B2C7E7A8
:10166000FF221A40F1681B0A8A18013A1278DBB28D
:101670009A4214D07368BFF35F8F00221A6087F319
:101680001088094B00205A6A9442B1D89B6A0130F5
:10169000AB42ADD2A41A631E9C41E0B2A8E76146FA
:1016A00000F02AFBE6E7C04600400540840E00201B
:1016B000DD0F0010F0B5EFF30582D6464F464646E3
:1016C0001000C0B51038EFF3108872B6214C2368B3
:1016D000002BFCD0BFF35F8F0123190081401E4D0A
:1016E0001F006963AA461D4D29601D4D2E78AC462A
:1016F0003500C5402F402B4215D053465F6A194B29
:101700008500EB589F4218D36246174B8E43EB5827
:101710001670BFF35F8F0022226088F31088002BC1
:1017200006D0984704E0BFF35F8F276088F31088E6
:10173000E0BCBA46B146A846F0BD0C4B92009C46B0
:10174000624413681360BFF35F8F0023236088F344
:101750001088EDE7280100D0004005403C700540AE
:10176000F5250020B4250020901F0020D03F054023
:1017700010B5034B01001800024AFEF7F9FF10BD37
:10178000EB25002048BD0010034B596A0A00986AF7
:10179000596A8A42FAD170470040054070B504008A
:1017A0000D00174A536A1900966A536A8B42FAD1A0
:1017B0003000190024184D41AB4216D813D0104BFD
:1017C0002A005B6A9D4203D90D494B6A9342FCD3C0
:1017D000934207D10A4A02E0516A994202D1916AC2
:1017E000A142F9D370BDA642E9D9054B5B6A1C0042
:1017F0005A1CEFD0012201246442E5175242E3E76C
:1018000000400540064A536A9942FCD807D1044B70
:1018100002E05A6A914202D19A6A8242F9D3704731
:101820000040054070B504000D00EFF3108672B65D
:101830001A4A1368002BFCD0BFF35F8F002D1BD01A
:101840002000FFF7BDF8164981420AD02000FFF7BB
:10185000BFF801212000FFF783F80123A340114ABC
:101860001360114BA400E550BFF35F8F00220B4BB8
:101870001A6086F3108870BD0121A1400A4BA200B6
:10188000D5500A4B20001A788A4305491A70FFF791
:10189000EBF900212000FFF763F8E5E7280100D00D
:1018A000B516001038600540901F0020F525002077
:1018B000F0B54F46D6464646C0B507002B4C616A88
:1018C0000D00A66A616AA942FAD18B4208D805D0F8
:1018D0000120E0BCBA46B146A846F0BDB242F7D9F5
:1018E000EFF3108A72B6224801680029FCD0BFF3DA
:1018F0005F8F0125BD401F491C4C884609788946E9
:101900002943C9B28C46414660460870391D89009A
:1019100065630A511849B8004350216A00202942E2
:1019200019D0616A0800A66A616A8142FAD18B42C5
:1019300019D801D1B24216D8CC450BD00B4B1F227F
:101940001D625D6301233A4093400C4A1360434695
:101950004A461A700120BFF35F8F0022044B1A60C1
:101960008AF31088B5E70020F5E7C046004005403F
:10197000280100D0F5250020B425002080E200E0F9
:10198000EFF3108C72B60A490B68002BFCD0BFF342
:101990005F8F01238340074A0748136202789A4306
:1019A0000270BFF35F8F00230B608CF310887047C9
:1019B000280100D000400540F525002070B5050045
:1019C0000E001400002923D0002A12D080686B6812
:1019D0009847296800280ED063001B197200033B4A
:1019E0009219CB18033A9E7088188A5C002A11D18C
:1019F0000470300070BD73009B196200033B121924
:101A0000CB18033A9C7088188A5C002A05D10670AE
:101A10002000EFE75A700470EBE75A700670F7E7A2
:101A200030B583600023CCB243730133047342604A
:101A30008373C4730D000068012C06D9421C013366
:101A4000DBB2137003329C42F9D1FF2129404B00D5
:101A50005B18C01800230338437030BD70B5050013
:101A60000C1E07D0630001681B19033BCB185A7882
:101A7000002A01D1200070BD5000801803380918D9
:101A800000204E784870210058702800FFF796FF1C
:101A9000310004002800FFF7E1FF0600002C26D0EB
:101AA0000028E7D021003200A8686B6898472968B1
:101AB00000280ED073009B196200033B1219CB184B
:101AC000033A9C7088188A5C002A00D05A7006700D
:101AD000D0E763001B197200033B9219CB18033A3D
:101AE0009E7088188A5C002A00D05A7004703400F6
:101AF000C0E7C046F0B557464546DE464E46E0B51F
:101B00000D006F0001687F19033F0400C85D83B0BA
:101B10000192CA19002850D043001B18033BCB1870
:101B20005E78B446002E1AD1019E002E42D0E67B8C
:101B3000002E04D073009B19CB18033B5D70A37B70
:101B4000002B00D1A573E57300282FD1002353701B
:101B500003B0F0BCBB46B246A946A046F0BD720039
:101B60006244033A8A1851788846002151708946A8
:101B70005970320001002000FFF720FF43468246E3
:101B8000002B07D05B0021684344033BCB185A78F5
:101B9000002A16D1424651462000FFF70FFF216868
:101BA000019BCA19002BC2D10028CFD043001B18BB
:101BB000033BCB1800219970C8E7019B002BB6D1DD
:101BC000C4E750008018033809184878834648460F
:101BD0004870587041462000FFF7F0FE5946804695
:101BE0002000FFF73BFF414602002000FFF7E6FE22
:101BF0008046CFE7F0B557464546DE464E46E0B54F
:101C000083B00191457B04006F0000687F19033F9A
:101C1000C15DC219002952D04B005B18033BC318A9
:101C20005E78B446002E1CD1019E002E44D0E67B87
:101C3000002E04D073009B19C318033B5D70A37B77
:101C4000002B00D1A573E573002931D100232800B2
:101C50005370617303B0F0BCBB46B246A946A046C0
:101C6000F0BD72006244033A82185078804600202A
:101C700050708146587032002000FFF79FFE4346A7
:101C80008246002B07D05B0021684344033BCB18FE
:101C90005A78002A17D1424651462000FFF78EFE9F
:101CA000019B01002068C219002BC0D10029CDD0B2
:101CB0004B005B18033BC31800209870C6E7019BDC
:101CC000002BB4D1C2E750008018033809184878B7
:101CD000834648464870587041462000FFF76EFE24
:101CE000594680462000FFF7B9FE41460200200019
:101CF000FFF764FE8046CEE770B5050000292CD0C2
:101D0000437B8B422ED04C0000686418033C0419BE
:101D1000A278002A21D053009B18033BC25CC6184E
:101D20008A4202D11BE0002A08D053009B18033BD3
:101D3000C3185A788A42F6D162785A700023012279
:101D40002800A3706370FFF7D5FE697B02002800AE
:101D5000FFF734FE6873012000E0002070BD637857
:101D60003370EBE701221900FFF7C4FEF2E7C0462B
:101D700070B516000D0019000400FFF7D9F829000E
:101D8000701C02F0B5FF0023E681A5816060A360AE
:101D900070BDC04670B502680400EFF3108572B6DE
:101DA0001368002BFCD0BFF35F8F20896389E28921
:101DB000C31A01D5561C9B19934208D12368BFF35F
:101DC0005F8F00221A6085F31088002070BDA28901
:101DD00063685043181802F0ABFF002210002389FB
:101DE000E18901339BB29942504141420B4023812A
:101DF0002368BFF35F8F1A6085F3108840BF01200E
:101E0000E4E7C04670B5040008002268EFF31086CE
:101E100072B61368002BFCD0BFF35F8F65892389EE
:101E20005B1B02D5E28901329B18002B07D1226887
:101E3000BFF35F8F136086F31088002070BDA28906
:101E400061685543491902F073FF0022100063894D
:101E5000E18901339BB29942504141420B40638179
:101E60002368BFF35F8F1A6086F3108840BF01209C
:101E7000E4E7C046F8B5CE464746040080B50620E4
:101E80000E0000F01FFA051E51D0524B5249E218C5
:101E900053425A418023DB039C4692054F4B6244D8
:101EA0001A604F4B1A6010008B689843FBD1494B66
:101EB0004C4AE31859424B4180215B0049000620FF
:101EC000995200F0FFF93100C00001F007FFC3098B
:101ED00032D14022012190466162A362256BEB075B
:101EE00036D427008026E36A00232C3776013E4350
:101EF00033600620256300F0E5F94146800001F0DB
:101F0000EDFE236B05009846DB073BD46023E26AB5
:101F10005A400E331340336043462363802310221C
:101F20009B013B431A60304B23630323A3642800C7
:101F3000C0BCB946B046F8BD2C4A93423FD90023F5
:101F40002B492C4A6162A362256B9046EB07C8D5EA
:101F50002200C02330329B011343234A06201A601B
:101F6000666AA36AB601F61800F0ACF9224901F0DE
:101F7000B5FEB6020100300001F0B0FE0021FFF70F
:101F80000DFCAEE72200C02330329B011343164AFA
:101F900006201A60636AA26A9B019946914400F088
:101FA00091F94B4614499B02994601F097FE0100B6
:101FB000484601F093FE0021FFF7F0FBA6E77F22E1
:101FC00099018846024001325208190090441300DA
:101FD00082E7C0460080FCBF00C0004000E0004037
:101FE00000F00040C825002001030000FEFF0000B3
:101FF000FFFF0000C0FF3F004E0E000010B50C2098
:1020000082B000F0B5F9FEF795FB002810D08B4B9D
:102010008B488B498B4A186059609860D960186169
:1020200059619861D961186259625A6202B010BD53
:10203000854CA06700F0F2F90122844B1A60636CB2
:10204000012BFCD10322824B1A607F4A936B012B38
:10205000FCD1013301217F4A7F480093043300F013
:1020600037F905237D4A009301217D4800F030F9BE
:102070007C4B5A68FF2A02D8802252005A60802284
:10208000734B6E4C12011A602169002907D06069F8
:1020900001F024FE013043001B18033BFDD2E02277
:1020A000704B714819680A40026002221968514059
:1020B00001320A40042102609A681142FCD080215A
:1020C0006A4A09011160802252005A60684B2361FC
:1020D000684B5968FF2900D85A60032201215B4BE5
:1020E0001A60644A93681942FCD0E02310680340E8
:1020F00061480360126803234A40022113405D4A8D
:10210000036093681942FCD080215C4B090119607F
:1021100080215B4B4900516063615A4B5A68FF2A2A
:1021200000D859608022584B12011A60E1690029D9
:1021300007D0606901F0D2FD013043001B18033B5A
:10214000FDD2E0234F4A11680B4050490B608021BB
:102150004F4B090119608021394B49005160E361FF
:102160004C4B5A68FF2A00D8596080224A4B120112
:102170001A60216A002907D0606901F0AFFD0130C3
:1021800043001B18033BFDD2E023424A11680B4079
:1021900042490B608021424B0901196080235B009A
:1021A00053608022264BD20223623E4B59689142F3
:1021B00000D25A6080223C4B12011A60616A0029E9
:1021C00007D0606901F08AFD013043001B18033B12
:1021D000FDD2E023334A11680B4034490B60802163
:1021E000334B090119608023DB025360154B636296
:1021F000304B5A68FF2A02D8802252005A6080224F
:102200002D4B12011A60A169002907D0606901F005
:1022100065FD013043001B18033BFDD2E023254A36
:1022200011680B4025490B608021254B090119607D
:1022300080235B005360124BA361F7E6A0170020D8
:10224000006CDC021BB70000008000403CB0004086
:1022500030B00040002F685900800240008C864753
:1022600000C00240308000403090004030A000406C
:10227000001BB7003C8000403C9000403CA0004068
:10228000405973075480004054B0004054900040BF
:1022900054A000406080004060B00040609000406A
:1022A00060A000406C8000406CB000406C9000402A
:1022B0006CA000404880004048B00040489000407A
:1022C00048A00040014B8000C0587047A017002074
:1022D000F8B5040021481D0017000E0001F0FEFCB7
:1022E0000100380001F0FAFC069B29041B03194386
:1022F0002368002B20DB1A4B1A4DE21853425A4137
:1023000080235B019C461203174B62441A60174BF3
:102310001A601700AB689F43FBD1C022231D9201B6
:102320001A4321232660A06013602368002BFCDA87
:102330000823E1601360F8BD3F2322681340B342D5
:10234000D9D1A3681B051B0D8342D4D1EE22E368CB
:10235000D20213408B42CED1EDE7C046001BB7003E
:102360000040FDBF00C0004000E0004000F0004021
:102370008023024A9B000343D362704700800540DC
:1023800010B580241C4BE4051C6000281AD00123E2
:102390001A4C18431A4BDC611A4C44401C625962B7
:1023A00098628021144BC9051960174817490860C5
:1023B000E021C9041960002A07D18022144B1206BB
:1023C0001A6010BD0E4BD861EBE753019B1A9B00BE
:1023D0009A18802312015B049A4209D213000D4916
:1023E0000B60074B5A608022094BD2051A60E8E760
:1023F000094B1A00F3E7C04600B00540D3C007B050
:10240000008005402D3FF84FFCFF010008200140EF
:1024100000A005406C250020FFFFFF00AA23064A0C
:102420001B0113602F230549D360054B19605368C6
:10243000002BFCDA7047C0460040024000B0FA00B2
:10244000006002402C4B2D4A70B51A602C4A2D4B6F
:102450002D491A6014008B689C43FBD12B4D2C4EE8
:10246000B54208D2013E761BB60808CD9847230036
:102470000134B342F9D1FFF7C1FD264A214B1A605E
:10248000214A9368DB43DB01DD09002BF9D14022AF
:10249000214B224C224E9A675A671A67DA66B44279
:1024A00008D223682000002B20D00834FEF756FD08
:1024B000B442F6D31B4C1C4EC022B168200002F07F
:1024C00037FCB460FEF7C4F9FEF70AFDFEF7FEFE26
:1024D000164C174EB44208D2013E361BB60808CC43
:1024E00098472B0001359E42F9D170BD0834FEF7A4
:1024F00027FDB442D5D3DDE700E00040BFCDFBFEB1
:10250000FE7F3C0000F0004000C000408817002023
:1025100098170020FFFFFF0100F001408017002006
:10252000881700200000002000ED00E09817002030
:10253000A017002000BEFDE7094A0300106800282C
:1025400005D00849C3188B4207D813607047064866
:102550000449C31810608B42F7D901204042F5E7C7
:102560006421002000000420F825002010B5FFF7AA
:10257000E1FFC0460FB400B5084883B002F0BAFCD2
:10258000049B002B07D005A91800019101F02CFB3A
:10259000034802F0AFFC0120FFF7CCFF6CBD001038
:1025A0007CBD001010B50148FFF7E4FF80BD0010AE
:1025B0009A4200D2885470477047C046F8B55746D3
:1025C0004546DE464E46E0B598460A9B06009A46CA
:1025D0000D9B0F00934615009B0710D10B9B0C9A87
:1025E00093420CD213005C460B9A9D1A5D44220064
:1025F0004346013439002020B047A542F7D10B9C57
:102600006319002C09D01D0053462A1B013C185D9C
:1026100039004346B047002CF6D10D9B9B070ED5E1
:102620005B46EC1A0C9BA34209D999462A00434603
:10263000390020200134B0470135A145F6D82800E3
:10264000F0BCBB46B246A946A046F8BDF0B54F4621
:102650004646D646C0B584B098460EAB1B78944625
:102660009946129B0D9C109F119E9A0724D4002E10
:102670006AD1BC4220D201221A409246202C00D1BD
:10268000CBE00C9A551E302201E0202C30D00134D2
:102690002A55A742F9D85246002A0DD0B4420BD28F
:1026A0000C9A551E3022202C02D126E0202C61D01D
:1026B00001342A55B442F9D1DA0634D55A0562D428
:1026C000002C5CD10F9A102A00D191E0022A00D18F
:1026D000A1E030220C9C227001244A46002A5CD1E1
:1026E0005A0700D47DE02B220C9D2A5501341CE0B2
:1026F0005246002A02D0202E3CD92024DA0614D5D6
:102700005A0512D4202F00D197E0202E3BD120264D
:102710001F2234000F9D102D00D181E0022D4CD0DE
:1027200030250C9FBD54202CD7D103930C9B6246BF
:102730000093029643460194FFF740FF04B0E0BCCB
:10274000BA46B146A846F0BD012215001D40AA4672
:102750001A4227D04A46002A33D10C321A4230D1CD
:10276000BC429BD2202C00D08BE7202EC5D8DA06A5
:10277000A4D4DAE72024DA06D7D55A0503D4A74231
:1027800021D0B4421FD00F9A102A21D0022A10D093
:10279000202CCAD022000134C2E72D220C9D2A55DC
:1027A0000134C2E7BC4200D386E7202C00D068E7A2
:1027B000E1E7202CB9D02200013462250C9FBD54E2
:1027C000E6E7013ECCE7621E012C00D17AE7A1E7E3
:1027D0009A0616D4202CA8D078220C9D2A550134B4
:1027E000D6E71A07A1D520220C9D2A5501349CE773
:1027F0009A060ED478220C9C227030226270022439
:102800006BE7202C91D058250C9A121915700134C1
:10281000BEE75822EFE76222EDE7002AA7D1AAE738
:10282000023C9D0604D478250C9F3D551400B1E769
:1028300058250C9F3D551400ACE71F226AE7C0469F
:1028400010B5002800D110BD02F008FBFBE7C04620
:102850000B0010B5002802D049681B68984710BDCE
:10286000F0B557464E464546DE46E0B599B082463D
:10287000894690460993229A239B1000190001F083
:10288000EEFC002800D0C8E0229823990122D54B05
:10289000524201F0DFFC002800D0BEE022982399CC
:1028A0000122D14B524201F0C7FC002800D0B4E015
:1028B000229823990022002301F0BEFC002800D0BA
:1028C000E9E1229E239F8023269ADB001A400D9285
:1028D000269A1A4201D1062324933B00334300D0A9
:1028E000B4E0269B1B0500D5BFE1002300240A931A
:1028F0000B94002304250C93259B0024AB4200D9A4
:102900005C1B0223269A1A400D92269A134203D08A
:102910006B426B415B421C400C9B002B07D00A9A18
:102920000B9B3000390001F026FC06000F002298B6
:1029300023990022002301F07FFC002803D080218E
:1029400009067B181F00269AA84B00960197134092
:10295000099E0493249B0394029342463300494604
:10296000504600F0A7F90400002D67D02020269AD9
:102970004946024013005A4253415B42621C1840D0
:102980000A92330022004530D0470C9A6F1ED317AD
:10299000D4185C40D30F9B46002501E0202D13D0B6
:1029A00008AA94461F23200063440A2101355E19BA
:1029B00001F094F93031317020000A2101F08EF9D4
:1029C00026000400092EE9D805230693002304936A
:1029D0000A3303935B46099E029310AB0A9A009355
:1029E00049463300504605970195FFF72FFE0D9A93
:1029F0000400002A22D04246851A259AAA421DD9EF
:102A0000B04657461600220043464946202001356D
:102A1000B8470134AE42F6D810E0269B42460493F4
:102A2000259B49460393249B50460293229B239C5B
:102A300000930194099B00F03DF90400200019B0B7
:102A4000F0BCBB46B246A946A046F0BD684B780034
:102A50009C46400D604401F015FC664A664B01F04F
:102A6000A8FB664A664B01F07DFB664A3B031B0BE5
:102A70001A4304000D00644B11003000002201F0E5
:102A800068FB624A624B01F094FB02000B002000DD
:102A9000290001F067FB01F00DFC0C9001F0F2FB46
:102AA0005C4A5D4B04000D0001F083FB00225B4B90
:102AB00001F058FB01F0FEFB594A8346594B2000B8
:102AC000290001F076FB040058460D0001F0DAFB06
:102AD000554A564B01F06DFB02000B002000290007
:102AE00001F037FB02000B000A900B9101F061FB33
:102AF00004000D000A980B9902000B0001F032FB54
:102B000000220E900F914A4B2000290001F033FB68
:102B10000022484B01F026FB02000B002000290098
:102B200001F029FB0022444B01F01CFB02000B00CA
:102B30002000290001F01FFB0A9A0B9B0D00802149
:102B40000400C905002001F004FB02000B00200076
:102B5000290001F007FB394C02000B000E980F9979
:102B600001F009FB5C440022264B01F0FBFA23052F
:102B7000002201F01EFB04000D0002000B003000DB
:102B800039000A940B9501F057FB00285ED1230011
:102B90002A00C6250C9963318D42AD4126996D42BC
:102BA0000435090500D4A7E6134364D0300039008A
:102BB000234A244B01F046FB002807D000223000B6
:102BC0003900214B01F038FB002854D1249B002B05
:102BD00000D191E60D9B5A1E9341249AD31A249357
:102BE0008AE6C046FFFFEF7FFFFFEFFFFFF7FFFF23
:102BF00001FCFFFFFB799F501344D33FB3C8608BA8
:102C0000288AC63F0000F03F0000F83F61436F6331
:102C1000A787D23F71A379094F930A400000E03F94
:102C20001655B5BBB16B0240EF39FAFE422EE63FB6
:102C300000002C400000244000001840FF0300006A
:102C40002D431CEBE2361A3F80842E410C9B002260
:102C5000013B0C932000164B290001F08CFA0A006E
:102C6000010003000A910B9293E7002300240A93CA
:102C70000B9400230C93249A0C9B9A4214DDD31AD4
:102C8000013B24938023269ADB001A43002300256E
:102C900026920C9330E6802212069446229B1E0058
:102CA000239B63441F000EE600232493EAE7C046FB
:102CB00000002440F0B54546DE464E465746E0B596
:102CC00095B08B46904699461E9A1F9B0A90190014
:102CD0001000209D01F0C3FA002800D0B0E11E983A
:102CE0001F990122C74B524201F0A6FA002800D0DA
:102CF00037E11E981F990122C34B524201F0AAFAF4
:102D0000002800D0A7E01E981F990022BF4B01F0B9
:102D1000A1FA002800D088E01E981F990022BC4B21
:102D200001F08AFA002800D07FE01E981F99002247
:102D3000002301F081FA002800D0FAE000230B9371
:102D40008023229C229ADB001C401A4200D102E11F
:102D5000092D00D87EE106A98C462C0017220023FD
:102D60003021093C62440133D154EF1A202B00D1A9
:102D700032E1A342F7D10022A44B069207931E989A
:102D80001F9901F097FA050001F07CFA02000B0090
:102D90001E981F9901F0DDF9069A079B01F009FAC8
:102DA0000890099101F0AAFA060001F067FA020002
:102DB0000B000898099901F0CCF90022954B089076
:102DC000099101F047FA002800D1D2E00136300025
:102DD00001F054FA069A079B01F034FA002801D05A
:102DE00000260135AA46002F00D098E0280001F007
:102DF00049FA02000B001E981F9901F0AAF9854BB1
:102E0000002206000F0001F017FA0CAB9A460028CA
:102E100045D10022300039007E4B01F01BFA00281A
:102E20003DD1EB073BD5013539E0229B4246049367
:102E3000219B594603930A981E9B1F9C0295009361
:102E400001944B46FFF70CFD15B0F0BCBB46B246F3
:102E5000A946A046F0BD229B5B0767D403226E4BB8
:102E600022990192039121990291009342464B4687
:102E700059460A98FFF7A2FBE6E706AA94461723ED
:102E8000280063440A2101341E1900F0FFFE30318E
:102E9000280031700A2100F0F9FE051E76D0202CA2
:102EA000EBD10323229A1340012B1DD1219B002B30
:102EB0001AD00B9B002B00D0BBE0229A0C3313429C
:102EC00000D0B6E0219BA34200D887E006AB9C4629
:102ED00017223023624404E02199013413558C42B7
:102EE00059D0202CF8D12024229B01940393219BBC
:102EF00002935346B9E706AA944617230A2163446E
:102F0000300001341D1900F0E9FE30312970300025
:102F10000A21013F00F0E2FE092E46D90600202CCE
:102F2000E9D155460CAB20249A46B8E704223B4B26
:102F300096E71E9A1F9B0020002101F00AF9012349
:102F40000B938023229C229ADB001E901F911C4031
:102F50001A4200D0FCE60022314B06270692079366
:102F60000DE7229B0393219B0293042301932D4B96
:102F70007BE7002208980999264B01F05DF90028AB
:102F800000D02FE7002E4FD101362BE70323229AE2
:102F90001340012B68D0202CA6D00B9B002B1FD0F8
:102FA0002D235246135501349EE75546202CB9D0A7
:102FB00030223B19002F4BD0172006A901340918E5
:102FC0000A55202CAED09C42F6D10CAA92462E2255
:102FD00051465C1CCA5462E72024CCE6202C83D0E6
:102FE000229B5B0708D4229B1B0700D47CE720238D
:102FF00052461355013477E72B23524613550134BB
:1030000072E7C046FFFFEFFFFFFFEF7F65CDCD41C9
:1030100065CDCDC10000E03F94BD00108CBD001017
:1030200080842E419CBD0010F30700D4DAE60136FF
:10303000D8E6219B013B2193A34200D946E7AAE7AA
:10304000229B0393219B029303230193084B0CE7DC
:103050002300BAE7074BEA009B185C681B682F0047
:103060000693079400248AE6219B002B93D020E747
:1030700098BD001040BF0010F0B5DE4657464E46E2
:103080004546E0B59FB01C00289B93460A93CC4A66
:10309000CC4B8A4609901A60002900D14DE10023EB
:1030A00020789946002800D14FE1C74B4D46089340
:1030B000C64B0D930AE02A006E1C5B46099D5146E3
:1030C000A847350001342078002872D02528F2D195
:1030D00010239946083B9846043B00219C46022752
:1030E0000134207826000300203BDBB2102B03D8EC
:1030F000089A9B00D3589F460300303B092B6ED99A
:1031000000272A2800D18AE000230B932E2800D123
:1031100076E00300683BDBB2122B1BD8AC4C9B0063
:10312000E3589F46012301341943DAE73943013458
:10313000D7E7634601341943D3E74B4601341943BB
:10314000CFE7434601341943CBE780235B00707817
:103150001943013667280AD824281FD90300253BC4
:10316000DBB2422B1AD80D9A9B00D3589F4603001E
:10317000693BDBB20F2B11D801249C40954AA44631
:10318000904614400C9462464446224200D025E208
:103190000A2B00D101E1072B00D1D8E0099C2A00BD
:1031A0005B465146A04770786F1C741C3D00002898
:1031B0008CD1A9462C00CB4503D801235B425B444C
:1031C00099465B464A4651460020099DA847200083
:1031D0001FB0F0BCBB46B246A946A046F0BD0027D2
:1031E000BB00DF1901367F003F183078303F030005
:1031F000303B092BF4D900230B932E2800D088E70D
:1032000080237078DB0019430300303B741C092BCA
:1032100000D82CE12A2800D138E1260079E70A9B62
:1032200080CB002F03DB60780A93661C6CE70222D8
:10323000607811437F420A93661C65E7672800D1D6
:10324000C8E1472800D104E2452800D104E2072064
:103250000A9B04910733834319000B9A0397029248
:103260000CC90998009201930A912A005B465146C5
:10327000FFF7F6FA741C050025E770786C2800D17A
:103280000DE280235B001943013663E780239B0036
:103290007078194301365DE77078682800D1F9E14C
:1032A00080230136194355E7462800D18FE10720D6
:1032B0000A9B04910733834319000B9A03970292E8
:1032C0000CC90998009201930A912A005B46514665
:1032D000FFF7F0FC741C0500F5E62A00099C5B462C
:1032E000514625206F1CA0473D00741CEBE6890762
:1032F00000D4DEE10A9B2A0098466B1C994643469F
:1033000001CB51469846099C5B46C0B2A047ED19D7
:10331000012F00D893E24C46B1465646099F220041
:103320005B46013431002020B847AC42F7D1B246A9
:1033300043464E460A93741CC5E6274B20780993F2
:1033400000239946002800D0AFE6002433E70A9B0B
:103350001A0008CA9046002B00D1A7E0212008439C
:103360000EA98C461F2262440F27AC4681461500E9
:103370000C9C02E0202C0CD01300380018400100F7
:103380003731092800D80739013429551A090F2B7C
:10339000F0D8654648460C9494E00A9B1A0008CA87
:1033A00012920B9A002A7BD102241A786442002AD6
:1033B0001DD0013418199C461C00030010E0C046C3
:1033C0007930001068250020A4BD001034BE001024
:1033D000E8BD001041900000B92500109C4203D0C8
:1033E000607801340028F9D16346E01A0C908020FF
:1033F000C0008446084080466046014204D00B98D5
:103400000C9C844200D90C900220844608400A900B
:103410006046084200D189E1101E00D170E14246A9
:10342000002A00D11BE10B9A5B1B9046A84444463E
:103430002A00B84699465746B246099E09E05B46BF
:103440003900551CB0474B46585D002800D12CE18F
:103450002A009442F3D156462500BA4647460A9BB5
:10346000002B00D04CE1129B741C0A932BE6002227
:1034700093009B185B0001341A182078303A03003F
:10348000303B092BF4D926000B9242E60A9B023608
:1034900004CBD043C01702400B9230780A9338E631
:1034A0001A78002AA3D00B98441E82E71023080044
:1034B00080279843113318430B00FF003B403942EB
:1034C00000D14DE7082305930B9B2A00049310239A
:1034D0000393002302930C9B0690019316AB009379
:1034E00051465B460998FFF7B1F843460500741C46
:1034F0000A93E8E5622800D1A6E1582800D1B1E19D
:1035000080230A00DB001A409046194200D189E16D
:10351000112399438C46802362469B001A40100079
:1035200062461A4200D023E1802364465B001C40BF
:103530001A4200D032E263465B0600D56BE1634677
:103540000A991B0600D4DBE208C91BB2DA179818E7
:10355000504080B20A91DA0F0C92002B00D118E291
:1035600080460EAA91461F234B441395E1464546DB
:103570001297B0461E0001E0202C0FD028000A212F
:1035800000F0ACFB013437193031397028000A21C2
:1035900000F0A4FB2F000500092FEDD84646CC46CD
:1035A000129F139D634606930B9B059704930A2372
:1035B00003930C9B029316AB2A000194009351468F
:1035C0005B460998FFF742F8741C05007BE5202351
:1035D00019436CE680231B01194338E6782800D094
:1035E0007CE180230A00DB001A409146194200D199
:1035F000A5E20D239943080003330C9380230200B6
:103600009B001A409046184200D078E180230400C5
:103610005B001C40184200D007E2430600D453E28E
:10362000FF210A9B04CB0A4090460A934346002B95
:1036300000D026E1103398434B46002B00D120E107
:1036400000240B9B069004930C9B05970393002387
:10365000B0E780231B01194320231943F7E55B1BC7
:1036600099460C9B099C98465B46B3465646BA461B
:103670001F002A003B003100A0474B460135585D32
:103680000028F6D143460C933B005746B2465E46AF
:103690009B46E4E6C023B078194302365AE5C023BE
:1036A0009B00B0781943023654E55646BA46474661
:1036B000D5E6012F00D832E26B1E9846B8442C00A4
:1036C000A9464546B8465746B246099E22005B4683
:1036D000013439002020B047AC42F7D10A9B56464E
:1036E00001CBBA464746984622005B46099C5146A4
:1036F000C0B2A0474D464346ED190A93741CE2E45C
:103700000C9BA8469F4200D8ADE64446B0465646BC
:103710007D19099FED1A22005B46013431002020FB
:10372000B847AC42F7D1B24646469CE60C98874271
:1037300000D8F0E1424698467919B9465746B24654
:10374000099E0C1A0C922A005B4601353900202094
:10375000B047A542F7D15646BA464F4643460C9A63
:1037600090467A1C0C921A78101E00D057E67AE622
:103770000822072191460A9B07338B4399444A4606
:103780000ACB0C000A921C43DA0F002C4ED0D8173B
:10379000040010904C4011900E94109811990C0058
:1037A0005C400F940E9B0F9C1B1A8C410E930F9440
:1037B0000EA988461F23002443441297B0462700D1
:1037C00013951E000E9C0F9DE1460C9201E0202FE8
:1037D00010D0200029000A22002300F0BDFA013792
:1037E00030322B00F2550D0022000400002BEED1E8
:1037F000092AECD84646CC460E940F950C9A3C000C
:10380000139D129F634606930B9B059704930A230F
:1038100002920393CFE6FF230A9904C913401800CC
:103820000A9198E6102399438C4674E64346002497
:10383000002BE7D1002300240E930F94B8E74346F2
:103840004D460A93741C3EE480230A00DB001A40B4
:103850009146194200D140E10D2399430B3B0800EA
:103860000C93CBE680230A00DB001A4091461942F4
:1038700000D162E10D2320209943033308430C93C8
:10388000BCE66123810600D541230EA91F228C4688
:10389000DBB262440A3B13971495814645460C9F60
:1038A000B0461293160008E03033DBB201343355D2
:1038B000BD420ED3202C0CD005003900280000F0AA
:1038C0000DFACBB20929EFD9129A94466344DBB2C0
:1038D000ECE746464846139F149DB2E66F2800D099
:1038E0003CE10C230800984380230A00DB001A40C7
:1038F0009146194200D02AE108230C937EE60A99EA
:10390000FA3BFF3B0731994301339C468C446346A5
:103910004A680A930B6890469C461343191E06D1C9
:103920004B46103100248843002B00D089E66121EA
:10393000830600D541210EAA91461F234B44994688
:10394000C9B20C9B0A3913971495159645464E46F5
:10395000002467469846814612910CE03032D2B27C
:10396000002301343255AB4200D1BCE0202C00D101
:10397000BCE007000D00424600233800290000F09B
:10398000EBF9D2B2092AE9D9129B9C466244D2B221
:10399000E6E74346002B00D004E6E2E50A9C08CCAB
:1039A000DA0F1392002B00D1A5E0D9175B184B401A
:1039B00098460EAA91461F234B440C95A1464546B6
:1039C0001296E04606001C000A9701E0202E0FD058
:1039D00028000A2100F082F90136A7193031397028
:1039E00028000A2100F07AF92F000500092FEDD8F0
:1039F000C4464C4630000A9F0C9D129E63460693B7
:103A00000B9B2A0004930A230393139B01900293B8
:103A100016AB009351465B4609980597FEF716FED4
:103A20000A940500741CFFF74EFB0A9B10CB1493FD
:103A3000002C04D1102398434B46002B2CD161233A
:103A4000810600D541230EA91F228C46DBB26244B9
:103A50000A3B12971395814645460C9FB0460A9340
:103A6000160008E03033DBB201357355BC420ED38B
:103A7000202D0CD004003900200000F02FF9CBB22B
:103A80000929EFD90A9A94466344DBB2ECE7484629
:103A90004646129FA846139D0B9B2A0004930C9B3D
:103AA00006900393002302934346019316AB0093C1
:103AB00051465B4609980597FEF7C8FD149B050023
:103AC0000A93741CFFF7FFFA03061FD50A9B02CB6B
:103AD00009040A0C90460A93A8E50C2399430A3B73
:103AE00008000C938AE5B84500D83FE74846139F85
:103AF000149D159EA5E54346002B00D07EE758E7B0
:103B000008C9DA17981850400A9124E50A9B04CB9B
:103B100090460A938AE5010001310C9124E60A9F40
:103B20006C1C01CF2A005B46099D5146C0B2A847D4
:103B300025000A97741CFFF7C6FA202319430C23AB
:103B4000994300239946103308000C9356E5082347
:103B50008C460C930D23604698434FE510230A00D2
:103B60009A439446692808D180230A00DB001A4052
:103B70009046194200D1CEE4CAE41C2308009843C1
:103B800080230A00DB001A409146194202D10A2321
:103B90000C9333E50A230C93DCE7C0460EB40122F4
:103BA00030B584B007AC08CC064D01000094280065
:103BB00052420394FFF760FA04B030BC08BC03B073
:103BC0001847C046B125001000B585B0039101210A
:103BD00002900093034813004A4202A9FFF74CFAEF
:103BE00005B000BD5128001010B5094A0300146843
:103BF00084B0002C08D0012200910648524203A94B
:103C0000A047012004B010BD01F074F90020F9E7CD
:103C1000682500204128001001480421014B184765
:103C2000B00E0020493C0010142310B50100188884
:103C300004331B88984710BD162310B5010018885F
:103C400002331B88984710BDF8B54746CE4680B56D
:103C50000F1E19D0142399460433040000250126B1
:103C600098464B461888434621681B88984701C4EC
:103C7000431E9841013540420640AF42F1D1300029
:103C8000C0BCB946B046F8BD0126F8E7124A936FAA
:103C90009B0815D29066D166002905D0FFE7FFE7A3
:103CA000FFE7516F106F704704B580210906C217F6
:103CB0005140002800D0C84307F0AEFF002104BDEA
:103CC000F0B5146E556E576F166FFFF7E3FF14666D
:103CD000556657671667F0BD000000D0114A936F14
:103CE0009B0813D210665166002905D0FFE7FFE755
:103CF000FFE7516F106F704704B5002801D0002016
:103D0000C04307F089FF002104BDC046F0B5146E22
:103D1000556E576F166FFFF7E5FF146655665767C8
:103D20001667F0BD000000D094464A4A926F920890
:103D3000624601D228E0C046F0B5464E346E756E3C
:103D4000776F366F00F020F89446424A1466556645
:103D5000576716676246F0BD94463E4A926F9208D6
:103D6000624601D254E0C046F0B53A4E346E756EEC
:103D7000776F366F00F04CF89446364A14665566F5
:103D8000576716676246F0BD002B24DB11D000296F
:103D90003EDA00B5C943404200D1013100F038F8A5
:103DA000C943404200D10131DB43524200D10133CB
:103DB00000BD002AEBD1002801D1002905D0002048
:103DC000C90FC90701D1C043410800B507F00CFF76
:103DD0000022002300BD00B500290ADBDB4352426C
:103DE00000D1013300F014F8C943404200D1013141
:103DF00000BDC943404200D10131DB43524200D1F2
:103E0000013300F005F8DB43524200D1013300BD1D
:103E1000002923D1002B18D1002A0CD0BC460D4F0D
:103E200038667A6600210023FFE7FFE7FFE77A6F35
:103E3000386F67467047002801D00748010000B579
:103E400007F0D2FE0022002300BD02000B0000207C
:103E500000217047000000D0FFFFFFFF002B00D0C3
:103E6000BFE0130C28D1002AE7D080B4114F396687
:103E70007A66FFE7FFE730B4040C7B6F396F1B04F1
:103E800023433B667A66FFE7FFE7FFE7C04684B25D
:103E90007B6F3D6F1B0423433B667A66FFE7FFE7BA
:103EA000C04600232C042D0C7A6F386F001969412D
:103EB000B0BC7047000000D0F0B594460025140E49
:103EC00001D112020835140F01D112010435940FEB
:103ED00001D192000235D40F01D152000135D40B2B
:103EE0000134254F7C66254C3C660E0C93B2FFE7EF
:103EF000FFE7FFE73C6F6643360C7703BE4673432C
:103F0000DF0B5B04C01AB941130C7343DB18C91AE9
:103F1000CE086643360CB64493B273431F0F1B01A1
:103F2000C01AB941130C73431F0B1B05C01AB941CA
:103F3000860D8F023E436643360C092D24DB520A60
:103F40007243801A7703460A6643360C16235B1BBE
:103F5000DE40DF40BF1964466643821B704604356D
:103F600006330100D940A840C01900D30131A24254
:103F700006D20023F0BD0000000000D0FFFFFFFFCD
:103F8000121B0130F3D3F1E709277F1BFE40644683
:103F9000A2B27243801A00D20139220C7243130C70
:103FA0001204821A99410B00704604351337010040
:103FB000F940A840801900D30131002B02D1A24260
:103FC0000AD2F0BD013000D30131121BFAD2013BFD
:103FD000F8D1A24200D2F0BD013000D30131121B52
:103FE000F7E7F0B51C0C00D080E00CB400251C0AEB
:103FF00004D11B02160E3343120208351C0B04D1E8
:104000001B01160F3343120104359C0B04D19B0096
:10401000960F334392000235DC0B02D192185B41BC
:1040200001351C00971864410134464F7C66464CAC
:104030003C660E0CFFE7FFE7FFE7C0463C6F6643B8
:10404000360C7703BE4697B27743C01B00D20139C6
:10405000C01B00D201399FB27743C91BC91B170C83
:1040600077437E04FF0B801BB941CE086643360CB4
:104070000C2D33DBB644120B1F053A431B0B97B2D2
:104080007743C01B00D201399FB27743C91B170C7D
:1040900077433E043F0C801BB941860D8F023E439F
:1040A000664329277F1BFE400C3D7746AF40BF1972
:1040B00030BCA2B2ABB272437343801A9941220C56
:1040C0007243130C1204801A994102000B0001374D
:1040D000001BA941F9D2781E0021F0BD0C277F1BDF
:1040E000FE4077467F0BAF40FF19E0E700245D1CE0
:1040F00007D0144F7D663966FFE7FFE7FFE7FFE76C
:104100003C6F95B29EB265436643401BB141150CAE
:104110001E0C6543664336042F0C3E432D04401BA2
:10412000B141994204D202000B0020000021F0BDF1
:1041300001D19042F7D3801A994101349942F2D3C8
:10414000F6E70000000000D0FFFFFFFF48404140BD
:10415000484018B41B4B5B68FC46019308BD04DF64
:10416000F743001018B4174B1B68FC46019308BDB9
:1041700000DF014400109446134A926F920809D25E
:10418000624618B40F4BDB68FC46019308BD0CDF98
:10419000B94600100C4AF0B5146E556E576F166F85
:1041A0006246FFF7EEFF084A1466556657671667C2
:1041B000F0BD18B4034B9B68FC46019308BD08DFB3
:1041C0005D450010D0180020000000D0FFB5504021
:1041D0004240504059404B40594000E0FFB5154F18
:1041E0004C00640D03D0BC4204D10C0314D8002051
:1041F000090D09055C00640D03D0BC4204D11C0309
:104200000AD800221B0D1B0501264B4009D44B4048
:1042100003D58B4200D18242FFBD9942FCD190422E
:10422000FFBD0B43DB1803431343F5D0C9434918C3
:10423000FFBD0000FF07000000B5FFF7CFFF804182
:1042400000BDC04600B5FFF7C1FF01D9002000BD89
:10425000012000BD00B5FFF7B9FF804100BD01207E
:1042600040054A00121804D85A00121801D800203C
:10427000704701207047002070470000002100288F
:1042800005D17047C1174840401AFAD0C90713B585
:10429000064B1B6898470CBC441CA2401005120B2F
:1042A0000349091B09051943114310BD9C25002032
:1042B0001F04000010B54C00620D8023D218DB00F3
:1042C000D21A5B057E2A10DD9E3A13DACC17090359
:1042D000490819435242D140640001341532202A62
:1042E00005DAD0400843604310BD002010BD0846E9
:1042F000604310BDC80FC018013810BD18B4044B7E
:104300005B6AFC46019308BD24DF69480010000089
:10431000D018002018B4044BDB6FFC46019308BD95
:104320007CDFE94800100000D0180020132370B58E
:104330001D78012D15D010DD1D48FFF77DFC1D4CAB
:1043400001008022200000F0F3FC022D2DD01A483D
:10435000FFF76AFC194B186070BD194B154CA3642C
:10436000F5E7174B134C23606360A360E3602361A0
:104370006361A361E36123626362A362E362236317
:104380006363A363E36323646364A364E3642365F7
:104390006365A365E36523666366A366E3662367D7
:1043A0006367A367E367A364D1E7054BA364CEE724
:1043B00053440000D01800204C3300009C250020FE
:1043C000C543001007B5604601880A0A0230DF2A9B
:1043D000FAD1C9B2820804D302884088000410438D
:1043E00000E00068014A5050039007BDD01800203B
:1043F0000FB403BC0CBCF0B50124E407634000E03B
:10440000F0B50C0DCF0F661E3605891B640503D36E
:10441000C943404200D30131640D03D0661CF60A43
:1044200007D0E41B00207F00791C89078912803C9B
:1044300024031D0DDF0F6E1E36059B1B6D0503D378
:10444000DB43524200D301336D0D03D06E1CF60ADC
:1044500007D0ED1B00227F007B1C9B079B12803D39
:104460002D032F1B661B58D4A446202E46DA203776
:104470001400BC401D00BD40F24033412A43801867
:104480005941CB0F05D0C943C0430022644250417B
:10449000514162464D0D28D10D0D07D100281FD086
:1044A000241940414941013A0D0DF9D0640006D369
:1044B000013000D30131002C01D140084000013A05
:1044C0000BD4941CE40A04D112051144DB071944EF
:1044D000F0BDD907204B194300E0D9070020F0BDFB
:1044E0000029DDD1002CDBD1F0BD0132C607400828
:1044F000CD0728434908002EE1D0D9E73C2E29DA20
:10450000203E40371400BC4000D00124F240144348
:104510001A00BB401C43D317ACE7AC46202F08DA87
:1045200020360400B4400D00B540F840394128431E
:10453000A5E73C2F0CDA203F40360400B44000D001
:104540000124F84004430800B1400C43C117EAE7D6
:1045500010001900002494E70000F07FF0B50C0D66
:10456000661E3605891BE60A6405640D02D0651CCB
:10457000ED0A04D0002001210905803C2403A44653
:104580001C0D671E3F05DB1BE70A6405640D02D0A6
:10459000651CED0A04D0002201231B05803C240386
:1045A0007740644497B484B296B27443070C7E4358
:1045B000150C6F4380B26843361802D30120000403
:1045C0003F183004350C00197D41844688B29AB2F8
:1045D00050430C0C62431F0C7C438EB27E439219F5
:1045E00002D301263604A4191604170C36186741A5
:1045F00001BC81B29AB25143040C62431B0C5C4370
:1046000080B25843121802D3012000042418100469
:10461000130C401863412D185E410020474106BC31
:1046200088B293B258430C0C6343120C544389B2C2
:1046300051435B1802D301210904641819041A0CB0
:10464000091862416D1856410020474118BCF90213
:10465000720D1143F0026A0D1043ED020A0D03D1F1
:104660006D1940414941013B124E9B1B7600B342FC
:104670000ED26D0007D301300026714166463543E6
:1046800001D1400840001B05C918E4072144F0BDD2
:104690000BDA013306D1013004D101314F0D01D0C5
:1046A0004908F2E7E1070020F0BD0136310500209E
:1046B000EBE70000FF030000F0B51C0D671E3F058F
:1046C000DB1BE70A6405640D02D0661CF60A04D001
:1046D000002201231B05803C2403D0252D06002643
:1046E000F6432E661E096E66CE0FF619B4464900D3
:1046F0004F0D02D07E1CF60A03D000200021403F5F
:104700003F033E1BB600B444013F7F05C91B490867
:104710002E6F013676089C02950D25437543ED13E7
:104720007543AD1301356D10F603761B0CB4CC0246
:10473000450D2C43A2B2B3B25A43270C7B43350C30
:104740006F43A4B26C431B1902D3012424043F1904
:104750001C041D0CA4187D4124196D41009A91B2CE
:10476000ACB26143170C7C432B0C5F4392B25A43AB
:10477000A41802D301221204BF182204230C5218D9
:104780007B41019C6C431B19520ED9010A43440121
:10479000A01A81B2B2B2514303145A43360C734388
:1047A00087B27743D617D21900277E4136049B196A
:1047B0001704160C7F185E417316ED18F3010026DE
:1047C00080337541A90F06D16400690AE8055B0AC8
:1047D000184309D22FE00422944480337541A90A7A
:1047E000A8059B0A184326D3404149412404009A56
:1047F000019B0D005543641B4343E41A95B286B2F6
:104800007543170C7E43030C5F4392B25A43B618AC
:1048100002D301221204BF183204330C52197B4117
:1048200052429C41002C02D40022013051414008E8
:10483000CA071043490802B06246D7079210084BD6
:10484000D218084B9A4203D212058918C919F0BD33
:104850000020002A01DC3900F0BD01331905F5E71D
:10486000FD030000FE070000002200B5203200F02A
:1048700004F8080000BD000000220B150AD410B592
:10488000944600F05FF81414013400DA0021CB17CD
:10489000144C20470020002170476244343A0CD465
:1048A0000C2A07DA04009140904052422032D44052
:1048B000214310BDD843D94310BD203207D40C4644
:1048C0009440524220321141D040204310BD080094
:1048D000C917203203D452422032104110BD1800B3
:1048E000190010BD9B4800104A00520D144BD21AFB
:1048F00013DDFF2A1EDAD205CB0FDB071A43C300F4
:10490000400F0903490A084310435B0001D301D05B
:10491000013070474308FBD2704702D0C80FC00770
:1049200070470A0312130132F8D1420F072AF5D15A
:10493000012200E0FF22C80F00028018C005704766
:10494000800300000A0DCC0F531E1B05C91A520527
:1049500003D3C943404200D30131520D03D0531C4D
:10496000DB0A07D0121B00206400611C8907891232
:10497000803A1203014BD21A70470000FF03000077
:1049800051434343C9188C46110C83B24B4310B4B6
:10499000040C614392B280B2504362431C041B0C6E
:1049A000001910BC59411304120CC0185141614444
:1049B000704700004840414048400E4B5B68184734
:1049C0000C4B1B6818470C4A936F9B0802D2094B8B
:1049D000DB681847F0B5146E556E576F166FFFF70A
:1049E000F6FF054A1466556657671667F0BD014B1A
:1049F0009B681847D0190020000000D0491A0028F1
:104A000008D1084670470000C10FC90700D54042D1
:104A1000002817D0F44603B40B4B1B68984706BC1C
:104A200081409E384042803107D20B0607D04900B2
:104A3000490AC0051043084360470130F8E7490AB6
:104A40008902F5E7704700009C250020014B5B6A56
:104A500018470000D0190020014B1B6B18470000BD
:104A6000D0190020034BDB6FFC4618477CDF9D4CC0
:104A700000100000D01900204100090E862902DA3A
:104A8000044BDB6B1847044900B500F0EBF802BC9F
:104A90008E46F5E7D0190020DB0FC9404100090E12
:104AA000862902DA044B1B6C1847044900B500F054
:104AB000D9F802BC8E46F5E7D0190020DB0FC940BB
:104AC000132310B512481C78FFF7B6F80100012C2B
:104AD0000AD003DD80220F4800F02AF90E48FFF7C4
:104AE000A3F80E4B186010BD0A4C5422200000F0B1
:104AF0001FF90B4B6365A365E36523666366A366D5
:104B0000E36623676367A367E3672362E361E5E71F
:104B100053460000D01900204C3300009C25002093
:104B2000714C0010F0B546464F46D646C0B5FF263C
:104B3000C50DCB0D354088461700041C1E40002AC9
:104B400001D000231360FF2D52D0002E50D0002D35
:104B500055D0201CFF2E4DD03300013BB246AB4256
:104B600048DC802212049146E10F6402640A144377
:104B700042464E465202520A1643B146AB4240D01C
:104B8000002954D0534600216442ED1A002D5ADD0D
:104B90004B460120D9114042FFF7A0F81D23002108
:104BA0009C462A000C2D00DD0C22664663129440C0
:104BB0004343B61A334126004C46914001335B1003
:104BC0005C435918341BAD1A002DEADCA14538DCD2
:104BD0004B46E41AA14541DCE41A023163004B451F
:104BE00002DC16D1CB0714D54B460131E41A10E094
:104BF000FF20C005E0BCBA46B146A846F0BD002083
:104C0000F8E7B442F6DD7300002922D1AA46E41A7F
:104C100001314346002B00DA4942002F00D03960B1
:104C2000534696212000C91AFFF716FFE2E75346C4
:104C3000ED1A002DACDC0021B442D5DB0121A41B10
:104C4000CCE7002CCADA4B46E41809D54C440239AB
:104C5000C4E70121AA461C1B4942DAE70131BDE73E
:104C60000139BBE710B50022FFF75CFF10BDC0465D
:104C700007B5604601880A0A0230DF2AFAD1C9B2B4
:104C8000820804D3028840880004104300E00068D2
:104C9000014A5050039007BDD0190020C30FDB0715
:104CA00041000A0E07D0FF2A08D00909054A8918D1
:104CB0001943400770471900002070470249C9187E
:104CC000FAE70000000000380000F07F10B5040093
:104CD00006F00EFA002804D0034B04199C4200D8B9
:104CE00010BD0248FDF746FC0000042090BF0010F4
:104CF00010B50C0006F0C2F9002804D0034B0419CB
:104D00009C4200D810BD0248FDF734FC000004208E
:104D100090BF001001480421014B1847C00E00202D
:104D2000493C0010014B1B6818470000C00E0020D2
:104D3000014B5B6818470000C00E0020F0B54646E6
:104D40004F46D646C0B5437D80460E001700002B67
:104D50004BD0002A32DD274B01259A464B1E0024FA
:104D60000020994607E0335D0A2B2CD02B0001343C
:104D70000135BB4213DA002CF5D133780A2BF5D17B
:104D800043461B7D002BF1D14346504602211B6850
:104D9000984728002B0001340135BB42EBDB8742EA
:104DA00004DD4346391A1B6830189847F619013E4E
:104DB00033780D3B5A42534142461375E0BCBA4624
:104DC000B146A846F0BD4B461B5D0D2BCED0A04290
:104DD000DADA4346211A1B68301898474346504692
:104DE00002211B6898472800D4E7036811003000AF
:104DF0009847E3E700C00010F0B5C6460B68060010
:104E00000C0000B5802B06D05A1C2260E4182671D5
:104E100080BCB846F0BD0F4B1D68002D16D00B1D91
:104E200098460D4F02E02D69002D0FD02B68002B06
:104E3000F9D03B68002B01D0AB42F4D128004146A9
:104E40002268FFF77BFF2D69002DEFD1012200239F
:104E5000DBE7C0464821002060210020F0B5CE46A7
:104E6000474680B583B06B460600DD1D2870FCF711
:104E70008BFC00231A4A12184B41802109068B42F1
:104E800002D30122174B524217490800884606F008
:104E9000EBFE164B81461C68002C14D0144F02E028
:104EA0002469002C0FD02368002BF9D03B68002B1D
:104EB00001D0A342F4D1200001222900FFF73EFFD8
:104EC0002469002CEFD14B46002B05D1300003B0F4
:104ED000C0BCB946B046F0BD404606F07DFEF5E7E1
:104EE00040420F00FFFFFF7F801700204821002075
:104EF00060210020F0B5DE4657464E464546E0B5F7
:104F000085B0070006F01CFC0600FCF73DFC002302
:104F10002B4A12184B41802109068B4202D30122F1
:104F2000284B5242284908008B4606F09DFE274B2D
:104F300001901C689A46002C3BD0254B984602AB4A
:104F4000DD1D0A23994602E02469002C17D023684E
:104F5000002BF9D043461B68002B01D0A342F3D1AC
:104F6000200032003900FFF7E9FE4B462000012205
:104F700029002B70FFF7E2FE2469002CE7D1019B8A
:104F8000002B18D153461C68002C06D06368002BF8
:104F90000BD098472469002CF8D1300005B0F0BC44
:104FA000BB46B246A946A046F0BD2469002CEDD10F
:104FB000F3E70028F1D0584606F00EFEE2E7C046BF
:104FC00040420F00FFFFFF7F801700204821002094
:104FD000602100200A4A1368002B05D10CE01A005A
:104FE0001B691032002B07D09842F8D1002902D15A
:104FF00003691360016170470029FCD01060FAE773
:1050000048210020F0B5CE46474680B5A3B0040045
:105010000D00FCF7B9FB0023294A12184B418021EF
:1050200009068B4202D30122264B5242264F3800FA
:1050300006F01AFE00230600019322002B002348ED
:1050400001A9FEF7C1FD019B8046002B14D1204B26
:105050001C68002C06D06368002B0BD0984724698D
:10506000002CF8D1002E25D1404623B0C0BCB94653
:10507000B046F0BD2469ECE7154B1D689946002D3C
:105080001CD0144C02E02D69002D0FD02B68002B92
:10509000F9D02368002B01D0AB42F4D12800019A4B
:1050A00002A9FFF74BFE2D69002DEFD14B4601956C
:1050B0001C68CEE7380006F08FFDD5E70195D1E7F3
:1050C00040420F00FFFFFF7F80170020F94D0010C6
:1050D00048210020602100200FB400B583B004A94E
:1050E00001C90191FFF78EFF03B008BC04B0184757
:1050F00010B500F0D1F800F0CBFA012010BDC04689
:10510000F0B5002915DD0E4B0D271A680D4B0E4C1E
:10511000D3185D426B41451820215B001E5F047867
:10512000A64207D093691942FCD101301460A8420D
:10513000F5D1F0BD93691942FCD11760F2E7C04682
:10514000CC2500200080FCBFC825002030B504001D
:105150000D1E30DD00201021204B013C1A689369A0
:10516000194217D1013093691942FCD113682354B5
:105170008542F4D11A4B1B68002B09D050233821EB
:105180009363536B3432194080235B0113431960DE
:1051900028000FE0124B1B68002B09D05023382148
:1051A0009363536B3432194080235B011A431160BF
:1051B000002810D030BD0A4B1B68002B0BD05022AA
:1051C0003821064B1B689A635A6B34331140802296
:1051D00052011343196003204042EBE7CC25002025
:1051E000C8200020064B10B51B68002B06D00021FC
:1051F000044A12689163044A1068984710BDC0467B
:10520000C8200020CC250020D02000201D4BF0B568
:105210001A68C64698461C4B0E00D31859424B419B
:105220001A4F14331C00050000B53B68002807D056
:10523000002B11D0164B3D601E6080BCB846F0BDFF
:10524000002BF7D0906300212000FBF789FB2000A2
:105250001049FBF709FDEDE720000E49FBF7B8FB0D
:1052600001212000FBF77CFB4346502238211B68BC
:105270009A635A6B343311408022520113431960F0
:10528000D8E7C046CC2500200080FCBFC820002005
:10529000D0200020E55100100C4B10B51B780C4BB2
:1052A0000C4C1B780C4B022100202360FBF7FCFA0E
:1052B00002210120FBF7F8FAE12120684902FCF7FE
:1052C000D9FD01210548FFF785FE10BDB4CA0010C5
:1052D000B0CA0010CC25002000400340D00E0020B2
:1052E0007047C0460022014B1A707047ED25002020
:1052F0004B790020FF2B0BD18B79002B08D1CB7978
:10530000012B05D1082A03D9024B8A7809301A707B
:105310007047C046ED2500200120704770B5012977
:1053200001D0012070BD13495379107909781B020F
:10533000034300209942F5D15378012B08D0022B6A
:10534000F0D1002064220021FDF71AF80120E9E7DE
:105350009478D278050012021443D20502D5620A6D
:1053600093401D000448FEF75FFC7F2103002140AD
:1053700028009847ED2500205542000001230370C6
:105380000048704744C000104B780A781B02134352
:105390008A7810B512041A43CB781B061343962261
:1053A000D200934200D010BD0348FEF73DFC00211F
:1053B000030008009847C04655420000024B1860A1
:1053C000024B19607047C046CC200020D42000203A
:1053D00010B5024B1878FBF7D5FA10BDF125002067
:1053E000114B70B51A68002A1AD0EFF3108172B60B
:1053F00010680028FCD0BFF35F8F00200B4A596073
:1054000010701B68BFF35F8F186081F31088002451
:105410000025074B1878FBF7B5FA2900200070BD6E
:10542000FA240025A400F4E778250020F2250020C6
:10543000F125002070B5040000200E0001F016FBDD
:10544000002836D0002001F029FB002831D0FCF7DD
:105450009BF90023184A12184B41802109068B4200
:1054600016D2164D280006F0FFFB002821D00020A0
:1054700001F0FCFA00280FD101200021404200F089
:10548000C3FC03246442280006F0A6FB200070BD84
:1054900001220B4B5242E4E7002001F0FFFA002802
:1054A000EAD021003200002001F004FB041EEAD102
:1054B000E7E703246442E9E740420F00AC250020FF
:1054C000FFFFFF7FF8B5DE46574680B505000C00AC
:1054D000FCF75AF90023374A12184B41802109067C
:1054E0008B4202D30122344B5242344908008A468F
:1054F00006F0BAFB002803D1C0BCBB46B246F8BDDB
:10550000002001F0B3FA00284AD00026002C43DD29
:105510002B4B9B4614E0A919002001F03FFB07002C
:1055200001200021404200F06FFC002001F0FAFA57
:10553000FCF72AF9224BF61918605960B4422BDDAA
:10554000002001F045FBA71B0200B84200DD3A0035
:10555000002AE0D101200021404200F055FC00204B
:1055600001F0E0FA002001F081FA002814D00020B8
:1055700001F02EFB0028E1D1FCF706F95B460F0095
:105580001A685B68002184460E4812184B419F42FE
:1055900002D8D3D19445D1D9504606F01DFBABE7D4
:1055A00000200021064B18605960504606F014FB9D
:1055B000A2E7C04640420F00FFFFFF7FAC2500205E
:1055C000C818002020A1070010B5244C84B0002189
:1055D000200006F029FB00281CD1214B1A68002A64
:1055E00016D0EFF3108172B610680028FCD0BFF31C
:1055F0005F8F01241B48596002781B68D2B2047087
:10560000BFF35F8F0020186081F31088002A0AD052
:1056100004B010BD01200021404200F0F5FB200045
:1056200006F0DAFAF4E7FBF787FE0400FCF7ACF8C3
:10563000FA220023920012184B41802109068B4266
:1056400002D30122084B5242012102910021019113
:10565000064920000091FBF773FED9E7AC25002036
:1056600078250020F2250020FFFFFF7FE153001086
:10567000054B10B51868002804D0044B00221968A7
:1056800001F064F810BDC046CC200020D4200020DA
:10569000D02310B51B0684B01C68FBF74DFEFBF74A
:1056A00013FFA04202D0002004B010BD274B1B788E
:1056B00001F070FC2648FBF743FC0120FBF722FCBD
:1056C000FF23244C244920701840FBF781F92078EF
:1056D0000121FBF745F90520FBF75CF9002827D1EC
:1056E000FBF72AFE0400FCF74FF8FA220023920091
:1056F00012184B41802109068B4202D30122174B1D
:10570000524201210291002101911549200000918E
:10571000FBF716FE0822040000211248FFF702FBE7
:10572000002CC0DB10480121FFF754FC0120BBE72F
:1057300000220E490520FBF79DF9FBF797F8094B6E
:1057400001001800FBF726FCECE7C046B8CA0010C1
:10575000AC250020F1250020C9550010FFFFFF7F78
:10576000E153001078250020E80E0020D1530010EE
:105770000048704714C1001000487047C0C00010B6
:1057800010B5040017480378002B20D0002C06D158
:10579000154B16484380063BFF3B038010BD052C8C
:1057A00019D8134BA400E0581249002304E0013338
:1057B0000A800231132B10D0C25C002AF7D1C0221C
:1057C0000133DBB25B00920008481343E5E7112187
:1057D00000F01AF8DAE70020E0E7CA2303489B004C
:1057E000DBE7C046D025002009040000202100206E
:1057F000A8C000102221002010B5024800F0D8F8FF
:1058000010BDC0469425002030B54B1E012900D1A3
:10581000A7E0664A11780D112C0030349F2900D979
:10582000A2E00470012B00D1BEE00F2114782140CA
:105830000C003034092900D998E04470022B00D1C3
:10584000B2E054782511290030319F2C00D990E026
:105850008170032B00D1A7E00F2121400C003034D0
:10586000092900D987E0C470042B00D19CE094780A
:105870002511290030319F2C00D97FE00171052BC3
:1058800000D191E00F2121400C003034092900D9CA
:1058900076E04471062B00D186E0D47825112900EA
:1058A00030319F2C00D96EE08171072B00D17BE055
:1058B0000F2121400C003034092966D8C471082B0F
:1058C00000D171E014792511290030319F2C5FD867
:1058D0000172092B68D00F2121400C0030340929B6
:1058E00058D844720A2B5FD05479251129003031E1
:1058F0009F2C52D881720B2B56D00F2121400C00C7
:10590000303409294BD8C4720C2B4DD09479251111
:10591000290030319F2C00D9073101730D2B43D062
:105920000F2121400C003034092901D937310C00F6
:1059300044730E2B38D0D1790C11220030329F29BC
:1059400000D9073282730F2B2ED00F220A4011008C
:105950003731092A01D830321100C173102B23D0FE
:1059600010300023037030BD07345AE737310C0084
:1059700063E707316CE737310C0074E707317DE7E7
:1059800037310C0085E707318EE737310C0095E79A
:1059900007319DE737310C00A3E70731AAE737311C
:1059A0000C00C4720C2BB1D1C018DAE7942500208A
:1059B00030B5002589B004000922002101A8009516
:1059C000FFF7B0F90922002105A80495FFF7AAF90D
:1059D0004B236A466846137004A90D2206F0F4F8BA
:1059E0001521082220006944FFF7A2F909B030BD53
:1059F00010B501210520FAF7B3FF10BD10B5002244
:105A00000021024800F05AF910BDC046882100204C
:105A10008022024B5202DA647047C04600201150C7
:105A2000F0B5C64600B5060000F022F90C231B4D68
:105A3000FF22AB6705201A49FBF71CF84023984664
:105A4000184C402200212000FFF76CF94346012743
:105A5000238321210023144A6770A26013606354DA
:105A60005F31618441462187053963540F4A1049EB
:105A70006360E260A1620B606362E26206F0DCF8E0
:105A800080239B052F64EB6490230A4A3000EA5080
:105A9000FFF7BEFF80BCB846F0BDC0460000115005
:105AA0009D04002068210020840010500001105047
:105AB0008000105010D001000B785B0602D14B78AB
:105AC000052B00D070478A78014B1A60FAE7C04670
:105AD00000001150F0B5C64600B5CC7888780A7938
:105AE0004B797F21A40701401B02C50913434F00D6
:105AF000A20F1400324E7A195201B2189070012090
:105B00006840507000205B055B0DD0701383D47625
:105B10008046CA00012D33D02A4884468801624459
:105B20008446B4446046826040461060002933D009
:105B3000254AC90090466246414451603F223F33A6
:105B40009343022C00D15B0020487A19016852016E
:105B5000B218D1601E4ACB18036051405A408023CE
:105B600088465B019A4228D84346A4061C438023FA
:105B70007F197F01F61972681B062343136011E039
:105B800014488446880162448446B4446046826274
:105B900040461060002909D100236D0175196B6022
:105BA0000D4BEB60012080BCB846F0BD084AC9002F
:105BB0009046624641445162C0E7FCF7F3FCD3E7EC
:105BC000682100208400105004001050702500202F
:105BD00000001050800010500001105010B506F069
:105BE0002BF810BD10B57F200C0020404000E409C8
:105BF000110000191A00034B4001C01800F05EF8B4
:105C0000012010BD682100207F23180010B5084036
:105C10000B420BD0C90980224000074B40184001BD
:105C20000021C018120106F02FF810BD0223034A0C
:105C3000C9095B1A9366EEE7682100200020115025
:105C40007F22130010B50B400A4200D110BDC909D4
:105C50005B005B1804485B01C01800230022034965
:105C6000C37006F011F8F1E768210020FFF7FFFF8D
:105C700080220D4B520410B51A600C4B0C491A606F
:105C800010008B689843FBD10A4C9C220021200015
:105C9000FFF748F88022002152010748FFF742F839
:105CA0000923636710BDC04600E0004000F00040DB
:105CB00000C000400000115000001050002310B53B
:105CC000C3820133828283760161040005F094FF70
:105CD000002804D080219023074A8902D150200057
:105CE00005F092FF002802D00123237710BD200089
:105CF00005F0C2FFFAE7C04600201150024B587869
:105D0000431E9841C0B270476C1E0020024B1878A9
:105D10004007C00F7047C0466C1E0020034B187828
:105D2000FF38431E9841C0B27047C046240F002080
:105D3000F0B5C64600B52A4E05003378FF2B01D0DA
:105D400001203FE0532200212648FEF7EBFF264CBE
:105D50002000FBF7F5F8254B1C60254C2000143C77
:105D6000FBF70AF9200001F0E3FB224B224F1C60F5
:105D7000224B9846002B1DD03800FFF7FFFA204B2E
:105D800018603B7842460024002A15D01D4A9046F0
:105D900042469C4219D3904701343B78E4B2A34277
:105DA000F6D228003570FFF73BFE2800FFF720FEF3
:105DB000012007E03B78E5E700F016FF3B78002B79
:105DC000EFD0002080BCB846F0BD0D4A63001268D9
:105DD0001B19DB00D318002BF3D01A68DBE7C04691
:105DE000240F00206C1E0020241E0020C01E002056
:105DF0001C0F0020C41E0020E72500207D5300104A
:105E0000441B0020E96B0010F0B5DE4657464E46B5
:105E10004546E0B591B001F0C3F8002800D115E186
:105E2000CA4BCB4E0193CB4B0DAC0293CA4B9B4656
:105E300035686A69EFF3108172B61368002BFCD0E5
:105E4000BFF35F8FA9612800210001F0B3F96A69EF
:105E5000AB69BFF35F8F0021116083F310880028C6
:105E600000D1F3E06378082BE2D8019A9B00D35865
:105E70009F466368002BDBD0A0689847D8E77F2255
:105E80002179B44D0A405300C809EB181B181800BB
:105E900001273030C578BD43C570C5780337BD4391
:105EA000C570002A00D1EEE0AC4ADB7C002A06D0A7
:105EB000AB4A1278934200D264E19B1ADBB2002B0A
:105EC00000D0C3E0A74DA36862792078A847AFE768
:105ED0000122A04D01212B78042013432B70332382
:105EE000EA5C8A43EA54EA5C8243EA540133EA5C9E
:105EF0008A43EA54EA5C8243EA54237800209A46B3
:105F000000F026FD602223791A40602A0DD0402A35
:105F100000D1BEE0DB06DB0E012B00D13DE1022B00
:105F200000D1D3E0002B00D1C2E020780021FFF7A0
:105F30006BFE80212078FFF767FE79E7029B1B78D4
:105F4000DB0700D474E7884B002B00D170E700E03A
:105F500000BF6DE77F4D2B78DB0700D468E7834BEC
:105F6000002B00D164E728780007C00F00E000BFD5
:105F70005EE723787A4F794A984600253B78002AD5
:105F800049D0B1463E005F463A009D4265D3404647
:105F9000904701353378EDB2AB42F5D24E46BB4661
:105FA0006C4D532200212800FEF7BCFE1022FF2179
:105FB000E81CFEF7B7FE28002022FF211330FEF771
:105FC000B1FE2EE02378664F644A984600253B7860
:105FD000002A2FD0B1463E005F463A00AB4247D878
:105FE0004046904701353378EDB2AB42F5D24E468C
:105FF000BB46584D532200212800FEF793FE102285
:10600000FF21E81CFEF78EFE28002022FF2113301E
:10601000FEF788FE15E0404600F024FE3B78002B9A
:10602000BED000F08BFC524B002B00D100E700E00B
:1060300000BFFDE6404600F015FE3B78002BD8D0AF
:10604000444D00F07BFC2379AB70F1E611B0F0BC5D
:10605000BB46B246A946A046F0BD464A6B00126850
:106060005B19DB00D318002B00D1AEE15A688EE734
:10607000404A6B0012685B19DB00D318002B00D17B
:10608000A6E15A68ACE7A3686279207800F074FC56
:10609000CEE63948002800D147E700F059FC01213D
:1060A00050460EAA00E000BF002800D0C0E63CE742
:1060B000202A00D1A6E0002A00D036E76379092B18
:1060C00000D932E72D4A9B00D3589F467023217A8E
:1060D0000B4200D029E70F330B405B00CF09E818D3
:1060E000C019C07C039384461C48002808D01C4873
:1060F0000078844500D2A8E06346181AC3B29C46D3
:106100006046002800D09AE0002A00D059E11C4BDC
:10611000984663791A00994602239A43012A00D1CE
:1061200059E14B46002B00D0FFE6039B0CAAEB186D
:10613000DB193033DB7802329B07DB0F13805046CC
:1061400002230EA900F0A4FB72E6C04688C100102D
:10615000C41E00206C1E0020656C00107D530010D2
:10616000E7250020596E001000000000000000002C
:1061700000000000441B002000000000ACC1001023
:1061800014C20010C04A58001268C318DB00D318AC
:10619000002B00D15AE71D6995E6237A0F2B00D911
:1061A000C3E6BA4AEB18DB78002A05D0B84A127861
:1061B000934265D39B1ADBB2002B00D0B5E6B548FD
:1061C000B54D00F0C5FB01215046EB680EAA98477B
:1061D000002800D02CE66022150023791D401A42C9
:1061E00000D0A2E663790A3B012B00D99DE600F0BE
:1061F000AFFB63790A2B00D12FE150460EA900F0C6
:1062000031FB15E6237A0F2B00D98EE69F4AEB1857
:10621000DB78002A06D09E4A1278934200D2FDE035
:106220009B1ADBB2002B00D07FE69A489A4D00F013
:106230008FFB01215046EB680EAA984734E7002AED
:1062400000D072E60023984663E763465B009846F9
:10625000C4446346DB009C468B480068604480462B
:10626000002A00D155E7002800D15EE6C06800F0A2
:106270006FFB434601215046DB680EAA984713E79F
:10628000814A59001568CB18DB00ED18002D00D1AC
:106290004BE6E86895E7E388012B00D045E6082245
:1062A0002B78504693430EA92B7000F0DBFABFE524
:1062B000022029780CAB9A1C8B068908DB0F014061
:1062C0000B433BE7A37999466B78994507D06B78E8
:1062D000002B00D04AE14B46002B00D0E8E04B46B3
:1062E00050460EA96B7000F0BDFAA1E56B780CAAC0
:1062F00002321370504601230EA900F0C9FA97E547
:10630000E3881A0AD8B20F2A00D90EE6634993002F
:10631000CB589F460EA800F021FB5046A179FFF70D
:106320006DFB02222B7813432B7081E5E388012B50
:1063300000D0FAE508222B78504613430EA92B70A3
:1063400000F090FA74E5564B002B00D1EDE500E02B
:1063500000BF021E00D1E8E5D37891781B020B4301
:1063600050460EA900F094FA9EE64E4B002B00D149
:10637000DBE500E000BF021E00D1D6E550461378F1
:106380000EA900F085FA8FE62189FFF7F9F9021EC0
:10639000F4D1CAE5022A00D15FE1434B002B00D1C2
:1063A000C3E500E000BF0200002A00D1BDE5D3E74D
:1063B000FFF7DEF9122302000EA9504600F068FA3A
:1063C00072E6354B3348984651E74E46BB4628E6C1
:1063D0004E46BB4634E6E288002A09D14B46012BE3
:1063E00027D0039BEB18DF193037FB789B073DD58F
:1063F0004346002B00D11BE5D86800F0A9FA4346BC
:106400000121DB680EAA50469847002000F0A0FA50
:106410003423EB5CDB0700D50AE5EEE61A4A5900A7
:106420001568CB18DB00ED18002D00D17DE5E8687C
:10643000FDE6039BEB18DF193037FB789B07D7D5B8
:106440001A4B1878FFF7FCFB0222FB7893434A466D
:10645000FB70FB789343FB70CAE70CAB9A1C504669
:1064600001230EA9157000F013FAE1E40F4B187820
:10647000FFF7CAFB0222FB7813430122FB70FB7873
:106480001343FB70B4E7C046441B00207D5300104B
:10649000E7250020756D001014C20010D4C1001053
:1064A000000000000000000000000000240F002099
:1064B000581EC0B2FFF760F9002800D135E54378D7
:1064C0000793022B00D030E50121C37907009A1110
:1064D0005B110A400B4052011B0113432A782F31F4
:1064E0008A4313432B70C37882781B021343C3186B
:1064F0000693664BA8460593654B09370A934B46AE
:10650000B1460B93069BBB4200D8AAE001227B78E0
:1065100003920B2B03D1FB7803933B78FF187B7816
:10652000042B21D10025069BDB1B9BB20493059B0A
:106530001A780A9BAB424DD0564B0893564B0993A1
:10654000089B099EAA427FD839005046049A984772
:106550008446082802D9049A824247D2059B013515
:106560001A78EDB2AA42EBD24E46DEE45046FFF76F
:1065700035FBAB78454F464A039300213B78002A10
:106580001FD0464A04922A000D009046049A9D426C
:1065900050D35046904701353B78EDB2AB42F5D22F
:1065A0004546532200212800FEF7BCFB1022FF21A4
:1065B0003B48FEF7B7FB2022FF213A48FEF7B2FB2B
:1065C00005E0504600F04EFB3B78002BE9D0039BE2
:1065D000AB7080E6049E39003200504600F058FB54
:1065E00084460828C0D98642BED32B4E039B012B7C
:1065F00044D00022404609E0BB78D318DBB2C31870
:10660000D978FF29B0D10132DD70D2B2039B9A4212
:10661000F2D166462B00390080463200214800F056
:1066200045FDB446059B67441B78AB4200D369E740
:106630004E467AE41C4A6B0012685B19DB00D318E3
:10664000002B19D05A68A4E71823174A6B43166821
:10665000F618002E88D0B36876E7FFF78DF80200B1
:10666000A2E60B9B4E469946104B4546002B00D1A7
:1066700035E600E000BF32E64546A8E7054BB268C4
:106680009A42B6D1079B0393B3E7C046E7250020A3
:106690007D530010916C001014C20010656C001046
:1066A0006F1E00207F1E0020441B00200000000001
:1066B000F8B557464E46DE4645460C00E0B5160096
:1066C0001F00002A3CD01F4B00259A467023994694
:1066D0001D4B9B4617E05B462000997800F0A8FC14
:1066E00000281FD021004046FFF7F4F9002819D0F8
:1066F000A378DA09012A1CD00A9A0135137023788D
:10670000E418B5421CDA6378052B0BD1E3789B07BC
:106710009B0FBB4206D153464A461B789846A37846
:106720001A42D8D00020F0BCBB46B246A946A046CB
:10673000F8BD0B9A013513702378E418B542E2DBFB
:106740000120F0E7240F00206C1E0020802310B5EC
:106750001B0184B001930E4B02901C680391626987
:10676000EFF3108372B611680029FCD0BFF35F8F7E
:10677000A361200001A900F0DFFD6269A369BFF3F6
:106780005F8F0021116083F3108804B010BDC046F4
:10679000C41E0020702270B5094B0C001D788B7848
:1067A0001A4201D0002070BD064B2000997800F0FD
:1067B0003FFC0028F6D021002800FFF78BF9F2E714
:1067C000240F00206C1E00200B007F2010B5184005
:1067D000DB0933334000044AC018044B1168C01869
:1067E00000F0E2FB10BDC046C01E00206C1E002061
:1067F0000B007F2010B51840DB0933334000044AFA
:10680000C018044B1168C01800F0F6FB10BDC0465C
:10681000C01E00206C1E002070B57F240F480C4065
:1068200064000419CD0964193034E078C00701D53B
:10683000002070BD0126E578094835430078E570F1
:10684000FFF7D0F90028F4D10122E3789343E370F5
:10685000E37803329343E370EAE7C0466C1E0020FE
:10686000240F002070B5094C0600082220000D00FE
:10687000FEF75EFA00238021E360A3602B783000EE
:10688000994300220023FFF7C7FF70BD101E0020B0
:10689000F8B5CE4647469046264E80B5814608223A
:1068A00030000D001F00FEF743FA4346B36000239B
:1068B000F381EC79AB7924021C43231CBC4200D940
:1068C0003B1C9FB2B381002C0ED0002F18D0434642
:1068D000002B2CD03B1C402F1BD89FB233787F2B32
:1068E0001CD80021144A0FE080212B780022994304
:1068F00048460023FFF790FFC0BCB946B046F8BD3C
:106900007F230022317899433B004846FFF784FFFC
:10691000F2E740239FB233787F2BE2D9064C3A004E
:1069200041462000FEF704FA80212200ECE7002017
:10693000E2E7C046101E00202C1E002010B51422D5
:1069400000210248FEF7EEF910BDC046101E0020DF
:10695000014B18617047C046101E002010B5054C51
:10696000010008222000FEF7E3F90023A360E360A2
:1069700010BDC046101E002070B5394C1D00237894
:106980000600DA09C9098A4213D00020002D00D080
:1069900070BD344B002B03D021003000FFF78CF882
:1069A0002369002B03D022000321300098470120E7
:1069B000EEE77F2B06D8A068002834D02A002A49A9
:1069C000FEF7B6F9E289A1685219E38892B2491933
:1069D000E281A160934214D03F2D12D9A389981A65
:1069E000051C80B240282AD82078ADB27F2828D84C
:1069F00000219A4232D01C4A2B003000FFF70CFFD6
:106A0000C6E72369002B05D02200022130009847F9
:106A100000280AD0802123780022994330000023E7
:106A2000FFF7FAFEB4E70020B2E700213000FFF7DD
:106A3000EBF830008021FFF7E7F80120A8E74025B8
:106A4000D2E79A4207D0084C2A002000FEF770F9DE
:106A500080212200D0E780210022CDE70022CBE771
:106A6000101E0020B95A00102C1E002010B5040082
:106A7000FFF744F9002801D1002010BDFFF746F9C7
:106A80000028F9D1B22292006243034B01309B18D7
:106A90001B791840F1E7C046481B0020B2239B0039
:106AA000434310B50248181800F050FB10BDC04613
:106AB000581B0020F0B5B225AD0045432C00C6465A
:106AC000174F1034E41900B5200092B200F0C0FB5B
:106AD0000600200000F058FB3F2803D8300080BC9F
:106AE000B846F0BD7B190020D9789846FFF76CFEB8
:106AF0000028F3D0200000F047FB3F280AD992235A
:106B00009B00EA184346D219D97800204023FFF7AA
:106B100083FEE3E743460020D978FFF769FEDDE70F
:106B2000481B0020F8B50400FFF7E8F8002801D161
:106B30000020F8BDFFF7EAF80028F9D1B2239B0046
:106B40005C432500144E2435AD19280000F0FEFAF0
:106B50000028EDD037190020B978FFF735FE00285E
:106B6000E6D0A2239B009C466444A419210028007F
:106B7000402200F06DFBB978051E08D0030022000A
:106B80000020FFF749FE0028D2D02800D1E70020DE
:106B9000FFF72EFECCE7C046481B002070B5B2249C
:106BA000A4004443094B0500E418200092B200F011
:106BB00007FC0600200000F0C9FA3F2801D8300089
:106BC00070BD2800FFF7AEFFF9E7C0466C1B002040
:106BD000B2239B00434310B50248181800F0D4FAC2
:106BE00010BDC0466C1B0020B222F0B51B4C83B018
:106BF000002120009200FEF795F8FF236371184BE7
:106C000080260025E380012708232100200076004C
:106C100023733200278138310095073B103000F094
:106C20005FFA2100200039313200FF310123009743
:106C3000243000F055FA8E239B00E6183000FAF756
:106C40007FF990239B002662E6183000E561FAF791
:106C500077F92663656303B0F0BDC046481B00208A
:106C600000C2FFFF10B5094C052200212000FEF7ED
:106C700059F820002434103000F05AFC200000F0B5
:106C800057FC0121200000F073FC10BD481B0020C0
:106C9000F0B54B79060083B0022B02D18B79022B21
:106CA00003D00025280003B0F0BD2F4FBB78002B88
:106CB000F7D18B7809253B700C780C196378242B5D
:106CC0000BD1082A02D81FE0AA421DD32378E4186A
:106CD0005D196378ADB2242BF6D0052B31D0042B8F
:106CE00012D163790A2B0FD1204B277801930133FE
:106CF0000093022202233000E119FFF7D9FC00289B
:106D0000CFD00E35ED19ADB2194C200000F03CFA91
:106D10003F28C7D92600103E0020F178FFF754FD28
:106D20000028BFD0200000F02FFA3F2817D98E236B
:106D30009B00E218F93BF178FF3B0020FFF76CFD68
:106D4000B0E721003000FFF725FD0028A9D0A37887
:106D50007B7023785D19E4186378ADB2BFE7F178F2
:106D60000020FFF745FD9DE7481B00204A1B00203F
:106D7000581B0020F8B5602314001278050013405A
:106D80000020202B12D12F4A6379277916781B0215
:106D90003B439E420AD16378222B27D007D8202B71
:106DA00017D0212B02D101293DD00120F8BD232B82
:106DB000FCD101293FD00329F7D1234B002BF4D07C
:106DC000E178A37809020020194300E000BF012008
:106DD000ECE7012927D00329E7D11C4B002BE4D095
:106DE0000020911DFEF7D0FA0120DFE7012922D013
:106DF0000329DAD101252E00A378E4780239240290
:106E00001C431471264024321000714000F0B0FB86
:106E10000F4B002BC9D06208002031002A4000E04F
:106E200000BF0120C2E7072321002800094AFFF71D
:106E30002FFD0120BAE721002800FFF713FD0120F4
:106E4000B4E7C046481B0020000000008953001032
:106E5000000000004E1B0020F8B545465746DE46B0
:106E60004E46E0B5464D1F00EA7880460C00AB78F0
:106E70008A4246D000208B421AD0F0BCBB46B246B4
:106E8000A946A046F8BD3F4B002B04D0484600F071
:106E900073F900286CD0484600F076F93F2807D9EE
:106EA0004E46103E0020F178FFF78EFC002851D1AD
:106EB000AB78A34201D00120DFE7334B002B02D097
:106EC000002000E000BF0020FFF72CFE0028F2D1D8
:106ED0002E4C200000F03AF90028ECD1002FEAD027
:106EE000BF06E8D1243C4046A178FFF76DFC00289E
:106EF000E1D0002300224046A178FFF78DFC01205D
:106F0000BBE792239B00EE1810239B46AB44310055
:106F10005846BAB200F054FA1D4BD946002BB2D0F5
:106F20006B79FF2BAFD0002FADD0F219924603E062
:106F30000136B245A7D06B7932789A42F8D14846EB
:106F400000F01AF90028F3D14B46103B597900E0C4
:106F500000BFEDE7484600F017F93F280BD98E2215
:106F600092004023F1784A440020FFF755FC9FE748
:106F7000FEF77EFB8FE7F1780020FFF739FC97E7FB
:106F8000481B002071560010000000006C1B002000
:106F90000000000010B50020FEF7CAFE10BDC0467C
:106FA00010B5FEF7BBFE10BD037870B5DB0704001B
:106FB0000E00DD0F002B17D103785B0701D52800E9
:106FC00070BD01213000494204F03EFE2378DB070A
:106FD000DD0F002B0AD123785B0708D40422237825
:106FE00001251343237002E00025E8E70025300067
:106FF00004F0F2FDE3E7C04670B50C000121060085
:107000004942200004F020FE33785B07DD0F002B9F
:1070100004DB200004F0E0FD280070BD3378DB07BE
:1070200004D40422337893433370F2E70025F0E769
:10703000437902791B0213435B055A0DC3789B0702
:107040009B0F022B05D0032B15D00020012B08D05D
:10705000704702291ED00020402393424041C0B215
:10706000F6E702394B4259410D4B9C46614491422F
:107070004041C0B2ECE702394B1E9941094B4942ED
:1070800019408023DB009C4600206144914240412E
:10709000C0B2DDE7044BD01843425841C0B2D7E735
:1070A000FF03000040FCFFFF00FEFFFF8A1870B5E1
:1070B000914207D27F264C78052C04D00C78091910
:1070C0008A42F8D870BD34008D782C4064000419D1
:1070D000ED0963550C7809198A42ECD8F2E7C046ED
:1070E000F0B5C64600B5040006A80578802088469D
:1070F00017001E000002824226D8E068002803D054
:107100000121494204F0A0FD2069002803D001219B
:10711000494204F099FD4346236073045B0CED0380
:107120001D430023E0686381A780E5802381002858
:1071300001D004F051FD2069002801D004F04CFD7D
:10714000012080BCB846F0BD0020FAE710B50489E4
:1071500041898288A3B288B28C4207D31B1A9BB2A2
:10716000101C9A4200D9181C80B210BD5100091A97
:107170005B189BB2F4E7C04603894089181A434262
:107180005841C0B27047C04610B504894189828811
:10719000A3B288B28C4207D31B1A9BB200209A423A
:1071A00001D9D21A90B210BD5100091A5B189BB2D6
:1071B000F4E7C04670B5040000690E00002803D053
:1071C0000121494204F040FD25896089A288A9B2C5
:1071D00083B285422BD3CD1AADB2002D2DD0AA4259
:1071E00008D291422FD3891A8BB263819A4203D875
:1071F0009B1A9BB29A42FBD9E28821685204520C36
:1072000053433000C918FDF793FD63890125591CCC
:1072100089B2A2888B4212D95200891A89B2206998
:107220006181002801D004F0D7FC280070BD550012
:10723000ED1A4D19ADB2002DD1D1618989B252003C
:107240009142ECDBE9E789188BB26381CEE7C04657
:10725000F0B546464F46D646C0B506000069894699
:107260009046002803D00121494204F0EDFC318909
:107270007289B5888BB294B2914254D31F1BBFB2AE
:10728000002F4AD0BD4205D2AB4251D25B199CB20D
:107290002F0074814346B8453DD89FB2A54203D81C
:1072A000641BA4B2A542FBD9F28831685204520C87
:1072B000904662432B1B9BB2891842469F4225D9B8
:1072C00053439BB21A0048469A46FDF731FD4346A8
:1072D00048467D1B64195C4331685044A2B2FDF7F7
:1072E00027FD7189B588CB199BB26A00994216D9DE
:1072F0009B1A9BB230697381002801D004F06CFCAA
:107300003800E0BCBA46B146A846F0BD48467A43CC
:10731000FDF70EFDE5E73B1CBFE773899BB26A00F2
:107320009342E7DBE4E76F003F1BDF19BFB2A7E73B
:107330005B1B9CB2ACE7C046F8B50400C0680E0009
:10734000002803D00121494204F07EFC25892089D0
:107350006189A288ADB283B28FB2884228D3DB1B89
:107360009BB29A4209D8E779FF0906D1E068002864
:1073700001D004F031FC3800F8BD2B00954203D356
:107380009B1A9BB29342FBD2E28820685204520CB3
:1073900053433100C018FDF7CBFCA2886B1C9BB295
:1073A00052009D4209D99B1A9BB201272381DDE738
:1073B0005100C91B5B189BB2D3E79342F5DBF2E7A0
:1073C000F0B54546DE4657464E46E0B588460500D0
:1073D000140083B0002A6FD0C068002803D00121B8
:1073E000494204F031FC2E89EB796A89B6B292B237
:1073F000DB0940D1AB88964267D259008A1AB2188D
:1074000092B20027934230D99A1A171C92B2A24224
:1074100000D9271CEA88BFB25204520C9146F219D7
:1074200092B29246FA1A92B293463400B34203D80B
:10743000E41AA4B29C42FBD24A46624328681B1B52
:107440009BB280184A46BB4253D341467A43FDF76C
:107450006FFCAB885B00B24501D39A4503DB524613
:10746000D31A9BB29A4653462B81E868002824D051
:1074700004F0B2FB21E0AF88BC4229D296424AD345
:10748000B31A9BB279001B198B4208DBD3199BB24C
:107490001E1BB6B29A46B24242D9761AB6B2EB88F1
:1074A0005B045B0C9946A3199BB29A46E31B9BB203
:1074B0009B463B002700B8E70027380003B0F0BC2C
:1074C000BB46B246A946A046F0BDB21A92B298E7B2
:1074D000002FCAD0EB88E41B5B045B0C5C4399462D
:1074E0001600D31900229BB29A4693463B00A04453
:1074F0009BE7534399B20A0001915C444146FDF772
:1075000017FC22004B465A430199286892B2414425
:10751000FDF70EFC9DE779008B1AF3189BB2B2E7DA
:10752000B142BADDEB885B045B0C9946BEE7C0460E
:1075300010B50400C068002803D00121494204F0BE
:1075400083FB2069002803D00121494204F07CFB21
:107550000023E06863812381002801D004F03CFB14
:107560002069002801D004F037FB012010BDC0467F
:1075700070B50400C0680D00002803D00121494205
:1075800004F062FB2069002803D00121494204F085
:107590005BFB7F21E379ED011940E0682943E1714C
:1075A000002801D004F018FB2069002801D004F065
:1075B00013FB012070BDC046F0B54E4681464E4BD0
:1075C00045464B445A4253418022DE46574692027A
:1075D00094465B42E0B51B0C484A1B0463441360AD
:1075E000474A0D00474983B0136018008A689043EA
:1075F000FBD10620FAF766FE4B465A6802231A4072
:10760000019204224A449346C022594692011143F2
:107610000B608A468021804649008C464146022004
:10762000A846EF0D6E02AB0DAA02009104E0009C8B
:10763000A5425ED8604553D0010015001C00023001
:1076400092197B41002CF2D0009B454698465B4640
:107650008024AB460D000E02761A640000932700CA
:10766000013C002C40D031004046FCF737FB761B34
:107670008345F4D2009B29009B466F4324024B466E
:1076800019611B684A465C40FF231B021C40802393
:107690005B011343802259460198920111431C60FB
:1076A0000860484655464468022028604D462E68CA
:1076B00007256E40C83535401D604B4624331A43BC
:1076C000032304400C601360086039004046FCF757
:1076D00005FB03B0F0BCBB46B246A946A046F0BDD0
:1076E00045460100A046B2E7009B29009B462F00BB
:1076F000C5E74546A046AAE70040FCBF00E00040C1
:1077000000F0004000C00040F8B5DE4657464E4647
:1077100045468346E0B505200C00FAF7D3FD060088
:10772000600821008019FCF7D9FA4300984680448C
:10773000070005214046FCF7D1FA3B1A9A46204B38
:107740008146700080199C4234D81E49FCF7C6FA65
:10775000451C5B461C6800230422E3662368012065
:10776000534002321A4080235B0123431A60534680
:10777000E3614B46236243464F2B03D950214046D9
:10778000FCF7ACFAA023E050E36F22005D408023B9
:107790007C322D045B0113432D0C1D600123390045
:1077A0003000E366FCF79AFAF0BCBB46B246A94645
:1077B000A046F8BD0449FCF791FA451CC9E7C0464C
:1077C0003F420F008096980040787D01104A70B5C6
:1077D000821A53425A41072352429A430D4B1032A8
:1077E0001A600D4B0D4C1A601500A3689D432B1EAB
:1077F000FAD166240268FF340571D5661460633CD3
:107800008833FF3CD5639563D450FFF77DFF70BD8F
:10781000300F002000E0004000F0004000C00040B9
:10782000F0B557464E46DE4645468446E0B583B041
:107830001F000CAB18786346914600221B6801902C
:10784000DA6601325960DA66002F4FDD7A1E904603
:107850006246127901269202802493463A004640FD
:10786000760280253700002046461021A246904629
:10787000AD00341A624254414A4664423C4000948E
:107880005C46125C2243009C22431A615A6B1142EF
:10789000FCD052469C58002C10D1864221D00022A8
:1078A000013093468045E4D16346019A1A7103B0D2
:1078B000F0BCBB46B246A946A046F0BD5A6D0122B7
:1078C00093465A6B2A42FCD01A6E5A46002AE6D0DA
:1078D000002C03D0E30701D42407E5D40220404262
:1078E000E2E7019A002ADAD19346EAE70020DBE7D3
:1078F000F0B5DE464E4645465746E0B5060009A8B7
:107900000078346880460020E0666160012193467B
:10791000E166002B32DD8022591E52008C469246D1
:107920008025616F1029FCD00021002801D1317918
:10793000890260451CD052461143216102E0A16FCB
:1079400000290DD16159616D0029F8D00220404213
:1079500043463371F0BCBB46B246A946A046F0BDD3
:107960005A462169115401308342F1D03468D8E776
:107970004246012757407A021143DCE70020E7E73F
:1079800001230121084A1360084A1360084A0800CD
:1079900093689843FBD1074A11608021490013681E
:1079A0000B42FCD07047C04600E0004000F00040B1
:1079B00000C0004000C004400121F0B5CE4647465B
:1079C000174E184D336880B5083399402A6883B044
:1079D000506801421BD16846C41D012080461248F0
:1079E000124F81469B00D01853681942FCD1C378CE
:1079F000210038002370FAF7CDF900280CD0414659
:107A000033682A680833994050680142EAD003B0CD
:107A1000C0BCB946B046F0BD4846FDF75DFBEEE799
:107A2000A8250020802500202CC200105021002015
:107A3000F0B5D64646464F46C0B58AB0F8F716FFB1
:107A400080227B4C0300012120005200FAF790F9BC
:107A5000784C794E794821003060F8F71FFD0028F6
:107A600007D1774821003060F8F718FD002800D1D1
:107A7000D4E021003068F8F745FD724C0021206009
:107A80003068F8F7EDFC33686F4D984623680024A2
:107A900047B2994612220123390040462F600094D4
:107AA000F8F7A8FD6949122041444B1E994106315F
:107AB000F8F7FAFE002201211220F8F70DFF8022CC
:107AC000F82352025B0202920393C02310221B038D
:107AD000059402A94C4606A80493FDF729F94B46E4
:107AE0000834DB01240310221C4306A902A80794D2
:107AF000FDF71EF990231B030593554B05201C40F1
:107B000090235B0523430393524B0493FAF7DAFB6C
:107B1000FCF774FF5049FCF756FF8246FCF796FFCE
:107B200084B20023002C5CD124044A461C43390053
:107B300002AB40460294F8F7B1FD43461A680123B0
:107B4000BB401343424613603D4B32689A4262D0B9
:107B500009200923414C2370F8F764FF002807D05F
:107B60002078013040B22070F8F75CFF00285CD12B
:107B70000020802220563A49F8F77CFF002001219E
:107B80002056F8F7EDFE3168304B0020CB185A42F2
:107B9000534101225B422056934309332C6898429B
:107BA0002FD1FF2323409A4080232D31FF319B01A9
:107BB0000B431A608020C000FDF788F8294B18603D
:107BC0005020FDF783F80022274B1860274B1A80BE
:107BD000274B01321A700AB0E0BCBA46B146A8463B
:107BE000F0BD2000FCF70AFF011C5046FCF7E5FE43
:107BF0008721C905FCF7FBFEFCF728FFC3B21B0277
:107C000092E7FF2323409A4080233931FF319B01C3
:107C100019430A60CEE7072007239BE70122094B9F
:107C2000524214481A60FAF7A5FC1348FAF7A2FC6E
:107C3000502100208CC20010802500200000305010
:107C40000000205074250020A82500200000E0AF8F
:107C5000FFFFFFE000000C8000009647F3250020A6
:107C6000B9790010DC200020C4250020E225002086
:107C7000F425002038C200104CC20010F0B5454673
:107C800057464E46DE46E0B5A24B9FB00026002781
:107C90009846A14C0AAD0AE029002000FAF7B2F894
:107CA00000281CD043462A781B689A550136226862
:107CB000EFF3108172B61368002BFCD0BFF35F8F17
:107CC000238962899B1A02D5E28901329B182268B6
:107CD000BFF35F8F176081F31088002BDCD1B3B244
:107CE0009A46002B2DD002218C4F8A4E8B468C4D0C
:107CF0008C49B9463A7800243700884656462B8886
:107D000012E0022A24D04E2B08D842461268D154E1
:107D10004A462B88127801339BB22B80042A20D04C
:107D20000134A1B28E420CD93968095D012AE8D12B
:107D3000242900D1D7E04E2BE7D90134A1B28E42DD
:107D4000F2D81FB0F0BCBB46B246A946A046F0BD73
:107D50000A2903D002224E2BE2D8D6E74946023246
:107D60000A70424600211268D15443461B6818002D
:107D70009A4600F07BFD022800D1B8E0072800D029
:107D8000A9E051460AA800F0EBFD002800D1A2E0CE
:107D9000109B9A46002B00D1B5E0634B634A5344D5
:107DA000934200D9AFE0534664210F985943FBF743
:107DB0006DFF04900800FCF727FE5346029018015F
:107DC000C01A8000FCF720FE011C0298FCF7FBFDA6
:107DD00082460498FCF718FE011C5046FCF7F0FDA3
:107DE0000490129B9A46002B00D18FE04E4B4F4AD5
:107DF0005344934200D989E0534664211198594372
:107E0000FBF744FF02900800FCF7FEFD5346059087
:107E10001801C01A8000FCF7F7FD011C0598FCF75B
:107E2000D2FD82460298FCF7EFFD011C5046FCF79C
:107E3000C7FD8246282204AB9B181B78002B4AD032
:107E40000498FCF70FFE029003915046FCF70AFEDF
:107E5000029A039B009001913548FDF73DF90020FF
:107E6000049900F015F95146012000F011F90A9B20
:107E70000B9A9A460C9B51462E4802930492FDF7AA
:107E80002BF95046FCF7C0FD011C072000F000F95B
:107E90000498FCF7B9FD011C082000F0F9F80298DD
:107EA000FCF7B2FD011C092000F0F2F80998FCF77C
:107EB000ABFD011C042000F0EBF80898FCF7A4FDD2
:107EC000011C052000F0E4F80798FCF79DFD011C5B
:107ED000062000F0DDF800234A462B8001331370A2
:107EE000002301221CE74A465846107032E75146EB
:107EF0000AA800F07DFD00234A462B800133137051
:107F0000002301220CE70C4B04936AE70A4B9A46C4
:107F100090E7C046DC20002050210020F4250020FE
:107F2000E2250020C425002014AE4701285C8F0202
:107F300060C2001070C200100000C07FF0B583B0B6
:107F40006A460023D01DD37100F0F0F801206B4683
:107F50000500D9790D404B108A10AC460340024011
:107F600008421AD10E4C2078411E8841C0B20D4EF5
:107F7000002B04D131784F1EB941490008430A4F04
:107F8000002A04D139784D1EA94189000843337075
:107F900063463A70237003B0F0BD0020004CE6E762
:107FA000EF250020EE250020F0250020890849015A
:107FB000D208C0080A43C0021043704710B50B49ED
:107FC0000B48FFF703FC03211020F8F76DFC032199
:107FD0001120F8F769FC002201211120F8F77CFC40
:107FE000002201211020F8F777FC10BDA0860100C7
:107FF000300F002010B584B06B4619735A730023FC
:10800000044C010000932000023303AAFFF708FC90
:1080100004B010BD300F00200F22012370B50D4CAD
:1080200086B06A44117005000100009320001726F5
:10803000FFF7F6FB00236E44320029000093200076
:108040000133FFF755FC012002F046FF307806B0FF
:1080500070BDC046300F0020F0B517000F221E0083
:10806000012385B0094C6A4411700500010000939A
:108070002000FFF7D5FB00233200009329003B00CE
:108080002000FFF735FC05B0F0BDC046300F0020E2
:10809000014B800019507047A0200020014B800048
:1080A000C0587047A020002030B585B001AD2A002F
:1080B0000024084B03CB03C21B881380210001342A
:1080C0002A782020E4B2FFF795FF01350A2CF5D17C
:1080D00005B030BDA8C2001010B5054B02001978DC
:1080E000814204D0187000212020FFF783FF10BDCB
:1080F000E425002010B5054B02001978814204D018
:10810000187006212020FFF775FF10BDE52500201F
:1081100010B5054B02001978814204D0187009216E
:108120002020FFF767FF10BDE625002010B50921CC
:1081300004002020FFF770FF207010BD70B5037899
:1081400002000020242B40D1531C52780024002A26
:1081500031D06825234E07E0B05CA8432BD0013313
:1081600054401A78002A26D02A2AF5D15A781100CC
:108170003039C8B209282DD91100413905292DD926
:1081800011006139052923D8573A99780800303809
:10819000C5B2092D20D908004138052820D908008A
:1081A0006138052814D85739120100200A43944237
:1081B0000BD1033301E000290AD118780D2805D02E
:1081C0000A2803D043425841C0B270BD0133F4E7DE
:1081D0000020FAE70A00D8E70100E5E7373AD4E7DC
:1081E0003739E1E791C900100EB4F0B54E46DE46CE
:1081F00057464546E0B586B006000F9C0020002E8D
:1082000009D106B0F0BCBB46B246A946A046F0BCB8
:1082100008BC03B0184710AB04932378002B21D07F
:1082200000229246A84A3700914601343B2B14D0D5
:10823000002E07D0443BDBB2302B27D84A469B00A8
:10824000D3589F465246002A20D0443BDBB22F2B06
:108250001CD89E4A9B00D3589F4601239A462378F8
:10826000002BE2D10120CCE70A2205A9300003F05F
:108270005BFB6821059B964D1A78AB5C8B4300D164
:1082800019E2FD232A3A1A4200D114E20020B8E78D
:108290003378242BFAD1731C9846682372788C4D5E
:1082A000A85C9843F2D002202A3A8243D2B2002A34
:1082B000ECD0B278A95C9943E8D02A3A8243D2B292
:1082C000002AE3D0F278A95C9943DFD02A3A8243AE
:1082D000D2B2002ADAD03279A95C9943D6D02A3AB0
:1082E0008243D2B2002AD1D070792A5C9A43CDD091
:1082F0002A3895331842C9D0049B41461E681A1D7E
:10830000049230000522FCF713FD002373716821ED
:108310003B78EA5C8A4309D02C2B0BD02A2B07D060
:1083200068217B780137EA5C8A43F5D12C2B01D098
:10833000002694E701373E0091E768213278644DCA
:10834000AB5C8B4300D125E1130095312A3B0B42F6
:1083500000D11FE1532A00D13AE200D9FCE1452ABD
:1083600001D04E2A92D1012215E1049B584D1A1DCD
:108370001B680492984633786821EA5C10008843B1
:1083800000D10EE11900FD202A39014200D108E197
:108390000421114200D179E772780092AA5C11425F
:1083A00000D173E7B278A85C014200D16EE7F078A3
:1083B0008346285C014200D168E730798446285C16
:1083C000014200D162E77079295C01900800042124
:1083D000014200D15AE702A90B700B00009902A8D4
:1083E0005970002302A98B700A710A005946517115
:1083F0006146117301999371937351730A2200219D
:1084000003F092FA0A220021834603A803F08CFAB3
:108410000A220090002105A803F086FAB279002311
:108420002E2A00D0C2E00421F379EA5C114200D187
:1084300000E2327A303BA95C01938C46042163460A
:10844000194200D1F2E1019B303A9B009C46019B0E
:1084500063445B00D318727A0193AB5C194200D17C
:10846000F9E1019B303A9B009C46019B63445B0011
:10847000D318B27A0193AB5C194200D1E6E1019BBB
:10848000303A9B009C46019B63445B00D318F27A10
:108490000193AB5C194200D1D4E1019B303A9B00BF
:1084A0009C46019B63445B00D318327B0193AE5C16
:1084B000314200D1C3E19900CB18303A5B00D318A8
:1084C00001220193534371E0B4C2001078C300103D
:1084D00091C90010049BCD4D1A1D1B68049298464B
:1084E00033786822E95C0800904349D01A00FD20E7
:1084F0002A3A024244D004220A4200D1C6E67178E8
:108500008B46695C0A4200D1C0E6B178685C009194
:10851000024200D1BAE6F0780190285C024200D114
:10852000B4E63079295C0A4200D1AFE671796E5C1D
:108530008C46324200D1A9E602A90B700B005946C5
:1085400059700023009A02A90A71019A08738B706E
:108550008B714A710A0061469373517302A80A2213
:10856000002103F0E1F90A220600002103A803F02C
:10857000DBF90A228346002105A803F0D5F903E0C0
:10858000012040428346060043465A461E605A6018
:108590009860BCE60022049B191D1B6804911A60B8
:1085A000B5E601235B4218009B46009342465946BC
:1085B0001160009990605160D360A8E6682132781C
:1085C000924DAB5C8B4308D02C2A00D187E013007E
:1085D0002A3B591E8B415B421340049A111D1268BD
:1085E0000491137093E66820049B3178874D1A1D1F
:1085F00004926A5C1B68824315D01A0002239B46D2
:1086000013000A0058462A3A8243D2B2002A0AD0FE
:10861000197071785A1C6B5C013698466823404685
:108620009843EDD1130000221A7070E63378774D2D
:108630006822E95C0800904343D000229346013A47
:108640009046002200921A0002202A3A8243D2B2B7
:10865000002A21D02B2B00D1A0E02D2B00D1AAE0A5
:10866000490700D580E02E2B00D1B4E0202B00D0AC
:108670000CE65A46009B1343009300D006E643469F
:10868000013300D002E600239B4673786822E95C40
:10869000013608009043D6D1009B002B4ED15B469B
:1086A000002B46D14346013300D1B3E001239B4662
:1086B0000AE00020554D049B1A1D1B6804921860A7
:1086C00025E600239B469846049B1A1D04924246C9
:1086D0001B681A605A465A6019E64C4D17E600238B
:1086E0007BE70120049B40421A1D1B688346984685
:1086F0000600464D049247E70023444D6DE70022F3
:10870000424D48E70023414D9B469846DCE7049BD9
:108710003E4D1A1D1B680492984601235B421800C7
:108720009B46009342E7049B384D1A1D04921B6838
:1087300079E743460133C7D1002062E54346013360
:1087400000D1A3E55B46002B01D101239B464246A5
:10875000009B53439846B7E7572A00D096E5583A0E
:1087600019E7490700D491E5303B019343460133B3
:1087700038D02748019B0A21C01AFBF787FA4045E9
:108780004BDB4146019A8B00434490465B00984482
:108790005B469B005B445B009B4676E7009A002AA1
:1087A000DFD14346013320D0490700D46EE50523CD
:1087B0005B420193DDE7009A002AD2D143460133A0
:1087C00021D0490700D461E503235B420193D0E740
:1087D00001225242DFE65B46002B00D056E5012322
:1087E0009B4652E7019B9846D2E70123009373789A
:1087F0006822E95C01360800904300D146E5012279
:10880000524290461FE743460093F0E791C900109B
:10881000FFFFFF7F0023984656E75B46002B00D101
:1088200034E5009B002B00D14EE790E70C4A019BFA
:108830005343BBE600230B4A01935343B6E60A2297
:108840005343B3E66422019B5343AFE6FA22019BF4
:1088500092005343AAE6044A019B5343A6E6C0464E
:10886000A086010040420F001027000010B582B022
:108870000400FFF763FC00285AD06A4620002E4906
:10888000FFF7B2FC002853D06B462C49981C02F02D
:1088900013FF00283BD06B462949981C02F00CFFBF
:1088A00000283BD06B462749981C02F005FF0028A2
:1088B00030D06B462449981C02F0FEFE00282FD0D1
:1088C0006B462249981C02F0F7FE00282AD06B461E
:1088D0001F49981C02F0F0FE00281DD06B461D4970
:1088E000981C02F0E9FE00281ED06B461A49981C1D
:1088F00002F0E2FE002819D06B461849981C02F0DD
:10890000DBFE4342584143420920184000E0012069
:1089100002B010BD0320FBE70620F9E70220F7E7CD
:108920000420F5E70520F3E70720F1E70820EFE74B
:1089300001204042ECE7C046A4C0001038C400103B
:108940003CC4001040C4001044C4001048C40010CF
:108950004CC4001050C4001054C4001058C400107F
:1089600030B5040091B00DAB099323004033089358
:108970000C3B0793083B0693083B05930CAB049311
:1089800023001C3303930BAB029323001433019396
:108990002B236B4408000093134923000EAAFFF712
:1089A00023FC051E1AD03A201049684402F084FEC8
:1089B000002816D12B226B469B181B78413B5A424C
:1089C0005341626923740B9B5343E26963610C9BBF
:1089D0005343226CE3610D9B53432364280011B081
:1089E00030BD0025FAE7C0465CC4001050C400103A
:1089F00030B50400230091B048330B93043B0A9335
:108A0000083B0993043B0893083B0793083B0693F4
:108A1000043B0593043B04930DAB039323001833ED
:108A200002930CAB019323001033080000930D490F
:108A300023000EAAFFF7D8FB051E0ED03A200A49E4
:108A4000684402F039FE00280AD122690C9B534386
:108A5000A26923610D9B5343A361280011B030BD6F
:108A60000025FAE76CC400103CC400107047C046F3
:108A7000F0B583B001AC07000E00150023000322FF
:108A800000216820FFF7E8FAA278530623D50121D8
:108A90000C2063795B110B404343101101408800A7
:108AA000091849005B180F210A409B18DBB23B7084
:108AB00061780B099A009B180F225B0011405B182C
:108AC000217833700B0998001B180A405B009B1833
:108AD0002B7003B0F0BD93069B0F99005B180F211C
:108AE0005B000A409B18DBB2E1E7C04610B5E92203
:108AF0000021C820FFF75AFA01F0F0FE10BDC04671
:108B0000F0B5DE4657464E464546E0B591B00AAB55
:108B10009C461223634419001326112366446344C0
:108B200032001800FFF7A4FFA64B0022002100200E
:108B30001C885D88FFF73AFA01F0D0FEFF231A0087
:108B40006D082B4064089A462240002391469B46BC
:108B50000193053A023392B2984651464846009333
:108B6000994B01F039FF3078FBF748FF9749FBF745
:108B70002AFF011CFBF724FFFBF774FF944A954B77
:108B8000FBF717FBFBF7C6FBE4B2071CFBF786FFFE
:108B90002300093B04901800FBF736FF061C381C25
:108BA000FBF76AFF002200210690FF20FFF7FEF985
:108BB000EDB208902800FBF727FF0699071C301C30
:108BC000FBF715FF011C381CFBF7F7FEFBF73EFF18
:108BD000C7B22000FBF718FF311C06900498FBF782
:108BE00006FF011C0698FBF7EBFEFBF72FFF5B4629
:108BF000029343460193089BC2B2514648460093F4
:108C00003B0001F0CBFE2000FBF73CFB0AAB06006B
:108C1000987C0F00FBF7F2FE6C49FBF7D4FE011CB9
:108C2000FBF7CEFEFBF71EFF694A6A4BFBF7C1FA62
:108C3000FBF770FB041CFBF731FF3900664A674BFA
:108C40000890300004960597FBF7B3FA644B0022B6
:108C5000FBF77FFA060028000F00FBF713FB0690D6
:108C60000791201CFBF708FF0022041CFF21FF20B6
:108C7000FFF79CF90500201CFBF7F4FE32003B00D7
:108C8000FBF797FA02000B0006980799FBF761FAC9
:108C9000FBF734FBC4B20898FBF7E4FE32003B005C
:108CA000FBF787FA049E059F32003B00FBF75AFA58
:108CB000FBF724FB5B4602934346C2B2514648464B
:108CC00001930095230001F069FE0AAB587CFBF785
:108CD00095FE4449FBF777FE011CFBF771FEFBF79D
:108CE000C1FE3B4A3B4BFBF764FAFBF713FB041C4A
:108CF000FBF7D4FE0022051C390030003A4B0496E5
:108D00000597FBF756FA364B0022FBF722FA0600CE
:108D1000201C0F00FBF7B0FE0022041CFF210020E6
:108D2000FFF744F90890201CFBF79CFE32003B0043
:108D3000FBF73FFA02000B0006980799FBF709FAC8
:108D4000FBF7DCFAC4B2281CFBF78CFE32003B00B8
:108D5000FBF72FFA049E059F32003B00FBF702FA57
:108D6000FBF7CCFA5B46029343460193089BC2B2E1
:108D7000514648460093230001F010FE30001B4A84
:108D80001B4B3900FBF715FA0022154BFBF7E1F9F5
:108D9000184A08900991184B30003900FBF709FA7E
:108DA0000F4B0022FBF7D5F90123FE269B46134B00
:108DB000B6050C93124B00250A900B910D93341CB1
:108DC00039E0C046241B0020FFFF00000000704275
:108DD000182D4454FB2109409A9999999999E93F92
:108DE00000002240000040410000E03FCDCCCCCC50
:108DF000CCCCEC3F52B81E85EB51F03F7CC4001048
:108E0000380F00204846FBF7F9FD6549FBF7DBFD0D
:108E1000011CFBF7D5FDFBF725FE624A624BFBF711
:108E2000C8F9FBF777FA041CFBF738FE051C201C79
:108E3000FBF722FE041C281CFBF714FE0600201C76
:108E40000F00FBF70FFE0A9A0B9B04000D00FBF7C7
:108E5000B0F902000B0006980799FBF77AF9FBF7C7
:108E60004DFAC3B299460A9A0B9B30003900FBF7C2
:108E7000A0F9049A059BFBF775F9FBF73FFAC3B21B
:108E800098460898099922002B00FBF792F90200F6
:108E90000B0006980799FBF75CF9FBF72FFA089A85
:108EA000099BC4B239003000FBF783F9049A059B93
:108EB000FBF758F9FBF722FA00233C4E9A4602933F
:108EC000013342462100C0B2019300964B4601F0A7
:108ED00065FD5B46DBB299460FAB5A4618000C990C
:108EE000FAF75CFE5846FBF78FFD2D49FBF76BFD4B
:108EF0002F49FBF765FD011CFBF762FDFBF7B2FD97
:108F0000284A294BFBF755F9FBF704FA071CFBF736
:108F1000C5FD284A284B804604980599FBF749F976
:108F20000D000400381CFBF7A7FDFBF79BFD22009A
:108F30002B00FBF73EF902000B0006980799FBF7A0
:108F400008F900221D4BFBF704F9FBF7D7F9C7B26C
:108F50004046FBF787FD22002B00FBF72AF9049A15
:108F6000059BFBF7FFF80022154BFBF7F2F8FBF728
:108F7000C5F9534639000193C0B20D9B00960FAA64
:108F800001F056FF01239C46E3445B460D2B00D0C5
:108F900038E711B0F0BCBB46B246A946A046F0BDCA
:108FA00000004041182D4454FB210940FFFF000000
:108FB0000AD7233C295C8FC2F528EC3F00001440FF
:108FC00000000840002100B583B001910449282029
:108FD0000091044B6421044A01F02AFF03B000BD54
:108FE000FFFF0000380F002080C40010F0B5002003
:108FF000CFB0FFF753F8041C0120FFF74FF8051C12
:109000000720FFF74BF80820FFF748F80920FFF783
:1090100045F8002200210020FEF7C8FF01F05EFCA9
:10902000201CFBF71FFD0600281C0F00FBF71AFD94
:109030000A4C0090019132003B00210003A8FAF78E
:10904000ADFD00220192064A642100922820054BC2
:1090500003AA01F0EDFE4FB0F0BDC04694C400106D
:10906000FFFF0000380F002010B5040001210D2083
:1090700001F036FF642001F02FFF00210D2001F0E8
:109080002FFF642001F028FF01210D2001F028FFAF
:109090000021092001F024FF642001F01DFFFE4B98
:1090A00000211C71621E94415F2264429443FB4A7A
:1090B00008201A6001F014FF3621F94801F01AFF68
:1090C000C8340121082001F00BFF2100F44801F011
:1090D00011FF0021082001F003FFEF21F04801F00B
:1090E00009FF0021082001F0FBFEEB21EC4801F014
:1090F00001FF0121082001F0F3FE1421E84801F0EE
:10910000F9FE0021082001F0EBFEFE21E44801F009
:10911000F1FE0021082001F0E3FEEF21E04801F01C
:10912000E9FE0021082001F0DBFEEB21DC4801F024
:10913000E1FE0121082001F0D3FE1421D84801F0FE
:10914000D9FE0021082001F0CBFE8421D44801F093
:10915000D1FE0121082001F0C3FE4021D04801F0DA
:10916000C9FE0021082001F0BBFE8521CC4801F09A
:10917000C1FE0121082001F0B3FEFF21C84801F023
:10918000B9FE0021082001F0ABFE8621C44801F0A1
:10919000B1FE0121082001F0A3FEFF21C04801F02B
:1091A000A9FE0021082001F09BFE8721BC4801F0A8
:1091B000A1FE0121082001F093FEFF21B84801F033
:1091C00099FE0021082001F08BFE8821B44801F0AF
:1091D00091FE0121082001F083FE0A21B04801F030
:1091E00089FE0021082001F07BFE8921AC4801F0B6
:1091F00081FE0121082001F073FE2121A84801F021
:1092000079FE0021082001F06BFE8A21A44801F0BC
:1092100071FE0121082001F063FE0021A04801F049
:1092200069FE0021082001F05BFE8B219C4801F0C3
:1092300061FE0121082001F053FE8021984801F0D1
:1092400059FE0021082001F04BFE8C21944801F0CA
:1092500051FE0121082001F043FE0121904801F058
:1092600049FE0021082001F03BFE8D218C4801F0D1
:1092700041FE0121082001F033FE0121884801F060
:1092800039FE0021082001F02BFE8E21844801F0D8
:1092900031FE0121082001F023FEFF21804801F06A
:1092A00029FE0021082001F01BFE8F217C4801F0DF
:1092B00021FE0121082001F013FEFF21784801F072
:1092C00019FE0021082001F00BFEB621744801F0C0
:1092D00011FE0121082001F003FE0021704801F079
:1092E00009FE0121082001F0FBFD20216C4801F05E
:1092F00001FE0021082001F0F3FD3621684801F04D
:10930000F9FD0121082001F0EBFD0821644801F07E
:10931000F1FD0021082001F0E3FD3A21604801F051
:10932000E9FD0121082001F0DBFD05215C4801F089
:10933000E1FD0021082001F0D3FD9021584801F003
:10934000D9FD0121082001F0CBFD0821544801F08E
:10935000D1FD0121082001F0C3FD0821504801F092
:10936000C9FD0121082001F0BBFD08214C4801F096
:10937000C1FD0121082001F0B3FD0821484801F09A
:10938000B9FD0021082001F0ABFDBD21444801F0EA
:10939000B1FD0121082001F0A3FD0621404801F0A4
:1093A000A9FD0021082001F09BFDBC213C4801F0F3
:1093B000A1FD0121082001F093FD0021384801F0B2
:1093C00099FD0021082001F08BFDFF21344801F0B8
:1093D00091FD0121082001F083FD6021304801F05A
:1093E00089FD0121082001F07BFD01212C4801F0BD
:1093F00081FD0121082001F073FD0421284801F0BE
:1094000079FD0021082001F06BFDC321244801F003
:1094100071FD0121082001F063FD1321204801F0B6
:1094200069FD0021082001F05BFDC4211C4801F00A
:1094300061FD0121082001F053FD1321184801F0BE
:1094400059FD0021082001F04BFDC921144801F00D
:1094500051FD0121082001F043FD2221104801F0B7
:1094600049FD0021082001F03BFDBE210C4801F020
:1094700041FD0121082001F033FD1121084801F0D0
:1094800039FD0021082001F02BFDE121044801F005
:1094900031FD0121082005E0241B0020F000F00030
:1094A0000000044001F01CFD1021FE4801F022FDE7
:1094B0000121082001F014FD0E21FA4801F01AFDE7
:1094C0000021082001F00CFDDF21F64801F012FD1B
:1094D0000121082001F004FD2121F24801F00AFDDC
:1094E0000121082001F0FCFC0C21EE4801F002FDF6
:1094F0000121082001F0F4FC0221EA4801F0FAFC05
:109500000021082001F0ECFCF021E64801F0F2FC1B
:109510000121082001F0E4FC4521E24801F0EAFCC9
:109520000121082001F0DCFC0921DE4801F0E2FC09
:109530000121082001F0D4FC0821DA4801F0DAFC0E
:109540000121082001F0CCFC0821D64801F0D2FC12
:109550000121082001F0C4FC2621D24801F0CAFCF8
:109560000121082001F0BCFC2A21CE4801F0C2FCF8
:109570000021082001F0B4FCF121CA4801F0BAFC36
:109580000121082001F0ACFC4321C64801F0B2FCE7
:109590000121082001F0A4FC7021C24801F0AAFCBE
:1095A0000121082001F09CFC7221BE4801F0A2FCC0
:1095B0000121082001F094FC3621BA4801F09AFC00
:1095C0000121082001F08CFC3721B64801F092FC03
:1095D0000121082001F084FC6F21B24801F08AFCCF
:1095E0000021082001F07CFCF221AE4801F082FC51
:1095F0000121082001F074FC4521AA4801F07AFC01
:109600000121082001F06CFC0921A64801F072FC40
:109610000121082001F064FC0821A24801F06AFC45
:109620000121082001F05CFC08219E4801F062FC49
:109630000121082001F054FC26219A4801F05AFC2F
:109640000121082001F04CFC2A21964801F052FC2F
:109650000021082001F044FCF321924801F04AFC6B
:109660000121082001F03CFC43218E4801F042FC1E
:109670000121082001F034FC70218A4801F03AFCF5
:109680000121082001F02CFC7221864801F032FCF7
:109690000121082001F024FC3621824801F02AFC37
:1096A0000121082001F01CFC37217E4801F022FC3A
:1096B0000121082001F014FC6F217A4801F01AFC06
:1096C0000021082001F00CFCED21764801F012FC8D
:1096D0000121082001F004FC1B21724801F00AFC62
:1096E0000121082001F0FCFB0B216E4801F002FC77
:1096F0000021082001F0F4FBAE216A4801F0FAFBDA
:109700000121082001F0ECFB7721664801F0F2FB13
:109710000021082001F0E4FBCD21624801F0EAFBC2
:109720000121082001F0DCFB63215E4801F0E2FB2F
:109730000021082001F0D4FB70215A4801F0DAFB27
:109740000121082001F0CCFB0721564801F0D2FB93
:109750000121082001F0C4FB0721524801F0CAFB97
:109760000121082001F0BCFB04214E4801F0C2FB9E
:109770000121082001F0B4FB0E214A4801F0BAFB98
:109780000121082001F0ACFB0F21464801F0B2FB9B
:109790000121082001F0A4FB0921424801F0AAFBA5
:1097A0000121082001F09CFB07213E4801F0A2FBAB
:1097B0000121082001F094FB08213A4801F09AFBAE
:1097C0000121082001F08CFB0321364801F092FBB7
:1097D0000021082001F084FBE821324801F08AFBD7
:1097E0000121082001F07CFB34212E4801F082FB8E
:1097F0000021082001F074FB62212A4801F07AFB65
:109800000121082001F06CFB1821264801F072FBB1
:109810000121082001F064FB0D21224801F06AFBC0
:109820000121082001F05CFB71211E4801F062FB60
:109830000121082001F054FBED211A4801F05AFBE8
:109840000121082001F04CFB7021164801F052FB69
:109850000121082001F044FB7021124801F04AFB6D
:109860000121082001F03CFB18210E4801F042FBC9
:109870000121082001F034FB0F210A4801F03AFBD6
:109880000121082001F02CFB7121064801F032FB78
:109890000121082001F024FBEF21024801F02AFBFE
:1098A000012101E000000440082001F019FB7021B3
:1098B000F04801F01FFB0121082001F011FB70218D
:1098C000EC4801F017FB0021082001F009FB63219F
:1098D000E84801F00FFB0121082001F001FB1821ED
:1098E000E44801F007FB0121082001F0F9FA1121F9
:1098F000E04801F0FFFA0121082001F0F1FA71219E
:10990000DC4801F0F7FA0121082001F0E9FAF12121
:10991000D84801F0EFFA0121082001F0E1FA7021A6
:10992000D44801F0E7FA0121082001F0D9FA7021AA
:10993000D04801F0DFFA0121082001F0D1FA182106
:10994000CC4801F0D7FA0121082001F0C9FA13210F
:10995000C84801F0CFFA0121082001F0C1FA7121B5
:10996000C44801F0C7FA0121082001F0B9FAF32137
:10997000C04801F0BFFA0121082001F0B1FA7021BE
:10998000BC4801F0B7FA0121082001F0A9FA7021C2
:10999000B84801F0AFFA0021082001F0A1FA6421D3
:1099A000B44801F0A7FA0121082001F099FA282112
:1099B000B04801F09FFA0121082001F091FA292115
:1099C000AC4801F097FA0121082001F089FAF12151
:1099D000A84801F08FFA0121082001F081FA012145
:1099E000A44801F087FA0121082001F079FAF12159
:1099F000A04801F07FFA0121082001F071FA00214E
:109A00009C4801F077FA0121082001F069FA07214A
:109A1000984801F06FFA0021082001F061FA6621F0
:109A2000944801F067FA0121082001F059FA3C211D
:109A3000904801F05FFA0121082001F051FA00215D
:109A40008C4801F057FA0121082001F049FACD2194
:109A5000884801F04FFA0121082001F041FA6721FE
:109A6000844801F047FA0121082001F039FA452124
:109A7000804801F03FFA0121082001F031FA452128
:109A80007C4801F037FA0121082001F029FA102161
:109A9000784801F02FFA0121082001F021FA002175
:109AA000744801F027FA0121082001F019FA002179
:109AB000704801F01FFA0121082001F011FA00217D
:109AC0006C4801F017FA0021082001F009FA67211B
:109AD000684801F00FFA0121082001F001FA002185
:109AE000644801F007FA0121082001F0F9F93C214E
:109AF000604801F0FFF90121082001F0F1F900218F
:109B00005C4801F0F7F90121082001F0E9F9002192
:109B1000584801F0EFF90121082001F0E1F9002196
:109B2000544801F0E7F90121082001F0D9F9012199
:109B3000504801F0DFF90121082001F0D1F954214A
:109B40004C4801F0D7F90121082001F0C9F9102192
:109B5000484801F0CFF90121082001F0C1F9322174
:109B6000444801F0C7F90121082001F0B9F9982112
:109B7000404801F0BFF90021082001F0B1F974213B
:109B80003C4801F0B7F90121082001F0A9F91021A2
:109B9000384801F0AFF90121082001F0A1F9852131
:109BA000344801F0A7F90121082001F099F980213A
:109BB000304801F09FF90121082001F091F90021BE
:109BC0002C4801F097F90121082001F089F90021C2
:109BD000284801F08FF90121082001F081F94E2178
:109BE000244801F087F90121082001F079F90021CA
:109BF000204801F07FF90021082001F071F9982137
:109C00001C4801F077F90121082001F069F93E2193
:109C1000184801F06FF90121082001F061F90721CE
:109C2000144801F067F90021082001F059F93521A5
:109C3000104801F05FF90021082001F051F92121BD
:109C40000C4801F057F90021082001F049F91121D1
:109C5000084801F04FF9782001F03EF90021082072
:109C600001F03EF92921034801F044F9142001F0E4
:109C700033F910BD00000440F0B5C6468046334CB1
:109C800000B50F000021082015001E0001F028F982
:109C900020002A2101F02EF90121082001F020F9ED
:109CA0002000002101F026F90121082001F018F917
:109CB0004346013D2000D9B201F01CF92B12DBB262
:109CC00098460121082001F00BF94146200001F0DF
:109CD00011F90121082001F003F9E9B2200001F097
:109CE00009F90021082001F0FBF820002B2101F0E8
:109CF00001F90121082001F0F3F82000002101F012
:109D0000F9F80121082001F0EBF8F9B2200001F088
:109D1000F1F80121082001F0E3F84146200001F0AC
:109D2000E9F8013E0121082001F0DAF8F1B2200043
:109D300001F0E0F80021082001F0D2F82C212000E9
:109D400001F0D8F880BCB846F0BDC0460000044021
:109D500030B5124C43BAA5446C461B04E1251A0CDD
:109D60001A4323006D026D4404C3AB42FCD10021B1
:109D70000020F023F022FFF77FFF0121082001F0EF
:109D8000AFF8F0222100E13405485200FF3401F021
:109D9000BDF8AC42F5D1034B9D4430BDFC3DFEFF08
:109DA0000000044004C2010070B5F0230400F0225A
:109DB00000210020FFF760FF0121082001F090F84A
:109DC000E1235B02E518F0222100E1340348520050
:109DD000FF3401F09BF8AC42F5D170BD00000440A7
:109DE00070B5494CE389B42B44D02FD8002B06D052
:109DF0005A2B1DD12389013B5B1A010098B2238A9B
:109E0000022B2FD0022B14D8002B2FD023895D1EBC
:109E1000281A80B283420BD363898B4208D3E38A2A
:109E2000022B30D0042B3CD0102B58D0412B4BD0E0
:109E300070BD032BFCD123895D1E281A658980B271
:109E4000013D691A89B28342E6D2F1E787256D00A8
:109E5000AB42EDD16389013B1B1A080099B2238AFA
:109E6000022BCFD16389013B591A89B223898342DE
:109E7000D2D2DDE72389013B181A638980B2013B06
:109E8000591A89B2BBE7638AC2084B4392B20721D1
:109E90009B18802201400A412468E15C0A43E25495
:109EA000C6E7638AC026594383089BB2C9180323B7
:109EB00018404000134006419B01034125686C5C3B
:109EC000B44323436B54B3E7638A40005943236888
:109ED0000918100A585423685B185A70A8E7638A57
:109EE0002568594343089BB2C9180123F024184040
:109EF000800004416B5CA3431C000F2313401B0133
:109F0000034123436B5493E72C1B0020F0B54E46CE
:109F100057464546DE469946E0B587B0039010A8FF
:109F2000038811A8019303884846072502934B46EE
:109F300080884C4605406E1EB541DB88203A5A4366
:109F4000C608AD196A432768BF18002B4DD02A4AAE
:109F50008946904601224346521A04920094059382
:109F6000002842D007239B4679339A46059B00255B
:109F70009846039E18E043469B88B3420AD3434663
:109F8000DB884B4506D3029A30004946FFF728FF8D
:109F9000009B9888073C63425C4101350136ADB2B5
:109FA0003F19B6B2854210D25C4652462C4022413F
:109FB0003B781A42DFD143469B88B342EAD34346FB
:109FC000DB884B45E6D3019ADEE7430700D0013733
:109FD000009BDA88049B4B449BB29A4205D94B46BE
:109FE00001339BB299460028BCD107B0F0BCBB46F8
:109FF000B246A946A046F0BD2C1B0020F0B54E4647
:10A000004546DE465746E0B56D4C9146A2888846E7
:10A0100085B0824200D2C8E0E3888B4200D2C4E01F
:10A0200049460F230B401B01029303230B409B0166
:10A030009A464346471EBFB2002B40D041464E1EB3
:10A0400007218B464946019003910199C14600239F
:10A05000D046B6B2002932D0002B30D1BA422ED32E
:10A06000E3883100B34226D3E389B42B60D03BD8D8
:10A07000002B5BD05A2B1ED1494623895B1A39002D
:10A080009BB2258A022D3BD0022D3FD8002D3BD01C
:10A090002589681EC31A9BB29D420CD365898D42E7
:10A0A00009D3E58A022D4CD0042D59D0102D00D1B2
:10A0B0006BE0412D0AD0012301990029CCD105B0D4
:10A0C000F0BCBB46B246A946A046F0BD628A0398E2
:10A0D00051435B00C9182368020A5A5423685B186D
:10A0E0005870A2880123E7E7872149008B42E2D11B
:10A0F000019B6189258AC91A89B23300022DC3D117
:10A100006589013D691A89B22589C5E7032DD2D138
:10A110002589681EC31A60899BB28246012040428D
:10A120008446E2445046411A89B2B5E73B00A8E7AD
:10A130004D46019923895B1A61899BB2491B89B2FB
:10A140009FE75D46628A1D405143DA0880232B4118
:10A1500089182268555C2B435354A2880123ABE72E
:10A160000320628A51439A0803405D00C0232B41BB
:10A170009A46504689182268535C834340462841DA
:10A1800003435354A288012396E70120628A514376
:10A190005A0803409D00F0232B419A4650468918E7
:10A1A0002268535C83430298E9E7064B01001800DC
:10A1B000FAF792FF4146E2880348FAF78DFF7EE7FF
:10A1C0002C1B0020A4C40010C8C40010F0B55746D2
:10A1D000DE464E464546E0B59C4C8BB007920F00DC
:10A1E0001100A28882469B46824200D221E1E38888
:10A1F000BB4200D21DE15B465B00013B9C46002B4D
:10A2000000DC8BE00F225B460A4012010992032218
:10A210000026FD1A030058460A4092010892524651
:10A22000181A310000235E4680B204920595049A04
:10A2300090464344B34200DA05E1059B002B00DA67
:10A2400001E189B253189BB2872503936B466D00D9
:10A25000B0469A8AAB460023060002910197A08877
:10A26000B04240D3E18891423DD30199CD18E189B4
:10A27000ADB2B42900D17FE057D8002900D178E0F1
:10A280005A2930D1218901394144491B350089B20D
:10A29000278A022F55D0022F5FD8002F5AD0278946
:10A2A000B946013F791A89B249451CD86789AF423E
:10A2B00019D3E78A022F00D16FE0042F00D188E084
:10A2C000102F00D1A0E0412F0DD1678A49007D43B6
:10A2D000A946079F89443D0A4F462168CD5521680C
:10A2E000079F49444F70013399B21BB2614500DBAF
:10A2F0006AE0019DA9464944414503DB013292B21F
:10A30000B042ACD230002F0046460299013109B26A
:10A3100001300B0080B2614500DA88E70BB0F0BC79
:10A32000BB46B246A946A046F0BD5945DBD165897A
:10A330000399013D4544278A6D1AADB21100022FE1
:10A34000A9D16789B94601277F42BA46D1444F4611
:10A350007D1BADB22789B946A6E7032FC3D1278954
:10A36000B946013F791A678989B2013F7D1BADB2B9
:10A370009AE7150031008BE72189039F0139414499
:10A38000C91B678989B2B94601277F42BA46D144C1
:10A39000C1444F467D1BADB27AE7678A01336F43F4
:10A3A000B946CD082768ADB24D44B94607270F40DE
:10A3B000802139414F467F5D39434F46795599B2E7
:10A3C0001BB2614500DA94E7300002994646019FCE
:10A3D0009CE7678A6F43B9468D08ADB2A94403254F
:10A3E00029404900BD350D418A46494627680695F2
:10A3F0007D5C06998D430899069555462941069D31
:10A400000D4349467D546EE7678A6F43B9464D0850
:10A41000ADB2A944012529408900EF350D418A4696
:10A420004946276806957D5C06998D4306950999EE
:10A43000E3E751460648FAF74FFE3900E28805483F
:10A44000FAF74AFE6AE789B260E7C0462C1B002093
:10A45000A4C40010C8C40010F0B557464E46454687
:10A46000DE460400E0B51F000E00100099B0119305
:10A4700022AB198823AB0891197824AB8B46197845
:10A48000131B1092DA179D18BB1B5540DA178A462A
:10A4900099185140DA17D31A5340844292410A93D3
:10A4A000CD4B12911A401300CC4A0C95944663444C
:10A4B00002221493BE429B411A40531E13935B46E3
:10A4C0005B00013B159300236A1A98465300994696
:10A4D000C34B089916930F2319405346A246C14F08
:10A4E000069217910B9343460133DBB298460B9BC0
:10A4F000012B3CD103214046F9F7F0FBC9B20029FA
:10A5000035D1089B002B00D170E15B460022310061
:10A510005046FFF75BFE002398460A9B4B4510DC34
:10A52000109B534500D168E1069B129A9A1A149B1E
:10A53000069253449BB29A46530099460C9B4B4556
:10A54000D1DB119BB34200D157E10C9A069B944694
:10A55000634406935B0099464346139A013394463D
:10A56000DBB298460B9B6644B6B2012BC2D0BA88C8
:10A57000924500D923E1FB88B34200D21FE115992F
:10A580000029CADD5B465A46F41A5346981A179AB0
:10A59000002312010D9203229C46089B00251A40BD
:10A5A0009301099343460E9363468C4651460491AA
:10A5B00049462A005D4680B20F9105940499884669
:10A5C0004344AB4200DA04E1059B002B00DA00E1D2
:10A5D0000B0091B25B189BB2872403936B46640017
:10A5E000A8469A8AA3460023050002910196B888DE
:10A5F000A8423FD3F98891423CD30199CC18F989FC
:10A60000A4B2B42900D17EE056D8002900D177E069
:10A610005A292FD1398901394144091B2C0089B2AB
:10A620003E8A022E54D0022E5ED8002E59D03E898A
:10A63000B146013E711A89B249451BD87E89A642AE
:10A6400018D3FE8A022E6FD0042E00D187E0102E80
:10A6500000D19FE0412E0DD17E8A49007443A1466E
:10A66000089E8944340A4E4639688C553968089EDC
:10A6700049444E70013399B21BB261456ADA019CBC
:10A68000A1464944414503DB013292B2A842AED211
:10A69000280026004546029901310AB20130130014
:10A6A00080B2624500DA89E70E9BAB469846049B70
:10A6B0009A460F9B994630E75945DBD17C8903992F
:10A6C000013C44443E8A641AA4B21100022EAAD16D
:10A6D0007E89B14601267642B246D1444E46341BAD
:10A6E000A4B23E89B146A7E7032EC3D13E89B14645
:10A6F000013E711A7E8989B2013E341BA4B29BE7E8
:10A70000140029008CE73989039E01394144891BD3
:10A710007E8989B2B14601267642B246D144C1440F
:10A720004E46341BA4B27BE77E8A01336643B146B2
:10A73000CC083E68A4B24C44B14607260E408021A6
:10A7400031414E46365D31434E46315599B21BB2CA
:10A75000614594DB280002994546019E9CE77E8A6C
:10A760006643B1468C08A4B2A144032421404900A9
:10A77000BD340C418A4649463E680794745C07998B
:10A780008C430999079454462141079C0C43494640
:10A7900074546FE77E8A6643B1464C08A4B2A14464
:10A7A000012421408900EF340C418A4649463E6825
:10A7B0000794745C07998C4307940D99E3E751461D
:10A7C0001698FAF789FC3100FA880748FAF784FCF2
:10A7D000A3E691B260E7C0460200FFFFFFFF000062
:10A7E000A4C400102C1B0020C8C400105B4631001C
:10A7F0005046054AFFF7EAFC8DE619B0F0BCBB46AF
:10A80000B246A946A046F0BDFFFF000030B503AC3C
:10A8100025880E4C2060022021816281A581E08282
:10A8200048070FD1C80860820020A282E3812082FD
:10A83000002B04D0B42B02D00B0011001A00E280D0
:10A84000A18030BDC808013080B2ECE72C1B00208D
:10A85000002807D05A2805D0B42803D087235B00EE
:10A86000984201D1014BD8817047C0462C1B002073
:10A8700002280ED0042804D0102820D0412818D057
:10A880007047154B1A89D88291070ED192085A82C7
:10A89000F6E7114B1A89D882510702D1D2085A82A1
:10A8A000EEE7D20801325A82EAE7920801325A8270
:10A8B000E6E7094B1A89D88252005A82E0E7064B34
:10A8C0001A89D882D10702D452085A82D8E752088E
:10A8D00001325A82D4E7C0462C1B0020F0B52D4C23
:10A8E0002D4AE38A991E114204D0102B1AD0412B15
:10A8F00033D0F0BDA38A002BFBD00025628AC0B202
:10A90000002AF6D000236A432168C918885401330D
:10A91000628A9BB29A42F6D80135A38AADB2AB42A5
:10A92000EED8E6E7A38A002BE3D000260F27628A41
:10A93000002ADED000237243216838400501C9187F
:10A9400005438D540133628A9BB29A42F3D8013693
:10A95000A38AB6B2B342EBD8CBE7A38A002BC8D008
:10A960000025628A060AC0B2002AC2D000236A43C8
:10A9700059008A18216801338E5421689BB28A18C5
:10A980005070628A9A42F2D80135A38AADB2AB42C6
:10A99000EAD8AEE72C1B0020FDFF0000F0B585B023
:10A9A0000AAC26880BAC27780CAC2478A446094C5A
:10A9B000A58885420CD3E4888C4209D3954207D3FD
:10A9C0009C4205D36446019702940096FFF744FD2C
:10A9D00005B0F0BD2C1B0020F0B545465746DE46BD
:10A9E0004E46E0B591B09846CD4F1AAB03911C7816
:10A9F00004901BAB0D001978BB88834200D285E020
:10AA0000FB88AB4200D881E0032310B252009B1AAE
:10AA10001BB206900A93012900D17EE0002875DB65
:10AA2000002301936B4645461E8B6B469F88049B13
:10AA3000DB199AB29146039A4846B31899B22A0094
:10AA400023008846FFF7C2FB049B2A00DB1B99B258
:10AA50008B46230041465846FFF7B8FB049B039AF8
:10AA60009B1B99B28A46D31999B2504623002A00FB
:10AA70000291FFF7ABFB039AD31B98B2010080460B
:10AA8000230050462A00FFF7A1FB039A5846931B68
:10AA90009AB2924623002A005146FFF797FB484698
:10AAA00023002A005146FFF791FB049B2A00F3186C
:10AAB0009BB29946414623004846FFF787FB230097
:10AAC0002A0048460299FFF781FB0A9B002B12DB04
:10AAD000069A019B013E9B1A0A9A9B000A329B1818
:10AAE0001BB201370A933AB233B2069301929342F2
:10AAF0000CDB9EB299E7BA0006339B181BB20137F4
:10AB0000069A0A933BB2019393428EDD11B0F0BCDA
:10AB1000BB46B246A946A046F0BD0028F6DB049924
:10AB2000C3468946A8466B1E9AB20B9209920C92B4
:10AB30007C4A4B1E07927C4A9BB208930291019576
:10AB40000D924246039B4E469C1AA3B29A46069B20
:10AB500024B225009C4200DDB0E053460F94C2466B
:10AB60000E932CE0002E00D154E1514600290DD067
:10AB70000999701E80B28B4200D21AE15A46FFF743
:10AB80002FF9BA88B24200D205E1FB8801998B42C5
:10AB900000D200E10199002909D0701E80B28242E2
:10ABA00005D30C99994202D85A46FFF719F9013595
:10ABB000069B01362DB2B6B29D4200DD7AE0039BC2
:10ABC000ADB2EC18BA886B009BB24946A4B20593AB
:10ABD0004A4500D2D5E0FB889C4200D9D1E000294B
:10ABE00000D1A3E0002C0AD00898824207D30B9A28
:10ABF000A91889B28B4202D35A46FFF7F1F8210017
:10AC00005A460298FFF7FAF9049B5A465B1B9BB21F
:10AC1000984618000199FFF7F1F95A465146404607
:10AC2000FFF7ECF9059B5A46E41AA4B221000298FA
:10AC3000FFF7E4F9BA884A4500D297E0FB889C42C6
:10AC400000D993E0494600290DD0002C0BD008987C
:10AC5000824208D30B99491B89B28B4203D35A46CF
:10AC6000FFF7BEF8BA88B24203D3FB889A4500D8F2
:10AC700078E70798310004000596FAF72DFA2A4B79
:10AC8000FA88514618009846FAF726FABA88B2426E
:10AC900000D284E0FB8801998B4200D27FE0002E35
:10ACA00000D077E70135069B01362DB2B6B29D4242
:10ACB00000DC84E70E9BD0469A460F9C0A9B002B33
:10ACC00000DA7DE006990A33621A9200D21813B2B4
:10ACD0000A934B1E1AB2019B069201339BB2019359
:10ACE0000C9B01339BB20C93099B013B9BB20993D4
:10ACF0004346013B9BB298464B4601339BB2994673
:10AD0000089B01339BB20893029B013B9BB20293C9
:10AD1000534601331BB29A4200DB12E7F6E6C04607
:10AD20002C1B0020A4C40010C8C4001021005A46E7
:10AD30000298FFF763F9049B5A465B1B9BB2984647
:10AD400018000199FFF75AF95A4651464046FFF755
:10AD500055F9059B5A46E41AA4B221000298FFF760
:10AD60004DF9FB88BA88A34200D37CE7494607988F
:10AD7000FAF7B2F9FA8821000D98FAF7ADF9BA8816
:10AD800071E70798FAF7A8F9274B21001800FA880D
:10AD9000FAF7A2F933E7244B244C98460596059917
:10ADA0002000FAF799F94046FA880199FAF794F9E0
:10ADB000FDE601998B42EED3002900D0F1E6F6E6DC
:10ADC000524606339200D21813B20A93019B069A98
:10ADD00001339BB201930C9B01339BB20C93099BF3
:10ADE000013B9BB209934346013B9BB298464B46BD
:10ADF00001339BB29946089B01339BB20893029B97
:10AE0000013B9BB20293534601331BB2934200DCD9
:10AE100097E67BE601998B4200D3C8E600230593B1
:10AE2000014B024C9846BAE7C8C40010A4C40010F5
:10AE3000F0B55746DE464E464546E0B585B09846E5
:10AE40000EAB1B888B4602930FAB1B888246039385
:10AE5000204B170099889946814233D3D8885845AA
:10AE600030D31278002A2DD043469B885D46544645
:10AE70001E001EE04346DB88EB18834201DD5D4681
:10AE800054468C420CD885420AD8029B2900019373
:10AE9000039B200000934346FFF738F843469E8803
:10AEA0007A78A4190137A4B2002A0BD04B469988AE
:10AEB000D888A3198B42DDDD4346DB885446ED1864
:10AEC000ADB2D9E705B0F0BCBB46B246A946A04634
:10AED000F0BDC0462C1B002010B5F6F759FB10BD85
:10AEE0000123D02283401206002901D0536170470C
:10AEF0009361FCE700B583B06B46D971073301223B
:10AF0000190000F0A9FE03B000BDC04610B500F066
:10AF1000A3FE10BD10B5642811D80B4B00041A68AD
:10AF200093009B18094A9B00944663441A6850405A
:10AF30008022000C520100041343186010BD044825
:10AF4000F9F7D8FFFAE7C046A42500200C00054019
:10AF500064C9001070B5FAF7CBF80D20F5F7E2FCE4
:10AF6000D02480238025802624069B0163626D0007
:10AF70000820F5F7D7FCB60065620920F5F7D2FC8A
:10AF800019206662F5F7CEFC80239B04636266613C
:10AF9000A5616361FCF7F4FC1F211D20F5F784FC1B
:10AFA000002200211D20F5F797FC00211D20F5F758
:10AFB000A5FC254B04211A68C0239B015340E022C5
:10AFC000D2011340214A19201360F5F76DFC0422C9
:10AFD0001F4B20491A6064231F4A20481366204BE8
:10AFE0001B681B0C1B040B60C8239B0053651D4B87
:10AFF0001D491A68012393431C4A1360FCF7DCFACD
:10B0000001210A20F5F750FC01210B20F5F74CFC3B
:10B0100017491848FCF7DAFB03210620F5F744FC32
:10B0200003210720F5F740FC002201210620F5F757
:10B0300053FC002201210720F5F74EFC0E48F9F7DA
:10B0400059FF002070BDC04600C0044000D004403D
:10B05000A42500205C1005400000054000000440CD
:10B060005C00054050000540005A62025010054047
:10B07000801A0600280F002078C90010030010B5C0
:10B080000A0003490868190000F004F810BDC04622
:10B09000400F002010B5514300F03EF8041E0ED0C2
:10B0A0000300083B5A6803239A43043A242A15D81C
:10B0B0000300132A05D800221A605A609A60200003
:10B0C00010BD00210833016041601B2AF3D9816063
:10B0D000C160242A06D003001033ECE70021F9F701
:10B0E00021FEECE70300016118334161E3E7C0464C
:10B0F00010B5034B0100186800F00EF810BDC046F3
:10B10000400F002010B5034B0100186800F076FCDA
:10B1100010BDC046400F0020F0B54E464546DE4605
:10B120005746E0B50D000B35060083B0162D22D82A
:10B13000102900D9B2E000F0A9FA10251823022046
:10B14000CC4FFB181A005C68083A944200D1B5E075
:10B15000032362689A431300E268A168CA609160A1
:10B160000122E318596830000A435A6000F090FA4F
:10B170002000083095E007239D4300D58EE0A942CA
:10B1800000D98BE000F082FAFC235B009D4200D2E4
:10B19000A1E1680A00D18BE0042800D974E13823CA
:10B1A0009846A80980443930C100B24F79184C68DC
:10B1B0000839A1420ED003239C4604E0002ACBDAD2
:10B1C000E468A14206D06246636893435A1B0F2A83
:10B1D000F4DD40463A003C690832944200D178E000
:10B1E00003236168994389460B00491B0F2900DD41
:10B1F00075E17A613A610029B2DA802292009145C4
:10B2000000D310E15909DA0801238B40D200796894
:10B21000D2190B4391687B60E260A1609460CC60BE
:10B22000012182109140994259D80B4205D1032245
:10B230009043490004300B42FBD003239846C300DF
:10B240009946B944CC4682466346DC68A44507D19A
:10B2500026E1002A00DB2FE1E468A44500D11FE1CC
:10B260004246636893435A1B0F2AF2DD0120804651
:10B27000611905436560A068E5680837C560A86086
:10B2800040461043F960B9604860CF6030008F607D
:10B29000E25000F0FDF92000083002E00C2300200D
:10B2A000336003B0F0BCBB46B246A946A046F0BD31
:10B2B00080213F2340209846890076E7DC680230F1
:10B2C000A34200D044E73A003C690832944200D0DF
:10B2D00086E701217B68821091409942A5D903231A
:10B2E000BC6862689A439146954203D8531B0F2B62
:10B2F00000DD8AE023004B445F4A01935F4B934695
:10B300009A4612681B68EB18013200D136E15C4A9C
:10B31000944663441B0B1B0300933000009900F01C
:10B32000B9F903008046013300D1F3E0019B834269
:10B3300000D9EDE052460098526803009446514609
:10B3400063444B6001991A00414500D14BE15B46D3
:10B350001B68013300D150E1434601995B1A9A18EA
:10B3600053465A600723424641461A400192194209
:10B3700000D10DE108239846881A424B0099804479
:10B3800041449B1A5B1A1B051B0D009130001900EC
:10B390009B4600F07FF9431C00D14AE14346C01AA6
:10B3A00003005B440093534652465B6801215B44B3
:10B3B000536042464046BA60009A0A434260BC422B
:10B3C00000D11EE14A460F2A00D81CE107200C3AA2
:10B3D000824360680140052011436160A118486004
:10B3E00088600F2A00D92FE14246444652685146F0
:10B3F000C96A994201D25146CB625146096B9942C2
:10B4000000D389E051460B6386E0012229001343F3
:10B410001143651961603000BD606B6000F038F960
:10B42000200008303DE75A0A042A6BD9142A00D9B3
:10B43000BEE011005C325B31D20008235B429C46C7
:10B44000BA18944463469A6803239846944500D1F9
:10B4500097E0434651689943494502D9926894451B
:10B46000F7D1D3689C467B686146A260E1608C603E
:10B47000D460D5E67813002070130020EC1A002069
:10B480000F10000008100000142852D9542800D9C9
:10B4900096E06E239846280B80446F30C10084E606
:10B4A00008239B46073BDC449B46DA44434652460E
:10B4B000134200D0C8E64CE00122E318596830007E
:10B4C0000A435A60E368A268D3609A6000F0E0F82B
:10B4D00020000830E5E62B00E808083330E60123B9
:10B4E00060191D43656078613861C26082601A002E
:10B4F0004B460A4342603000E15000F0C9F820009A
:10B500000830CEE69A09110039323831D20094E77A
:10B51000BC4260D0BC68626803239A43531B9542C7
:10B5200002D80F2B00DD70E7300000F0B1F80020EA
:10B53000B7E65B23984680445C30C10035E60823BB
:10B540005B429C46E1444B469B6801384B4500D02A
:10B5500097E043460342F2D17B688B437B6049000E
:10B56000994200D9BBE6002904D1B8E604229446EA
:10B570004900E2440B42F9D0504660E61033009394
:10B58000CBE68910023B8B4079680B437B606BE70D
:10B59000009B300043445B421B051B0D19009B467A
:10B5A00000F078F8431C00D0F8E600239B46FAE64A
:10B5B000542A2AD81A0B11006F326E31D2003CE7A0
:10B5C000AA235B0098422AD8DD3B9846E80B8044CA
:10B5D0007830C100E9E553465B68009A9C465346C3
:10B5E00062445A60B3E6090500D0B0E60200BC68C8
:10B5F0004A4401310A436260F9E65B4642461A60FA
:10B60000B0E64446F3E641608EE7AA2149008A424B
:10B6100024D8DA0B110078327731D2000DE71A4BBB
:10B62000984224D87C239846A80C80447D30C100E1
:10B63000BBE5009A019B94464246083B63449B1A33
:10B64000009300239B46AEE621003000083100F055
:10B65000D5F95346BC685B686268C8E60A498A4205
:10B660000BD89A0C11007D327C31D200E5E6FE2128
:10B670007E237F209846890097E5FE227E21920056
:10B68000DBE67B686BE7C046540500007047C046A8
:10B690007047C046002370B5064D040008002B60BB
:10B6A000F6F74AFF431C00D070BD2B68002BFBD07F
:10B6B0002360F9E7201B0020024670B50A43920779
:10B6C0002AD11E4DEE0104C808C9541B94433440CE
:10B6D00017D0D0B2D9B2401A2106014310D190B28E
:10B6E00099B2401A210401430AD110021902000A3A
:10B6F000090A401A2102014302D1100E190E401A04
:10B7000070BD9A42DFD010BA19BA884201D901201F
:10B7100070BD0020C04370BD02780B78013001314C
:10B72000002A09D09A4207D102780B780130013102
:10B73000002A01D09A42EFD0D01A70BD0101010158
:10B7400010B583070AD00300032102E001330B4246
:10B7500005D01A78002AF9D1181A10BD030019680B
:10B760000C4A0D4C8A188A4322420FD15968094A63
:10B7700004338A188A43224208D15968054A04339F
:10B780008A188A432242F1D000E001331A78002A55
:10B79000FBD1E1E7FFFEFEFE80808080F0B55746DA
:10B7A0004E464546DE468246E0B5914688461E0036
:10B7B0000A000820484F83B013001C78551C395DDF
:10B7C0002A000842F8D12D2C66D02B2C29D0434BCF
:10B7D0009B4600230193002E2BD0102E64D03700FF
:10B7E00039005846F8F77AFA2B008C4600220021DF
:10B7F00007E0884212D33FD00122794369181C78B0
:10B8000001332500303D092D04D9113D192D15D8DE
:10B81000373C2500AE4219DD002AEADA0122524205
:10B82000EDE72C789D1C2D4B9B4600230193002EA9
:10B83000D3D1302C46D00A270A26D1E72500613D16
:10B84000192D03D8573C2500AE42E5DC002A18DB51
:10B850000198002800D049424846002804D0002A18
:10B8600038D14B4642461A60080003B0F0BCBB46D4
:10B87000B246A946A046F0BDAC45BDDA012252420F
:10B88000BDE7222251460A604A465946002AEBD0BB
:10B89000013B98465946E4E72C789D1C80231B0603
:10B8A0009B460123019396E7302C04D120222B786C
:10B8B0009343582B01D0102792E76C78102710265D
:10B8C00002358DE720222B789343582BF5D008279B
:10B8D000082685E78B46DBE791C90010FFFFFF7F55
:10B8E00010B5012B04D0242B02D8FFF757FF04E03A
:10B8F00000F030F816230360002010BD130010B5CF
:10B90000012A09D0242A07D8064A14680A0001002F
:10B910002000FFF743FF04E000F01CF8162303604B
:10B92000002010BD400F0020130010B5012A09D0DF
:10B93000242A07D8064A14680A0001002000FFF7ED
:10B940002DFF04E000F006F816230360002010BD70
:10B95000400F0020014B18687047C046400F002080
:10B96000F8B50C000500FFF791FE204FBB685E683C
:10B9700003239E431E4B341B9C466444240B013C12
:10B98000113324039C4207DB00212800FFF782FECD
:10B99000BB689B19984204D02800FFF779FE00206D
:10B9A000F8BD28006142FFF775FE431C0DD001224F
:10B9B000BB68361B16435E600E4B28001A68141BCA
:10B9C0001C60FFF765FE0120EAE700212800FFF771
:10B9D00061FEBA68831A0F2BDEDD07490968401A39
:10B9E0000449086001210B435360D5E77813002018
:10B9F000EF0F0000F01A002070130020F0B5C646CB
:10BA000005000C0000B500294FD0FFF73FFE2100D4
:10BA100008394C68012622000320B2438F187B6846
:10BA20008343624898468368BB426AD043467B6042
:10BA300026421ED108239C460C688444091B121917
:10BA40008C6864454FD0CB68E3609C604346FC182B
:10BA50006468344211D1BB68554C4244A34200D1C2
:10BA60007EE0FC68DC60A360012313434B608A50D6
:10BA700006E0FC1864683442EDD016434E603A602C
:10BA800080239B009A4213D25409D3080122A2407A
:10BA90004468DB002243426018188368C8608B60EA
:10BAA0008160D9602800FFF7F3FD80BCB846F0BD87
:10BAB000530A042B3ED89409260039343836E40062
:10BAC00004192368083C03279C4242D05868B843B5
:10BAD000904202D99B689C42F8D1DC68CC608B60B4
:10BAE000A160D960DEE74346F8184068304257D17C
:10BAF000FB68B86842441643C36098604E608A5041
:10BB0000D0E713004344264206D10A68891A8C689C
:10BB10009B18CA68E260946001221A434A60254A71
:10BB2000816012689A42BDD8234B28001968FFF73C
:10BB300017FFB7E7142B07D9542B1AD8140B26007C
:10BB40006F346E36E400BBE71E005C335B36DC000E
:10BB5000B6E70122B610B240466832434260BDE704
:10BB6000D9609960CB608B60012313434B608A508E
:10BB700098E7AA246400A34205D8D40B26007834A1
:10BB80007736E4009CE70D4CA34205D8940C2600C0
:10BB90007D347C36E40093E7FE247E26A4008FE704
:10BBA000330013434B603A607CE7C04678130020B3
:10BBB0008013002074130020EC1A002054050000AC
:10BBC000F8B5C0460000000001B40248844601BC3C
:10BBD000604700BFC902002001B40248844601BC8E
:10BBE000604700BF2D02002001B40248844601BC1A
:10BBF000604700BFC10D002001B40248844601BC6B
:10BC0000604700BFAD09002001B40248844601BC72
:10BC1000604700BFD509002001B40248844601BC3A
:10BC2000604700BFC10D002001B40248844601BC3A
:10BC3000604700BFC100002001B40248844601BC37
:10BC4000604700BF8903002001B40248844601BC5C
:10BC5000604700BF9D01002001B40248844601BC3A
:10BC6000604700BF750D002001B40248844601BC46
:10BC7000604700BF0101002001B40248844601BCB6
:10BC8000604700BF490B002001B40248844601BC54
:08BC9000604700BFF10A00202B
:10BC98004C43445F31696E32385F74657374204475
:10BCA800656D6F0D000000004661696C6564207465
:10BCB8006F206170706C7920666F7220626C6163AE
:10BCC8006B206D656D6F72792E2E2E0D00000000B1
:10BCD8004E6F2050494F207374617465206D616305
:10BCE80068696E65732061726520617661696C614F
:10BCF800626C65004E6F2070726F6772616D2073A1
:10BD080070616365000000004E6F207370696E6C8F
:10BD18006F636B732061726520617661696C616223
:10BD28006C6500004E6F207573657220495251731F
:10BD38002061726520617661696C61626C650000E2
:10BD4800486172647761726520616C61726D20254B
:10BD58006420616C726561647920636C61696D65EA
:10BD6800640000000A2A2A2A2050414E4943202A0A
:10BD78002A2A0A000A00000048617264206173736D
:10BD880065727400666E692B00000000666E6900BB
:10BD98006E616E00666E692D000000004231001071
:10BDA800F8300010F83000103A310010F830001068
:10BDB800F8300010F8300010F8300010F83000109B
:10BDC800F8300010F830001032310010F830001050
:10BDD8002C310010F8300010F83000102431001019
:10BDE80098320010543100108C3200105431001079
:10BDF8007A320010543100105431001054310010C0
:10BE080054310010543100105431001054310010D6
:10BE18004A310010543100105431001054310010D0
:10BE280054310010543100104A310010DA32001039
:10BE38009C3100109C3100109C3100109C31001086
:10BE48009C3100109C3100109C3100109C31001076
:10BE58009C3100109C3100109C3100109C31001066
:10BE68009C3100109C3100109C3100109C31001056
:10BE78009C3100109C3100109C3100109C31001046
:10BE88009C3100109C3100109C3100109C31001036
:10BE98009C3100109C3100109C3100109C31001026
:10BEA8009C3100109C3100109C3100103C32001075
:10BEB800A83200103C3200109C3100109C31001058
:10BEC8009C3100109C3100109C3100109C310010F6
:10BED8009C3100109C3100109C3100109C310010E6
:10BEE8009C3100109C3100109C3100109C310010D6
:10BEF8009C3100109C310010F43400109C3100106B
:10BF08009C3100109C3100109C3100109C310010B5
:10BF18009C3100109C3100109C3100109C310010A5
:10BF2800F4340010EE320010F43400103C320010EB
:10BF3800A83200103C320010000000000000F03F62
:10BF480000000000000024400000000000005940EC
:10BF58000000000000408F40000000000088C3403F
:10BF680000000000006AF8400000000080842E41B4
:10BF780000000000D01263410000000084D7974100
:10BF88000000000065CDCD414F7574206F66206DAF
:10BF9800656D6F727900000052656C6561736500AC
:10BFA800626F6F74325F773235713038300000005D
:10BFB800312E352E310000007069636F00000000DB
:10BFC8006D61696E000000004F63742020382032D4
:10BFD8003032330006005250D3F07542A0BF001033
:10BFE80006005250E182887FA8BF00100600525018
:10BFF800BBFF3CB6C0BF00100D0A000055415254AB
:10C0080020737464696E000055415254207374643F
:10C018006F7574005541525420737464696E202FF3
:10C02800207374646F7574000600525053B4F4A101
:10C038001CC000100800525092000000E15200108D
:10C04800E5520010F15200101D5300101953001052
:10C058000000000055534220737464696E202F203D
:10C068007374646F757400000600525053B4F4A1E1
:10C078005CC00010526173706265727279205069F9
:10C08800000000005069636F00000000426F617299
:10C098006420434443000000526573657400000047
:10C0A800000000007CC000108CC00010D0250020CB
:10C0B80094C00010A0C000100902540003010080C1
:10C0C8007D080B00020202000009040000010202C0
:10C0D80000040524002001052401000104240202B3
:10C0E8000524060001070581030800100904010062
:10C0F800020A00000007050202400000070582024C
:10C108004000000904020000FF00010512010002BE
:10C11800EF0201408A2E0A0000010102030100001B
:10C12800556E68616E646C656420495251203078A0
:10C1380025780A00657020256420257320776173AF
:10C1480020616C726561647920617661696C6162F5
:10C158006C65000043616E277420636F6E74696EAE
:10C1680075652078666572206F6E20696E616374EC
:10C17800697665206570202564202573000000001D
:10C18800305E0010C45F0010725F0010305E001057
:10C19800545F00103C5F0010D05E00107E5E0010FF
:10C1A800725E0010B0620010966200102A5F0010E4
:10C1B8002C6300102A5F0010146300100063001045
:10C1C8002A5F0010EC620010C46200102A5F0010A1
:10C1D800B063001094630010886300102A5F001099
:10C1E8002A5F00106A630010946300102A5F001031
:10C1F8002A5F00102A5F00102A5F00102A5F0010D3
:10C208002A5F00102A5F001046630010E96B0010D7
:10C21800656C0010916C0010756D0010596E00105F
:10C22800000000006669666F2066756C6C0A0D0078
:10C238006661696C656420746F207365747570201D
:10C2480070696F00416C6C204952517320617265AE
:10C2580020696E20757365006C61742025662C203A
:10C268006C6F6E2025660A0074696D6520697320FD
:10C2780025643A25643A256420696E205554430A9A
:10C288000D00000094C2001009FF0000202027EADA
:10C2980001404206C80014C0A02000002080000011
:10C2A800FF0000000000000000000000D48400101F
:10C2B8008C8200108C8200108C8200108C820010FE
:10C2C8008C8200108C8200108C8200108C820010EE
:10C2D8008C8200108C8200108C8200108C820010DE
:10C2E8008C8200108C8200108C8200106A830010EF
:10C2F8008C8200108C8200108C8200108C820010BE
:10C308008C8200108C8200108C8200108C820010AD
:10C318008C8200108C820010DA8600108C8200104B
:10C328008C8200108C820010BC8500103A830010AB
:10C338008C8200102C8600108C8200108C820010D9
:10C34800688200108C8200108C8200108C82001091
:10C358008C8200108C8200108C8200108C8200105D
:10C368008C8200108C820010E685001090820010EC
:10C37800E28600108C8200108C8200108C820010E3
:10C388008C8200108C8200108C8200108C8200102D
:10C398008C8200108C8200108C8200108C8200101D
:10C3A8008C8200108C8200108C8200108C8200100D
:10C3B8000E8700108C8200108C8200108C82001076
:10C3C8008C8200108C8200108C8200108C820010ED
:10C3D8008C8200108C8200108C820010DA8600108B
:10C3E8008C8200108C8200108C820010F88600105D
:10C3F800FE8600108C820010048700108C820010CA
:10C408008C820010B28600108C8200108C82001082
:10C418008C8200108C8200108C8200108C8200109C
:10C428008C8200108C8200108C82001026870010ED
:10C438004742530047474100474C4C00475341008F
:10C448004753540047535600524D43005654470033
:10C458005A4441007454636664666466664466645C
:10C468000000000074546664666469696666636601
:10C4780063665F00256400005061756C696E612019
:10C488006A65737420737570657200002530332EE9
:10C498003666202530332E366600000058706F69E6
:10C4A8006E74203D202564202C205061696E742E06
:10C4B8005769647468203D20256420200D0A2000F7
:10C4C80059706F696E74203D202564202C205061BE
:10C4D800696E742E486569676874203D202564205C
:10C4E800200D0A20000000000000000000000000ED
:10C4F80000000000001010101010000010000000D4
:10C50800006C4848000000000000000000141428D7
:10C518007C287C2850500000001038404038487073
:10C5280010100000002050200C70081408000000B3
:10C53800000000182020544834000000001010109B
:10C548001000000000000000000808101010101073
:10C5580010080800002020101010101010202000D3
:10C5680000107C10282800000000000000001010B7
:10C5780010FE10101000000000000000000000185D
:10C588001030200000000000007C000000000000C7
:10C598000000000000000030300000000004040823
:10C5A800081010202040000000384444444444440B
:10C5B8003800000000301010101010107C0000002F
:10C5C80000384404081020447C000000003844046B
:10C5D8001804044438000000000C141424447E0499
:10C5E8000E000000003C20203804044438000000FD
:10C5F800001C20407844444438000000007C440477
:10C608000808081010000000003844443844444426
:10C618003800000000384444443C0408700000001E
:10C62800000000303000003030000000000000182A
:10C63800180000183020000000000C106080601006
:10C648000C000000000000007C007C0000000000DE
:10C658000000C02018041820C000000000001824A2
:10C6680004081000300000003844444C54544C4036
:10C67800443800000030102828287C44EE000000D0
:10C6880000F8444478444444F8000000003C444026
:10C69800404040443800000000F0484444444448C6
:10C6A800F000000000FC445070504044FC000000C2
:10C6B800007E22283828202070000000003C4440DA
:10C6C800404E44443800000000EE44447C44444456
:10C6D800EE000000007C1010101010107C0000000C
:10C6E800003C0808084848483000000000EE44486C
:10C6F80050704844E60000000070202020202424C8
:10C708007C00000000EE6C6C54544444EE000000C1
:10C7180000EE64645454544CEC0000000038444467
:10C72800444444443800000000782424243820205D
:10C73800700000000038444444444444381C00005D
:10C7480000F8444444784844E200000000344C4077
:10C75800380404645800000000FE921010101010F5
:10C768003800000000EE44444444444438000000CB
:10C7780000EE4444282828101000000000EE44442D
:10C78800545454542800000000C64428101028446B
:10C79800C600000000EE44282810101038000000E1
:10C7A800007C4408101020447C0000000038202041
:10C7B80020202020202038000040202020101008B1
:10C7C80008080000003808080808080808083800A1
:10C7D80000101028440000000000000000000000C5
:10C7E80000000000000000FE00100800000000002B
:10C7F8000000000000000038443C44443E000000B3
:10C8080000C0405864444444F80000000000003C64
:10C818004440404438000000000C04344C44444474
:10C828003E00000000000038447C40403C0000000E
:10C83800001C207C202020207C0000000000003606
:10C848004C4444443C04380000C0405864444444C8
:10C85800EE00000000100070101010107C000000A6
:10C8680000100078080808080808700000C0405C3C
:10C8780048705048DC0000000030101010101010F4
:10C888007C000000000000E854545454FE000000EE
:10C89800000000D864444444EE0000000000003862
:10C8A8004444444438000000000000D86444444430
:10C8B8007840E000000000364C4444443C040E003C
:10C8C8000000006C302020207C0000000000003CAC
:10C8D80044380444780000000000207C20202022F6
:10C8E8001C000000000000CC4444444C360000000A
:10C8F800000000EE4444282810000000000000EE6C
:10C908004454545428000000000000CC48303048FB
:10C91800CC000000000000EE442428181010780015
:10C928000000007C481020447C0000000008101023
:10C938001010201010100800001010101010101007
:10C948001010000000201010101008101010200007
:10C958000000000000245800000000004445565F15
:10C968005345545F50574D204572726F72200D0029
:10C978004445565F4D6F64756C655F496E697420F8
:10C988004F4B200D000000000020202020202020F8
:10C998002020282828282820202020202020202067
:10C9A8002020202020202020208810101010101077
:10C9B80010101010101010101004040404040404C3
:10C9C800040404101010101010104141414141415D
:10C9D800010101010101010101010101010101013F
:10C9E800010101011010101010104242424242424F
:10C9F800020202020202020202020202020202020F
:10CA080002020202101010102000000000000000B6
:10CA1800000000000000000000000000000000000E
:10CA280000000000000000000000000000000000FE
:10CA380000000000000000000000000000000000EE
:10CA480000000000000000000000000000000000DE
:10CA580000000000000000000000000000000000CE
:10CA680000000000000000000000000000000000BE
:10CA780000000000000000000000000000000000AE
:0CCA8800000000000000000000000000A2
:10CA9400DCBF0010E8BF001088020010F4BF0010D3
:10CAA40094020010A0020010AC0200103CC0001060
:08CAB40030C0001070C000103A
:10CABC0003000068EFF3108C72B60268002AFCD0F9
:10CACC00BFF35F8F04229A56002A04DB002900D0A2
:10CADC000A60002004E0D0220120120612681A71AC
:10CAEC001B68BFF35F8F00221A608CF310887047AD
:10CAFC00F0B5C646150000B504001E000268EFF341
:10CB0C00108172B61368002BFCD0BFF35F8F042327
:10CB1C00E356002B2DDB2268BFF35F8F00201060E3
:10CB2C0081F31088D0221206127852B290469A42A3
:10CB3C0003D1002080BCB846F0BD00270BE0236871
:10CB4C00BFF35F8F1F6081F310882800310000F065
:10CB5C003BFE0028EDD12268EFF3108172B613680A
:10CB6C00002BFCD0BFF35F8F23797F2BE7D9434693
:10CB7C0002E0D0231B061B6823712368BFF35F8F71
:10CB8C0000221A6081F310880120D3E7F0B5C64665
:10CB9C0000B50D00040000F00FFEFA2206000F0095
:10CBAC00002328000021920000F026FE8023361876
:10CBBC004F411B069F4202D30126174F7642D023CA
:10CBCC001B061B68002598460BE02368BFF35F8F9C
:10CBDC001D6081F310883000390000F0F5FD00284D
:10CBEC0018D12268EFF3108172B61368002BFCD0B9
:10CBFC00BFF35F8F23797F2BE7D9434623712368DB
:10CC0C00BFF35F8F00221A6081F31088012080BC73
:10CC1C00B846F0BD0020FAE7FFFFFF7F0268EFF394
:10CC2C00108172B61368002BFCD0BFF35F8FFF230B
:10CC3C0003710368BFF35F8F00221A6081F31088C1
:10CC4C0040BF704710B5084C2378002B0AD18023C5
:10CC5C00064807495B051A68C25004338B42FAD167
:10CC6C000123237010BDC046E9250020A01F001031
:10CC7C000001001010B5014B984710BDA11F0020FA
:10CC8C00034B1A68C0239B009343024A13607047FE
:10CC9C000C8001400C900140054B1A6880239B00CE
:10CCAC005340C02292001340024A13607047C046A2
:10CCBC000C8001400C9001401423F0B5D6464F4631
:10CCCC0046469A46814618880433C0B598460E00ED
:10CCDC001B8826491400984753460700188843467A
:10CCEC0023491B8898475346050018884346214919
:10CCFC001B8898478046FFF7A5FFB847A847FFF762
:10CD0C00CBFF221E20D0C02108270220490511E0AC
:10CD1C00002C14D0131B0D2B20D9002D0AD023006E
:10CD2C00002A05D00B6E013A3370130001362343F1
:10CD3C00002B09D03D008B6A1D401842E8D1002D14
:10CD4C00EDD123001343F5D1FFF79AFFC047FFF74E
:10CD5C0091FFE0BCBA46B146A846F0BD4B461B78E5
:10CD6C00013C0B6601239C46E144E8E74946000080
:10CD7C0045580000464300000022154B10B59A6040
:10CD8C00DA601A615A619A61DA611A625A629A62BD
:10CD9C00DA621A635A639A63DA631A645A649A649D
:10CDAC00DA641A655A659A65DA651A665A669A667D
:10CDBC00DA661A675A679A67DA67F03292000021CE
:10CDCC00044800F011FD044B044A1A6010BDC04623
:10CDDC0000001050A8210020702500208001105068
:10CDEC00F0B55746DE464E464546E0B5244B87B077
:10CDFC009F6D002F23D0234B002499460123984686
:10CE0C00214B01269A4604E001347600E4B2202C32
:10CE1C0015D03E42F8D04B469E65434665086D00E2
:10CE2C00A343ED186D015544280000F0BBFB00280E
:10CE3C000CD10134B743E4B27600002FE7D107B030
:10CE4C00F0BCBB46B246A946A046F0BDAB7802A8E2
:10CE5C009B46EB8A062200210630019300F0C4FCAD
:10CE6C00E023594602AADB009380019B117203A8B0
:10CE7C000121059300F0BEFB280000F02BFBD8E746
:10CE8C000000115000301150682100209823C84A2E
:10CE9C00F0B5D55880232C009B02102685B01C4081
:10CEAC001D427AD0C34BC44C9A6AC44B00261A60FC
:10CEBC003B23E35C022B00D1DFE07B23E35C022B02
:10CECC0000D1B9E1BB23E35C022B00D1A9E1FB2328
:10CEDC00E35C022B00D199E13C23FF33E35C022B92
:10CEEC0000D158E17C23FF33E35C022B00D145E1F8
:10CEFC00BC23FF33E35C022B00D132E1FC23FF3374
:10CF0C00E35C022B00D11FE1AD4BE35C022B00D1A3
:10CF1C000EE1AC4BE35C022B00D1FDE0AA4BE35CD1
:10CF2C00022B00D1ECE0A94BE35C022B00D1DBE03F
:10CF3C00A74BE35C022B00D1CAE0A64BE35C022BAF
:10CF4C0000D1ABE0A44BE35C022B00D17FE1A34BFF
:10CF5C00E35C022B00D196E1002E08D1A04B1B788C
:10CF6C00002B04D180219F4A90338902D150904BE1
:10CF7C000A229C6C6B460021981D00F035FCC023E6
:10CF8C00640501AE9B00640D3380300002940121D6
:10CF9C00802400F02FFB944EA402EB0669D480236E
:10CFAC005B021D4214D0012223211C43824B5A5494
:10CFBC00DA70C0238D4ADB00019302AB03CA03C3B2
:10CFCC00012101A800F016FB8022864B92021A6503
:10CFDC0080235B011D4233D18023DB011D421CD118
:10CFEC0080231B021D4204D1AC4200D0C8E105B025
:10CFFC00F0BD1C436B460A220021981D00F0F4FB87
:10D00C00A02301AEDB0033800121300000F0F2FAE6
:10D01C008022744B12011A65E6E71C436B460A2208
:10D02C000021981D00F0E0FB802301AEDB00338073
:10D03C000121300000F0DEFA10226A4B1A65CFE7AE
:10D04C0000221C435A4B01AE1A60FFF795FE6B464B
:10D05C000A220021981D00F0C7FB80235B0033805F
:10D06C000121300000F0C6FA80225E4B12031A65D3
:10D07C00B2E7FFF7B5FE340091E73833E65C002EDB
:10D08C0000D11AE70233E25C002A00D115E7200038
:10D09C0000222030E25400F04FFA0EE7544BE75CCC
:10D0AC00002F00D14EE70233E25C002A00D060E191
:10D0BC00494BE35C022B00D1DBE0484BE35C022BD9
:10D0CC0000D054E74B4BE35C002B00D0E0E04EE784
:10D0DC00494BE75C002F00D12FE70233E25C002ABA
:10D0EC0000D03EE13E0028E7444BE75C002F00D126
:10D0FC001EE70233E25C002A00D02AE13E0017E76B
:10D10C003F4BE75C002F00D10DE70233E25C002AB5
:10D11C0000D016E13E0006E73A4BE75C002F00D149
:10D12C00FCE60233E25C002A00D002E13E00F5E6A8
:10D13C00354BE75C002F00D1EBE60233E25C002AB2
:10D14C0000D0EEE03E00E4E6F933FF33E75C002F5D
:10D15C0000D1D9E60233E25C002A00D0D8E03E00D0
:10D16C00D2E6B933FF33E75C002F00D1C6E60233B9
:10D17C00E25C002A00D0C2E03E00BFE67933FF3308
:10D18C00E75C002F00D1B3E60233E25C002A00D04A
:10D19C00ACE03E00ACE63933FF33E75C002F00D146
:10D1AC00A0E60233E25C002A00D096E03E0099E64D
:10D1BC000000115000400540682100204C21002047
:10D1CC003B0200007B020000BB020000FB020000DF
:10D1DC003B0300007B030000BB030000FB030000CB
:10D1EC00E825002000301150100002000000105003
:10D1FC007A030000FA0300003A030000FA02000070
:10D20C00BA0200007A0200003A020000F833E75C30
:10D21C00002F00D160E60233E25C002A55D13E00BB
:10D22C005AE6B833E75C002F00D150E60233E25CDB
:10D23C00002A42D13E004AE67833E75C002F00D149
:10D24C0040E60233E25C002A2FD13E003AE64F4B17
:10D25C00E35C002B00D17AE6EF239B00E25C002A12
:10D26C0000D12AE70022E2541C3BE01800F064F9DC
:10D27C0023E7464BE35C002BEED1454BE35C022BE2
:10D28C0000D074E63E00434BE35C002B00D163E618
:10D29C00FF239B00E25C002A00D168E60022E254E6
:10D2AC001C3BE01800F048F961E6200000226030D9
:10D2BC00E2543E0000F040F904E620000022A030C9
:10D2CC00E2543E0000F038F901E620000022E03084
:10D2DC00E2543E0000F030F9FEE52000002221303F
:10D2EC00FF30E2543E0000F027F9FBE5200000225D
:10D2FC006130FF30E2543E0000F01EF9F8E52000EA
:10D30C000022A130FF30E2543E0000F015F9F5E5A3
:10D31C0020000022E130FF30E2543E0000F00CF916
:10D32C00F2E50022E2541C3BE01800F005F93E0047
:10D33C00EFE50022E2541C3BE01800F0FDF83E0043
:10D34C00ECE50022E2541C3BE01800F0F5F83E003E
:10D35C00E9E50022E2541C3BE01800F0EDF83E0039
:10D36C00E6E50022E2541C3BE01800F0E5F83E0034
:10D37C00E3E50022E2541C3BE01800F0DDF897E6F0
:10D38C0021000548694000F047FAC046BA03000086
:10D39C00FB030000FA03000028C10010084A030038
:10D3AC00126C0020920703D49A78D209012A00D07B
:10D3BC007047D87E023843425841C0B2F8E7C046A5
:10D3CC000000115010B5FFF7E9FF00280CD00749F9
:10D3DC00074B8C46074A9B6A126863449B1A0020D1
:10D3EC00C6229A424041C0B210BDC046E0FCFFFFCD
:10D3FC00004005404C210020F8B5028B838A0400C4
:10D40C000F00161C9A4200D91E1CE27880211500D0
:10D41C00681E8541B6B2C90031436D030D4301212D
:10D42C004A409B1BE27062789BB2A382002A09D00F
:10D43C00002B02D18023DB011D43002F00D02D04D3
:10D44C002800F8BDE068BB01C0183200216900F06B
:10D45C00C3F923699B19236180231B021D43A38AF3
:10D46C00E6E7C046836870B504001D68002900D04B
:10D47C002D0C6378AD05AD0D002B09D1E38AEB18AB
:10D48C00E382238BAB4201D90023A382280070BD19
:10D49C00E368890159182A00206900F09DF9E38A94
:10D4AC00EB18E38223695B192361EAE710B50400EA
:10D4BC00836800211B68FFF7D5FF63681B685B005E
:10D4CC0002D5238B834200D010BD01212000FFF731
:10D4DC00C9FFF9E700238376436103617047C046B7
:10D4EC0010B58368002901D01C682140002A11D096
:10D4FC008024E400114322420CD01A6822420BD142
:10D50C000A4A0A401A60FFE7FFE7FFE7FFE7FFE779
:10D51C00FFE78368196010BD81787F20CA09044B2E
:10D52C0092000140D258034800F076F9FFFBFFFF50
:10D53C00000F00203CC10010436870B5002180250D
:10D54C001E680400FFF758FF134B6D011B6C05435D
:10D55C009B070FD5A3785B060FD0104B1E40802382
:10D56C009B05334362680021136020002A00FFF7FB
:10D57C00B7FF70BDA378DB09EFD0A38A002BECD0EA
:10D58C0001212000FFF738FFA023054ADB053240BC
:10D59C0005431343E6E7C04600001150FFFFFFAF01
:10D5AC00FFFFFFDF70B5857E0400002D14D0FFF760
:10D5BC007DFFA38A002B01D1280070BD2000FFF74E
:10D5CC0001FF002803D0012300252377F4E7200076
:10D5DC00FFF7B2FF0025EFE781787F20CA09034BE4
:10D5EC0092000140D258024800F016F9000F0020BA
:10D5FC005CC10010F0B54378050085B0042B00D158
:10D60C0075E046D8022B00D183E0032B55D1504E48
:10D61C00504A00243378002A00D192E04E4F03E0A8
:10D62C000134E4B29C4213D8A342F9D962003968A0
:10D63C001219D2008A18002AF2D05269002AEFD0AF
:10D64C0069682878904701343378E4B29C42EBD96E
:10D65C00424B1A78520748D504211A788A431A701B
:10D66C006B460A220021981D00F0BEF86A462B7802
:10D67C001371052353713A4B1C686269EFF31081E7
:10D68C0072B61368002BFCD0BFF35F8FA16101A9A8
:10D69C0020E0052B11D1314B1A78D20725D5042166
:10D6AC001A788A431A702E4B1C686269EFF310814A
:10D6BC0072B61368002B09D1FBE7294B1C68626911
:10D6CC00EFF3108172B61368002BFCD0BFF35F8FA1
:10D6DC00A1612900200000F097F86269A369BFF3EB
:10D6EC005F8F0021116083F3108805B0F0BD1B4BD8
:10D6FC001A78D207F9D504211A780A431A70184BF4
:10D70C001C686269EFF3108172B61368002BDDD1CF
:10D71C00FBE70120114A117881431170117899436C
:10D72C00002311700421537013788B4313700C4B2E
:10D73C001C686269EFF3108172B61368002BC5D1B7
:10D74C00FBE700220132D2B29A42FBD980E7C046F5
:10D75C00E72500207D530010441B00206C1E002088
:10D76C00C41E002030B50400101E0AD00A000D188B
:10D77C000221E3681942FCD013780132A360954270
:10D78C00F7D1E3685B0704D50421A368E368194269
:10D79C00FBD11021E3681942FCD1E3685B0704D587
:10D7AC000421A368E3681942FBD10123236230BD35
:10D7BC007047C0460000000001B40248844601BC1A
:10D7CC00604700BF8917001001B40248844601BCB1
:10D7DC00604700BFC915001001B40248844601BC63
:10D7EC00604700BF314D001001B40248844601BCB3
:10D7FC00604700BF254D001001B40248844601BCAF
:10D80C00604700BF8149001001B40248844601BC46
:10D81C00604700BF3973001001B40248844601BC54
:10D82C00604700BF752500101000000000000000CC
:10D83C0000000100000000000000000000000200D9
:10D84C0000000000000000000000030000000000C9
:10D85C00000000000000FF000000000001B5486857
:10D86C0001318E460047704609380149884701BD91
:10D87C002D0E00109C0E002000000000C817002088
:10D88C00E02000200000000000000000F02000203C
:10D89C00000000000000000010000000000000006C
:10D8AC00503300004C33000054330000523300005E
:10D8BC004D5300004D43000053340000433400002E
:10D8CC0001510010000000004D5100100D520010CD
:10D8DC000000000000010000C55400100000000012
:10D8EC0035540010BD530010000000000001000072
:10D8FC002CC000100CC00010C81E002010000C0022
:10D90C00000000000000000000000000000000000B
:10D91C0000000000FF000000008004400000000038
:10D92C000040044000000000F0C4001007000C0090
:10D93C00480F0020000000000000000034120020FE
:10D94C009C120020041300200000000000000000C6
:10D95C0000000000000000000000000000000000BB
:10D96C0000000000000000000000000000000000AB
:10D97C00000000000000000000000000000000009B
:10D98C00000000000000000000000000000000008B
:10D99C00000000000000000000000000000000007B
:10D9AC00000000000000000000000000000000006B
:10D9BC00000000000000000000000000000000005B
:10D9CC00000000000000000000000000000000004B
:10D9DC00000000000000000000000000000000003B
:10D9EC0001000000000000000E33CDAB34126DE6D8
:10D9FC00ECDE05000B000000000000000000000041
:10DA0C00000000000000000000000000000000000A
:10DA1C0000000000000000000000000000000000FA
:10DA2C0000000000000000000000000000000000EA
:10DA3C0000000000000000000000000000000000DA
:10DA4C0000000000000000000000000000000000CA
:10DA5C0000000000000000000000000000000000BA
:10DA6C0000000000000000000000000000000000AA
:10DA7C00000000000000000000000000000000009A
:10DA8C00000000000000000000000000000000008A
:10DA9C00000000000000000000000000000000007A
:10DAAC00000000000000000000000000000000006A
:10DABC00000000000000000000000000000000005A
:10DACC00000000000000000000000000000000004A
:10DADC00000000000000000000000000000000003A
:10DAEC00000000000000000000000000000000002A
:10DAFC00000000000000000000000000000000001A
:10DB0C000000000000000000000000000000000009
:10DB1C0000000000000000000000000000000000F9
:10DB2C0000000000000000000000000000000000E9
:10DB3C0000000000000000000000000000000000D9
:10DB4C0000000000000000000000000000000000C9
:10DB5C0000000000000000000000000000000000B9
:10DB6C0000000000000000000000000000000000A9
:10DB7C000000000000000000000000000000000099
:10DB8C000000000000000000000000000000000089
:10DB9C000000000000000000000000000000000079
:10DBAC000000000000000000000000000000000069
:10DBBC000000000000000000000000000000000059
:10DBCC000000000000000000000000000000000049
:10DBDC000000000000000000000000000000000039
:10DBEC000000000000000000000000000000000029
:10DBFC000000000000000000000000000000000019
:10DC0C000000000000000000000000000000000008
:10DC1C0000000000000000000000000000000000F8
:10DC2C0000000000000000000000000000000000E8
:10DC3C0000000000000000000000000000000000D8
:10DC4C0000000000000000000000000000000000C8
:10DC5C0000000000000000000000000000000000B8
:10DC6C0000000000000000000000000000000000A8
:10DC7C000000000000000000000000000000000098
:10DC8C000000000000000000000000000000000088
:10DC9C000000000000000000000000000000000078
:10DCAC000000000000000000000000000000000068
:10DCBC000000000000000000000000000000000058
:10DCCC000000000000000000000000000000000048
:10DCDC000000000000000000000000000000000038
:10DCEC000000000000000000000000000000000028
:10DCFC000000000000000000000000000000000018
:10DD0C000000000000000000000000000000000007
:10DD1C0000000000000000000000000000000000F7
:10DD2C0000000000000000000000000000000000E7
:10DD3C0000000000000000000000000000000000D7
:10DD4C0000000000000000000000000000000000C7
:10DD5C0000000000000000000000000000000000B7
:10DD6C00FFFFFFFF000002000000000000000000A9
:10DD7C0078130020781300208013002080130020DB
:10DD8C00881300208813002090130020901300208B
:10DD9C009813002098130020A0130020A01300203B
:10DDAC00A8130020A8130020B0130020B0130020EB
:10DDBC00B8130020B8130020C0130020C01300209B
:10DDCC00C8130020C8130020D0130020D01300204B
:10DDDC00D8130020D8130020E0130020E0130020FB
:10DDEC00E8130020E8130020F0130020F0130020AB
:10DDFC00F8130020F8130020001400200014002059
:10DE0C000814002008140020101400201014002006
:10DE1C0018140020181400202014002020140020B6
:10DE2C002814002028140020301400203014002066
:10DE3C003814002038140020401400204014002016
:10DE4C0048140020481400205014002050140020C6
:10DE5C005814002058140020601400206014002076
:10DE6C006814002068140020701400207014002026
:10DE7C0078140020781400208014002080140020D6
:10DE8C008814002088140020901400209014002086
:10DE9C009814002098140020A0140020A014002036
:10DEAC00A8140020A8140020B0140020B0140020E6
:10DEBC00B8140020B8140020C0140020C014002096
:10DECC00C8140020C8140020D0140020D014002046
:10DEDC00D8140020D8140020E0140020E0140020F6
:10DEEC00E8140020E8140020F0140020F0140020A6
:10DEFC00F8140020F8140020001500200015002054
:10DF0C000815002008150020101500201015002001
:10DF1C0018150020181500202015002020150020B1
:10DF2C002815002028150020301500203015002061
:10DF3C003815002038150020401500204015002011
:10DF4C0048150020481500205015002050150020C1
:10DF5C005815002058150020601500206015002071
:10DF6C006815002068150020701500207015002021
:10DF7C0078150020781500208015002080150020D1
:10DF8C008815002088150020901500209015002081
:10DF9C009815002098150020A0150020A015002031
:10DFAC00A8150020A8150020B0150020B0150020E1
:10DFBC00B8150020B8150020C0150020C015002091
:10DFCC00C8150020C8150020D0150020D015002041
:10DFDC00D8150020D8150020E0150020E0150020F1
:10DFEC00E8150020E8150020F0150020F0150020A1
:10DFFC00F8150020F815002000160020001600204F
:10E00C0008160020081600201016002010160020FC
:10E01C0018160020181600202016002020160020AC
:10E02C00281600202816002030160020301600205C
:10E03C00381600203816002040160020401600200C
:10E04C0048160020481600205016002050160020BC
:10E05C00581600205816002060160020601600206C
:10E06C00681600206816002070160020701600201C
:10E07C0078160020781600208016002080160020CC
:10E08C00881600208816002090160020901600207C
:10E09C009816002098160020A0160020A01600202C
:10E0AC00A8160020A8160020B0160020B0160020DC
:10E0BC00B8160020B8160020C0160020C01600208C
:10E0CC00C8160020C8160020D0160020D01600203C
:10E0DC00D8160020D8160020E0160020E0160020EC
:10E0EC00E8160020E8160020F0160020F01600209C
:10E0FC00F8160020F816002000170020001700204A
:10E10C0008170020081700201017002010170020F7
:10E11C0018170020181700202017002020170020A7
:10E12C002817002028170020301700203017002057
:10E13C003817002038170020401700204017002007
:10E14C0048170020481700205017002050170020B7
:10E15C005817002058170020601700206017002067
:10E16C006817002068170020701700207017002017
:10E17C000000000000000000154D0010193C0010BC
:10E18C002D430010C14A001031030010F957001044
:04000005100001E9FD
:00000001FF
